Copyright 1986-2022 Xilinx, Inc. All Rights Reserved.
------------------------------------------------------------------------------------------------------------------------------------------
| Tool Version : Vivado v.2022.2 (win64) Build 3671981 Fri Oct 14 05:00:03 MDT 2022
| Date         : Thu May 22 19:33:44 2025
| Host         : DESKTOP-V5UHSH2 running 64-bit major release  (build 9200)
| Command      : report_drc -file design_1_wrapper_drc_routed.rpt -pb design_1_wrapper_drc_routed.pb -rpx design_1_wrapper_drc_routed.rpx
| Design       : design_1_wrapper
| Device       : xc7a200tfbg484-2
| Speed File   : -2
| Design State : Fully Routed
------------------------------------------------------------------------------------------------------------------------------------------

Report DRC

Table of Contents
-----------------
1. REPORT SUMMARY
2. REPORT DETAILS

1. REPORT SUMMARY
-----------------
            Netlist: netlist
          Floorplan: design_1
      Design limits: <entire design considered>
           Ruledeck: default
             Max violations: <unlimited>
             Violations found: 299
+----------+----------+-----------------------------------------------------+------------+
| Rule     | Severity | Description                                         | Violations |
+----------+----------+-----------------------------------------------------+------------+
| CFGBVS-1 | Warning  | Missing CFGBVS and CONFIG_VOLTAGE Design Properties | 1          |
| PDRC-153 | Warning  | Gated clock check                                   | 296        |
| PLIO-3   | Warning  | Placement Constraints Check for IO constraints      | 2          |
+----------+----------+-----------------------------------------------------+------------+

2. REPORT DETAILS
-----------------
CFGBVS-1#1 Warning
Missing CFGBVS and CONFIG_VOLTAGE Design Properties  
Neither the CFGBVS nor CONFIG_VOLTAGE voltage property is set in the current_design.  Configuration bank voltage select (CFGBVS) must be set to VCCO or GND, and CONFIG_VOLTAGE must be set to the correct configuration voltage, in order to determine the I/O voltage support for the pins in bank 0.  It is suggested to specify these either using the 'Edit Device Properties' function in the GUI or directly in the XDC file using the following syntax:

 set_property CFGBVS value1 [current_design]
 #where value1 is either VCCO or GND

 set_property CONFIG_VOLTAGE value2 [current_design]
 #where value2 is the voltage provided to configuration bank 0

Refer to the device configuration user guide for more information.
Related violations: <none>

PDRC-153#1 Warning
Gated clock check  
Net design_1_i/hw0_0/inst/fib2TxData_reg_i_2_n_0 is a gated clock net sourced by a combinational pin design_1_i/hw0_0/inst/fib2TxData_reg_i_2/O, cell design_1_i/hw0_0/inst/fib2TxData_reg_i_2. This is not good design practice and will likely impact performance. For SLICE registers, for example, use the CE pin to control the loading of data.
Related violations: <none>

PDRC-153#2 Warning
Gated clock check  
Net design_1_i/hw0_0/inst/fib3TxData is a gated clock net sourced by a combinational pin design_1_i/hw0_0/inst/fib3TxData_reg_i_1/O, cell design_1_i/hw0_0/inst/fib3TxData_reg_i_1. This is not good design practice and will likely impact performance. For SLICE registers, for example, use the CE pin to control the loading of data.
Related violations: <none>

PDRC-153#3 Warning
Gated clock check  
Net design_1_i/hw0_0/inst/hostS1RxIn_f_reg_i_2_n_0 is a gated clock net sourced by a combinational pin design_1_i/hw0_0/inst/hostS1RxIn_f_reg_i_2/O, cell design_1_i/hw0_0/inst/hostS1RxIn_f_reg_i_2. This is not good design practice and will likely impact performance. For SLICE registers, for example, use the CE pin to control the loading of data.
Related violations: <none>

PDRC-153#4 Warning
Gated clock check  
Net design_1_i/hw0_0/inst/hostS1TxProc/txbuf10b_reg[0]_LDC_i_1__0_n_0 is a gated clock net sourced by a combinational pin design_1_i/hw0_0/inst/hostS1TxProc/txbuf10b_reg[0]_LDC_i_1__0/O, cell design_1_i/hw0_0/inst/hostS1TxProc/txbuf10b_reg[0]_LDC_i_1__0. This is not good design practice and will likely impact performance. For SLICE registers, for example, use the CE pin to control the loading of data.
Related violations: <none>

PDRC-153#5 Warning
Gated clock check  
Net design_1_i/hw0_0/inst/hostS1TxProc/txbuf10b_reg[10]_LDC_i_1__0_n_0 is a gated clock net sourced by a combinational pin design_1_i/hw0_0/inst/hostS1TxProc/txbuf10b_reg[10]_LDC_i_1__0/O, cell design_1_i/hw0_0/inst/hostS1TxProc/txbuf10b_reg[10]_LDC_i_1__0. This is not good design practice and will likely impact performance. For SLICE registers, for example, use the CE pin to control the loading of data.
Related violations: <none>

PDRC-153#6 Warning
Gated clock check  
Net design_1_i/hw0_0/inst/hostS1TxProc/txbuf10b_reg[11]_LDC_i_1__0_n_0 is a gated clock net sourced by a combinational pin design_1_i/hw0_0/inst/hostS1TxProc/txbuf10b_reg[11]_LDC_i_1__0/O, cell design_1_i/hw0_0/inst/hostS1TxProc/txbuf10b_reg[11]_LDC_i_1__0. This is not good design practice and will likely impact performance. For SLICE registers, for example, use the CE pin to control the loading of data.
Related violations: <none>

PDRC-153#7 Warning
Gated clock check  
Net design_1_i/hw0_0/inst/hostS1TxProc/txbuf10b_reg[12]_LDC_i_1__0_n_0 is a gated clock net sourced by a combinational pin design_1_i/hw0_0/inst/hostS1TxProc/txbuf10b_reg[12]_LDC_i_1__0/O, cell design_1_i/hw0_0/inst/hostS1TxProc/txbuf10b_reg[12]_LDC_i_1__0. This is not good design practice and will likely impact performance. For SLICE registers, for example, use the CE pin to control the loading of data.
Related violations: <none>

PDRC-153#8 Warning
Gated clock check  
Net design_1_i/hw0_0/inst/hostS1TxProc/txbuf10b_reg[13]_LDC_i_1__0_n_0 is a gated clock net sourced by a combinational pin design_1_i/hw0_0/inst/hostS1TxProc/txbuf10b_reg[13]_LDC_i_1__0/O, cell design_1_i/hw0_0/inst/hostS1TxProc/txbuf10b_reg[13]_LDC_i_1__0. This is not good design practice and will likely impact performance. For SLICE registers, for example, use the CE pin to control the loading of data.
Related violations: <none>

PDRC-153#9 Warning
Gated clock check  
Net design_1_i/hw0_0/inst/hostS1TxProc/txbuf10b_reg[14]_LDC_i_1__0_n_0 is a gated clock net sourced by a combinational pin design_1_i/hw0_0/inst/hostS1TxProc/txbuf10b_reg[14]_LDC_i_1__0/O, cell design_1_i/hw0_0/inst/hostS1TxProc/txbuf10b_reg[14]_LDC_i_1__0. This is not good design practice and will likely impact performance. For SLICE registers, for example, use the CE pin to control the loading of data.
Related violations: <none>

PDRC-153#10 Warning
Gated clock check  
Net design_1_i/hw0_0/inst/hostS1TxProc/txbuf10b_reg[15]_LDC_i_1__0_n_0 is a gated clock net sourced by a combinational pin design_1_i/hw0_0/inst/hostS1TxProc/txbuf10b_reg[15]_LDC_i_1__0/O, cell design_1_i/hw0_0/inst/hostS1TxProc/txbuf10b_reg[15]_LDC_i_1__0. This is not good design practice and will likely impact performance. For SLICE registers, for example, use the CE pin to control the loading of data.
Related violations: <none>

PDRC-153#11 Warning
Gated clock check  
Net design_1_i/hw0_0/inst/hostS1TxProc/txbuf10b_reg[1]_LDC_i_1__0_n_0 is a gated clock net sourced by a combinational pin design_1_i/hw0_0/inst/hostS1TxProc/txbuf10b_reg[1]_LDC_i_1__0/O, cell design_1_i/hw0_0/inst/hostS1TxProc/txbuf10b_reg[1]_LDC_i_1__0. This is not good design practice and will likely impact performance. For SLICE registers, for example, use the CE pin to control the loading of data.
Related violations: <none>

PDRC-153#12 Warning
Gated clock check  
Net design_1_i/hw0_0/inst/hostS1TxProc/txbuf10b_reg[2]_LDC_i_1__0_n_0 is a gated clock net sourced by a combinational pin design_1_i/hw0_0/inst/hostS1TxProc/txbuf10b_reg[2]_LDC_i_1__0/O, cell design_1_i/hw0_0/inst/hostS1TxProc/txbuf10b_reg[2]_LDC_i_1__0. This is not good design practice and will likely impact performance. For SLICE registers, for example, use the CE pin to control the loading of data.
Related violations: <none>

PDRC-153#13 Warning
Gated clock check  
Net design_1_i/hw0_0/inst/hostS1TxProc/txbuf10b_reg[3]_LDC_i_1__0_n_0 is a gated clock net sourced by a combinational pin design_1_i/hw0_0/inst/hostS1TxProc/txbuf10b_reg[3]_LDC_i_1__0/O, cell design_1_i/hw0_0/inst/hostS1TxProc/txbuf10b_reg[3]_LDC_i_1__0. This is not good design practice and will likely impact performance. For SLICE registers, for example, use the CE pin to control the loading of data.
Related violations: <none>

PDRC-153#14 Warning
Gated clock check  
Net design_1_i/hw0_0/inst/hostS1TxProc/txbuf10b_reg[4]_LDC_i_1__0_n_0 is a gated clock net sourced by a combinational pin design_1_i/hw0_0/inst/hostS1TxProc/txbuf10b_reg[4]_LDC_i_1__0/O, cell design_1_i/hw0_0/inst/hostS1TxProc/txbuf10b_reg[4]_LDC_i_1__0. This is not good design practice and will likely impact performance. For SLICE registers, for example, use the CE pin to control the loading of data.
Related violations: <none>

PDRC-153#15 Warning
Gated clock check  
Net design_1_i/hw0_0/inst/hostS1TxProc/txbuf10b_reg[5]_LDC_i_1__0_n_0 is a gated clock net sourced by a combinational pin design_1_i/hw0_0/inst/hostS1TxProc/txbuf10b_reg[5]_LDC_i_1__0/O, cell design_1_i/hw0_0/inst/hostS1TxProc/txbuf10b_reg[5]_LDC_i_1__0. This is not good design practice and will likely impact performance. For SLICE registers, for example, use the CE pin to control the loading of data.
Related violations: <none>

PDRC-153#16 Warning
Gated clock check  
Net design_1_i/hw0_0/inst/hostS1TxProc/txbuf10b_reg[6]_LDC_i_1__0_n_0 is a gated clock net sourced by a combinational pin design_1_i/hw0_0/inst/hostS1TxProc/txbuf10b_reg[6]_LDC_i_1__0/O, cell design_1_i/hw0_0/inst/hostS1TxProc/txbuf10b_reg[6]_LDC_i_1__0. This is not good design practice and will likely impact performance. For SLICE registers, for example, use the CE pin to control the loading of data.
Related violations: <none>

PDRC-153#17 Warning
Gated clock check  
Net design_1_i/hw0_0/inst/hostS1TxProc/txbuf10b_reg[7]_LDC_i_1__0_n_0 is a gated clock net sourced by a combinational pin design_1_i/hw0_0/inst/hostS1TxProc/txbuf10b_reg[7]_LDC_i_1__0/O, cell design_1_i/hw0_0/inst/hostS1TxProc/txbuf10b_reg[7]_LDC_i_1__0. This is not good design practice and will likely impact performance. For SLICE registers, for example, use the CE pin to control the loading of data.
Related violations: <none>

PDRC-153#18 Warning
Gated clock check  
Net design_1_i/hw0_0/inst/hostS1TxProc/txbuf10b_reg[8]_LDC_i_1__0_n_0 is a gated clock net sourced by a combinational pin design_1_i/hw0_0/inst/hostS1TxProc/txbuf10b_reg[8]_LDC_i_1__0/O, cell design_1_i/hw0_0/inst/hostS1TxProc/txbuf10b_reg[8]_LDC_i_1__0. This is not good design practice and will likely impact performance. For SLICE registers, for example, use the CE pin to control the loading of data.
Related violations: <none>

PDRC-153#19 Warning
Gated clock check  
Net design_1_i/hw0_0/inst/hostS1TxProc/txbuf10b_reg[9]_LDC_i_1__0_n_0 is a gated clock net sourced by a combinational pin design_1_i/hw0_0/inst/hostS1TxProc/txbuf10b_reg[9]_LDC_i_1__0/O, cell design_1_i/hw0_0/inst/hostS1TxProc/txbuf10b_reg[9]_LDC_i_1__0. This is not good design practice and will likely impact performance. For SLICE registers, for example, use the CE pin to control the loading of data.
Related violations: <none>

PDRC-153#20 Warning
Gated clock check  
Net design_1_i/hw0_0/inst/hostS1TxProc/txbuf11b_reg[0]_LDC_i_1__0_n_0 is a gated clock net sourced by a combinational pin design_1_i/hw0_0/inst/hostS1TxProc/txbuf11b_reg[0]_LDC_i_1__0/O, cell design_1_i/hw0_0/inst/hostS1TxProc/txbuf11b_reg[0]_LDC_i_1__0. This is not good design practice and will likely impact performance. For SLICE registers, for example, use the CE pin to control the loading of data.
Related violations: <none>

PDRC-153#21 Warning
Gated clock check  
Net design_1_i/hw0_0/inst/hostS1TxProc/txbuf11b_reg[10]_LDC_i_1__0_n_0 is a gated clock net sourced by a combinational pin design_1_i/hw0_0/inst/hostS1TxProc/txbuf11b_reg[10]_LDC_i_1__0/O, cell design_1_i/hw0_0/inst/hostS1TxProc/txbuf11b_reg[10]_LDC_i_1__0. This is not good design practice and will likely impact performance. For SLICE registers, for example, use the CE pin to control the loading of data.
Related violations: <none>

PDRC-153#22 Warning
Gated clock check  
Net design_1_i/hw0_0/inst/hostS1TxProc/txbuf11b_reg[11]_LDC_i_1__0_n_0 is a gated clock net sourced by a combinational pin design_1_i/hw0_0/inst/hostS1TxProc/txbuf11b_reg[11]_LDC_i_1__0/O, cell design_1_i/hw0_0/inst/hostS1TxProc/txbuf11b_reg[11]_LDC_i_1__0. This is not good design practice and will likely impact performance. For SLICE registers, for example, use the CE pin to control the loading of data.
Related violations: <none>

PDRC-153#23 Warning
Gated clock check  
Net design_1_i/hw0_0/inst/hostS1TxProc/txbuf11b_reg[12]_LDC_i_1__0_n_0 is a gated clock net sourced by a combinational pin design_1_i/hw0_0/inst/hostS1TxProc/txbuf11b_reg[12]_LDC_i_1__0/O, cell design_1_i/hw0_0/inst/hostS1TxProc/txbuf11b_reg[12]_LDC_i_1__0. This is not good design practice and will likely impact performance. For SLICE registers, for example, use the CE pin to control the loading of data.
Related violations: <none>

PDRC-153#24 Warning
Gated clock check  
Net design_1_i/hw0_0/inst/hostS1TxProc/txbuf11b_reg[13]_LDC_i_1__0_n_0 is a gated clock net sourced by a combinational pin design_1_i/hw0_0/inst/hostS1TxProc/txbuf11b_reg[13]_LDC_i_1__0/O, cell design_1_i/hw0_0/inst/hostS1TxProc/txbuf11b_reg[13]_LDC_i_1__0. This is not good design practice and will likely impact performance. For SLICE registers, for example, use the CE pin to control the loading of data.
Related violations: <none>

PDRC-153#25 Warning
Gated clock check  
Net design_1_i/hw0_0/inst/hostS1TxProc/txbuf11b_reg[14]_LDC_i_1__0_n_0 is a gated clock net sourced by a combinational pin design_1_i/hw0_0/inst/hostS1TxProc/txbuf11b_reg[14]_LDC_i_1__0/O, cell design_1_i/hw0_0/inst/hostS1TxProc/txbuf11b_reg[14]_LDC_i_1__0. This is not good design practice and will likely impact performance. For SLICE registers, for example, use the CE pin to control the loading of data.
Related violations: <none>

PDRC-153#26 Warning
Gated clock check  
Net design_1_i/hw0_0/inst/hostS1TxProc/txbuf11b_reg[15]_LDC_i_1__0_n_0 is a gated clock net sourced by a combinational pin design_1_i/hw0_0/inst/hostS1TxProc/txbuf11b_reg[15]_LDC_i_1__0/O, cell design_1_i/hw0_0/inst/hostS1TxProc/txbuf11b_reg[15]_LDC_i_1__0. This is not good design practice and will likely impact performance. For SLICE registers, for example, use the CE pin to control the loading of data.
Related violations: <none>

PDRC-153#27 Warning
Gated clock check  
Net design_1_i/hw0_0/inst/hostS1TxProc/txbuf11b_reg[1]_LDC_i_1__0_n_0 is a gated clock net sourced by a combinational pin design_1_i/hw0_0/inst/hostS1TxProc/txbuf11b_reg[1]_LDC_i_1__0/O, cell design_1_i/hw0_0/inst/hostS1TxProc/txbuf11b_reg[1]_LDC_i_1__0. This is not good design practice and will likely impact performance. For SLICE registers, for example, use the CE pin to control the loading of data.
Related violations: <none>

PDRC-153#28 Warning
Gated clock check  
Net design_1_i/hw0_0/inst/hostS1TxProc/txbuf11b_reg[2]_LDC_i_1__0_n_0 is a gated clock net sourced by a combinational pin design_1_i/hw0_0/inst/hostS1TxProc/txbuf11b_reg[2]_LDC_i_1__0/O, cell design_1_i/hw0_0/inst/hostS1TxProc/txbuf11b_reg[2]_LDC_i_1__0. This is not good design practice and will likely impact performance. For SLICE registers, for example, use the CE pin to control the loading of data.
Related violations: <none>

PDRC-153#29 Warning
Gated clock check  
Net design_1_i/hw0_0/inst/hostS1TxProc/txbuf11b_reg[3]_LDC_i_1__0_n_0 is a gated clock net sourced by a combinational pin design_1_i/hw0_0/inst/hostS1TxProc/txbuf11b_reg[3]_LDC_i_1__0/O, cell design_1_i/hw0_0/inst/hostS1TxProc/txbuf11b_reg[3]_LDC_i_1__0. This is not good design practice and will likely impact performance. For SLICE registers, for example, use the CE pin to control the loading of data.
Related violations: <none>

PDRC-153#30 Warning
Gated clock check  
Net design_1_i/hw0_0/inst/hostS1TxProc/txbuf11b_reg[4]_LDC_i_1__0_n_0 is a gated clock net sourced by a combinational pin design_1_i/hw0_0/inst/hostS1TxProc/txbuf11b_reg[4]_LDC_i_1__0/O, cell design_1_i/hw0_0/inst/hostS1TxProc/txbuf11b_reg[4]_LDC_i_1__0. This is not good design practice and will likely impact performance. For SLICE registers, for example, use the CE pin to control the loading of data.
Related violations: <none>

PDRC-153#31 Warning
Gated clock check  
Net design_1_i/hw0_0/inst/hostS1TxProc/txbuf11b_reg[5]_LDC_i_1__0_n_0 is a gated clock net sourced by a combinational pin design_1_i/hw0_0/inst/hostS1TxProc/txbuf11b_reg[5]_LDC_i_1__0/O, cell design_1_i/hw0_0/inst/hostS1TxProc/txbuf11b_reg[5]_LDC_i_1__0. This is not good design practice and will likely impact performance. For SLICE registers, for example, use the CE pin to control the loading of data.
Related violations: <none>

PDRC-153#32 Warning
Gated clock check  
Net design_1_i/hw0_0/inst/hostS1TxProc/txbuf11b_reg[6]_LDC_i_1__0_n_0 is a gated clock net sourced by a combinational pin design_1_i/hw0_0/inst/hostS1TxProc/txbuf11b_reg[6]_LDC_i_1__0/O, cell design_1_i/hw0_0/inst/hostS1TxProc/txbuf11b_reg[6]_LDC_i_1__0. This is not good design practice and will likely impact performance. For SLICE registers, for example, use the CE pin to control the loading of data.
Related violations: <none>

PDRC-153#33 Warning
Gated clock check  
Net design_1_i/hw0_0/inst/hostS1TxProc/txbuf11b_reg[7]_LDC_i_1__0_n_0 is a gated clock net sourced by a combinational pin design_1_i/hw0_0/inst/hostS1TxProc/txbuf11b_reg[7]_LDC_i_1__0/O, cell design_1_i/hw0_0/inst/hostS1TxProc/txbuf11b_reg[7]_LDC_i_1__0. This is not good design practice and will likely impact performance. For SLICE registers, for example, use the CE pin to control the loading of data.
Related violations: <none>

PDRC-153#34 Warning
Gated clock check  
Net design_1_i/hw0_0/inst/hostS1TxProc/txbuf11b_reg[8]_LDC_i_1__0_n_0 is a gated clock net sourced by a combinational pin design_1_i/hw0_0/inst/hostS1TxProc/txbuf11b_reg[8]_LDC_i_1__0/O, cell design_1_i/hw0_0/inst/hostS1TxProc/txbuf11b_reg[8]_LDC_i_1__0. This is not good design practice and will likely impact performance. For SLICE registers, for example, use the CE pin to control the loading of data.
Related violations: <none>

PDRC-153#35 Warning
Gated clock check  
Net design_1_i/hw0_0/inst/hostS1TxProc/txbuf11b_reg[9]_LDC_i_1__0_n_0 is a gated clock net sourced by a combinational pin design_1_i/hw0_0/inst/hostS1TxProc/txbuf11b_reg[9]_LDC_i_1__0/O, cell design_1_i/hw0_0/inst/hostS1TxProc/txbuf11b_reg[9]_LDC_i_1__0. This is not good design practice and will likely impact performance. For SLICE registers, for example, use the CE pin to control the loading of data.
Related violations: <none>

PDRC-153#36 Warning
Gated clock check  
Net design_1_i/hw0_0/inst/hostS1TxProc/txbuf12b_reg[0]_LDC_i_1__0_n_0 is a gated clock net sourced by a combinational pin design_1_i/hw0_0/inst/hostS1TxProc/txbuf12b_reg[0]_LDC_i_1__0/O, cell design_1_i/hw0_0/inst/hostS1TxProc/txbuf12b_reg[0]_LDC_i_1__0. This is not good design practice and will likely impact performance. For SLICE registers, for example, use the CE pin to control the loading of data.
Related violations: <none>

PDRC-153#37 Warning
Gated clock check  
Net design_1_i/hw0_0/inst/hostS1TxProc/txbuf12b_reg[10]_LDC_i_1__0_n_0 is a gated clock net sourced by a combinational pin design_1_i/hw0_0/inst/hostS1TxProc/txbuf12b_reg[10]_LDC_i_1__0/O, cell design_1_i/hw0_0/inst/hostS1TxProc/txbuf12b_reg[10]_LDC_i_1__0. This is not good design practice and will likely impact performance. For SLICE registers, for example, use the CE pin to control the loading of data.
Related violations: <none>

PDRC-153#38 Warning
Gated clock check  
Net design_1_i/hw0_0/inst/hostS1TxProc/txbuf12b_reg[11]_LDC_i_1__0_n_0 is a gated clock net sourced by a combinational pin design_1_i/hw0_0/inst/hostS1TxProc/txbuf12b_reg[11]_LDC_i_1__0/O, cell design_1_i/hw0_0/inst/hostS1TxProc/txbuf12b_reg[11]_LDC_i_1__0. This is not good design practice and will likely impact performance. For SLICE registers, for example, use the CE pin to control the loading of data.
Related violations: <none>

PDRC-153#39 Warning
Gated clock check  
Net design_1_i/hw0_0/inst/hostS1TxProc/txbuf12b_reg[12]_LDC_i_1__0_n_0 is a gated clock net sourced by a combinational pin design_1_i/hw0_0/inst/hostS1TxProc/txbuf12b_reg[12]_LDC_i_1__0/O, cell design_1_i/hw0_0/inst/hostS1TxProc/txbuf12b_reg[12]_LDC_i_1__0. This is not good design practice and will likely impact performance. For SLICE registers, for example, use the CE pin to control the loading of data.
Related violations: <none>

PDRC-153#40 Warning
Gated clock check  
Net design_1_i/hw0_0/inst/hostS1TxProc/txbuf12b_reg[13]_LDC_i_1__0_n_0 is a gated clock net sourced by a combinational pin design_1_i/hw0_0/inst/hostS1TxProc/txbuf12b_reg[13]_LDC_i_1__0/O, cell design_1_i/hw0_0/inst/hostS1TxProc/txbuf12b_reg[13]_LDC_i_1__0. This is not good design practice and will likely impact performance. For SLICE registers, for example, use the CE pin to control the loading of data.
Related violations: <none>

PDRC-153#41 Warning
Gated clock check  
Net design_1_i/hw0_0/inst/hostS1TxProc/txbuf12b_reg[14]_LDC_i_1__0_n_0 is a gated clock net sourced by a combinational pin design_1_i/hw0_0/inst/hostS1TxProc/txbuf12b_reg[14]_LDC_i_1__0/O, cell design_1_i/hw0_0/inst/hostS1TxProc/txbuf12b_reg[14]_LDC_i_1__0. This is not good design practice and will likely impact performance. For SLICE registers, for example, use the CE pin to control the loading of data.
Related violations: <none>

PDRC-153#42 Warning
Gated clock check  
Net design_1_i/hw0_0/inst/hostS1TxProc/txbuf12b_reg[15]_LDC_i_1__0_n_0 is a gated clock net sourced by a combinational pin design_1_i/hw0_0/inst/hostS1TxProc/txbuf12b_reg[15]_LDC_i_1__0/O, cell design_1_i/hw0_0/inst/hostS1TxProc/txbuf12b_reg[15]_LDC_i_1__0. This is not good design practice and will likely impact performance. For SLICE registers, for example, use the CE pin to control the loading of data.
Related violations: <none>

PDRC-153#43 Warning
Gated clock check  
Net design_1_i/hw0_0/inst/hostS1TxProc/txbuf12b_reg[1]_LDC_i_1__0_n_0 is a gated clock net sourced by a combinational pin design_1_i/hw0_0/inst/hostS1TxProc/txbuf12b_reg[1]_LDC_i_1__0/O, cell design_1_i/hw0_0/inst/hostS1TxProc/txbuf12b_reg[1]_LDC_i_1__0. This is not good design practice and will likely impact performance. For SLICE registers, for example, use the CE pin to control the loading of data.
Related violations: <none>

PDRC-153#44 Warning
Gated clock check  
Net design_1_i/hw0_0/inst/hostS1TxProc/txbuf12b_reg[2]_LDC_i_1__0_n_0 is a gated clock net sourced by a combinational pin design_1_i/hw0_0/inst/hostS1TxProc/txbuf12b_reg[2]_LDC_i_1__0/O, cell design_1_i/hw0_0/inst/hostS1TxProc/txbuf12b_reg[2]_LDC_i_1__0. This is not good design practice and will likely impact performance. For SLICE registers, for example, use the CE pin to control the loading of data.
Related violations: <none>

PDRC-153#45 Warning
Gated clock check  
Net design_1_i/hw0_0/inst/hostS1TxProc/txbuf12b_reg[3]_LDC_i_1__0_n_0 is a gated clock net sourced by a combinational pin design_1_i/hw0_0/inst/hostS1TxProc/txbuf12b_reg[3]_LDC_i_1__0/O, cell design_1_i/hw0_0/inst/hostS1TxProc/txbuf12b_reg[3]_LDC_i_1__0. This is not good design practice and will likely impact performance. For SLICE registers, for example, use the CE pin to control the loading of data.
Related violations: <none>

PDRC-153#46 Warning
Gated clock check  
Net design_1_i/hw0_0/inst/hostS1TxProc/txbuf12b_reg[4]_LDC_i_1__0_n_0 is a gated clock net sourced by a combinational pin design_1_i/hw0_0/inst/hostS1TxProc/txbuf12b_reg[4]_LDC_i_1__0/O, cell design_1_i/hw0_0/inst/hostS1TxProc/txbuf12b_reg[4]_LDC_i_1__0. This is not good design practice and will likely impact performance. For SLICE registers, for example, use the CE pin to control the loading of data.
Related violations: <none>

PDRC-153#47 Warning
Gated clock check  
Net design_1_i/hw0_0/inst/hostS1TxProc/txbuf12b_reg[5]_LDC_i_1__0_n_0 is a gated clock net sourced by a combinational pin design_1_i/hw0_0/inst/hostS1TxProc/txbuf12b_reg[5]_LDC_i_1__0/O, cell design_1_i/hw0_0/inst/hostS1TxProc/txbuf12b_reg[5]_LDC_i_1__0. This is not good design practice and will likely impact performance. For SLICE registers, for example, use the CE pin to control the loading of data.
Related violations: <none>

PDRC-153#48 Warning
Gated clock check  
Net design_1_i/hw0_0/inst/hostS1TxProc/txbuf12b_reg[6]_LDC_i_1__0_n_0 is a gated clock net sourced by a combinational pin design_1_i/hw0_0/inst/hostS1TxProc/txbuf12b_reg[6]_LDC_i_1__0/O, cell design_1_i/hw0_0/inst/hostS1TxProc/txbuf12b_reg[6]_LDC_i_1__0. This is not good design practice and will likely impact performance. For SLICE registers, for example, use the CE pin to control the loading of data.
Related violations: <none>

PDRC-153#49 Warning
Gated clock check  
Net design_1_i/hw0_0/inst/hostS1TxProc/txbuf12b_reg[7]_LDC_i_1__0_n_0 is a gated clock net sourced by a combinational pin design_1_i/hw0_0/inst/hostS1TxProc/txbuf12b_reg[7]_LDC_i_1__0/O, cell design_1_i/hw0_0/inst/hostS1TxProc/txbuf12b_reg[7]_LDC_i_1__0. This is not good design practice and will likely impact performance. For SLICE registers, for example, use the CE pin to control the loading of data.
Related violations: <none>

PDRC-153#50 Warning
Gated clock check  
Net design_1_i/hw0_0/inst/hostS1TxProc/txbuf12b_reg[8]_LDC_i_1__0_n_0 is a gated clock net sourced by a combinational pin design_1_i/hw0_0/inst/hostS1TxProc/txbuf12b_reg[8]_LDC_i_1__0/O, cell design_1_i/hw0_0/inst/hostS1TxProc/txbuf12b_reg[8]_LDC_i_1__0. This is not good design practice and will likely impact performance. For SLICE registers, for example, use the CE pin to control the loading of data.
Related violations: <none>

PDRC-153#51 Warning
Gated clock check  
Net design_1_i/hw0_0/inst/hostS1TxProc/txbuf12b_reg[9]_LDC_i_1__0_n_0 is a gated clock net sourced by a combinational pin design_1_i/hw0_0/inst/hostS1TxProc/txbuf12b_reg[9]_LDC_i_1__0/O, cell design_1_i/hw0_0/inst/hostS1TxProc/txbuf12b_reg[9]_LDC_i_1__0. This is not good design practice and will likely impact performance. For SLICE registers, for example, use the CE pin to control the loading of data.
Related violations: <none>

PDRC-153#52 Warning
Gated clock check  
Net design_1_i/hw0_0/inst/hostS1TxProc/txbuf13b_reg[0]_LDC_i_1__0_n_0 is a gated clock net sourced by a combinational pin design_1_i/hw0_0/inst/hostS1TxProc/txbuf13b_reg[0]_LDC_i_1__0/O, cell design_1_i/hw0_0/inst/hostS1TxProc/txbuf13b_reg[0]_LDC_i_1__0. This is not good design practice and will likely impact performance. For SLICE registers, for example, use the CE pin to control the loading of data.
Related violations: <none>

PDRC-153#53 Warning
Gated clock check  
Net design_1_i/hw0_0/inst/hostS1TxProc/txbuf13b_reg[10]_LDC_i_1__0_n_0 is a gated clock net sourced by a combinational pin design_1_i/hw0_0/inst/hostS1TxProc/txbuf13b_reg[10]_LDC_i_1__0/O, cell design_1_i/hw0_0/inst/hostS1TxProc/txbuf13b_reg[10]_LDC_i_1__0. This is not good design practice and will likely impact performance. For SLICE registers, for example, use the CE pin to control the loading of data.
Related violations: <none>

PDRC-153#54 Warning
Gated clock check  
Net design_1_i/hw0_0/inst/hostS1TxProc/txbuf13b_reg[11]_LDC_i_1__0_n_0 is a gated clock net sourced by a combinational pin design_1_i/hw0_0/inst/hostS1TxProc/txbuf13b_reg[11]_LDC_i_1__0/O, cell design_1_i/hw0_0/inst/hostS1TxProc/txbuf13b_reg[11]_LDC_i_1__0. This is not good design practice and will likely impact performance. For SLICE registers, for example, use the CE pin to control the loading of data.
Related violations: <none>

PDRC-153#55 Warning
Gated clock check  
Net design_1_i/hw0_0/inst/hostS1TxProc/txbuf13b_reg[12]_LDC_i_1__0_n_0 is a gated clock net sourced by a combinational pin design_1_i/hw0_0/inst/hostS1TxProc/txbuf13b_reg[12]_LDC_i_1__0/O, cell design_1_i/hw0_0/inst/hostS1TxProc/txbuf13b_reg[12]_LDC_i_1__0. This is not good design practice and will likely impact performance. For SLICE registers, for example, use the CE pin to control the loading of data.
Related violations: <none>

PDRC-153#56 Warning
Gated clock check  
Net design_1_i/hw0_0/inst/hostS1TxProc/txbuf13b_reg[13]_LDC_i_1__0_n_0 is a gated clock net sourced by a combinational pin design_1_i/hw0_0/inst/hostS1TxProc/txbuf13b_reg[13]_LDC_i_1__0/O, cell design_1_i/hw0_0/inst/hostS1TxProc/txbuf13b_reg[13]_LDC_i_1__0. This is not good design practice and will likely impact performance. For SLICE registers, for example, use the CE pin to control the loading of data.
Related violations: <none>

PDRC-153#57 Warning
Gated clock check  
Net design_1_i/hw0_0/inst/hostS1TxProc/txbuf13b_reg[14]_LDC_i_1__0_n_0 is a gated clock net sourced by a combinational pin design_1_i/hw0_0/inst/hostS1TxProc/txbuf13b_reg[14]_LDC_i_1__0/O, cell design_1_i/hw0_0/inst/hostS1TxProc/txbuf13b_reg[14]_LDC_i_1__0. This is not good design practice and will likely impact performance. For SLICE registers, for example, use the CE pin to control the loading of data.
Related violations: <none>

PDRC-153#58 Warning
Gated clock check  
Net design_1_i/hw0_0/inst/hostS1TxProc/txbuf13b_reg[15]_LDC_i_1__0_n_0 is a gated clock net sourced by a combinational pin design_1_i/hw0_0/inst/hostS1TxProc/txbuf13b_reg[15]_LDC_i_1__0/O, cell design_1_i/hw0_0/inst/hostS1TxProc/txbuf13b_reg[15]_LDC_i_1__0. This is not good design practice and will likely impact performance. For SLICE registers, for example, use the CE pin to control the loading of data.
Related violations: <none>

PDRC-153#59 Warning
Gated clock check  
Net design_1_i/hw0_0/inst/hostS1TxProc/txbuf13b_reg[1]_LDC_i_1__0_n_0 is a gated clock net sourced by a combinational pin design_1_i/hw0_0/inst/hostS1TxProc/txbuf13b_reg[1]_LDC_i_1__0/O, cell design_1_i/hw0_0/inst/hostS1TxProc/txbuf13b_reg[1]_LDC_i_1__0. This is not good design practice and will likely impact performance. For SLICE registers, for example, use the CE pin to control the loading of data.
Related violations: <none>

PDRC-153#60 Warning
Gated clock check  
Net design_1_i/hw0_0/inst/hostS1TxProc/txbuf13b_reg[2]_LDC_i_1__0_n_0 is a gated clock net sourced by a combinational pin design_1_i/hw0_0/inst/hostS1TxProc/txbuf13b_reg[2]_LDC_i_1__0/O, cell design_1_i/hw0_0/inst/hostS1TxProc/txbuf13b_reg[2]_LDC_i_1__0. This is not good design practice and will likely impact performance. For SLICE registers, for example, use the CE pin to control the loading of data.
Related violations: <none>

PDRC-153#61 Warning
Gated clock check  
Net design_1_i/hw0_0/inst/hostS1TxProc/txbuf13b_reg[3]_LDC_i_1__0_n_0 is a gated clock net sourced by a combinational pin design_1_i/hw0_0/inst/hostS1TxProc/txbuf13b_reg[3]_LDC_i_1__0/O, cell design_1_i/hw0_0/inst/hostS1TxProc/txbuf13b_reg[3]_LDC_i_1__0. This is not good design practice and will likely impact performance. For SLICE registers, for example, use the CE pin to control the loading of data.
Related violations: <none>

PDRC-153#62 Warning
Gated clock check  
Net design_1_i/hw0_0/inst/hostS1TxProc/txbuf13b_reg[4]_LDC_i_1__0_n_0 is a gated clock net sourced by a combinational pin design_1_i/hw0_0/inst/hostS1TxProc/txbuf13b_reg[4]_LDC_i_1__0/O, cell design_1_i/hw0_0/inst/hostS1TxProc/txbuf13b_reg[4]_LDC_i_1__0. This is not good design practice and will likely impact performance. For SLICE registers, for example, use the CE pin to control the loading of data.
Related violations: <none>

PDRC-153#63 Warning
Gated clock check  
Net design_1_i/hw0_0/inst/hostS1TxProc/txbuf13b_reg[5]_LDC_i_1__0_n_0 is a gated clock net sourced by a combinational pin design_1_i/hw0_0/inst/hostS1TxProc/txbuf13b_reg[5]_LDC_i_1__0/O, cell design_1_i/hw0_0/inst/hostS1TxProc/txbuf13b_reg[5]_LDC_i_1__0. This is not good design practice and will likely impact performance. For SLICE registers, for example, use the CE pin to control the loading of data.
Related violations: <none>

PDRC-153#64 Warning
Gated clock check  
Net design_1_i/hw0_0/inst/hostS1TxProc/txbuf13b_reg[6]_LDC_i_1__0_n_0 is a gated clock net sourced by a combinational pin design_1_i/hw0_0/inst/hostS1TxProc/txbuf13b_reg[6]_LDC_i_1__0/O, cell design_1_i/hw0_0/inst/hostS1TxProc/txbuf13b_reg[6]_LDC_i_1__0. This is not good design practice and will likely impact performance. For SLICE registers, for example, use the CE pin to control the loading of data.
Related violations: <none>

PDRC-153#65 Warning
Gated clock check  
Net design_1_i/hw0_0/inst/hostS1TxProc/txbuf13b_reg[7]_LDC_i_1__0_n_0 is a gated clock net sourced by a combinational pin design_1_i/hw0_0/inst/hostS1TxProc/txbuf13b_reg[7]_LDC_i_1__0/O, cell design_1_i/hw0_0/inst/hostS1TxProc/txbuf13b_reg[7]_LDC_i_1__0. This is not good design practice and will likely impact performance. For SLICE registers, for example, use the CE pin to control the loading of data.
Related violations: <none>

PDRC-153#66 Warning
Gated clock check  
Net design_1_i/hw0_0/inst/hostS1TxProc/txbuf13b_reg[8]_LDC_i_1__0_n_0 is a gated clock net sourced by a combinational pin design_1_i/hw0_0/inst/hostS1TxProc/txbuf13b_reg[8]_LDC_i_1__0/O, cell design_1_i/hw0_0/inst/hostS1TxProc/txbuf13b_reg[8]_LDC_i_1__0. This is not good design practice and will likely impact performance. For SLICE registers, for example, use the CE pin to control the loading of data.
Related violations: <none>

PDRC-153#67 Warning
Gated clock check  
Net design_1_i/hw0_0/inst/hostS1TxProc/txbuf13b_reg[9]_LDC_i_1__0_n_0 is a gated clock net sourced by a combinational pin design_1_i/hw0_0/inst/hostS1TxProc/txbuf13b_reg[9]_LDC_i_1__0/O, cell design_1_i/hw0_0/inst/hostS1TxProc/txbuf13b_reg[9]_LDC_i_1__0. This is not good design practice and will likely impact performance. For SLICE registers, for example, use the CE pin to control the loading of data.
Related violations: <none>

PDRC-153#68 Warning
Gated clock check  
Net design_1_i/hw0_0/inst/hostS1TxProc/txbuf4b_reg[0]_LDC_i_1__0_n_0 is a gated clock net sourced by a combinational pin design_1_i/hw0_0/inst/hostS1TxProc/txbuf4b_reg[0]_LDC_i_1__0/O, cell design_1_i/hw0_0/inst/hostS1TxProc/txbuf4b_reg[0]_LDC_i_1__0. This is not good design practice and will likely impact performance. For SLICE registers, for example, use the CE pin to control the loading of data.
Related violations: <none>

PDRC-153#69 Warning
Gated clock check  
Net design_1_i/hw0_0/inst/hostS1TxProc/txbuf4b_reg[10]_LDC_i_1__0_n_0 is a gated clock net sourced by a combinational pin design_1_i/hw0_0/inst/hostS1TxProc/txbuf4b_reg[10]_LDC_i_1__0/O, cell design_1_i/hw0_0/inst/hostS1TxProc/txbuf4b_reg[10]_LDC_i_1__0. This is not good design practice and will likely impact performance. For SLICE registers, for example, use the CE pin to control the loading of data.
Related violations: <none>

PDRC-153#70 Warning
Gated clock check  
Net design_1_i/hw0_0/inst/hostS1TxProc/txbuf4b_reg[11]_LDC_i_1__0_n_0 is a gated clock net sourced by a combinational pin design_1_i/hw0_0/inst/hostS1TxProc/txbuf4b_reg[11]_LDC_i_1__0/O, cell design_1_i/hw0_0/inst/hostS1TxProc/txbuf4b_reg[11]_LDC_i_1__0. This is not good design practice and will likely impact performance. For SLICE registers, for example, use the CE pin to control the loading of data.
Related violations: <none>

PDRC-153#71 Warning
Gated clock check  
Net design_1_i/hw0_0/inst/hostS1TxProc/txbuf4b_reg[12]_LDC_i_1__0_n_0 is a gated clock net sourced by a combinational pin design_1_i/hw0_0/inst/hostS1TxProc/txbuf4b_reg[12]_LDC_i_1__0/O, cell design_1_i/hw0_0/inst/hostS1TxProc/txbuf4b_reg[12]_LDC_i_1__0. This is not good design practice and will likely impact performance. For SLICE registers, for example, use the CE pin to control the loading of data.
Related violations: <none>

PDRC-153#72 Warning
Gated clock check  
Net design_1_i/hw0_0/inst/hostS1TxProc/txbuf4b_reg[13]_LDC_i_1__0_n_0 is a gated clock net sourced by a combinational pin design_1_i/hw0_0/inst/hostS1TxProc/txbuf4b_reg[13]_LDC_i_1__0/O, cell design_1_i/hw0_0/inst/hostS1TxProc/txbuf4b_reg[13]_LDC_i_1__0. This is not good design practice and will likely impact performance. For SLICE registers, for example, use the CE pin to control the loading of data.
Related violations: <none>

PDRC-153#73 Warning
Gated clock check  
Net design_1_i/hw0_0/inst/hostS1TxProc/txbuf4b_reg[14]_LDC_i_1__0_n_0 is a gated clock net sourced by a combinational pin design_1_i/hw0_0/inst/hostS1TxProc/txbuf4b_reg[14]_LDC_i_1__0/O, cell design_1_i/hw0_0/inst/hostS1TxProc/txbuf4b_reg[14]_LDC_i_1__0. This is not good design practice and will likely impact performance. For SLICE registers, for example, use the CE pin to control the loading of data.
Related violations: <none>

PDRC-153#74 Warning
Gated clock check  
Net design_1_i/hw0_0/inst/hostS1TxProc/txbuf4b_reg[15]_LDC_i_1__0_n_0 is a gated clock net sourced by a combinational pin design_1_i/hw0_0/inst/hostS1TxProc/txbuf4b_reg[15]_LDC_i_1__0/O, cell design_1_i/hw0_0/inst/hostS1TxProc/txbuf4b_reg[15]_LDC_i_1__0. This is not good design practice and will likely impact performance. For SLICE registers, for example, use the CE pin to control the loading of data.
Related violations: <none>

PDRC-153#75 Warning
Gated clock check  
Net design_1_i/hw0_0/inst/hostS1TxProc/txbuf4b_reg[1]_LDC_i_1__0_n_0 is a gated clock net sourced by a combinational pin design_1_i/hw0_0/inst/hostS1TxProc/txbuf4b_reg[1]_LDC_i_1__0/O, cell design_1_i/hw0_0/inst/hostS1TxProc/txbuf4b_reg[1]_LDC_i_1__0. This is not good design practice and will likely impact performance. For SLICE registers, for example, use the CE pin to control the loading of data.
Related violations: <none>

PDRC-153#76 Warning
Gated clock check  
Net design_1_i/hw0_0/inst/hostS1TxProc/txbuf4b_reg[2]_LDC_i_1__0_n_0 is a gated clock net sourced by a combinational pin design_1_i/hw0_0/inst/hostS1TxProc/txbuf4b_reg[2]_LDC_i_1__0/O, cell design_1_i/hw0_0/inst/hostS1TxProc/txbuf4b_reg[2]_LDC_i_1__0. This is not good design practice and will likely impact performance. For SLICE registers, for example, use the CE pin to control the loading of data.
Related violations: <none>

PDRC-153#77 Warning
Gated clock check  
Net design_1_i/hw0_0/inst/hostS1TxProc/txbuf4b_reg[3]_LDC_i_1__0_n_0 is a gated clock net sourced by a combinational pin design_1_i/hw0_0/inst/hostS1TxProc/txbuf4b_reg[3]_LDC_i_1__0/O, cell design_1_i/hw0_0/inst/hostS1TxProc/txbuf4b_reg[3]_LDC_i_1__0. This is not good design practice and will likely impact performance. For SLICE registers, for example, use the CE pin to control the loading of data.
Related violations: <none>

PDRC-153#78 Warning
Gated clock check  
Net design_1_i/hw0_0/inst/hostS1TxProc/txbuf4b_reg[4]_LDC_i_1__0_n_0 is a gated clock net sourced by a combinational pin design_1_i/hw0_0/inst/hostS1TxProc/txbuf4b_reg[4]_LDC_i_1__0/O, cell design_1_i/hw0_0/inst/hostS1TxProc/txbuf4b_reg[4]_LDC_i_1__0. This is not good design practice and will likely impact performance. For SLICE registers, for example, use the CE pin to control the loading of data.
Related violations: <none>

PDRC-153#79 Warning
Gated clock check  
Net design_1_i/hw0_0/inst/hostS1TxProc/txbuf4b_reg[5]_LDC_i_1__0_n_0 is a gated clock net sourced by a combinational pin design_1_i/hw0_0/inst/hostS1TxProc/txbuf4b_reg[5]_LDC_i_1__0/O, cell design_1_i/hw0_0/inst/hostS1TxProc/txbuf4b_reg[5]_LDC_i_1__0. This is not good design practice and will likely impact performance. For SLICE registers, for example, use the CE pin to control the loading of data.
Related violations: <none>

PDRC-153#80 Warning
Gated clock check  
Net design_1_i/hw0_0/inst/hostS1TxProc/txbuf4b_reg[6]_LDC_i_1__0_n_0 is a gated clock net sourced by a combinational pin design_1_i/hw0_0/inst/hostS1TxProc/txbuf4b_reg[6]_LDC_i_1__0/O, cell design_1_i/hw0_0/inst/hostS1TxProc/txbuf4b_reg[6]_LDC_i_1__0. This is not good design practice and will likely impact performance. For SLICE registers, for example, use the CE pin to control the loading of data.
Related violations: <none>

PDRC-153#81 Warning
Gated clock check  
Net design_1_i/hw0_0/inst/hostS1TxProc/txbuf4b_reg[7]_LDC_i_1__0_n_0 is a gated clock net sourced by a combinational pin design_1_i/hw0_0/inst/hostS1TxProc/txbuf4b_reg[7]_LDC_i_1__0/O, cell design_1_i/hw0_0/inst/hostS1TxProc/txbuf4b_reg[7]_LDC_i_1__0. This is not good design practice and will likely impact performance. For SLICE registers, for example, use the CE pin to control the loading of data.
Related violations: <none>

PDRC-153#82 Warning
Gated clock check  
Net design_1_i/hw0_0/inst/hostS1TxProc/txbuf4b_reg[8]_LDC_i_1__0_n_0 is a gated clock net sourced by a combinational pin design_1_i/hw0_0/inst/hostS1TxProc/txbuf4b_reg[8]_LDC_i_1__0/O, cell design_1_i/hw0_0/inst/hostS1TxProc/txbuf4b_reg[8]_LDC_i_1__0. This is not good design practice and will likely impact performance. For SLICE registers, for example, use the CE pin to control the loading of data.
Related violations: <none>

PDRC-153#83 Warning
Gated clock check  
Net design_1_i/hw0_0/inst/hostS1TxProc/txbuf4b_reg[9]_LDC_i_1__0_n_0 is a gated clock net sourced by a combinational pin design_1_i/hw0_0/inst/hostS1TxProc/txbuf4b_reg[9]_LDC_i_1__0/O, cell design_1_i/hw0_0/inst/hostS1TxProc/txbuf4b_reg[9]_LDC_i_1__0. This is not good design practice and will likely impact performance. For SLICE registers, for example, use the CE pin to control the loading of data.
Related violations: <none>

PDRC-153#84 Warning
Gated clock check  
Net design_1_i/hw0_0/inst/hostS1TxProc/txbuf5b_reg[0]_LDC_i_1__0_n_0 is a gated clock net sourced by a combinational pin design_1_i/hw0_0/inst/hostS1TxProc/txbuf5b_reg[0]_LDC_i_1__0/O, cell design_1_i/hw0_0/inst/hostS1TxProc/txbuf5b_reg[0]_LDC_i_1__0. This is not good design practice and will likely impact performance. For SLICE registers, for example, use the CE pin to control the loading of data.
Related violations: <none>

PDRC-153#85 Warning
Gated clock check  
Net design_1_i/hw0_0/inst/hostS1TxProc/txbuf5b_reg[10]_LDC_i_1__0_n_0 is a gated clock net sourced by a combinational pin design_1_i/hw0_0/inst/hostS1TxProc/txbuf5b_reg[10]_LDC_i_1__0/O, cell design_1_i/hw0_0/inst/hostS1TxProc/txbuf5b_reg[10]_LDC_i_1__0. This is not good design practice and will likely impact performance. For SLICE registers, for example, use the CE pin to control the loading of data.
Related violations: <none>

PDRC-153#86 Warning
Gated clock check  
Net design_1_i/hw0_0/inst/hostS1TxProc/txbuf5b_reg[11]_LDC_i_1__0_n_0 is a gated clock net sourced by a combinational pin design_1_i/hw0_0/inst/hostS1TxProc/txbuf5b_reg[11]_LDC_i_1__0/O, cell design_1_i/hw0_0/inst/hostS1TxProc/txbuf5b_reg[11]_LDC_i_1__0. This is not good design practice and will likely impact performance. For SLICE registers, for example, use the CE pin to control the loading of data.
Related violations: <none>

PDRC-153#87 Warning
Gated clock check  
Net design_1_i/hw0_0/inst/hostS1TxProc/txbuf5b_reg[12]_LDC_i_1__0_n_0 is a gated clock net sourced by a combinational pin design_1_i/hw0_0/inst/hostS1TxProc/txbuf5b_reg[12]_LDC_i_1__0/O, cell design_1_i/hw0_0/inst/hostS1TxProc/txbuf5b_reg[12]_LDC_i_1__0. This is not good design practice and will likely impact performance. For SLICE registers, for example, use the CE pin to control the loading of data.
Related violations: <none>

PDRC-153#88 Warning
Gated clock check  
Net design_1_i/hw0_0/inst/hostS1TxProc/txbuf5b_reg[13]_LDC_i_1__0_n_0 is a gated clock net sourced by a combinational pin design_1_i/hw0_0/inst/hostS1TxProc/txbuf5b_reg[13]_LDC_i_1__0/O, cell design_1_i/hw0_0/inst/hostS1TxProc/txbuf5b_reg[13]_LDC_i_1__0. This is not good design practice and will likely impact performance. For SLICE registers, for example, use the CE pin to control the loading of data.
Related violations: <none>

PDRC-153#89 Warning
Gated clock check  
Net design_1_i/hw0_0/inst/hostS1TxProc/txbuf5b_reg[14]_LDC_i_1__0_n_0 is a gated clock net sourced by a combinational pin design_1_i/hw0_0/inst/hostS1TxProc/txbuf5b_reg[14]_LDC_i_1__0/O, cell design_1_i/hw0_0/inst/hostS1TxProc/txbuf5b_reg[14]_LDC_i_1__0. This is not good design practice and will likely impact performance. For SLICE registers, for example, use the CE pin to control the loading of data.
Related violations: <none>

PDRC-153#90 Warning
Gated clock check  
Net design_1_i/hw0_0/inst/hostS1TxProc/txbuf5b_reg[15]_LDC_i_1__0_n_0 is a gated clock net sourced by a combinational pin design_1_i/hw0_0/inst/hostS1TxProc/txbuf5b_reg[15]_LDC_i_1__0/O, cell design_1_i/hw0_0/inst/hostS1TxProc/txbuf5b_reg[15]_LDC_i_1__0. This is not good design practice and will likely impact performance. For SLICE registers, for example, use the CE pin to control the loading of data.
Related violations: <none>

PDRC-153#91 Warning
Gated clock check  
Net design_1_i/hw0_0/inst/hostS1TxProc/txbuf5b_reg[1]_LDC_i_1__0_n_0 is a gated clock net sourced by a combinational pin design_1_i/hw0_0/inst/hostS1TxProc/txbuf5b_reg[1]_LDC_i_1__0/O, cell design_1_i/hw0_0/inst/hostS1TxProc/txbuf5b_reg[1]_LDC_i_1__0. This is not good design practice and will likely impact performance. For SLICE registers, for example, use the CE pin to control the loading of data.
Related violations: <none>

PDRC-153#92 Warning
Gated clock check  
Net design_1_i/hw0_0/inst/hostS1TxProc/txbuf5b_reg[2]_LDC_i_1__0_n_0 is a gated clock net sourced by a combinational pin design_1_i/hw0_0/inst/hostS1TxProc/txbuf5b_reg[2]_LDC_i_1__0/O, cell design_1_i/hw0_0/inst/hostS1TxProc/txbuf5b_reg[2]_LDC_i_1__0. This is not good design practice and will likely impact performance. For SLICE registers, for example, use the CE pin to control the loading of data.
Related violations: <none>

PDRC-153#93 Warning
Gated clock check  
Net design_1_i/hw0_0/inst/hostS1TxProc/txbuf5b_reg[3]_LDC_i_1__0_n_0 is a gated clock net sourced by a combinational pin design_1_i/hw0_0/inst/hostS1TxProc/txbuf5b_reg[3]_LDC_i_1__0/O, cell design_1_i/hw0_0/inst/hostS1TxProc/txbuf5b_reg[3]_LDC_i_1__0. This is not good design practice and will likely impact performance. For SLICE registers, for example, use the CE pin to control the loading of data.
Related violations: <none>

PDRC-153#94 Warning
Gated clock check  
Net design_1_i/hw0_0/inst/hostS1TxProc/txbuf5b_reg[4]_LDC_i_1__0_n_0 is a gated clock net sourced by a combinational pin design_1_i/hw0_0/inst/hostS1TxProc/txbuf5b_reg[4]_LDC_i_1__0/O, cell design_1_i/hw0_0/inst/hostS1TxProc/txbuf5b_reg[4]_LDC_i_1__0. This is not good design practice and will likely impact performance. For SLICE registers, for example, use the CE pin to control the loading of data.
Related violations: <none>

PDRC-153#95 Warning
Gated clock check  
Net design_1_i/hw0_0/inst/hostS1TxProc/txbuf5b_reg[5]_LDC_i_1__0_n_0 is a gated clock net sourced by a combinational pin design_1_i/hw0_0/inst/hostS1TxProc/txbuf5b_reg[5]_LDC_i_1__0/O, cell design_1_i/hw0_0/inst/hostS1TxProc/txbuf5b_reg[5]_LDC_i_1__0. This is not good design practice and will likely impact performance. For SLICE registers, for example, use the CE pin to control the loading of data.
Related violations: <none>

PDRC-153#96 Warning
Gated clock check  
Net design_1_i/hw0_0/inst/hostS1TxProc/txbuf5b_reg[6]_LDC_i_1__0_n_0 is a gated clock net sourced by a combinational pin design_1_i/hw0_0/inst/hostS1TxProc/txbuf5b_reg[6]_LDC_i_1__0/O, cell design_1_i/hw0_0/inst/hostS1TxProc/txbuf5b_reg[6]_LDC_i_1__0. This is not good design practice and will likely impact performance. For SLICE registers, for example, use the CE pin to control the loading of data.
Related violations: <none>

PDRC-153#97 Warning
Gated clock check  
Net design_1_i/hw0_0/inst/hostS1TxProc/txbuf5b_reg[7]_LDC_i_1__0_n_0 is a gated clock net sourced by a combinational pin design_1_i/hw0_0/inst/hostS1TxProc/txbuf5b_reg[7]_LDC_i_1__0/O, cell design_1_i/hw0_0/inst/hostS1TxProc/txbuf5b_reg[7]_LDC_i_1__0. This is not good design practice and will likely impact performance. For SLICE registers, for example, use the CE pin to control the loading of data.
Related violations: <none>

PDRC-153#98 Warning
Gated clock check  
Net design_1_i/hw0_0/inst/hostS1TxProc/txbuf5b_reg[8]_LDC_i_1__0_n_0 is a gated clock net sourced by a combinational pin design_1_i/hw0_0/inst/hostS1TxProc/txbuf5b_reg[8]_LDC_i_1__0/O, cell design_1_i/hw0_0/inst/hostS1TxProc/txbuf5b_reg[8]_LDC_i_1__0. This is not good design practice and will likely impact performance. For SLICE registers, for example, use the CE pin to control the loading of data.
Related violations: <none>

PDRC-153#99 Warning
Gated clock check  
Net design_1_i/hw0_0/inst/hostS1TxProc/txbuf5b_reg[9]_LDC_i_1__0_n_0 is a gated clock net sourced by a combinational pin design_1_i/hw0_0/inst/hostS1TxProc/txbuf5b_reg[9]_LDC_i_1__0/O, cell design_1_i/hw0_0/inst/hostS1TxProc/txbuf5b_reg[9]_LDC_i_1__0. This is not good design practice and will likely impact performance. For SLICE registers, for example, use the CE pin to control the loading of data.
Related violations: <none>

PDRC-153#100 Warning
Gated clock check  
Net design_1_i/hw0_0/inst/hostS1TxProc/txbuf9b_reg[0]_LDC_i_1__0_n_0 is a gated clock net sourced by a combinational pin design_1_i/hw0_0/inst/hostS1TxProc/txbuf9b_reg[0]_LDC_i_1__0/O, cell design_1_i/hw0_0/inst/hostS1TxProc/txbuf9b_reg[0]_LDC_i_1__0. This is not good design practice and will likely impact performance. For SLICE registers, for example, use the CE pin to control the loading of data.
Related violations: <none>

PDRC-153#101 Warning
Gated clock check  
Net design_1_i/hw0_0/inst/hostS1TxProc/txbuf9b_reg[10]_LDC_i_1__0_n_0 is a gated clock net sourced by a combinational pin design_1_i/hw0_0/inst/hostS1TxProc/txbuf9b_reg[10]_LDC_i_1__0/O, cell design_1_i/hw0_0/inst/hostS1TxProc/txbuf9b_reg[10]_LDC_i_1__0. This is not good design practice and will likely impact performance. For SLICE registers, for example, use the CE pin to control the loading of data.
Related violations: <none>

PDRC-153#102 Warning
Gated clock check  
Net design_1_i/hw0_0/inst/hostS1TxProc/txbuf9b_reg[11]_LDC_i_1__0_n_0 is a gated clock net sourced by a combinational pin design_1_i/hw0_0/inst/hostS1TxProc/txbuf9b_reg[11]_LDC_i_1__0/O, cell design_1_i/hw0_0/inst/hostS1TxProc/txbuf9b_reg[11]_LDC_i_1__0. This is not good design practice and will likely impact performance. For SLICE registers, for example, use the CE pin to control the loading of data.
Related violations: <none>

PDRC-153#103 Warning
Gated clock check  
Net design_1_i/hw0_0/inst/hostS1TxProc/txbuf9b_reg[12]_LDC_i_1__0_n_0 is a gated clock net sourced by a combinational pin design_1_i/hw0_0/inst/hostS1TxProc/txbuf9b_reg[12]_LDC_i_1__0/O, cell design_1_i/hw0_0/inst/hostS1TxProc/txbuf9b_reg[12]_LDC_i_1__0. This is not good design practice and will likely impact performance. For SLICE registers, for example, use the CE pin to control the loading of data.
Related violations: <none>

PDRC-153#104 Warning
Gated clock check  
Net design_1_i/hw0_0/inst/hostS1TxProc/txbuf9b_reg[13]_LDC_i_1__0_n_0 is a gated clock net sourced by a combinational pin design_1_i/hw0_0/inst/hostS1TxProc/txbuf9b_reg[13]_LDC_i_1__0/O, cell design_1_i/hw0_0/inst/hostS1TxProc/txbuf9b_reg[13]_LDC_i_1__0. This is not good design practice and will likely impact performance. For SLICE registers, for example, use the CE pin to control the loading of data.
Related violations: <none>

PDRC-153#105 Warning
Gated clock check  
Net design_1_i/hw0_0/inst/hostS1TxProc/txbuf9b_reg[14]_LDC_i_1__0_n_0 is a gated clock net sourced by a combinational pin design_1_i/hw0_0/inst/hostS1TxProc/txbuf9b_reg[14]_LDC_i_1__0/O, cell design_1_i/hw0_0/inst/hostS1TxProc/txbuf9b_reg[14]_LDC_i_1__0. This is not good design practice and will likely impact performance. For SLICE registers, for example, use the CE pin to control the loading of data.
Related violations: <none>

PDRC-153#106 Warning
Gated clock check  
Net design_1_i/hw0_0/inst/hostS1TxProc/txbuf9b_reg[15]_LDC_i_1__0_n_0 is a gated clock net sourced by a combinational pin design_1_i/hw0_0/inst/hostS1TxProc/txbuf9b_reg[15]_LDC_i_1__0/O, cell design_1_i/hw0_0/inst/hostS1TxProc/txbuf9b_reg[15]_LDC_i_1__0. This is not good design practice and will likely impact performance. For SLICE registers, for example, use the CE pin to control the loading of data.
Related violations: <none>

PDRC-153#107 Warning
Gated clock check  
Net design_1_i/hw0_0/inst/hostS1TxProc/txbuf9b_reg[1]_LDC_i_1__0_n_0 is a gated clock net sourced by a combinational pin design_1_i/hw0_0/inst/hostS1TxProc/txbuf9b_reg[1]_LDC_i_1__0/O, cell design_1_i/hw0_0/inst/hostS1TxProc/txbuf9b_reg[1]_LDC_i_1__0. This is not good design practice and will likely impact performance. For SLICE registers, for example, use the CE pin to control the loading of data.
Related violations: <none>

PDRC-153#108 Warning
Gated clock check  
Net design_1_i/hw0_0/inst/hostS1TxProc/txbuf9b_reg[2]_LDC_i_1__0_n_0 is a gated clock net sourced by a combinational pin design_1_i/hw0_0/inst/hostS1TxProc/txbuf9b_reg[2]_LDC_i_1__0/O, cell design_1_i/hw0_0/inst/hostS1TxProc/txbuf9b_reg[2]_LDC_i_1__0. This is not good design practice and will likely impact performance. For SLICE registers, for example, use the CE pin to control the loading of data.
Related violations: <none>

PDRC-153#109 Warning
Gated clock check  
Net design_1_i/hw0_0/inst/hostS1TxProc/txbuf9b_reg[3]_LDC_i_1__0_n_0 is a gated clock net sourced by a combinational pin design_1_i/hw0_0/inst/hostS1TxProc/txbuf9b_reg[3]_LDC_i_1__0/O, cell design_1_i/hw0_0/inst/hostS1TxProc/txbuf9b_reg[3]_LDC_i_1__0. This is not good design practice and will likely impact performance. For SLICE registers, for example, use the CE pin to control the loading of data.
Related violations: <none>

PDRC-153#110 Warning
Gated clock check  
Net design_1_i/hw0_0/inst/hostS1TxProc/txbuf9b_reg[4]_LDC_i_1__0_n_0 is a gated clock net sourced by a combinational pin design_1_i/hw0_0/inst/hostS1TxProc/txbuf9b_reg[4]_LDC_i_1__0/O, cell design_1_i/hw0_0/inst/hostS1TxProc/txbuf9b_reg[4]_LDC_i_1__0. This is not good design practice and will likely impact performance. For SLICE registers, for example, use the CE pin to control the loading of data.
Related violations: <none>

PDRC-153#111 Warning
Gated clock check  
Net design_1_i/hw0_0/inst/hostS1TxProc/txbuf9b_reg[5]_LDC_i_1__0_n_0 is a gated clock net sourced by a combinational pin design_1_i/hw0_0/inst/hostS1TxProc/txbuf9b_reg[5]_LDC_i_1__0/O, cell design_1_i/hw0_0/inst/hostS1TxProc/txbuf9b_reg[5]_LDC_i_1__0. This is not good design practice and will likely impact performance. For SLICE registers, for example, use the CE pin to control the loading of data.
Related violations: <none>

PDRC-153#112 Warning
Gated clock check  
Net design_1_i/hw0_0/inst/hostS1TxProc/txbuf9b_reg[6]_LDC_i_1__0_n_0 is a gated clock net sourced by a combinational pin design_1_i/hw0_0/inst/hostS1TxProc/txbuf9b_reg[6]_LDC_i_1__0/O, cell design_1_i/hw0_0/inst/hostS1TxProc/txbuf9b_reg[6]_LDC_i_1__0. This is not good design practice and will likely impact performance. For SLICE registers, for example, use the CE pin to control the loading of data.
Related violations: <none>

PDRC-153#113 Warning
Gated clock check  
Net design_1_i/hw0_0/inst/hostS1TxProc/txbuf9b_reg[7]_LDC_i_1__0_n_0 is a gated clock net sourced by a combinational pin design_1_i/hw0_0/inst/hostS1TxProc/txbuf9b_reg[7]_LDC_i_1__0/O, cell design_1_i/hw0_0/inst/hostS1TxProc/txbuf9b_reg[7]_LDC_i_1__0. This is not good design practice and will likely impact performance. For SLICE registers, for example, use the CE pin to control the loading of data.
Related violations: <none>

PDRC-153#114 Warning
Gated clock check  
Net design_1_i/hw0_0/inst/hostS1TxProc/txbuf9b_reg[8]_LDC_i_1__0_n_0 is a gated clock net sourced by a combinational pin design_1_i/hw0_0/inst/hostS1TxProc/txbuf9b_reg[8]_LDC_i_1__0/O, cell design_1_i/hw0_0/inst/hostS1TxProc/txbuf9b_reg[8]_LDC_i_1__0. This is not good design practice and will likely impact performance. For SLICE registers, for example, use the CE pin to control the loading of data.
Related violations: <none>

PDRC-153#115 Warning
Gated clock check  
Net design_1_i/hw0_0/inst/hostS1TxProc/txbuf9b_reg[9]_LDC_i_1__0_n_0 is a gated clock net sourced by a combinational pin design_1_i/hw0_0/inst/hostS1TxProc/txbuf9b_reg[9]_LDC_i_1__0/O, cell design_1_i/hw0_0/inst/hostS1TxProc/txbuf9b_reg[9]_LDC_i_1__0. This is not good design practice and will likely impact performance. For SLICE registers, for example, use the CE pin to control the loading of data.
Related violations: <none>

PDRC-153#116 Warning
Gated clock check  
Net design_1_i/hw0_0/inst/hostS2RxIn_f_reg_i_2_n_0 is a gated clock net sourced by a combinational pin design_1_i/hw0_0/inst/hostS2RxIn_f_reg_i_2/O, cell design_1_i/hw0_0/inst/hostS2RxIn_f_reg_i_2. This is not good design practice and will likely impact performance. For SLICE registers, for example, use the CE pin to control the loading of data.
Related violations: <none>

PDRC-153#117 Warning
Gated clock check  
Net design_1_i/hw0_0/inst/hostS2TxProc/txbuf10b_reg[0]_LDC_i_1_n_0 is a gated clock net sourced by a combinational pin design_1_i/hw0_0/inst/hostS2TxProc/txbuf10b_reg[0]_LDC_i_1/O, cell design_1_i/hw0_0/inst/hostS2TxProc/txbuf10b_reg[0]_LDC_i_1. This is not good design practice and will likely impact performance. For SLICE registers, for example, use the CE pin to control the loading of data.
Related violations: <none>

PDRC-153#118 Warning
Gated clock check  
Net design_1_i/hw0_0/inst/hostS2TxProc/txbuf10b_reg[10]_LDC_i_1_n_0 is a gated clock net sourced by a combinational pin design_1_i/hw0_0/inst/hostS2TxProc/txbuf10b_reg[10]_LDC_i_1/O, cell design_1_i/hw0_0/inst/hostS2TxProc/txbuf10b_reg[10]_LDC_i_1. This is not good design practice and will likely impact performance. For SLICE registers, for example, use the CE pin to control the loading of data.
Related violations: <none>

PDRC-153#119 Warning
Gated clock check  
Net design_1_i/hw0_0/inst/hostS2TxProc/txbuf10b_reg[11]_LDC_i_1_n_0 is a gated clock net sourced by a combinational pin design_1_i/hw0_0/inst/hostS2TxProc/txbuf10b_reg[11]_LDC_i_1/O, cell design_1_i/hw0_0/inst/hostS2TxProc/txbuf10b_reg[11]_LDC_i_1. This is not good design practice and will likely impact performance. For SLICE registers, for example, use the CE pin to control the loading of data.
Related violations: <none>

PDRC-153#120 Warning
Gated clock check  
Net design_1_i/hw0_0/inst/hostS2TxProc/txbuf10b_reg[12]_LDC_i_1_n_0 is a gated clock net sourced by a combinational pin design_1_i/hw0_0/inst/hostS2TxProc/txbuf10b_reg[12]_LDC_i_1/O, cell design_1_i/hw0_0/inst/hostS2TxProc/txbuf10b_reg[12]_LDC_i_1. This is not good design practice and will likely impact performance. For SLICE registers, for example, use the CE pin to control the loading of data.
Related violations: <none>

PDRC-153#121 Warning
Gated clock check  
Net design_1_i/hw0_0/inst/hostS2TxProc/txbuf10b_reg[13]_LDC_i_1_n_0 is a gated clock net sourced by a combinational pin design_1_i/hw0_0/inst/hostS2TxProc/txbuf10b_reg[13]_LDC_i_1/O, cell design_1_i/hw0_0/inst/hostS2TxProc/txbuf10b_reg[13]_LDC_i_1. This is not good design practice and will likely impact performance. For SLICE registers, for example, use the CE pin to control the loading of data.
Related violations: <none>

PDRC-153#122 Warning
Gated clock check  
Net design_1_i/hw0_0/inst/hostS2TxProc/txbuf10b_reg[14]_LDC_i_1_n_0 is a gated clock net sourced by a combinational pin design_1_i/hw0_0/inst/hostS2TxProc/txbuf10b_reg[14]_LDC_i_1/O, cell design_1_i/hw0_0/inst/hostS2TxProc/txbuf10b_reg[14]_LDC_i_1. This is not good design practice and will likely impact performance. For SLICE registers, for example, use the CE pin to control the loading of data.
Related violations: <none>

PDRC-153#123 Warning
Gated clock check  
Net design_1_i/hw0_0/inst/hostS2TxProc/txbuf10b_reg[15]_LDC_i_1_n_0 is a gated clock net sourced by a combinational pin design_1_i/hw0_0/inst/hostS2TxProc/txbuf10b_reg[15]_LDC_i_1/O, cell design_1_i/hw0_0/inst/hostS2TxProc/txbuf10b_reg[15]_LDC_i_1. This is not good design practice and will likely impact performance. For SLICE registers, for example, use the CE pin to control the loading of data.
Related violations: <none>

PDRC-153#124 Warning
Gated clock check  
Net design_1_i/hw0_0/inst/hostS2TxProc/txbuf10b_reg[1]_LDC_i_1_n_0 is a gated clock net sourced by a combinational pin design_1_i/hw0_0/inst/hostS2TxProc/txbuf10b_reg[1]_LDC_i_1/O, cell design_1_i/hw0_0/inst/hostS2TxProc/txbuf10b_reg[1]_LDC_i_1. This is not good design practice and will likely impact performance. For SLICE registers, for example, use the CE pin to control the loading of data.
Related violations: <none>

PDRC-153#125 Warning
Gated clock check  
Net design_1_i/hw0_0/inst/hostS2TxProc/txbuf10b_reg[2]_LDC_i_1_n_0 is a gated clock net sourced by a combinational pin design_1_i/hw0_0/inst/hostS2TxProc/txbuf10b_reg[2]_LDC_i_1/O, cell design_1_i/hw0_0/inst/hostS2TxProc/txbuf10b_reg[2]_LDC_i_1. This is not good design practice and will likely impact performance. For SLICE registers, for example, use the CE pin to control the loading of data.
Related violations: <none>

PDRC-153#126 Warning
Gated clock check  
Net design_1_i/hw0_0/inst/hostS2TxProc/txbuf10b_reg[3]_LDC_i_1_n_0 is a gated clock net sourced by a combinational pin design_1_i/hw0_0/inst/hostS2TxProc/txbuf10b_reg[3]_LDC_i_1/O, cell design_1_i/hw0_0/inst/hostS2TxProc/txbuf10b_reg[3]_LDC_i_1. This is not good design practice and will likely impact performance. For SLICE registers, for example, use the CE pin to control the loading of data.
Related violations: <none>

PDRC-153#127 Warning
Gated clock check  
Net design_1_i/hw0_0/inst/hostS2TxProc/txbuf10b_reg[4]_LDC_i_1_n_0 is a gated clock net sourced by a combinational pin design_1_i/hw0_0/inst/hostS2TxProc/txbuf10b_reg[4]_LDC_i_1/O, cell design_1_i/hw0_0/inst/hostS2TxProc/txbuf10b_reg[4]_LDC_i_1. This is not good design practice and will likely impact performance. For SLICE registers, for example, use the CE pin to control the loading of data.
Related violations: <none>

PDRC-153#128 Warning
Gated clock check  
Net design_1_i/hw0_0/inst/hostS2TxProc/txbuf10b_reg[5]_LDC_i_1_n_0 is a gated clock net sourced by a combinational pin design_1_i/hw0_0/inst/hostS2TxProc/txbuf10b_reg[5]_LDC_i_1/O, cell design_1_i/hw0_0/inst/hostS2TxProc/txbuf10b_reg[5]_LDC_i_1. This is not good design practice and will likely impact performance. For SLICE registers, for example, use the CE pin to control the loading of data.
Related violations: <none>

PDRC-153#129 Warning
Gated clock check  
Net design_1_i/hw0_0/inst/hostS2TxProc/txbuf10b_reg[6]_LDC_i_1_n_0 is a gated clock net sourced by a combinational pin design_1_i/hw0_0/inst/hostS2TxProc/txbuf10b_reg[6]_LDC_i_1/O, cell design_1_i/hw0_0/inst/hostS2TxProc/txbuf10b_reg[6]_LDC_i_1. This is not good design practice and will likely impact performance. For SLICE registers, for example, use the CE pin to control the loading of data.
Related violations: <none>

PDRC-153#130 Warning
Gated clock check  
Net design_1_i/hw0_0/inst/hostS2TxProc/txbuf10b_reg[7]_LDC_i_1_n_0 is a gated clock net sourced by a combinational pin design_1_i/hw0_0/inst/hostS2TxProc/txbuf10b_reg[7]_LDC_i_1/O, cell design_1_i/hw0_0/inst/hostS2TxProc/txbuf10b_reg[7]_LDC_i_1. This is not good design practice and will likely impact performance. For SLICE registers, for example, use the CE pin to control the loading of data.
Related violations: <none>

PDRC-153#131 Warning
Gated clock check  
Net design_1_i/hw0_0/inst/hostS2TxProc/txbuf10b_reg[8]_LDC_i_1_n_0 is a gated clock net sourced by a combinational pin design_1_i/hw0_0/inst/hostS2TxProc/txbuf10b_reg[8]_LDC_i_1/O, cell design_1_i/hw0_0/inst/hostS2TxProc/txbuf10b_reg[8]_LDC_i_1. This is not good design practice and will likely impact performance. For SLICE registers, for example, use the CE pin to control the loading of data.
Related violations: <none>

PDRC-153#132 Warning
Gated clock check  
Net design_1_i/hw0_0/inst/hostS2TxProc/txbuf10b_reg[9]_LDC_i_1_n_0 is a gated clock net sourced by a combinational pin design_1_i/hw0_0/inst/hostS2TxProc/txbuf10b_reg[9]_LDC_i_1/O, cell design_1_i/hw0_0/inst/hostS2TxProc/txbuf10b_reg[9]_LDC_i_1. This is not good design practice and will likely impact performance. For SLICE registers, for example, use the CE pin to control the loading of data.
Related violations: <none>

PDRC-153#133 Warning
Gated clock check  
Net design_1_i/hw0_0/inst/hostS2TxProc/txbuf11b_reg[0]_LDC_i_1_n_0 is a gated clock net sourced by a combinational pin design_1_i/hw0_0/inst/hostS2TxProc/txbuf11b_reg[0]_LDC_i_1/O, cell design_1_i/hw0_0/inst/hostS2TxProc/txbuf11b_reg[0]_LDC_i_1. This is not good design practice and will likely impact performance. For SLICE registers, for example, use the CE pin to control the loading of data.
Related violations: <none>

PDRC-153#134 Warning
Gated clock check  
Net design_1_i/hw0_0/inst/hostS2TxProc/txbuf11b_reg[10]_LDC_i_1_n_0 is a gated clock net sourced by a combinational pin design_1_i/hw0_0/inst/hostS2TxProc/txbuf11b_reg[10]_LDC_i_1/O, cell design_1_i/hw0_0/inst/hostS2TxProc/txbuf11b_reg[10]_LDC_i_1. This is not good design practice and will likely impact performance. For SLICE registers, for example, use the CE pin to control the loading of data.
Related violations: <none>

PDRC-153#135 Warning
Gated clock check  
Net design_1_i/hw0_0/inst/hostS2TxProc/txbuf11b_reg[11]_LDC_i_1_n_0 is a gated clock net sourced by a combinational pin design_1_i/hw0_0/inst/hostS2TxProc/txbuf11b_reg[11]_LDC_i_1/O, cell design_1_i/hw0_0/inst/hostS2TxProc/txbuf11b_reg[11]_LDC_i_1. This is not good design practice and will likely impact performance. For SLICE registers, for example, use the CE pin to control the loading of data.
Related violations: <none>

PDRC-153#136 Warning
Gated clock check  
Net design_1_i/hw0_0/inst/hostS2TxProc/txbuf11b_reg[12]_LDC_i_1_n_0 is a gated clock net sourced by a combinational pin design_1_i/hw0_0/inst/hostS2TxProc/txbuf11b_reg[12]_LDC_i_1/O, cell design_1_i/hw0_0/inst/hostS2TxProc/txbuf11b_reg[12]_LDC_i_1. This is not good design practice and will likely impact performance. For SLICE registers, for example, use the CE pin to control the loading of data.
Related violations: <none>

PDRC-153#137 Warning
Gated clock check  
Net design_1_i/hw0_0/inst/hostS2TxProc/txbuf11b_reg[13]_LDC_i_1_n_0 is a gated clock net sourced by a combinational pin design_1_i/hw0_0/inst/hostS2TxProc/txbuf11b_reg[13]_LDC_i_1/O, cell design_1_i/hw0_0/inst/hostS2TxProc/txbuf11b_reg[13]_LDC_i_1. This is not good design practice and will likely impact performance. For SLICE registers, for example, use the CE pin to control the loading of data.
Related violations: <none>

PDRC-153#138 Warning
Gated clock check  
Net design_1_i/hw0_0/inst/hostS2TxProc/txbuf11b_reg[14]_LDC_i_1_n_0 is a gated clock net sourced by a combinational pin design_1_i/hw0_0/inst/hostS2TxProc/txbuf11b_reg[14]_LDC_i_1/O, cell design_1_i/hw0_0/inst/hostS2TxProc/txbuf11b_reg[14]_LDC_i_1. This is not good design practice and will likely impact performance. For SLICE registers, for example, use the CE pin to control the loading of data.
Related violations: <none>

PDRC-153#139 Warning
Gated clock check  
Net design_1_i/hw0_0/inst/hostS2TxProc/txbuf11b_reg[15]_LDC_i_1_n_0 is a gated clock net sourced by a combinational pin design_1_i/hw0_0/inst/hostS2TxProc/txbuf11b_reg[15]_LDC_i_1/O, cell design_1_i/hw0_0/inst/hostS2TxProc/txbuf11b_reg[15]_LDC_i_1. This is not good design practice and will likely impact performance. For SLICE registers, for example, use the CE pin to control the loading of data.
Related violations: <none>

PDRC-153#140 Warning
Gated clock check  
Net design_1_i/hw0_0/inst/hostS2TxProc/txbuf11b_reg[1]_LDC_i_1_n_0 is a gated clock net sourced by a combinational pin design_1_i/hw0_0/inst/hostS2TxProc/txbuf11b_reg[1]_LDC_i_1/O, cell design_1_i/hw0_0/inst/hostS2TxProc/txbuf11b_reg[1]_LDC_i_1. This is not good design practice and will likely impact performance. For SLICE registers, for example, use the CE pin to control the loading of data.
Related violations: <none>

PDRC-153#141 Warning
Gated clock check  
Net design_1_i/hw0_0/inst/hostS2TxProc/txbuf11b_reg[2]_LDC_i_1_n_0 is a gated clock net sourced by a combinational pin design_1_i/hw0_0/inst/hostS2TxProc/txbuf11b_reg[2]_LDC_i_1/O, cell design_1_i/hw0_0/inst/hostS2TxProc/txbuf11b_reg[2]_LDC_i_1. This is not good design practice and will likely impact performance. For SLICE registers, for example, use the CE pin to control the loading of data.
Related violations: <none>

PDRC-153#142 Warning
Gated clock check  
Net design_1_i/hw0_0/inst/hostS2TxProc/txbuf11b_reg[3]_LDC_i_1_n_0 is a gated clock net sourced by a combinational pin design_1_i/hw0_0/inst/hostS2TxProc/txbuf11b_reg[3]_LDC_i_1/O, cell design_1_i/hw0_0/inst/hostS2TxProc/txbuf11b_reg[3]_LDC_i_1. This is not good design practice and will likely impact performance. For SLICE registers, for example, use the CE pin to control the loading of data.
Related violations: <none>

PDRC-153#143 Warning
Gated clock check  
Net design_1_i/hw0_0/inst/hostS2TxProc/txbuf11b_reg[4]_LDC_i_1_n_0 is a gated clock net sourced by a combinational pin design_1_i/hw0_0/inst/hostS2TxProc/txbuf11b_reg[4]_LDC_i_1/O, cell design_1_i/hw0_0/inst/hostS2TxProc/txbuf11b_reg[4]_LDC_i_1. This is not good design practice and will likely impact performance. For SLICE registers, for example, use the CE pin to control the loading of data.
Related violations: <none>

PDRC-153#144 Warning
Gated clock check  
Net design_1_i/hw0_0/inst/hostS2TxProc/txbuf11b_reg[5]_LDC_i_1_n_0 is a gated clock net sourced by a combinational pin design_1_i/hw0_0/inst/hostS2TxProc/txbuf11b_reg[5]_LDC_i_1/O, cell design_1_i/hw0_0/inst/hostS2TxProc/txbuf11b_reg[5]_LDC_i_1. This is not good design practice and will likely impact performance. For SLICE registers, for example, use the CE pin to control the loading of data.
Related violations: <none>

PDRC-153#145 Warning
Gated clock check  
Net design_1_i/hw0_0/inst/hostS2TxProc/txbuf11b_reg[6]_LDC_i_1_n_0 is a gated clock net sourced by a combinational pin design_1_i/hw0_0/inst/hostS2TxProc/txbuf11b_reg[6]_LDC_i_1/O, cell design_1_i/hw0_0/inst/hostS2TxProc/txbuf11b_reg[6]_LDC_i_1. This is not good design practice and will likely impact performance. For SLICE registers, for example, use the CE pin to control the loading of data.
Related violations: <none>

PDRC-153#146 Warning
Gated clock check  
Net design_1_i/hw0_0/inst/hostS2TxProc/txbuf11b_reg[7]_LDC_i_1_n_0 is a gated clock net sourced by a combinational pin design_1_i/hw0_0/inst/hostS2TxProc/txbuf11b_reg[7]_LDC_i_1/O, cell design_1_i/hw0_0/inst/hostS2TxProc/txbuf11b_reg[7]_LDC_i_1. This is not good design practice and will likely impact performance. For SLICE registers, for example, use the CE pin to control the loading of data.
Related violations: <none>

PDRC-153#147 Warning
Gated clock check  
Net design_1_i/hw0_0/inst/hostS2TxProc/txbuf11b_reg[8]_LDC_i_1_n_0 is a gated clock net sourced by a combinational pin design_1_i/hw0_0/inst/hostS2TxProc/txbuf11b_reg[8]_LDC_i_1/O, cell design_1_i/hw0_0/inst/hostS2TxProc/txbuf11b_reg[8]_LDC_i_1. This is not good design practice and will likely impact performance. For SLICE registers, for example, use the CE pin to control the loading of data.
Related violations: <none>

PDRC-153#148 Warning
Gated clock check  
Net design_1_i/hw0_0/inst/hostS2TxProc/txbuf11b_reg[9]_LDC_i_1_n_0 is a gated clock net sourced by a combinational pin design_1_i/hw0_0/inst/hostS2TxProc/txbuf11b_reg[9]_LDC_i_1/O, cell design_1_i/hw0_0/inst/hostS2TxProc/txbuf11b_reg[9]_LDC_i_1. This is not good design practice and will likely impact performance. For SLICE registers, for example, use the CE pin to control the loading of data.
Related violations: <none>

PDRC-153#149 Warning
Gated clock check  
Net design_1_i/hw0_0/inst/hostS2TxProc/txbuf12b_reg[0]_LDC_i_1_n_0 is a gated clock net sourced by a combinational pin design_1_i/hw0_0/inst/hostS2TxProc/txbuf12b_reg[0]_LDC_i_1/O, cell design_1_i/hw0_0/inst/hostS2TxProc/txbuf12b_reg[0]_LDC_i_1. This is not good design practice and will likely impact performance. For SLICE registers, for example, use the CE pin to control the loading of data.
Related violations: <none>

PDRC-153#150 Warning
Gated clock check  
Net design_1_i/hw0_0/inst/hostS2TxProc/txbuf12b_reg[10]_LDC_i_1_n_0 is a gated clock net sourced by a combinational pin design_1_i/hw0_0/inst/hostS2TxProc/txbuf12b_reg[10]_LDC_i_1/O, cell design_1_i/hw0_0/inst/hostS2TxProc/txbuf12b_reg[10]_LDC_i_1. This is not good design practice and will likely impact performance. For SLICE registers, for example, use the CE pin to control the loading of data.
Related violations: <none>

PDRC-153#151 Warning
Gated clock check  
Net design_1_i/hw0_0/inst/hostS2TxProc/txbuf12b_reg[11]_LDC_i_1_n_0 is a gated clock net sourced by a combinational pin design_1_i/hw0_0/inst/hostS2TxProc/txbuf12b_reg[11]_LDC_i_1/O, cell design_1_i/hw0_0/inst/hostS2TxProc/txbuf12b_reg[11]_LDC_i_1. This is not good design practice and will likely impact performance. For SLICE registers, for example, use the CE pin to control the loading of data.
Related violations: <none>

PDRC-153#152 Warning
Gated clock check  
Net design_1_i/hw0_0/inst/hostS2TxProc/txbuf12b_reg[12]_LDC_i_1_n_0 is a gated clock net sourced by a combinational pin design_1_i/hw0_0/inst/hostS2TxProc/txbuf12b_reg[12]_LDC_i_1/O, cell design_1_i/hw0_0/inst/hostS2TxProc/txbuf12b_reg[12]_LDC_i_1. This is not good design practice and will likely impact performance. For SLICE registers, for example, use the CE pin to control the loading of data.
Related violations: <none>

PDRC-153#153 Warning
Gated clock check  
Net design_1_i/hw0_0/inst/hostS2TxProc/txbuf12b_reg[13]_LDC_i_1_n_0 is a gated clock net sourced by a combinational pin design_1_i/hw0_0/inst/hostS2TxProc/txbuf12b_reg[13]_LDC_i_1/O, cell design_1_i/hw0_0/inst/hostS2TxProc/txbuf12b_reg[13]_LDC_i_1. This is not good design practice and will likely impact performance. For SLICE registers, for example, use the CE pin to control the loading of data.
Related violations: <none>

PDRC-153#154 Warning
Gated clock check  
Net design_1_i/hw0_0/inst/hostS2TxProc/txbuf12b_reg[14]_LDC_i_1_n_0 is a gated clock net sourced by a combinational pin design_1_i/hw0_0/inst/hostS2TxProc/txbuf12b_reg[14]_LDC_i_1/O, cell design_1_i/hw0_0/inst/hostS2TxProc/txbuf12b_reg[14]_LDC_i_1. This is not good design practice and will likely impact performance. For SLICE registers, for example, use the CE pin to control the loading of data.
Related violations: <none>

PDRC-153#155 Warning
Gated clock check  
Net design_1_i/hw0_0/inst/hostS2TxProc/txbuf12b_reg[15]_LDC_i_1_n_0 is a gated clock net sourced by a combinational pin design_1_i/hw0_0/inst/hostS2TxProc/txbuf12b_reg[15]_LDC_i_1/O, cell design_1_i/hw0_0/inst/hostS2TxProc/txbuf12b_reg[15]_LDC_i_1. This is not good design practice and will likely impact performance. For SLICE registers, for example, use the CE pin to control the loading of data.
Related violations: <none>

PDRC-153#156 Warning
Gated clock check  
Net design_1_i/hw0_0/inst/hostS2TxProc/txbuf12b_reg[1]_LDC_i_1_n_0 is a gated clock net sourced by a combinational pin design_1_i/hw0_0/inst/hostS2TxProc/txbuf12b_reg[1]_LDC_i_1/O, cell design_1_i/hw0_0/inst/hostS2TxProc/txbuf12b_reg[1]_LDC_i_1. This is not good design practice and will likely impact performance. For SLICE registers, for example, use the CE pin to control the loading of data.
Related violations: <none>

PDRC-153#157 Warning
Gated clock check  
Net design_1_i/hw0_0/inst/hostS2TxProc/txbuf12b_reg[2]_LDC_i_1_n_0 is a gated clock net sourced by a combinational pin design_1_i/hw0_0/inst/hostS2TxProc/txbuf12b_reg[2]_LDC_i_1/O, cell design_1_i/hw0_0/inst/hostS2TxProc/txbuf12b_reg[2]_LDC_i_1. This is not good design practice and will likely impact performance. For SLICE registers, for example, use the CE pin to control the loading of data.
Related violations: <none>

PDRC-153#158 Warning
Gated clock check  
Net design_1_i/hw0_0/inst/hostS2TxProc/txbuf12b_reg[3]_LDC_i_1_n_0 is a gated clock net sourced by a combinational pin design_1_i/hw0_0/inst/hostS2TxProc/txbuf12b_reg[3]_LDC_i_1/O, cell design_1_i/hw0_0/inst/hostS2TxProc/txbuf12b_reg[3]_LDC_i_1. This is not good design practice and will likely impact performance. For SLICE registers, for example, use the CE pin to control the loading of data.
Related violations: <none>

PDRC-153#159 Warning
Gated clock check  
Net design_1_i/hw0_0/inst/hostS2TxProc/txbuf12b_reg[4]_LDC_i_1_n_0 is a gated clock net sourced by a combinational pin design_1_i/hw0_0/inst/hostS2TxProc/txbuf12b_reg[4]_LDC_i_1/O, cell design_1_i/hw0_0/inst/hostS2TxProc/txbuf12b_reg[4]_LDC_i_1. This is not good design practice and will likely impact performance. For SLICE registers, for example, use the CE pin to control the loading of data.
Related violations: <none>

PDRC-153#160 Warning
Gated clock check  
Net design_1_i/hw0_0/inst/hostS2TxProc/txbuf12b_reg[5]_LDC_i_1_n_0 is a gated clock net sourced by a combinational pin design_1_i/hw0_0/inst/hostS2TxProc/txbuf12b_reg[5]_LDC_i_1/O, cell design_1_i/hw0_0/inst/hostS2TxProc/txbuf12b_reg[5]_LDC_i_1. This is not good design practice and will likely impact performance. For SLICE registers, for example, use the CE pin to control the loading of data.
Related violations: <none>

PDRC-153#161 Warning
Gated clock check  
Net design_1_i/hw0_0/inst/hostS2TxProc/txbuf12b_reg[6]_LDC_i_1_n_0 is a gated clock net sourced by a combinational pin design_1_i/hw0_0/inst/hostS2TxProc/txbuf12b_reg[6]_LDC_i_1/O, cell design_1_i/hw0_0/inst/hostS2TxProc/txbuf12b_reg[6]_LDC_i_1. This is not good design practice and will likely impact performance. For SLICE registers, for example, use the CE pin to control the loading of data.
Related violations: <none>

PDRC-153#162 Warning
Gated clock check  
Net design_1_i/hw0_0/inst/hostS2TxProc/txbuf12b_reg[7]_LDC_i_1_n_0 is a gated clock net sourced by a combinational pin design_1_i/hw0_0/inst/hostS2TxProc/txbuf12b_reg[7]_LDC_i_1/O, cell design_1_i/hw0_0/inst/hostS2TxProc/txbuf12b_reg[7]_LDC_i_1. This is not good design practice and will likely impact performance. For SLICE registers, for example, use the CE pin to control the loading of data.
Related violations: <none>

PDRC-153#163 Warning
Gated clock check  
Net design_1_i/hw0_0/inst/hostS2TxProc/txbuf12b_reg[8]_LDC_i_1_n_0 is a gated clock net sourced by a combinational pin design_1_i/hw0_0/inst/hostS2TxProc/txbuf12b_reg[8]_LDC_i_1/O, cell design_1_i/hw0_0/inst/hostS2TxProc/txbuf12b_reg[8]_LDC_i_1. This is not good design practice and will likely impact performance. For SLICE registers, for example, use the CE pin to control the loading of data.
Related violations: <none>

PDRC-153#164 Warning
Gated clock check  
Net design_1_i/hw0_0/inst/hostS2TxProc/txbuf12b_reg[9]_LDC_i_1_n_0 is a gated clock net sourced by a combinational pin design_1_i/hw0_0/inst/hostS2TxProc/txbuf12b_reg[9]_LDC_i_1/O, cell design_1_i/hw0_0/inst/hostS2TxProc/txbuf12b_reg[9]_LDC_i_1. This is not good design practice and will likely impact performance. For SLICE registers, for example, use the CE pin to control the loading of data.
Related violations: <none>

PDRC-153#165 Warning
Gated clock check  
Net design_1_i/hw0_0/inst/hostS2TxProc/txbuf13b_reg[0]_LDC_i_1_n_0 is a gated clock net sourced by a combinational pin design_1_i/hw0_0/inst/hostS2TxProc/txbuf13b_reg[0]_LDC_i_1/O, cell design_1_i/hw0_0/inst/hostS2TxProc/txbuf13b_reg[0]_LDC_i_1. This is not good design practice and will likely impact performance. For SLICE registers, for example, use the CE pin to control the loading of data.
Related violations: <none>

PDRC-153#166 Warning
Gated clock check  
Net design_1_i/hw0_0/inst/hostS2TxProc/txbuf13b_reg[10]_LDC_i_1_n_0 is a gated clock net sourced by a combinational pin design_1_i/hw0_0/inst/hostS2TxProc/txbuf13b_reg[10]_LDC_i_1/O, cell design_1_i/hw0_0/inst/hostS2TxProc/txbuf13b_reg[10]_LDC_i_1. This is not good design practice and will likely impact performance. For SLICE registers, for example, use the CE pin to control the loading of data.
Related violations: <none>

PDRC-153#167 Warning
Gated clock check  
Net design_1_i/hw0_0/inst/hostS2TxProc/txbuf13b_reg[11]_LDC_i_1_n_0 is a gated clock net sourced by a combinational pin design_1_i/hw0_0/inst/hostS2TxProc/txbuf13b_reg[11]_LDC_i_1/O, cell design_1_i/hw0_0/inst/hostS2TxProc/txbuf13b_reg[11]_LDC_i_1. This is not good design practice and will likely impact performance. For SLICE registers, for example, use the CE pin to control the loading of data.
Related violations: <none>

PDRC-153#168 Warning
Gated clock check  
Net design_1_i/hw0_0/inst/hostS2TxProc/txbuf13b_reg[12]_LDC_i_1_n_0 is a gated clock net sourced by a combinational pin design_1_i/hw0_0/inst/hostS2TxProc/txbuf13b_reg[12]_LDC_i_1/O, cell design_1_i/hw0_0/inst/hostS2TxProc/txbuf13b_reg[12]_LDC_i_1. This is not good design practice and will likely impact performance. For SLICE registers, for example, use the CE pin to control the loading of data.
Related violations: <none>

PDRC-153#169 Warning
Gated clock check  
Net design_1_i/hw0_0/inst/hostS2TxProc/txbuf13b_reg[13]_LDC_i_1_n_0 is a gated clock net sourced by a combinational pin design_1_i/hw0_0/inst/hostS2TxProc/txbuf13b_reg[13]_LDC_i_1/O, cell design_1_i/hw0_0/inst/hostS2TxProc/txbuf13b_reg[13]_LDC_i_1. This is not good design practice and will likely impact performance. For SLICE registers, for example, use the CE pin to control the loading of data.
Related violations: <none>

PDRC-153#170 Warning
Gated clock check  
Net design_1_i/hw0_0/inst/hostS2TxProc/txbuf13b_reg[14]_LDC_i_1_n_0 is a gated clock net sourced by a combinational pin design_1_i/hw0_0/inst/hostS2TxProc/txbuf13b_reg[14]_LDC_i_1/O, cell design_1_i/hw0_0/inst/hostS2TxProc/txbuf13b_reg[14]_LDC_i_1. This is not good design practice and will likely impact performance. For SLICE registers, for example, use the CE pin to control the loading of data.
Related violations: <none>

PDRC-153#171 Warning
Gated clock check  
Net design_1_i/hw0_0/inst/hostS2TxProc/txbuf13b_reg[15]_LDC_i_1_n_0 is a gated clock net sourced by a combinational pin design_1_i/hw0_0/inst/hostS2TxProc/txbuf13b_reg[15]_LDC_i_1/O, cell design_1_i/hw0_0/inst/hostS2TxProc/txbuf13b_reg[15]_LDC_i_1. This is not good design practice and will likely impact performance. For SLICE registers, for example, use the CE pin to control the loading of data.
Related violations: <none>

PDRC-153#172 Warning
Gated clock check  
Net design_1_i/hw0_0/inst/hostS2TxProc/txbuf13b_reg[1]_LDC_i_1_n_0 is a gated clock net sourced by a combinational pin design_1_i/hw0_0/inst/hostS2TxProc/txbuf13b_reg[1]_LDC_i_1/O, cell design_1_i/hw0_0/inst/hostS2TxProc/txbuf13b_reg[1]_LDC_i_1. This is not good design practice and will likely impact performance. For SLICE registers, for example, use the CE pin to control the loading of data.
Related violations: <none>

PDRC-153#173 Warning
Gated clock check  
Net design_1_i/hw0_0/inst/hostS2TxProc/txbuf13b_reg[2]_LDC_i_1_n_0 is a gated clock net sourced by a combinational pin design_1_i/hw0_0/inst/hostS2TxProc/txbuf13b_reg[2]_LDC_i_1/O, cell design_1_i/hw0_0/inst/hostS2TxProc/txbuf13b_reg[2]_LDC_i_1. This is not good design practice and will likely impact performance. For SLICE registers, for example, use the CE pin to control the loading of data.
Related violations: <none>

PDRC-153#174 Warning
Gated clock check  
Net design_1_i/hw0_0/inst/hostS2TxProc/txbuf13b_reg[3]_LDC_i_1_n_0 is a gated clock net sourced by a combinational pin design_1_i/hw0_0/inst/hostS2TxProc/txbuf13b_reg[3]_LDC_i_1/O, cell design_1_i/hw0_0/inst/hostS2TxProc/txbuf13b_reg[3]_LDC_i_1. This is not good design practice and will likely impact performance. For SLICE registers, for example, use the CE pin to control the loading of data.
Related violations: <none>

PDRC-153#175 Warning
Gated clock check  
Net design_1_i/hw0_0/inst/hostS2TxProc/txbuf13b_reg[4]_LDC_i_1_n_0 is a gated clock net sourced by a combinational pin design_1_i/hw0_0/inst/hostS2TxProc/txbuf13b_reg[4]_LDC_i_1/O, cell design_1_i/hw0_0/inst/hostS2TxProc/txbuf13b_reg[4]_LDC_i_1. This is not good design practice and will likely impact performance. For SLICE registers, for example, use the CE pin to control the loading of data.
Related violations: <none>

PDRC-153#176 Warning
Gated clock check  
Net design_1_i/hw0_0/inst/hostS2TxProc/txbuf13b_reg[5]_LDC_i_1_n_0 is a gated clock net sourced by a combinational pin design_1_i/hw0_0/inst/hostS2TxProc/txbuf13b_reg[5]_LDC_i_1/O, cell design_1_i/hw0_0/inst/hostS2TxProc/txbuf13b_reg[5]_LDC_i_1. This is not good design practice and will likely impact performance. For SLICE registers, for example, use the CE pin to control the loading of data.
Related violations: <none>

PDRC-153#177 Warning
Gated clock check  
Net design_1_i/hw0_0/inst/hostS2TxProc/txbuf13b_reg[6]_LDC_i_1_n_0 is a gated clock net sourced by a combinational pin design_1_i/hw0_0/inst/hostS2TxProc/txbuf13b_reg[6]_LDC_i_1/O, cell design_1_i/hw0_0/inst/hostS2TxProc/txbuf13b_reg[6]_LDC_i_1. This is not good design practice and will likely impact performance. For SLICE registers, for example, use the CE pin to control the loading of data.
Related violations: <none>

PDRC-153#178 Warning
Gated clock check  
Net design_1_i/hw0_0/inst/hostS2TxProc/txbuf13b_reg[7]_LDC_i_1_n_0 is a gated clock net sourced by a combinational pin design_1_i/hw0_0/inst/hostS2TxProc/txbuf13b_reg[7]_LDC_i_1/O, cell design_1_i/hw0_0/inst/hostS2TxProc/txbuf13b_reg[7]_LDC_i_1. This is not good design practice and will likely impact performance. For SLICE registers, for example, use the CE pin to control the loading of data.
Related violations: <none>

PDRC-153#179 Warning
Gated clock check  
Net design_1_i/hw0_0/inst/hostS2TxProc/txbuf13b_reg[8]_LDC_i_1_n_0 is a gated clock net sourced by a combinational pin design_1_i/hw0_0/inst/hostS2TxProc/txbuf13b_reg[8]_LDC_i_1/O, cell design_1_i/hw0_0/inst/hostS2TxProc/txbuf13b_reg[8]_LDC_i_1. This is not good design practice and will likely impact performance. For SLICE registers, for example, use the CE pin to control the loading of data.
Related violations: <none>

PDRC-153#180 Warning
Gated clock check  
Net design_1_i/hw0_0/inst/hostS2TxProc/txbuf13b_reg[9]_LDC_i_1_n_0 is a gated clock net sourced by a combinational pin design_1_i/hw0_0/inst/hostS2TxProc/txbuf13b_reg[9]_LDC_i_1/O, cell design_1_i/hw0_0/inst/hostS2TxProc/txbuf13b_reg[9]_LDC_i_1. This is not good design practice and will likely impact performance. For SLICE registers, for example, use the CE pin to control the loading of data.
Related violations: <none>

PDRC-153#181 Warning
Gated clock check  
Net design_1_i/hw0_0/inst/hostS2TxProc/txbuf4b_reg[0]_LDC_i_1_n_0 is a gated clock net sourced by a combinational pin design_1_i/hw0_0/inst/hostS2TxProc/txbuf4b_reg[0]_LDC_i_1/O, cell design_1_i/hw0_0/inst/hostS2TxProc/txbuf4b_reg[0]_LDC_i_1. This is not good design practice and will likely impact performance. For SLICE registers, for example, use the CE pin to control the loading of data.
Related violations: <none>

PDRC-153#182 Warning
Gated clock check  
Net design_1_i/hw0_0/inst/hostS2TxProc/txbuf4b_reg[10]_LDC_i_1_n_0 is a gated clock net sourced by a combinational pin design_1_i/hw0_0/inst/hostS2TxProc/txbuf4b_reg[10]_LDC_i_1/O, cell design_1_i/hw0_0/inst/hostS2TxProc/txbuf4b_reg[10]_LDC_i_1. This is not good design practice and will likely impact performance. For SLICE registers, for example, use the CE pin to control the loading of data.
Related violations: <none>

PDRC-153#183 Warning
Gated clock check  
Net design_1_i/hw0_0/inst/hostS2TxProc/txbuf4b_reg[11]_LDC_i_1_n_0 is a gated clock net sourced by a combinational pin design_1_i/hw0_0/inst/hostS2TxProc/txbuf4b_reg[11]_LDC_i_1/O, cell design_1_i/hw0_0/inst/hostS2TxProc/txbuf4b_reg[11]_LDC_i_1. This is not good design practice and will likely impact performance. For SLICE registers, for example, use the CE pin to control the loading of data.
Related violations: <none>

PDRC-153#184 Warning
Gated clock check  
Net design_1_i/hw0_0/inst/hostS2TxProc/txbuf4b_reg[12]_LDC_i_1_n_0 is a gated clock net sourced by a combinational pin design_1_i/hw0_0/inst/hostS2TxProc/txbuf4b_reg[12]_LDC_i_1/O, cell design_1_i/hw0_0/inst/hostS2TxProc/txbuf4b_reg[12]_LDC_i_1. This is not good design practice and will likely impact performance. For SLICE registers, for example, use the CE pin to control the loading of data.
Related violations: <none>

PDRC-153#185 Warning
Gated clock check  
Net design_1_i/hw0_0/inst/hostS2TxProc/txbuf4b_reg[13]_LDC_i_1_n_0 is a gated clock net sourced by a combinational pin design_1_i/hw0_0/inst/hostS2TxProc/txbuf4b_reg[13]_LDC_i_1/O, cell design_1_i/hw0_0/inst/hostS2TxProc/txbuf4b_reg[13]_LDC_i_1. This is not good design practice and will likely impact performance. For SLICE registers, for example, use the CE pin to control the loading of data.
Related violations: <none>

PDRC-153#186 Warning
Gated clock check  
Net design_1_i/hw0_0/inst/hostS2TxProc/txbuf4b_reg[14]_LDC_i_1_n_0 is a gated clock net sourced by a combinational pin design_1_i/hw0_0/inst/hostS2TxProc/txbuf4b_reg[14]_LDC_i_1/O, cell design_1_i/hw0_0/inst/hostS2TxProc/txbuf4b_reg[14]_LDC_i_1. This is not good design practice and will likely impact performance. For SLICE registers, for example, use the CE pin to control the loading of data.
Related violations: <none>

PDRC-153#187 Warning
Gated clock check  
Net design_1_i/hw0_0/inst/hostS2TxProc/txbuf4b_reg[15]_LDC_i_1_n_0 is a gated clock net sourced by a combinational pin design_1_i/hw0_0/inst/hostS2TxProc/txbuf4b_reg[15]_LDC_i_1/O, cell design_1_i/hw0_0/inst/hostS2TxProc/txbuf4b_reg[15]_LDC_i_1. This is not good design practice and will likely impact performance. For SLICE registers, for example, use the CE pin to control the loading of data.
Related violations: <none>

PDRC-153#188 Warning
Gated clock check  
Net design_1_i/hw0_0/inst/hostS2TxProc/txbuf4b_reg[1]_LDC_i_1_n_0 is a gated clock net sourced by a combinational pin design_1_i/hw0_0/inst/hostS2TxProc/txbuf4b_reg[1]_LDC_i_1/O, cell design_1_i/hw0_0/inst/hostS2TxProc/txbuf4b_reg[1]_LDC_i_1. This is not good design practice and will likely impact performance. For SLICE registers, for example, use the CE pin to control the loading of data.
Related violations: <none>

PDRC-153#189 Warning
Gated clock check  
Net design_1_i/hw0_0/inst/hostS2TxProc/txbuf4b_reg[2]_LDC_i_1_n_0 is a gated clock net sourced by a combinational pin design_1_i/hw0_0/inst/hostS2TxProc/txbuf4b_reg[2]_LDC_i_1/O, cell design_1_i/hw0_0/inst/hostS2TxProc/txbuf4b_reg[2]_LDC_i_1. This is not good design practice and will likely impact performance. For SLICE registers, for example, use the CE pin to control the loading of data.
Related violations: <none>

PDRC-153#190 Warning
Gated clock check  
Net design_1_i/hw0_0/inst/hostS2TxProc/txbuf4b_reg[3]_LDC_i_1_n_0 is a gated clock net sourced by a combinational pin design_1_i/hw0_0/inst/hostS2TxProc/txbuf4b_reg[3]_LDC_i_1/O, cell design_1_i/hw0_0/inst/hostS2TxProc/txbuf4b_reg[3]_LDC_i_1. This is not good design practice and will likely impact performance. For SLICE registers, for example, use the CE pin to control the loading of data.
Related violations: <none>

PDRC-153#191 Warning
Gated clock check  
Net design_1_i/hw0_0/inst/hostS2TxProc/txbuf4b_reg[4]_LDC_i_1_n_0 is a gated clock net sourced by a combinational pin design_1_i/hw0_0/inst/hostS2TxProc/txbuf4b_reg[4]_LDC_i_1/O, cell design_1_i/hw0_0/inst/hostS2TxProc/txbuf4b_reg[4]_LDC_i_1. This is not good design practice and will likely impact performance. For SLICE registers, for example, use the CE pin to control the loading of data.
Related violations: <none>

PDRC-153#192 Warning
Gated clock check  
Net design_1_i/hw0_0/inst/hostS2TxProc/txbuf4b_reg[5]_LDC_i_1_n_0 is a gated clock net sourced by a combinational pin design_1_i/hw0_0/inst/hostS2TxProc/txbuf4b_reg[5]_LDC_i_1/O, cell design_1_i/hw0_0/inst/hostS2TxProc/txbuf4b_reg[5]_LDC_i_1. This is not good design practice and will likely impact performance. For SLICE registers, for example, use the CE pin to control the loading of data.
Related violations: <none>

PDRC-153#193 Warning
Gated clock check  
Net design_1_i/hw0_0/inst/hostS2TxProc/txbuf4b_reg[6]_LDC_i_1_n_0 is a gated clock net sourced by a combinational pin design_1_i/hw0_0/inst/hostS2TxProc/txbuf4b_reg[6]_LDC_i_1/O, cell design_1_i/hw0_0/inst/hostS2TxProc/txbuf4b_reg[6]_LDC_i_1. This is not good design practice and will likely impact performance. For SLICE registers, for example, use the CE pin to control the loading of data.
Related violations: <none>

PDRC-153#194 Warning
Gated clock check  
Net design_1_i/hw0_0/inst/hostS2TxProc/txbuf4b_reg[7]_LDC_i_1_n_0 is a gated clock net sourced by a combinational pin design_1_i/hw0_0/inst/hostS2TxProc/txbuf4b_reg[7]_LDC_i_1/O, cell design_1_i/hw0_0/inst/hostS2TxProc/txbuf4b_reg[7]_LDC_i_1. This is not good design practice and will likely impact performance. For SLICE registers, for example, use the CE pin to control the loading of data.
Related violations: <none>

PDRC-153#195 Warning
Gated clock check  
Net design_1_i/hw0_0/inst/hostS2TxProc/txbuf4b_reg[8]_LDC_i_1_n_0 is a gated clock net sourced by a combinational pin design_1_i/hw0_0/inst/hostS2TxProc/txbuf4b_reg[8]_LDC_i_1/O, cell design_1_i/hw0_0/inst/hostS2TxProc/txbuf4b_reg[8]_LDC_i_1. This is not good design practice and will likely impact performance. For SLICE registers, for example, use the CE pin to control the loading of data.
Related violations: <none>

PDRC-153#196 Warning
Gated clock check  
Net design_1_i/hw0_0/inst/hostS2TxProc/txbuf4b_reg[9]_LDC_i_1_n_0 is a gated clock net sourced by a combinational pin design_1_i/hw0_0/inst/hostS2TxProc/txbuf4b_reg[9]_LDC_i_1/O, cell design_1_i/hw0_0/inst/hostS2TxProc/txbuf4b_reg[9]_LDC_i_1. This is not good design practice and will likely impact performance. For SLICE registers, for example, use the CE pin to control the loading of data.
Related violations: <none>

PDRC-153#197 Warning
Gated clock check  
Net design_1_i/hw0_0/inst/hostS2TxProc/txbuf5b_reg[0]_LDC_i_1_n_0 is a gated clock net sourced by a combinational pin design_1_i/hw0_0/inst/hostS2TxProc/txbuf5b_reg[0]_LDC_i_1/O, cell design_1_i/hw0_0/inst/hostS2TxProc/txbuf5b_reg[0]_LDC_i_1. This is not good design practice and will likely impact performance. For SLICE registers, for example, use the CE pin to control the loading of data.
Related violations: <none>

PDRC-153#198 Warning
Gated clock check  
Net design_1_i/hw0_0/inst/hostS2TxProc/txbuf5b_reg[10]_LDC_i_1_n_0 is a gated clock net sourced by a combinational pin design_1_i/hw0_0/inst/hostS2TxProc/txbuf5b_reg[10]_LDC_i_1/O, cell design_1_i/hw0_0/inst/hostS2TxProc/txbuf5b_reg[10]_LDC_i_1. This is not good design practice and will likely impact performance. For SLICE registers, for example, use the CE pin to control the loading of data.
Related violations: <none>

PDRC-153#199 Warning
Gated clock check  
Net design_1_i/hw0_0/inst/hostS2TxProc/txbuf5b_reg[11]_LDC_i_1_n_0 is a gated clock net sourced by a combinational pin design_1_i/hw0_0/inst/hostS2TxProc/txbuf5b_reg[11]_LDC_i_1/O, cell design_1_i/hw0_0/inst/hostS2TxProc/txbuf5b_reg[11]_LDC_i_1. This is not good design practice and will likely impact performance. For SLICE registers, for example, use the CE pin to control the loading of data.
Related violations: <none>

PDRC-153#200 Warning
Gated clock check  
Net design_1_i/hw0_0/inst/hostS2TxProc/txbuf5b_reg[12]_LDC_i_1_n_0 is a gated clock net sourced by a combinational pin design_1_i/hw0_0/inst/hostS2TxProc/txbuf5b_reg[12]_LDC_i_1/O, cell design_1_i/hw0_0/inst/hostS2TxProc/txbuf5b_reg[12]_LDC_i_1. This is not good design practice and will likely impact performance. For SLICE registers, for example, use the CE pin to control the loading of data.
Related violations: <none>

PDRC-153#201 Warning
Gated clock check  
Net design_1_i/hw0_0/inst/hostS2TxProc/txbuf5b_reg[13]_LDC_i_1_n_0 is a gated clock net sourced by a combinational pin design_1_i/hw0_0/inst/hostS2TxProc/txbuf5b_reg[13]_LDC_i_1/O, cell design_1_i/hw0_0/inst/hostS2TxProc/txbuf5b_reg[13]_LDC_i_1. This is not good design practice and will likely impact performance. For SLICE registers, for example, use the CE pin to control the loading of data.
Related violations: <none>

PDRC-153#202 Warning
Gated clock check  
Net design_1_i/hw0_0/inst/hostS2TxProc/txbuf5b_reg[14]_LDC_i_1_n_0 is a gated clock net sourced by a combinational pin design_1_i/hw0_0/inst/hostS2TxProc/txbuf5b_reg[14]_LDC_i_1/O, cell design_1_i/hw0_0/inst/hostS2TxProc/txbuf5b_reg[14]_LDC_i_1. This is not good design practice and will likely impact performance. For SLICE registers, for example, use the CE pin to control the loading of data.
Related violations: <none>

PDRC-153#203 Warning
Gated clock check  
Net design_1_i/hw0_0/inst/hostS2TxProc/txbuf5b_reg[15]_LDC_i_1_n_0 is a gated clock net sourced by a combinational pin design_1_i/hw0_0/inst/hostS2TxProc/txbuf5b_reg[15]_LDC_i_1/O, cell design_1_i/hw0_0/inst/hostS2TxProc/txbuf5b_reg[15]_LDC_i_1. This is not good design practice and will likely impact performance. For SLICE registers, for example, use the CE pin to control the loading of data.
Related violations: <none>

PDRC-153#204 Warning
Gated clock check  
Net design_1_i/hw0_0/inst/hostS2TxProc/txbuf5b_reg[1]_LDC_i_1_n_0 is a gated clock net sourced by a combinational pin design_1_i/hw0_0/inst/hostS2TxProc/txbuf5b_reg[1]_LDC_i_1/O, cell design_1_i/hw0_0/inst/hostS2TxProc/txbuf5b_reg[1]_LDC_i_1. This is not good design practice and will likely impact performance. For SLICE registers, for example, use the CE pin to control the loading of data.
Related violations: <none>

PDRC-153#205 Warning
Gated clock check  
Net design_1_i/hw0_0/inst/hostS2TxProc/txbuf5b_reg[2]_LDC_i_1_n_0 is a gated clock net sourced by a combinational pin design_1_i/hw0_0/inst/hostS2TxProc/txbuf5b_reg[2]_LDC_i_1/O, cell design_1_i/hw0_0/inst/hostS2TxProc/txbuf5b_reg[2]_LDC_i_1. This is not good design practice and will likely impact performance. For SLICE registers, for example, use the CE pin to control the loading of data.
Related violations: <none>

PDRC-153#206 Warning
Gated clock check  
Net design_1_i/hw0_0/inst/hostS2TxProc/txbuf5b_reg[3]_LDC_i_1_n_0 is a gated clock net sourced by a combinational pin design_1_i/hw0_0/inst/hostS2TxProc/txbuf5b_reg[3]_LDC_i_1/O, cell design_1_i/hw0_0/inst/hostS2TxProc/txbuf5b_reg[3]_LDC_i_1. This is not good design practice and will likely impact performance. For SLICE registers, for example, use the CE pin to control the loading of data.
Related violations: <none>

PDRC-153#207 Warning
Gated clock check  
Net design_1_i/hw0_0/inst/hostS2TxProc/txbuf5b_reg[4]_LDC_i_1_n_0 is a gated clock net sourced by a combinational pin design_1_i/hw0_0/inst/hostS2TxProc/txbuf5b_reg[4]_LDC_i_1/O, cell design_1_i/hw0_0/inst/hostS2TxProc/txbuf5b_reg[4]_LDC_i_1. This is not good design practice and will likely impact performance. For SLICE registers, for example, use the CE pin to control the loading of data.
Related violations: <none>

PDRC-153#208 Warning
Gated clock check  
Net design_1_i/hw0_0/inst/hostS2TxProc/txbuf5b_reg[5]_LDC_i_1_n_0 is a gated clock net sourced by a combinational pin design_1_i/hw0_0/inst/hostS2TxProc/txbuf5b_reg[5]_LDC_i_1/O, cell design_1_i/hw0_0/inst/hostS2TxProc/txbuf5b_reg[5]_LDC_i_1. This is not good design practice and will likely impact performance. For SLICE registers, for example, use the CE pin to control the loading of data.
Related violations: <none>

PDRC-153#209 Warning
Gated clock check  
Net design_1_i/hw0_0/inst/hostS2TxProc/txbuf5b_reg[6]_LDC_i_1_n_0 is a gated clock net sourced by a combinational pin design_1_i/hw0_0/inst/hostS2TxProc/txbuf5b_reg[6]_LDC_i_1/O, cell design_1_i/hw0_0/inst/hostS2TxProc/txbuf5b_reg[6]_LDC_i_1. This is not good design practice and will likely impact performance. For SLICE registers, for example, use the CE pin to control the loading of data.
Related violations: <none>

PDRC-153#210 Warning
Gated clock check  
Net design_1_i/hw0_0/inst/hostS2TxProc/txbuf5b_reg[7]_LDC_i_1_n_0 is a gated clock net sourced by a combinational pin design_1_i/hw0_0/inst/hostS2TxProc/txbuf5b_reg[7]_LDC_i_1/O, cell design_1_i/hw0_0/inst/hostS2TxProc/txbuf5b_reg[7]_LDC_i_1. This is not good design practice and will likely impact performance. For SLICE registers, for example, use the CE pin to control the loading of data.
Related violations: <none>

PDRC-153#211 Warning
Gated clock check  
Net design_1_i/hw0_0/inst/hostS2TxProc/txbuf5b_reg[8]_LDC_i_1_n_0 is a gated clock net sourced by a combinational pin design_1_i/hw0_0/inst/hostS2TxProc/txbuf5b_reg[8]_LDC_i_1/O, cell design_1_i/hw0_0/inst/hostS2TxProc/txbuf5b_reg[8]_LDC_i_1. This is not good design practice and will likely impact performance. For SLICE registers, for example, use the CE pin to control the loading of data.
Related violations: <none>

PDRC-153#212 Warning
Gated clock check  
Net design_1_i/hw0_0/inst/hostS2TxProc/txbuf5b_reg[9]_LDC_i_1_n_0 is a gated clock net sourced by a combinational pin design_1_i/hw0_0/inst/hostS2TxProc/txbuf5b_reg[9]_LDC_i_1/O, cell design_1_i/hw0_0/inst/hostS2TxProc/txbuf5b_reg[9]_LDC_i_1. This is not good design practice and will likely impact performance. For SLICE registers, for example, use the CE pin to control the loading of data.
Related violations: <none>

PDRC-153#213 Warning
Gated clock check  
Net design_1_i/hw0_0/inst/hostS2TxProc/txbuf9b_reg[0]_LDC_i_1_n_0 is a gated clock net sourced by a combinational pin design_1_i/hw0_0/inst/hostS2TxProc/txbuf9b_reg[0]_LDC_i_1/O, cell design_1_i/hw0_0/inst/hostS2TxProc/txbuf9b_reg[0]_LDC_i_1. This is not good design practice and will likely impact performance. For SLICE registers, for example, use the CE pin to control the loading of data.
Related violations: <none>

PDRC-153#214 Warning
Gated clock check  
Net design_1_i/hw0_0/inst/hostS2TxProc/txbuf9b_reg[10]_LDC_i_1_n_0 is a gated clock net sourced by a combinational pin design_1_i/hw0_0/inst/hostS2TxProc/txbuf9b_reg[10]_LDC_i_1/O, cell design_1_i/hw0_0/inst/hostS2TxProc/txbuf9b_reg[10]_LDC_i_1. This is not good design practice and will likely impact performance. For SLICE registers, for example, use the CE pin to control the loading of data.
Related violations: <none>

PDRC-153#215 Warning
Gated clock check  
Net design_1_i/hw0_0/inst/hostS2TxProc/txbuf9b_reg[11]_LDC_i_1_n_0 is a gated clock net sourced by a combinational pin design_1_i/hw0_0/inst/hostS2TxProc/txbuf9b_reg[11]_LDC_i_1/O, cell design_1_i/hw0_0/inst/hostS2TxProc/txbuf9b_reg[11]_LDC_i_1. This is not good design practice and will likely impact performance. For SLICE registers, for example, use the CE pin to control the loading of data.
Related violations: <none>

PDRC-153#216 Warning
Gated clock check  
Net design_1_i/hw0_0/inst/hostS2TxProc/txbuf9b_reg[12]_LDC_i_1_n_0 is a gated clock net sourced by a combinational pin design_1_i/hw0_0/inst/hostS2TxProc/txbuf9b_reg[12]_LDC_i_1/O, cell design_1_i/hw0_0/inst/hostS2TxProc/txbuf9b_reg[12]_LDC_i_1. This is not good design practice and will likely impact performance. For SLICE registers, for example, use the CE pin to control the loading of data.
Related violations: <none>

PDRC-153#217 Warning
Gated clock check  
Net design_1_i/hw0_0/inst/hostS2TxProc/txbuf9b_reg[13]_LDC_i_1_n_0 is a gated clock net sourced by a combinational pin design_1_i/hw0_0/inst/hostS2TxProc/txbuf9b_reg[13]_LDC_i_1/O, cell design_1_i/hw0_0/inst/hostS2TxProc/txbuf9b_reg[13]_LDC_i_1. This is not good design practice and will likely impact performance. For SLICE registers, for example, use the CE pin to control the loading of data.
Related violations: <none>

PDRC-153#218 Warning
Gated clock check  
Net design_1_i/hw0_0/inst/hostS2TxProc/txbuf9b_reg[14]_LDC_i_1_n_0 is a gated clock net sourced by a combinational pin design_1_i/hw0_0/inst/hostS2TxProc/txbuf9b_reg[14]_LDC_i_1/O, cell design_1_i/hw0_0/inst/hostS2TxProc/txbuf9b_reg[14]_LDC_i_1. This is not good design practice and will likely impact performance. For SLICE registers, for example, use the CE pin to control the loading of data.
Related violations: <none>

PDRC-153#219 Warning
Gated clock check  
Net design_1_i/hw0_0/inst/hostS2TxProc/txbuf9b_reg[15]_LDC_i_1_n_0 is a gated clock net sourced by a combinational pin design_1_i/hw0_0/inst/hostS2TxProc/txbuf9b_reg[15]_LDC_i_1/O, cell design_1_i/hw0_0/inst/hostS2TxProc/txbuf9b_reg[15]_LDC_i_1. This is not good design practice and will likely impact performance. For SLICE registers, for example, use the CE pin to control the loading of data.
Related violations: <none>

PDRC-153#220 Warning
Gated clock check  
Net design_1_i/hw0_0/inst/hostS2TxProc/txbuf9b_reg[1]_LDC_i_1_n_0 is a gated clock net sourced by a combinational pin design_1_i/hw0_0/inst/hostS2TxProc/txbuf9b_reg[1]_LDC_i_1/O, cell design_1_i/hw0_0/inst/hostS2TxProc/txbuf9b_reg[1]_LDC_i_1. This is not good design practice and will likely impact performance. For SLICE registers, for example, use the CE pin to control the loading of data.
Related violations: <none>

PDRC-153#221 Warning
Gated clock check  
Net design_1_i/hw0_0/inst/hostS2TxProc/txbuf9b_reg[2]_LDC_i_1_n_0 is a gated clock net sourced by a combinational pin design_1_i/hw0_0/inst/hostS2TxProc/txbuf9b_reg[2]_LDC_i_1/O, cell design_1_i/hw0_0/inst/hostS2TxProc/txbuf9b_reg[2]_LDC_i_1. This is not good design practice and will likely impact performance. For SLICE registers, for example, use the CE pin to control the loading of data.
Related violations: <none>

PDRC-153#222 Warning
Gated clock check  
Net design_1_i/hw0_0/inst/hostS2TxProc/txbuf9b_reg[3]_LDC_i_1_n_0 is a gated clock net sourced by a combinational pin design_1_i/hw0_0/inst/hostS2TxProc/txbuf9b_reg[3]_LDC_i_1/O, cell design_1_i/hw0_0/inst/hostS2TxProc/txbuf9b_reg[3]_LDC_i_1. This is not good design practice and will likely impact performance. For SLICE registers, for example, use the CE pin to control the loading of data.
Related violations: <none>

PDRC-153#223 Warning
Gated clock check  
Net design_1_i/hw0_0/inst/hostS2TxProc/txbuf9b_reg[4]_LDC_i_1_n_0 is a gated clock net sourced by a combinational pin design_1_i/hw0_0/inst/hostS2TxProc/txbuf9b_reg[4]_LDC_i_1/O, cell design_1_i/hw0_0/inst/hostS2TxProc/txbuf9b_reg[4]_LDC_i_1. This is not good design practice and will likely impact performance. For SLICE registers, for example, use the CE pin to control the loading of data.
Related violations: <none>

PDRC-153#224 Warning
Gated clock check  
Net design_1_i/hw0_0/inst/hostS2TxProc/txbuf9b_reg[5]_LDC_i_1_n_0 is a gated clock net sourced by a combinational pin design_1_i/hw0_0/inst/hostS2TxProc/txbuf9b_reg[5]_LDC_i_1/O, cell design_1_i/hw0_0/inst/hostS2TxProc/txbuf9b_reg[5]_LDC_i_1. This is not good design practice and will likely impact performance. For SLICE registers, for example, use the CE pin to control the loading of data.
Related violations: <none>

PDRC-153#225 Warning
Gated clock check  
Net design_1_i/hw0_0/inst/hostS2TxProc/txbuf9b_reg[6]_LDC_i_1_n_0 is a gated clock net sourced by a combinational pin design_1_i/hw0_0/inst/hostS2TxProc/txbuf9b_reg[6]_LDC_i_1/O, cell design_1_i/hw0_0/inst/hostS2TxProc/txbuf9b_reg[6]_LDC_i_1. This is not good design practice and will likely impact performance. For SLICE registers, for example, use the CE pin to control the loading of data.
Related violations: <none>

PDRC-153#226 Warning
Gated clock check  
Net design_1_i/hw0_0/inst/hostS2TxProc/txbuf9b_reg[7]_LDC_i_1_n_0 is a gated clock net sourced by a combinational pin design_1_i/hw0_0/inst/hostS2TxProc/txbuf9b_reg[7]_LDC_i_1/O, cell design_1_i/hw0_0/inst/hostS2TxProc/txbuf9b_reg[7]_LDC_i_1. This is not good design practice and will likely impact performance. For SLICE registers, for example, use the CE pin to control the loading of data.
Related violations: <none>

PDRC-153#227 Warning
Gated clock check  
Net design_1_i/hw0_0/inst/hostS2TxProc/txbuf9b_reg[8]_LDC_i_1_n_0 is a gated clock net sourced by a combinational pin design_1_i/hw0_0/inst/hostS2TxProc/txbuf9b_reg[8]_LDC_i_1/O, cell design_1_i/hw0_0/inst/hostS2TxProc/txbuf9b_reg[8]_LDC_i_1. This is not good design practice and will likely impact performance. For SLICE registers, for example, use the CE pin to control the loading of data.
Related violations: <none>

PDRC-153#228 Warning
Gated clock check  
Net design_1_i/hw0_0/inst/hostS2TxProc/txbuf9b_reg[9]_LDC_i_1_n_0 is a gated clock net sourced by a combinational pin design_1_i/hw0_0/inst/hostS2TxProc/txbuf9b_reg[9]_LDC_i_1/O, cell design_1_i/hw0_0/inst/hostS2TxProc/txbuf9b_reg[9]_LDC_i_1. This is not good design practice and will likely impact performance. For SLICE registers, for example, use the CE pin to control the loading of data.
Related violations: <none>

PDRC-153#229 Warning
Gated clock check  
Net design_1_i/hw0_0/inst/hostWgRfFreq_reg[5]_i_2_n_0 is a gated clock net sourced by a combinational pin design_1_i/hw0_0/inst/hostWgRfFreq_reg[5]_i_2/O, cell design_1_i/hw0_0/inst/hostWgRfFreq_reg[5]_i_2. This is not good design practice and will likely impact performance. For SLICE registers, for example, use the CE pin to control the loading of data.
Related violations: <none>

PDRC-153#230 Warning
Gated clock check  
Net design_1_i/hw0_0/inst/p_1_out__0[7] is a gated clock net sourced by a combinational pin design_1_i/hw0_0/inst/laChR_reg[7]_i_2/O, cell design_1_i/hw0_0/inst/laChR_reg[7]_i_2. This is not good design practice and will likely impact performance. For SLICE registers, for example, use the CE pin to control the loading of data.
Related violations: <none>

PDRC-153#231 Warning
Gated clock check  
Net design_1_i/hw0_0/inst/rf2TxData_reg_i_1_n_0 is a gated clock net sourced by a combinational pin design_1_i/hw0_0/inst/rf2TxData_reg_i_1/O, cell design_1_i/hw0_0/inst/rf2TxData_reg_i_1. This is not good design practice and will likely impact performance. For SLICE registers, for example, use the CE pin to control the loading of data.
Related violations: <none>

PDRC-153#232 Warning
Gated clock check  
Net design_1_i/hw0_0/inst/s1RxIn_f_reg_i_2_n_0 is a gated clock net sourced by a combinational pin design_1_i/hw0_0/inst/s1RxIn_f_reg_i_2/O, cell design_1_i/hw0_0/inst/s1RxIn_f_reg_i_2. This is not good design practice and will likely impact performance. For SLICE registers, for example, use the CE pin to control the loading of data.
Related violations: <none>

PDRC-153#233 Warning
Gated clock check  
Net design_1_i/hw0_0/inst/s1TxProc/txbuf12b_reg[0]_LDC_i_1__1_n_0 is a gated clock net sourced by a combinational pin design_1_i/hw0_0/inst/s1TxProc/txbuf12b_reg[0]_LDC_i_1__1/O, cell design_1_i/hw0_0/inst/s1TxProc/txbuf12b_reg[0]_LDC_i_1__1. This is not good design practice and will likely impact performance. For SLICE registers, for example, use the CE pin to control the loading of data.
Related violations: <none>

PDRC-153#234 Warning
Gated clock check  
Net design_1_i/hw0_0/inst/s1TxProc/txbuf12b_reg[10]_LDC_i_1__1_n_0 is a gated clock net sourced by a combinational pin design_1_i/hw0_0/inst/s1TxProc/txbuf12b_reg[10]_LDC_i_1__1/O, cell design_1_i/hw0_0/inst/s1TxProc/txbuf12b_reg[10]_LDC_i_1__1. This is not good design practice and will likely impact performance. For SLICE registers, for example, use the CE pin to control the loading of data.
Related violations: <none>

PDRC-153#235 Warning
Gated clock check  
Net design_1_i/hw0_0/inst/s1TxProc/txbuf12b_reg[11]_LDC_i_1__1_n_0 is a gated clock net sourced by a combinational pin design_1_i/hw0_0/inst/s1TxProc/txbuf12b_reg[11]_LDC_i_1__1/O, cell design_1_i/hw0_0/inst/s1TxProc/txbuf12b_reg[11]_LDC_i_1__1. This is not good design practice and will likely impact performance. For SLICE registers, for example, use the CE pin to control the loading of data.
Related violations: <none>

PDRC-153#236 Warning
Gated clock check  
Net design_1_i/hw0_0/inst/s1TxProc/txbuf12b_reg[12]_LDC_i_1__1_n_0 is a gated clock net sourced by a combinational pin design_1_i/hw0_0/inst/s1TxProc/txbuf12b_reg[12]_LDC_i_1__1/O, cell design_1_i/hw0_0/inst/s1TxProc/txbuf12b_reg[12]_LDC_i_1__1. This is not good design practice and will likely impact performance. For SLICE registers, for example, use the CE pin to control the loading of data.
Related violations: <none>

PDRC-153#237 Warning
Gated clock check  
Net design_1_i/hw0_0/inst/s1TxProc/txbuf12b_reg[13]_LDC_i_1__1_n_0 is a gated clock net sourced by a combinational pin design_1_i/hw0_0/inst/s1TxProc/txbuf12b_reg[13]_LDC_i_1__1/O, cell design_1_i/hw0_0/inst/s1TxProc/txbuf12b_reg[13]_LDC_i_1__1. This is not good design practice and will likely impact performance. For SLICE registers, for example, use the CE pin to control the loading of data.
Related violations: <none>

PDRC-153#238 Warning
Gated clock check  
Net design_1_i/hw0_0/inst/s1TxProc/txbuf12b_reg[14]_LDC_i_1__1_n_0 is a gated clock net sourced by a combinational pin design_1_i/hw0_0/inst/s1TxProc/txbuf12b_reg[14]_LDC_i_1__1/O, cell design_1_i/hw0_0/inst/s1TxProc/txbuf12b_reg[14]_LDC_i_1__1. This is not good design practice and will likely impact performance. For SLICE registers, for example, use the CE pin to control the loading of data.
Related violations: <none>

PDRC-153#239 Warning
Gated clock check  
Net design_1_i/hw0_0/inst/s1TxProc/txbuf12b_reg[15]_LDC_i_1__1_n_0 is a gated clock net sourced by a combinational pin design_1_i/hw0_0/inst/s1TxProc/txbuf12b_reg[15]_LDC_i_1__1/O, cell design_1_i/hw0_0/inst/s1TxProc/txbuf12b_reg[15]_LDC_i_1__1. This is not good design practice and will likely impact performance. For SLICE registers, for example, use the CE pin to control the loading of data.
Related violations: <none>

PDRC-153#240 Warning
Gated clock check  
Net design_1_i/hw0_0/inst/s1TxProc/txbuf12b_reg[1]_LDC_i_1__1_n_0 is a gated clock net sourced by a combinational pin design_1_i/hw0_0/inst/s1TxProc/txbuf12b_reg[1]_LDC_i_1__1/O, cell design_1_i/hw0_0/inst/s1TxProc/txbuf12b_reg[1]_LDC_i_1__1. This is not good design practice and will likely impact performance. For SLICE registers, for example, use the CE pin to control the loading of data.
Related violations: <none>

PDRC-153#241 Warning
Gated clock check  
Net design_1_i/hw0_0/inst/s1TxProc/txbuf12b_reg[2]_LDC_i_1__1_n_0 is a gated clock net sourced by a combinational pin design_1_i/hw0_0/inst/s1TxProc/txbuf12b_reg[2]_LDC_i_1__1/O, cell design_1_i/hw0_0/inst/s1TxProc/txbuf12b_reg[2]_LDC_i_1__1. This is not good design practice and will likely impact performance. For SLICE registers, for example, use the CE pin to control the loading of data.
Related violations: <none>

PDRC-153#242 Warning
Gated clock check  
Net design_1_i/hw0_0/inst/s1TxProc/txbuf12b_reg[3]_LDC_i_1__1_n_0 is a gated clock net sourced by a combinational pin design_1_i/hw0_0/inst/s1TxProc/txbuf12b_reg[3]_LDC_i_1__1/O, cell design_1_i/hw0_0/inst/s1TxProc/txbuf12b_reg[3]_LDC_i_1__1. This is not good design practice and will likely impact performance. For SLICE registers, for example, use the CE pin to control the loading of data.
Related violations: <none>

PDRC-153#243 Warning
Gated clock check  
Net design_1_i/hw0_0/inst/s1TxProc/txbuf12b_reg[4]_LDC_i_1__1_n_0 is a gated clock net sourced by a combinational pin design_1_i/hw0_0/inst/s1TxProc/txbuf12b_reg[4]_LDC_i_1__1/O, cell design_1_i/hw0_0/inst/s1TxProc/txbuf12b_reg[4]_LDC_i_1__1. This is not good design practice and will likely impact performance. For SLICE registers, for example, use the CE pin to control the loading of data.
Related violations: <none>

PDRC-153#244 Warning
Gated clock check  
Net design_1_i/hw0_0/inst/s1TxProc/txbuf12b_reg[5]_LDC_i_1__1_n_0 is a gated clock net sourced by a combinational pin design_1_i/hw0_0/inst/s1TxProc/txbuf12b_reg[5]_LDC_i_1__1/O, cell design_1_i/hw0_0/inst/s1TxProc/txbuf12b_reg[5]_LDC_i_1__1. This is not good design practice and will likely impact performance. For SLICE registers, for example, use the CE pin to control the loading of data.
Related violations: <none>

PDRC-153#245 Warning
Gated clock check  
Net design_1_i/hw0_0/inst/s1TxProc/txbuf12b_reg[6]_LDC_i_1__1_n_0 is a gated clock net sourced by a combinational pin design_1_i/hw0_0/inst/s1TxProc/txbuf12b_reg[6]_LDC_i_1__1/O, cell design_1_i/hw0_0/inst/s1TxProc/txbuf12b_reg[6]_LDC_i_1__1. This is not good design practice and will likely impact performance. For SLICE registers, for example, use the CE pin to control the loading of data.
Related violations: <none>

PDRC-153#246 Warning
Gated clock check  
Net design_1_i/hw0_0/inst/s1TxProc/txbuf12b_reg[7]_LDC_i_1__1_n_0 is a gated clock net sourced by a combinational pin design_1_i/hw0_0/inst/s1TxProc/txbuf12b_reg[7]_LDC_i_1__1/O, cell design_1_i/hw0_0/inst/s1TxProc/txbuf12b_reg[7]_LDC_i_1__1. This is not good design practice and will likely impact performance. For SLICE registers, for example, use the CE pin to control the loading of data.
Related violations: <none>

PDRC-153#247 Warning
Gated clock check  
Net design_1_i/hw0_0/inst/s1TxProc/txbuf12b_reg[8]_LDC_i_1__1_n_0 is a gated clock net sourced by a combinational pin design_1_i/hw0_0/inst/s1TxProc/txbuf12b_reg[8]_LDC_i_1__1/O, cell design_1_i/hw0_0/inst/s1TxProc/txbuf12b_reg[8]_LDC_i_1__1. This is not good design practice and will likely impact performance. For SLICE registers, for example, use the CE pin to control the loading of data.
Related violations: <none>

PDRC-153#248 Warning
Gated clock check  
Net design_1_i/hw0_0/inst/s1TxProc/txbuf12b_reg[9]_LDC_i_1__1_n_0 is a gated clock net sourced by a combinational pin design_1_i/hw0_0/inst/s1TxProc/txbuf12b_reg[9]_LDC_i_1__1/O, cell design_1_i/hw0_0/inst/s1TxProc/txbuf12b_reg[9]_LDC_i_1__1. This is not good design practice and will likely impact performance. For SLICE registers, for example, use the CE pin to control the loading of data.
Related violations: <none>

PDRC-153#249 Warning
Gated clock check  
Net design_1_i/hw0_0/inst/s1TxProc/txbuf13b_reg[0]_LDC_i_1__1_n_0 is a gated clock net sourced by a combinational pin design_1_i/hw0_0/inst/s1TxProc/txbuf13b_reg[0]_LDC_i_1__1/O, cell design_1_i/hw0_0/inst/s1TxProc/txbuf13b_reg[0]_LDC_i_1__1. This is not good design practice and will likely impact performance. For SLICE registers, for example, use the CE pin to control the loading of data.
Related violations: <none>

PDRC-153#250 Warning
Gated clock check  
Net design_1_i/hw0_0/inst/s1TxProc/txbuf13b_reg[10]_LDC_i_1__1_n_0 is a gated clock net sourced by a combinational pin design_1_i/hw0_0/inst/s1TxProc/txbuf13b_reg[10]_LDC_i_1__1/O, cell design_1_i/hw0_0/inst/s1TxProc/txbuf13b_reg[10]_LDC_i_1__1. This is not good design practice and will likely impact performance. For SLICE registers, for example, use the CE pin to control the loading of data.
Related violations: <none>

PDRC-153#251 Warning
Gated clock check  
Net design_1_i/hw0_0/inst/s1TxProc/txbuf13b_reg[11]_LDC_i_1__1_n_0 is a gated clock net sourced by a combinational pin design_1_i/hw0_0/inst/s1TxProc/txbuf13b_reg[11]_LDC_i_1__1/O, cell design_1_i/hw0_0/inst/s1TxProc/txbuf13b_reg[11]_LDC_i_1__1. This is not good design practice and will likely impact performance. For SLICE registers, for example, use the CE pin to control the loading of data.
Related violations: <none>

PDRC-153#252 Warning
Gated clock check  
Net design_1_i/hw0_0/inst/s1TxProc/txbuf13b_reg[12]_LDC_i_1__1_n_0 is a gated clock net sourced by a combinational pin design_1_i/hw0_0/inst/s1TxProc/txbuf13b_reg[12]_LDC_i_1__1/O, cell design_1_i/hw0_0/inst/s1TxProc/txbuf13b_reg[12]_LDC_i_1__1. This is not good design practice and will likely impact performance. For SLICE registers, for example, use the CE pin to control the loading of data.
Related violations: <none>

PDRC-153#253 Warning
Gated clock check  
Net design_1_i/hw0_0/inst/s1TxProc/txbuf13b_reg[13]_LDC_i_1__1_n_0 is a gated clock net sourced by a combinational pin design_1_i/hw0_0/inst/s1TxProc/txbuf13b_reg[13]_LDC_i_1__1/O, cell design_1_i/hw0_0/inst/s1TxProc/txbuf13b_reg[13]_LDC_i_1__1. This is not good design practice and will likely impact performance. For SLICE registers, for example, use the CE pin to control the loading of data.
Related violations: <none>

PDRC-153#254 Warning
Gated clock check  
Net design_1_i/hw0_0/inst/s1TxProc/txbuf13b_reg[14]_LDC_i_1__1_n_0 is a gated clock net sourced by a combinational pin design_1_i/hw0_0/inst/s1TxProc/txbuf13b_reg[14]_LDC_i_1__1/O, cell design_1_i/hw0_0/inst/s1TxProc/txbuf13b_reg[14]_LDC_i_1__1. This is not good design practice and will likely impact performance. For SLICE registers, for example, use the CE pin to control the loading of data.
Related violations: <none>

PDRC-153#255 Warning
Gated clock check  
Net design_1_i/hw0_0/inst/s1TxProc/txbuf13b_reg[15]_LDC_i_1__1_n_0 is a gated clock net sourced by a combinational pin design_1_i/hw0_0/inst/s1TxProc/txbuf13b_reg[15]_LDC_i_1__1/O, cell design_1_i/hw0_0/inst/s1TxProc/txbuf13b_reg[15]_LDC_i_1__1. This is not good design practice and will likely impact performance. For SLICE registers, for example, use the CE pin to control the loading of data.
Related violations: <none>

PDRC-153#256 Warning
Gated clock check  
Net design_1_i/hw0_0/inst/s1TxProc/txbuf13b_reg[1]_LDC_i_1__1_n_0 is a gated clock net sourced by a combinational pin design_1_i/hw0_0/inst/s1TxProc/txbuf13b_reg[1]_LDC_i_1__1/O, cell design_1_i/hw0_0/inst/s1TxProc/txbuf13b_reg[1]_LDC_i_1__1. This is not good design practice and will likely impact performance. For SLICE registers, for example, use the CE pin to control the loading of data.
Related violations: <none>

PDRC-153#257 Warning
Gated clock check  
Net design_1_i/hw0_0/inst/s1TxProc/txbuf13b_reg[2]_LDC_i_1__1_n_0 is a gated clock net sourced by a combinational pin design_1_i/hw0_0/inst/s1TxProc/txbuf13b_reg[2]_LDC_i_1__1/O, cell design_1_i/hw0_0/inst/s1TxProc/txbuf13b_reg[2]_LDC_i_1__1. This is not good design practice and will likely impact performance. For SLICE registers, for example, use the CE pin to control the loading of data.
Related violations: <none>

PDRC-153#258 Warning
Gated clock check  
Net design_1_i/hw0_0/inst/s1TxProc/txbuf13b_reg[3]_LDC_i_1__1_n_0 is a gated clock net sourced by a combinational pin design_1_i/hw0_0/inst/s1TxProc/txbuf13b_reg[3]_LDC_i_1__1/O, cell design_1_i/hw0_0/inst/s1TxProc/txbuf13b_reg[3]_LDC_i_1__1. This is not good design practice and will likely impact performance. For SLICE registers, for example, use the CE pin to control the loading of data.
Related violations: <none>

PDRC-153#259 Warning
Gated clock check  
Net design_1_i/hw0_0/inst/s1TxProc/txbuf13b_reg[4]_LDC_i_1__1_n_0 is a gated clock net sourced by a combinational pin design_1_i/hw0_0/inst/s1TxProc/txbuf13b_reg[4]_LDC_i_1__1/O, cell design_1_i/hw0_0/inst/s1TxProc/txbuf13b_reg[4]_LDC_i_1__1. This is not good design practice and will likely impact performance. For SLICE registers, for example, use the CE pin to control the loading of data.
Related violations: <none>

PDRC-153#260 Warning
Gated clock check  
Net design_1_i/hw0_0/inst/s1TxProc/txbuf13b_reg[5]_LDC_i_1__1_n_0 is a gated clock net sourced by a combinational pin design_1_i/hw0_0/inst/s1TxProc/txbuf13b_reg[5]_LDC_i_1__1/O, cell design_1_i/hw0_0/inst/s1TxProc/txbuf13b_reg[5]_LDC_i_1__1. This is not good design practice and will likely impact performance. For SLICE registers, for example, use the CE pin to control the loading of data.
Related violations: <none>

PDRC-153#261 Warning
Gated clock check  
Net design_1_i/hw0_0/inst/s1TxProc/txbuf13b_reg[6]_LDC_i_1__1_n_0 is a gated clock net sourced by a combinational pin design_1_i/hw0_0/inst/s1TxProc/txbuf13b_reg[6]_LDC_i_1__1/O, cell design_1_i/hw0_0/inst/s1TxProc/txbuf13b_reg[6]_LDC_i_1__1. This is not good design practice and will likely impact performance. For SLICE registers, for example, use the CE pin to control the loading of data.
Related violations: <none>

PDRC-153#262 Warning
Gated clock check  
Net design_1_i/hw0_0/inst/s1TxProc/txbuf13b_reg[7]_LDC_i_1__1_n_0 is a gated clock net sourced by a combinational pin design_1_i/hw0_0/inst/s1TxProc/txbuf13b_reg[7]_LDC_i_1__1/O, cell design_1_i/hw0_0/inst/s1TxProc/txbuf13b_reg[7]_LDC_i_1__1. This is not good design practice and will likely impact performance. For SLICE registers, for example, use the CE pin to control the loading of data.
Related violations: <none>

PDRC-153#263 Warning
Gated clock check  
Net design_1_i/hw0_0/inst/s1TxProc/txbuf13b_reg[8]_LDC_i_1__1_n_0 is a gated clock net sourced by a combinational pin design_1_i/hw0_0/inst/s1TxProc/txbuf13b_reg[8]_LDC_i_1__1/O, cell design_1_i/hw0_0/inst/s1TxProc/txbuf13b_reg[8]_LDC_i_1__1. This is not good design practice and will likely impact performance. For SLICE registers, for example, use the CE pin to control the loading of data.
Related violations: <none>

PDRC-153#264 Warning
Gated clock check  
Net design_1_i/hw0_0/inst/s1TxProc/txbuf13b_reg[9]_LDC_i_1__1_n_0 is a gated clock net sourced by a combinational pin design_1_i/hw0_0/inst/s1TxProc/txbuf13b_reg[9]_LDC_i_1__1/O, cell design_1_i/hw0_0/inst/s1TxProc/txbuf13b_reg[9]_LDC_i_1__1. This is not good design practice and will likely impact performance. For SLICE registers, for example, use the CE pin to control the loading of data.
Related violations: <none>

PDRC-153#265 Warning
Gated clock check  
Net design_1_i/hw0_0/inst/s1TxProc/txbuf4b_reg[0]_LDC_i_1__1_n_0 is a gated clock net sourced by a combinational pin design_1_i/hw0_0/inst/s1TxProc/txbuf4b_reg[0]_LDC_i_1__1/O, cell design_1_i/hw0_0/inst/s1TxProc/txbuf4b_reg[0]_LDC_i_1__1. This is not good design practice and will likely impact performance. For SLICE registers, for example, use the CE pin to control the loading of data.
Related violations: <none>

PDRC-153#266 Warning
Gated clock check  
Net design_1_i/hw0_0/inst/s1TxProc/txbuf4b_reg[10]_LDC_i_1__1_n_0 is a gated clock net sourced by a combinational pin design_1_i/hw0_0/inst/s1TxProc/txbuf4b_reg[10]_LDC_i_1__1/O, cell design_1_i/hw0_0/inst/s1TxProc/txbuf4b_reg[10]_LDC_i_1__1. This is not good design practice and will likely impact performance. For SLICE registers, for example, use the CE pin to control the loading of data.
Related violations: <none>

PDRC-153#267 Warning
Gated clock check  
Net design_1_i/hw0_0/inst/s1TxProc/txbuf4b_reg[11]_LDC_i_1__1_n_0 is a gated clock net sourced by a combinational pin design_1_i/hw0_0/inst/s1TxProc/txbuf4b_reg[11]_LDC_i_1__1/O, cell design_1_i/hw0_0/inst/s1TxProc/txbuf4b_reg[11]_LDC_i_1__1. This is not good design practice and will likely impact performance. For SLICE registers, for example, use the CE pin to control the loading of data.
Related violations: <none>

PDRC-153#268 Warning
Gated clock check  
Net design_1_i/hw0_0/inst/s1TxProc/txbuf4b_reg[12]_LDC_i_1__1_n_0 is a gated clock net sourced by a combinational pin design_1_i/hw0_0/inst/s1TxProc/txbuf4b_reg[12]_LDC_i_1__1/O, cell design_1_i/hw0_0/inst/s1TxProc/txbuf4b_reg[12]_LDC_i_1__1. This is not good design practice and will likely impact performance. For SLICE registers, for example, use the CE pin to control the loading of data.
Related violations: <none>

PDRC-153#269 Warning
Gated clock check  
Net design_1_i/hw0_0/inst/s1TxProc/txbuf4b_reg[13]_LDC_i_1__1_n_0 is a gated clock net sourced by a combinational pin design_1_i/hw0_0/inst/s1TxProc/txbuf4b_reg[13]_LDC_i_1__1/O, cell design_1_i/hw0_0/inst/s1TxProc/txbuf4b_reg[13]_LDC_i_1__1. This is not good design practice and will likely impact performance. For SLICE registers, for example, use the CE pin to control the loading of data.
Related violations: <none>

PDRC-153#270 Warning
Gated clock check  
Net design_1_i/hw0_0/inst/s1TxProc/txbuf4b_reg[14]_LDC_i_1__1_n_0 is a gated clock net sourced by a combinational pin design_1_i/hw0_0/inst/s1TxProc/txbuf4b_reg[14]_LDC_i_1__1/O, cell design_1_i/hw0_0/inst/s1TxProc/txbuf4b_reg[14]_LDC_i_1__1. This is not good design practice and will likely impact performance. For SLICE registers, for example, use the CE pin to control the loading of data.
Related violations: <none>

PDRC-153#271 Warning
Gated clock check  
Net design_1_i/hw0_0/inst/s1TxProc/txbuf4b_reg[15]_LDC_i_1__1_n_0 is a gated clock net sourced by a combinational pin design_1_i/hw0_0/inst/s1TxProc/txbuf4b_reg[15]_LDC_i_1__1/O, cell design_1_i/hw0_0/inst/s1TxProc/txbuf4b_reg[15]_LDC_i_1__1. This is not good design practice and will likely impact performance. For SLICE registers, for example, use the CE pin to control the loading of data.
Related violations: <none>

PDRC-153#272 Warning
Gated clock check  
Net design_1_i/hw0_0/inst/s1TxProc/txbuf4b_reg[1]_LDC_i_1__1_n_0 is a gated clock net sourced by a combinational pin design_1_i/hw0_0/inst/s1TxProc/txbuf4b_reg[1]_LDC_i_1__1/O, cell design_1_i/hw0_0/inst/s1TxProc/txbuf4b_reg[1]_LDC_i_1__1. This is not good design practice and will likely impact performance. For SLICE registers, for example, use the CE pin to control the loading of data.
Related violations: <none>

PDRC-153#273 Warning
Gated clock check  
Net design_1_i/hw0_0/inst/s1TxProc/txbuf4b_reg[2]_LDC_i_1__1_n_0 is a gated clock net sourced by a combinational pin design_1_i/hw0_0/inst/s1TxProc/txbuf4b_reg[2]_LDC_i_1__1/O, cell design_1_i/hw0_0/inst/s1TxProc/txbuf4b_reg[2]_LDC_i_1__1. This is not good design practice and will likely impact performance. For SLICE registers, for example, use the CE pin to control the loading of data.
Related violations: <none>

PDRC-153#274 Warning
Gated clock check  
Net design_1_i/hw0_0/inst/s1TxProc/txbuf4b_reg[3]_LDC_i_1__1_n_0 is a gated clock net sourced by a combinational pin design_1_i/hw0_0/inst/s1TxProc/txbuf4b_reg[3]_LDC_i_1__1/O, cell design_1_i/hw0_0/inst/s1TxProc/txbuf4b_reg[3]_LDC_i_1__1. This is not good design practice and will likely impact performance. For SLICE registers, for example, use the CE pin to control the loading of data.
Related violations: <none>

PDRC-153#275 Warning
Gated clock check  
Net design_1_i/hw0_0/inst/s1TxProc/txbuf4b_reg[4]_LDC_i_1__1_n_0 is a gated clock net sourced by a combinational pin design_1_i/hw0_0/inst/s1TxProc/txbuf4b_reg[4]_LDC_i_1__1/O, cell design_1_i/hw0_0/inst/s1TxProc/txbuf4b_reg[4]_LDC_i_1__1. This is not good design practice and will likely impact performance. For SLICE registers, for example, use the CE pin to control the loading of data.
Related violations: <none>

PDRC-153#276 Warning
Gated clock check  
Net design_1_i/hw0_0/inst/s1TxProc/txbuf4b_reg[5]_LDC_i_1__1_n_0 is a gated clock net sourced by a combinational pin design_1_i/hw0_0/inst/s1TxProc/txbuf4b_reg[5]_LDC_i_1__1/O, cell design_1_i/hw0_0/inst/s1TxProc/txbuf4b_reg[5]_LDC_i_1__1. This is not good design practice and will likely impact performance. For SLICE registers, for example, use the CE pin to control the loading of data.
Related violations: <none>

PDRC-153#277 Warning
Gated clock check  
Net design_1_i/hw0_0/inst/s1TxProc/txbuf4b_reg[6]_LDC_i_1__1_n_0 is a gated clock net sourced by a combinational pin design_1_i/hw0_0/inst/s1TxProc/txbuf4b_reg[6]_LDC_i_1__1/O, cell design_1_i/hw0_0/inst/s1TxProc/txbuf4b_reg[6]_LDC_i_1__1. This is not good design practice and will likely impact performance. For SLICE registers, for example, use the CE pin to control the loading of data.
Related violations: <none>

PDRC-153#278 Warning
Gated clock check  
Net design_1_i/hw0_0/inst/s1TxProc/txbuf4b_reg[7]_LDC_i_1__1_n_0 is a gated clock net sourced by a combinational pin design_1_i/hw0_0/inst/s1TxProc/txbuf4b_reg[7]_LDC_i_1__1/O, cell design_1_i/hw0_0/inst/s1TxProc/txbuf4b_reg[7]_LDC_i_1__1. This is not good design practice and will likely impact performance. For SLICE registers, for example, use the CE pin to control the loading of data.
Related violations: <none>

PDRC-153#279 Warning
Gated clock check  
Net design_1_i/hw0_0/inst/s1TxProc/txbuf4b_reg[8]_LDC_i_1__1_n_0 is a gated clock net sourced by a combinational pin design_1_i/hw0_0/inst/s1TxProc/txbuf4b_reg[8]_LDC_i_1__1/O, cell design_1_i/hw0_0/inst/s1TxProc/txbuf4b_reg[8]_LDC_i_1__1. This is not good design practice and will likely impact performance. For SLICE registers, for example, use the CE pin to control the loading of data.
Related violations: <none>

PDRC-153#280 Warning
Gated clock check  
Net design_1_i/hw0_0/inst/s1TxProc/txbuf4b_reg[9]_LDC_i_1__1_n_0 is a gated clock net sourced by a combinational pin design_1_i/hw0_0/inst/s1TxProc/txbuf4b_reg[9]_LDC_i_1__1/O, cell design_1_i/hw0_0/inst/s1TxProc/txbuf4b_reg[9]_LDC_i_1__1. This is not good design practice and will likely impact performance. For SLICE registers, for example, use the CE pin to control the loading of data.
Related violations: <none>

PDRC-153#281 Warning
Gated clock check  
Net design_1_i/hw0_0/inst/s1TxProc/txbuf5b_reg[0]_LDC_i_1__1_n_0 is a gated clock net sourced by a combinational pin design_1_i/hw0_0/inst/s1TxProc/txbuf5b_reg[0]_LDC_i_1__1/O, cell design_1_i/hw0_0/inst/s1TxProc/txbuf5b_reg[0]_LDC_i_1__1. This is not good design practice and will likely impact performance. For SLICE registers, for example, use the CE pin to control the loading of data.
Related violations: <none>

PDRC-153#282 Warning
Gated clock check  
Net design_1_i/hw0_0/inst/s1TxProc/txbuf5b_reg[10]_LDC_i_1__1_n_0 is a gated clock net sourced by a combinational pin design_1_i/hw0_0/inst/s1TxProc/txbuf5b_reg[10]_LDC_i_1__1/O, cell design_1_i/hw0_0/inst/s1TxProc/txbuf5b_reg[10]_LDC_i_1__1. This is not good design practice and will likely impact performance. For SLICE registers, for example, use the CE pin to control the loading of data.
Related violations: <none>

PDRC-153#283 Warning
Gated clock check  
Net design_1_i/hw0_0/inst/s1TxProc/txbuf5b_reg[11]_LDC_i_1__1_n_0 is a gated clock net sourced by a combinational pin design_1_i/hw0_0/inst/s1TxProc/txbuf5b_reg[11]_LDC_i_1__1/O, cell design_1_i/hw0_0/inst/s1TxProc/txbuf5b_reg[11]_LDC_i_1__1. This is not good design practice and will likely impact performance. For SLICE registers, for example, use the CE pin to control the loading of data.
Related violations: <none>

PDRC-153#284 Warning
Gated clock check  
Net design_1_i/hw0_0/inst/s1TxProc/txbuf5b_reg[12]_LDC_i_1__1_n_0 is a gated clock net sourced by a combinational pin design_1_i/hw0_0/inst/s1TxProc/txbuf5b_reg[12]_LDC_i_1__1/O, cell design_1_i/hw0_0/inst/s1TxProc/txbuf5b_reg[12]_LDC_i_1__1. This is not good design practice and will likely impact performance. For SLICE registers, for example, use the CE pin to control the loading of data.
Related violations: <none>

PDRC-153#285 Warning
Gated clock check  
Net design_1_i/hw0_0/inst/s1TxProc/txbuf5b_reg[13]_LDC_i_1__1_n_0 is a gated clock net sourced by a combinational pin design_1_i/hw0_0/inst/s1TxProc/txbuf5b_reg[13]_LDC_i_1__1/O, cell design_1_i/hw0_0/inst/s1TxProc/txbuf5b_reg[13]_LDC_i_1__1. This is not good design practice and will likely impact performance. For SLICE registers, for example, use the CE pin to control the loading of data.
Related violations: <none>

PDRC-153#286 Warning
Gated clock check  
Net design_1_i/hw0_0/inst/s1TxProc/txbuf5b_reg[14]_LDC_i_1__1_n_0 is a gated clock net sourced by a combinational pin design_1_i/hw0_0/inst/s1TxProc/txbuf5b_reg[14]_LDC_i_1__1/O, cell design_1_i/hw0_0/inst/s1TxProc/txbuf5b_reg[14]_LDC_i_1__1. This is not good design practice and will likely impact performance. For SLICE registers, for example, use the CE pin to control the loading of data.
Related violations: <none>

PDRC-153#287 Warning
Gated clock check  
Net design_1_i/hw0_0/inst/s1TxProc/txbuf5b_reg[15]_LDC_i_1__1_n_0 is a gated clock net sourced by a combinational pin design_1_i/hw0_0/inst/s1TxProc/txbuf5b_reg[15]_LDC_i_1__1/O, cell design_1_i/hw0_0/inst/s1TxProc/txbuf5b_reg[15]_LDC_i_1__1. This is not good design practice and will likely impact performance. For SLICE registers, for example, use the CE pin to control the loading of data.
Related violations: <none>

PDRC-153#288 Warning
Gated clock check  
Net design_1_i/hw0_0/inst/s1TxProc/txbuf5b_reg[1]_LDC_i_1__1_n_0 is a gated clock net sourced by a combinational pin design_1_i/hw0_0/inst/s1TxProc/txbuf5b_reg[1]_LDC_i_1__1/O, cell design_1_i/hw0_0/inst/s1TxProc/txbuf5b_reg[1]_LDC_i_1__1. This is not good design practice and will likely impact performance. For SLICE registers, for example, use the CE pin to control the loading of data.
Related violations: <none>

PDRC-153#289 Warning
Gated clock check  
Net design_1_i/hw0_0/inst/s1TxProc/txbuf5b_reg[2]_LDC_i_1__1_n_0 is a gated clock net sourced by a combinational pin design_1_i/hw0_0/inst/s1TxProc/txbuf5b_reg[2]_LDC_i_1__1/O, cell design_1_i/hw0_0/inst/s1TxProc/txbuf5b_reg[2]_LDC_i_1__1. This is not good design practice and will likely impact performance. For SLICE registers, for example, use the CE pin to control the loading of data.
Related violations: <none>

PDRC-153#290 Warning
Gated clock check  
Net design_1_i/hw0_0/inst/s1TxProc/txbuf5b_reg[3]_LDC_i_1__1_n_0 is a gated clock net sourced by a combinational pin design_1_i/hw0_0/inst/s1TxProc/txbuf5b_reg[3]_LDC_i_1__1/O, cell design_1_i/hw0_0/inst/s1TxProc/txbuf5b_reg[3]_LDC_i_1__1. This is not good design practice and will likely impact performance. For SLICE registers, for example, use the CE pin to control the loading of data.
Related violations: <none>

PDRC-153#291 Warning
Gated clock check  
Net design_1_i/hw0_0/inst/s1TxProc/txbuf5b_reg[4]_LDC_i_1__1_n_0 is a gated clock net sourced by a combinational pin design_1_i/hw0_0/inst/s1TxProc/txbuf5b_reg[4]_LDC_i_1__1/O, cell design_1_i/hw0_0/inst/s1TxProc/txbuf5b_reg[4]_LDC_i_1__1. This is not good design practice and will likely impact performance. For SLICE registers, for example, use the CE pin to control the loading of data.
Related violations: <none>

PDRC-153#292 Warning
Gated clock check  
Net design_1_i/hw0_0/inst/s1TxProc/txbuf5b_reg[5]_LDC_i_1__1_n_0 is a gated clock net sourced by a combinational pin design_1_i/hw0_0/inst/s1TxProc/txbuf5b_reg[5]_LDC_i_1__1/O, cell design_1_i/hw0_0/inst/s1TxProc/txbuf5b_reg[5]_LDC_i_1__1. This is not good design practice and will likely impact performance. For SLICE registers, for example, use the CE pin to control the loading of data.
Related violations: <none>

PDRC-153#293 Warning
Gated clock check  
Net design_1_i/hw0_0/inst/s1TxProc/txbuf5b_reg[6]_LDC_i_1__1_n_0 is a gated clock net sourced by a combinational pin design_1_i/hw0_0/inst/s1TxProc/txbuf5b_reg[6]_LDC_i_1__1/O, cell design_1_i/hw0_0/inst/s1TxProc/txbuf5b_reg[6]_LDC_i_1__1. This is not good design practice and will likely impact performance. For SLICE registers, for example, use the CE pin to control the loading of data.
Related violations: <none>

PDRC-153#294 Warning
Gated clock check  
Net design_1_i/hw0_0/inst/s1TxProc/txbuf5b_reg[7]_LDC_i_1__1_n_0 is a gated clock net sourced by a combinational pin design_1_i/hw0_0/inst/s1TxProc/txbuf5b_reg[7]_LDC_i_1__1/O, cell design_1_i/hw0_0/inst/s1TxProc/txbuf5b_reg[7]_LDC_i_1__1. This is not good design practice and will likely impact performance. For SLICE registers, for example, use the CE pin to control the loading of data.
Related violations: <none>

PDRC-153#295 Warning
Gated clock check  
Net design_1_i/hw0_0/inst/s1TxProc/txbuf5b_reg[8]_LDC_i_1__1_n_0 is a gated clock net sourced by a combinational pin design_1_i/hw0_0/inst/s1TxProc/txbuf5b_reg[8]_LDC_i_1__1/O, cell design_1_i/hw0_0/inst/s1TxProc/txbuf5b_reg[8]_LDC_i_1__1. This is not good design practice and will likely impact performance. For SLICE registers, for example, use the CE pin to control the loading of data.
Related violations: <none>

PDRC-153#296 Warning
Gated clock check  
Net design_1_i/hw0_0/inst/s1TxProc/txbuf5b_reg[9]_LDC_i_1__1_n_0 is a gated clock net sourced by a combinational pin design_1_i/hw0_0/inst/s1TxProc/txbuf5b_reg[9]_LDC_i_1__1/O, cell design_1_i/hw0_0/inst/s1TxProc/txbuf5b_reg[9]_LDC_i_1__1. This is not good design practice and will likely impact performance. For SLICE registers, for example, use the CE pin to control the loading of data.
Related violations: <none>

PLIO-3#1 Warning
Placement Constraints Check for IO constraints  
Partially locked IO Bus is found. Following components of the IO Bus dfInN[15:0] are not locked:  dfInN[15] dfInN[14] dfInN[13] dfInN[12] dfInN[11] dfInN[10] dfInN[9] dfInN[8] dfInN[7] dfInN[6] dfInN[5] dfInN[4] dfInN[3] dfInN[2]
Related violations: <none>

PLIO-3#2 Warning
Placement Constraints Check for IO constraints  
Partially locked IO Bus is found. Following components of the IO Bus dfInP[15:0] are not locked:  dfInP[15] dfInP[14] dfInP[13] dfInP[12] dfInP[11] dfInP[10] dfInP[9] dfInP[8] dfInP[7] dfInP[6] dfInP[5] dfInP[4] dfInP[3] dfInP[2]
Related violations: <none>


