
*** Running vivado
    with args -log design_1_wrapper.vdi -applog -m64 -product Vivado -messageDb vivado.pb -mode batch -source design_1_wrapper.tcl -notrace



****** Vivado v2022.2 (64-bit)
  **** SW Build 3671981 on Fri Oct 14 05:00:03 MDT 2022
  **** IP Build 3669848 on Fri Oct 14 08:30:02 MDT 2022
    ** Copyright 1986-2022 Xilinx, Inc. All Rights Reserved.

source design_1_wrapper.tcl -notrace
INFO: [IP_Flow 19-234] Refreshing IP repositories
INFO: [IP_Flow 19-1704] No user IP repositories specified
INFO: [IP_Flow 19-2313] Loaded Vivado IP repository 'D:/Xilinx202202/Vivado/2022.2/data/ip'.
Command: link_design -top design_1_wrapper -part xc7a100tfgg484-2
Design is defaulting to srcset: sources_1
Design is defaulting to constrset: constrs_1
INFO: [Device 21-403] Loading part xc7a100tfgg484-2
INFO: [Project 1-454] Reading design checkpoint 'e:/kevin/myCode/microBlaze1/microBlaze1.gen/sources_1/bd/design_1/ip/design_1_axi_bram_ctrl_0_1/design_1_axi_bram_ctrl_0_1.dcp' for cell 'design_1_i/axi_bram_ctrl_0'
INFO: [Project 1-454] Reading design checkpoint 'e:/kevin/myCode/microBlaze1/microBlaze1.gen/sources_1/bd/design_1/ip/design_1_axi_gpio_0_0/design_1_axi_gpio_0_0.dcp' for cell 'design_1_i/axi_gpio_0'
INFO: [Project 1-454] Reading design checkpoint 'e:/kevin/myCode/microBlaze1/microBlaze1.gen/sources_1/bd/design_1/ip/design_1_axi_gpio_1_0/design_1_axi_gpio_1_0.dcp' for cell 'design_1_i/axi_gpio_1'
INFO: [Project 1-454] Reading design checkpoint 'e:/kevin/myCode/microBlaze1/microBlaze1.gen/sources_1/bd/design_1/ip/design_1_axi_intc_0_0/design_1_axi_intc_0_0.dcp' for cell 'design_1_i/axi_intc_0'
INFO: [Project 1-454] Reading design checkpoint 'e:/kevin/myCode/microBlaze1/microBlaze1.gen/sources_1/bd/design_1/ip/design_1_axi_timer_0_0/design_1_axi_timer_0_0.dcp' for cell 'design_1_i/axi_timer_0'
INFO: [Project 1-454] Reading design checkpoint 'e:/kevin/myCode/microBlaze1/microBlaze1.gen/sources_1/bd/design_1/ip/design_1_axi_uartlite_0_0/design_1_axi_uartlite_0_0.dcp' for cell 'design_1_i/axi_uartlite_0'
INFO: [Project 1-454] Reading design checkpoint 'e:/kevin/myCode/microBlaze1/microBlaze1.gen/sources_1/bd/design_1/ip/design_1_axi_uartlite_0_1/design_1_axi_uartlite_0_1.dcp' for cell 'design_1_i/axi_uartlite_1'
INFO: [Project 1-454] Reading design checkpoint 'e:/kevin/myCode/microBlaze1/microBlaze1.gen/sources_1/bd/design_1/ip/design_1_axi_uartlite_1_0/design_1_axi_uartlite_1_0.dcp' for cell 'design_1_i/axi_uartlite_2'
INFO: [Project 1-454] Reading design checkpoint 'e:/kevin/myCode/microBlaze1/microBlaze1.gen/sources_1/bd/design_1/ip/design_1_axi_uartlite_3_0/design_1_axi_uartlite_3_0.dcp' for cell 'design_1_i/axi_uartlite_3'
INFO: [Project 1-454] Reading design checkpoint 'e:/kevin/myCode/microBlaze1/microBlaze1.gen/sources_1/bd/design_1/ip/design_1_axi_uartlite_4_0/design_1_axi_uartlite_4_0.dcp' for cell 'design_1_i/axi_uartlite_4'
INFO: [Project 1-454] Reading design checkpoint 'e:/kevin/myCode/microBlaze1/microBlaze1.gen/sources_1/bd/design_1/ip/design_1_axi_uartlite_5_0/design_1_axi_uartlite_5_0.dcp' for cell 'design_1_i/axi_uartlite_5'
INFO: [Project 1-454] Reading design checkpoint 'e:/kevin/myCode/microBlaze1/microBlaze1.gen/sources_1/bd/design_1/ip/design_1_axi_uartlite_6_0/design_1_axi_uartlite_6_0.dcp' for cell 'design_1_i/axi_uartlite_6'
INFO: [Project 1-454] Reading design checkpoint 'e:/kevin/myCode/microBlaze1/microBlaze1.gen/sources_1/bd/design_1/ip/design_1_clk_wiz_1_0/design_1_clk_wiz_1_0.dcp' for cell 'design_1_i/clk_wiz_1'
INFO: [Project 1-454] Reading design checkpoint 'e:/kevin/myCode/microBlaze1/microBlaze1.gen/sources_1/bd/design_1/ip/design_1_hw0_0_0/design_1_hw0_0_0.dcp' for cell 'design_1_i/hw0_0'
INFO: [Project 1-454] Reading design checkpoint 'e:/kevin/myCode/microBlaze1/microBlaze1.gen/sources_1/bd/design_1/ip/design_1_mdm_1_0/design_1_mdm_1_0.dcp' for cell 'design_1_i/mdm_1'
INFO: [Project 1-454] Reading design checkpoint 'e:/kevin/myCode/microBlaze1/microBlaze1.gen/sources_1/bd/design_1/ip/design_1_microblaze_0_0/design_1_microblaze_0_0.dcp' for cell 'design_1_i/microblaze_0'
INFO: [Project 1-454] Reading design checkpoint 'e:/kevin/myCode/microBlaze1/microBlaze1.gen/sources_1/bd/design_1/ip/design_1_rst_clk_wiz_1_100M_0/design_1_rst_clk_wiz_1_100M_0.dcp' for cell 'design_1_i/rst_clk_wiz_1_100M'
INFO: [Project 1-454] Reading design checkpoint 'e:/kevin/myCode/microBlaze1/microBlaze1.gen/sources_1/bd/design_1/ip/design_1_xbar_0/design_1_xbar_0.dcp' for cell 'design_1_i/microblaze_0_axi_periph/xbar'
INFO: [Project 1-454] Reading design checkpoint 'e:/kevin/myCode/microBlaze1/microBlaze1.gen/sources_1/bd/design_1/ip/design_1_auto_pc_0/design_1_auto_pc_0.dcp' for cell 'design_1_i/microblaze_0_axi_periph/m03_couplers/auto_pc'
INFO: [Project 1-454] Reading design checkpoint 'e:/kevin/myCode/microBlaze1/microBlaze1.gen/sources_1/bd/design_1/ip/design_1_dlmb_bram_if_cntlr_0/design_1_dlmb_bram_if_cntlr_0.dcp' for cell 'design_1_i/microblaze_0_local_memory/dlmb_bram_if_cntlr'
INFO: [Project 1-454] Reading design checkpoint 'e:/kevin/myCode/microBlaze1/microBlaze1.gen/sources_1/bd/design_1/ip/design_1_dlmb_v10_0/design_1_dlmb_v10_0.dcp' for cell 'design_1_i/microblaze_0_local_memory/dlmb_v10'
INFO: [Project 1-454] Reading design checkpoint 'e:/kevin/myCode/microBlaze1/microBlaze1.gen/sources_1/bd/design_1/ip/design_1_ilmb_bram_if_cntlr_0/design_1_ilmb_bram_if_cntlr_0.dcp' for cell 'design_1_i/microblaze_0_local_memory/ilmb_bram_if_cntlr'
INFO: [Project 1-454] Reading design checkpoint 'e:/kevin/myCode/microBlaze1/microBlaze1.gen/sources_1/bd/design_1/ip/design_1_ilmb_v10_0/design_1_ilmb_v10_0.dcp' for cell 'design_1_i/microblaze_0_local_memory/ilmb_v10'
INFO: [Project 1-454] Reading design checkpoint 'e:/kevin/myCode/microBlaze1/microBlaze1.gen/sources_1/bd/design_1/ip/design_1_lmb_bram_0/design_1_lmb_bram_0.dcp' for cell 'design_1_i/microblaze_0_local_memory/lmb_bram'
Netlist sorting complete. Time (s): cpu = 00:00:01 ; elapsed = 00:00:00.668 . Memory (MB): peak = 1663.512 ; gain = 0.000
INFO: [Netlist 29-17] Analyzing 13829 Unisim elements for replacement
INFO: [Netlist 29-28] Unisim Transformation completed in 0 CPU seconds
WARNING: [Netlist 29-43] Netlist 'design_1_wrapper' is not ideal for floorplanning, since the cellview 'design_1_hw0_0_0_hw0' defined in file 'design_1_hw0_0_0.edf' contains large number of primitives.  Please consider enabling hierarchy in synthesis if you want to do floorplanning.
INFO: [Project 1-479] Netlist was created with Vivado 2022.2
INFO: [Project 1-570] Preparing netlist for logic optimization
Parsing XDC File [e:/kevin/myCode/microBlaze1/microBlaze1.gen/sources_1/bd/design_1/ip/design_1_microblaze_0_0/design_1_microblaze_0_0.xdc] for cell 'design_1_i/microblaze_0/U0'
Finished Parsing XDC File [e:/kevin/myCode/microBlaze1/microBlaze1.gen/sources_1/bd/design_1/ip/design_1_microblaze_0_0/design_1_microblaze_0_0.xdc] for cell 'design_1_i/microblaze_0/U0'
Parsing XDC File [e:/kevin/myCode/microBlaze1/microBlaze1.gen/sources_1/bd/design_1/ip/design_1_rst_clk_wiz_1_100M_0/design_1_rst_clk_wiz_1_100M_0_board.xdc] for cell 'design_1_i/rst_clk_wiz_1_100M/U0'
Finished Parsing XDC File [e:/kevin/myCode/microBlaze1/microBlaze1.gen/sources_1/bd/design_1/ip/design_1_rst_clk_wiz_1_100M_0/design_1_rst_clk_wiz_1_100M_0_board.xdc] for cell 'design_1_i/rst_clk_wiz_1_100M/U0'
Parsing XDC File [e:/kevin/myCode/microBlaze1/microBlaze1.gen/sources_1/bd/design_1/ip/design_1_rst_clk_wiz_1_100M_0/design_1_rst_clk_wiz_1_100M_0.xdc] for cell 'design_1_i/rst_clk_wiz_1_100M/U0'
Finished Parsing XDC File [e:/kevin/myCode/microBlaze1/microBlaze1.gen/sources_1/bd/design_1/ip/design_1_rst_clk_wiz_1_100M_0/design_1_rst_clk_wiz_1_100M_0.xdc] for cell 'design_1_i/rst_clk_wiz_1_100M/U0'
Parsing XDC File [e:/kevin/myCode/microBlaze1/microBlaze1.gen/sources_1/bd/design_1/ip/design_1_axi_uartlite_0_0/design_1_axi_uartlite_0_0_board.xdc] for cell 'design_1_i/axi_uartlite_0/U0'
Finished Parsing XDC File [e:/kevin/myCode/microBlaze1/microBlaze1.gen/sources_1/bd/design_1/ip/design_1_axi_uartlite_0_0/design_1_axi_uartlite_0_0_board.xdc] for cell 'design_1_i/axi_uartlite_0/U0'
Parsing XDC File [e:/kevin/myCode/microBlaze1/microBlaze1.gen/sources_1/bd/design_1/ip/design_1_axi_uartlite_0_0/design_1_axi_uartlite_0_0.xdc] for cell 'design_1_i/axi_uartlite_0/U0'
Finished Parsing XDC File [e:/kevin/myCode/microBlaze1/microBlaze1.gen/sources_1/bd/design_1/ip/design_1_axi_uartlite_0_0/design_1_axi_uartlite_0_0.xdc] for cell 'design_1_i/axi_uartlite_0/U0'
Parsing XDC File [e:/kevin/myCode/microBlaze1/microBlaze1.gen/sources_1/bd/design_1/ip/design_1_axi_gpio_1_0/design_1_axi_gpio_1_0_board.xdc] for cell 'design_1_i/axi_gpio_1/U0'
Finished Parsing XDC File [e:/kevin/myCode/microBlaze1/microBlaze1.gen/sources_1/bd/design_1/ip/design_1_axi_gpio_1_0/design_1_axi_gpio_1_0_board.xdc] for cell 'design_1_i/axi_gpio_1/U0'
Parsing XDC File [e:/kevin/myCode/microBlaze1/microBlaze1.gen/sources_1/bd/design_1/ip/design_1_axi_gpio_1_0/design_1_axi_gpio_1_0.xdc] for cell 'design_1_i/axi_gpio_1/U0'
Finished Parsing XDC File [e:/kevin/myCode/microBlaze1/microBlaze1.gen/sources_1/bd/design_1/ip/design_1_axi_gpio_1_0/design_1_axi_gpio_1_0.xdc] for cell 'design_1_i/axi_gpio_1/U0'
Parsing XDC File [e:/kevin/myCode/microBlaze1/microBlaze1.gen/sources_1/bd/design_1/ip/design_1_axi_timer_0_0/design_1_axi_timer_0_0.xdc] for cell 'design_1_i/axi_timer_0/U0'
Finished Parsing XDC File [e:/kevin/myCode/microBlaze1/microBlaze1.gen/sources_1/bd/design_1/ip/design_1_axi_timer_0_0/design_1_axi_timer_0_0.xdc] for cell 'design_1_i/axi_timer_0/U0'
Parsing XDC File [e:/kevin/myCode/microBlaze1/microBlaze1.gen/sources_1/bd/design_1/ip/design_1_axi_uartlite_0_1/design_1_axi_uartlite_0_1_board.xdc] for cell 'design_1_i/axi_uartlite_1/U0'
Finished Parsing XDC File [e:/kevin/myCode/microBlaze1/microBlaze1.gen/sources_1/bd/design_1/ip/design_1_axi_uartlite_0_1/design_1_axi_uartlite_0_1_board.xdc] for cell 'design_1_i/axi_uartlite_1/U0'
Parsing XDC File [e:/kevin/myCode/microBlaze1/microBlaze1.gen/sources_1/bd/design_1/ip/design_1_axi_uartlite_0_1/design_1_axi_uartlite_0_1.xdc] for cell 'design_1_i/axi_uartlite_1/U0'
Finished Parsing XDC File [e:/kevin/myCode/microBlaze1/microBlaze1.gen/sources_1/bd/design_1/ip/design_1_axi_uartlite_0_1/design_1_axi_uartlite_0_1.xdc] for cell 'design_1_i/axi_uartlite_1/U0'
Parsing XDC File [e:/kevin/myCode/microBlaze1/microBlaze1.gen/sources_1/bd/design_1/ip/design_1_axi_gpio_0_0/design_1_axi_gpio_0_0_board.xdc] for cell 'design_1_i/axi_gpio_0/U0'
Finished Parsing XDC File [e:/kevin/myCode/microBlaze1/microBlaze1.gen/sources_1/bd/design_1/ip/design_1_axi_gpio_0_0/design_1_axi_gpio_0_0_board.xdc] for cell 'design_1_i/axi_gpio_0/U0'
Parsing XDC File [e:/kevin/myCode/microBlaze1/microBlaze1.gen/sources_1/bd/design_1/ip/design_1_axi_gpio_0_0/design_1_axi_gpio_0_0.xdc] for cell 'design_1_i/axi_gpio_0/U0'
Finished Parsing XDC File [e:/kevin/myCode/microBlaze1/microBlaze1.gen/sources_1/bd/design_1/ip/design_1_axi_gpio_0_0/design_1_axi_gpio_0_0.xdc] for cell 'design_1_i/axi_gpio_0/U0'
Parsing XDC File [e:/kevin/myCode/microBlaze1/microBlaze1.gen/sources_1/bd/design_1/ip/design_1_axi_uartlite_1_0/design_1_axi_uartlite_1_0_board.xdc] for cell 'design_1_i/axi_uartlite_2/U0'
Finished Parsing XDC File [e:/kevin/myCode/microBlaze1/microBlaze1.gen/sources_1/bd/design_1/ip/design_1_axi_uartlite_1_0/design_1_axi_uartlite_1_0_board.xdc] for cell 'design_1_i/axi_uartlite_2/U0'
Parsing XDC File [e:/kevin/myCode/microBlaze1/microBlaze1.gen/sources_1/bd/design_1/ip/design_1_axi_uartlite_1_0/design_1_axi_uartlite_1_0.xdc] for cell 'design_1_i/axi_uartlite_2/U0'
Finished Parsing XDC File [e:/kevin/myCode/microBlaze1/microBlaze1.gen/sources_1/bd/design_1/ip/design_1_axi_uartlite_1_0/design_1_axi_uartlite_1_0.xdc] for cell 'design_1_i/axi_uartlite_2/U0'
Parsing XDC File [e:/kevin/myCode/microBlaze1/microBlaze1.gen/sources_1/bd/design_1/ip/design_1_clk_wiz_1_0/design_1_clk_wiz_1_0_board.xdc] for cell 'design_1_i/clk_wiz_1/inst'
Finished Parsing XDC File [e:/kevin/myCode/microBlaze1/microBlaze1.gen/sources_1/bd/design_1/ip/design_1_clk_wiz_1_0/design_1_clk_wiz_1_0_board.xdc] for cell 'design_1_i/clk_wiz_1/inst'
Parsing XDC File [e:/kevin/myCode/microBlaze1/microBlaze1.gen/sources_1/bd/design_1/ip/design_1_clk_wiz_1_0/design_1_clk_wiz_1_0.xdc] for cell 'design_1_i/clk_wiz_1/inst'
INFO: [Timing 38-35] Done setting XDC timing constraints. [e:/kevin/myCode/microBlaze1/microBlaze1.gen/sources_1/bd/design_1/ip/design_1_clk_wiz_1_0/design_1_clk_wiz_1_0.xdc:57]
INFO: [Timing 38-2] Deriving generated clocks [e:/kevin/myCode/microBlaze1/microBlaze1.gen/sources_1/bd/design_1/ip/design_1_clk_wiz_1_0/design_1_clk_wiz_1_0.xdc:57]
get_clocks: Time (s): cpu = 00:00:10 ; elapsed = 00:00:10 . Memory (MB): peak = 2460.734 ; gain = 638.633
Finished Parsing XDC File [e:/kevin/myCode/microBlaze1/microBlaze1.gen/sources_1/bd/design_1/ip/design_1_clk_wiz_1_0/design_1_clk_wiz_1_0.xdc] for cell 'design_1_i/clk_wiz_1/inst'
Parsing XDC File [e:/kevin/myCode/microBlaze1/microBlaze1.gen/sources_1/bd/design_1/ip/design_1_axi_uartlite_3_0/design_1_axi_uartlite_3_0_board.xdc] for cell 'design_1_i/axi_uartlite_3/U0'
Finished Parsing XDC File [e:/kevin/myCode/microBlaze1/microBlaze1.gen/sources_1/bd/design_1/ip/design_1_axi_uartlite_3_0/design_1_axi_uartlite_3_0_board.xdc] for cell 'design_1_i/axi_uartlite_3/U0'
Parsing XDC File [e:/kevin/myCode/microBlaze1/microBlaze1.gen/sources_1/bd/design_1/ip/design_1_axi_uartlite_3_0/design_1_axi_uartlite_3_0.xdc] for cell 'design_1_i/axi_uartlite_3/U0'
Finished Parsing XDC File [e:/kevin/myCode/microBlaze1/microBlaze1.gen/sources_1/bd/design_1/ip/design_1_axi_uartlite_3_0/design_1_axi_uartlite_3_0.xdc] for cell 'design_1_i/axi_uartlite_3/U0'
Parsing XDC File [e:/kevin/myCode/microBlaze1/microBlaze1.gen/sources_1/bd/design_1/ip/design_1_axi_uartlite_4_0/design_1_axi_uartlite_4_0_board.xdc] for cell 'design_1_i/axi_uartlite_4/U0'
Finished Parsing XDC File [e:/kevin/myCode/microBlaze1/microBlaze1.gen/sources_1/bd/design_1/ip/design_1_axi_uartlite_4_0/design_1_axi_uartlite_4_0_board.xdc] for cell 'design_1_i/axi_uartlite_4/U0'
Parsing XDC File [e:/kevin/myCode/microBlaze1/microBlaze1.gen/sources_1/bd/design_1/ip/design_1_axi_uartlite_4_0/design_1_axi_uartlite_4_0.xdc] for cell 'design_1_i/axi_uartlite_4/U0'
Finished Parsing XDC File [e:/kevin/myCode/microBlaze1/microBlaze1.gen/sources_1/bd/design_1/ip/design_1_axi_uartlite_4_0/design_1_axi_uartlite_4_0.xdc] for cell 'design_1_i/axi_uartlite_4/U0'
Parsing XDC File [e:/kevin/myCode/microBlaze1/microBlaze1.gen/sources_1/bd/design_1/ip/design_1_axi_uartlite_5_0/design_1_axi_uartlite_5_0_board.xdc] for cell 'design_1_i/axi_uartlite_5/U0'
Finished Parsing XDC File [e:/kevin/myCode/microBlaze1/microBlaze1.gen/sources_1/bd/design_1/ip/design_1_axi_uartlite_5_0/design_1_axi_uartlite_5_0_board.xdc] for cell 'design_1_i/axi_uartlite_5/U0'
Parsing XDC File [e:/kevin/myCode/microBlaze1/microBlaze1.gen/sources_1/bd/design_1/ip/design_1_axi_uartlite_5_0/design_1_axi_uartlite_5_0.xdc] for cell 'design_1_i/axi_uartlite_5/U0'
Finished Parsing XDC File [e:/kevin/myCode/microBlaze1/microBlaze1.gen/sources_1/bd/design_1/ip/design_1_axi_uartlite_5_0/design_1_axi_uartlite_5_0.xdc] for cell 'design_1_i/axi_uartlite_5/U0'
Parsing XDC File [e:/kevin/myCode/microBlaze1/microBlaze1.gen/sources_1/bd/design_1/ip/design_1_axi_uartlite_6_0/design_1_axi_uartlite_6_0_board.xdc] for cell 'design_1_i/axi_uartlite_6/U0'
Finished Parsing XDC File [e:/kevin/myCode/microBlaze1/microBlaze1.gen/sources_1/bd/design_1/ip/design_1_axi_uartlite_6_0/design_1_axi_uartlite_6_0_board.xdc] for cell 'design_1_i/axi_uartlite_6/U0'
Parsing XDC File [e:/kevin/myCode/microBlaze1/microBlaze1.gen/sources_1/bd/design_1/ip/design_1_axi_uartlite_6_0/design_1_axi_uartlite_6_0.xdc] for cell 'design_1_i/axi_uartlite_6/U0'
Finished Parsing XDC File [e:/kevin/myCode/microBlaze1/microBlaze1.gen/sources_1/bd/design_1/ip/design_1_axi_uartlite_6_0/design_1_axi_uartlite_6_0.xdc] for cell 'design_1_i/axi_uartlite_6/U0'
Parsing XDC File [e:/kevin/myCode/microBlaze1/microBlaze1.gen/sources_1/bd/design_1/ip/design_1_axi_intc_0_0/design_1_axi_intc_0_0.xdc] for cell 'design_1_i/axi_intc_0/U0'
Finished Parsing XDC File [e:/kevin/myCode/microBlaze1/microBlaze1.gen/sources_1/bd/design_1/ip/design_1_axi_intc_0_0/design_1_axi_intc_0_0.xdc] for cell 'design_1_i/axi_intc_0/U0'
Parsing XDC File [E:/kevin/myCode/microBlaze1/microBlaze1.srcs/constrs_1/new/top_pin.xdc]
WARNING: [Vivado 12-584] No ports matched 'resetN'. [E:/kevin/myCode/microBlaze1/microBlaze1.srcs/constrs_1/new/top_pin.xdc:15]
CRITICAL WARNING: [Common 17-55] 'set_property' expects at least one object. [E:/kevin/myCode/microBlaze1/microBlaze1.srcs/constrs_1/new/top_pin.xdc:15]
Resolution: If [get_<value>] was used to populate the object, check to make sure this command returns at least one valid object.
WARNING: [Vivado 12-584] No ports matched 'resetN'. [E:/kevin/myCode/microBlaze1/microBlaze1.srcs/constrs_1/new/top_pin.xdc:16]
CRITICAL WARNING: [Common 17-55] 'set_property' expects at least one object. [E:/kevin/myCode/microBlaze1/microBlaze1.srcs/constrs_1/new/top_pin.xdc:16]
Resolution: If [get_<value>] was used to populate the object, check to make sure this command returns at least one valid object.
Finished Parsing XDC File [E:/kevin/myCode/microBlaze1/microBlaze1.srcs/constrs_1/new/top_pin.xdc]
Parsing XDC File [e:/kevin/myCode/microBlaze1/microBlaze1.gen/sources_1/bd/design_1/ip/design_1_mdm_1_0/design_1_mdm_1_0.xdc] for cell 'design_1_i/mdm_1/U0'
Finished Parsing XDC File [e:/kevin/myCode/microBlaze1/microBlaze1.gen/sources_1/bd/design_1/ip/design_1_mdm_1_0/design_1_mdm_1_0.xdc] for cell 'design_1_i/mdm_1/U0'
Parsing XDC File [e:/kevin/myCode/microBlaze1/microBlaze1.gen/sources_1/bd/design_1/ip/design_1_axi_intc_0_0/design_1_axi_intc_0_0_clocks.xdc] for cell 'design_1_i/axi_intc_0/U0'
Finished Parsing XDC File [e:/kevin/myCode/microBlaze1/microBlaze1.gen/sources_1/bd/design_1/ip/design_1_axi_intc_0_0/design_1_axi_intc_0_0_clocks.xdc] for cell 'design_1_i/axi_intc_0/U0'
INFO: [Opt 31-138] Pushed 0 inverter(s) to 0 load pin(s).
Generating merged BMM file for the design top 'design_1_wrapper'...
INFO: [Memdata 28-144] Successfully populated the BRAM INIT strings from the following elf files: e:/kevin/myCode/microBlaze1/microBlaze1.gen/sources_1/bd/design_1/ip/design_1_microblaze_0_0/data/mb_bootloop_le.elf 
Netlist sorting complete. Time (s): cpu = 00:00:00 ; elapsed = 00:00:00.029 . Memory (MB): peak = 2461.738 ; gain = 0.000
INFO: [Project 1-111] Unisim Transformation Summary:
  A total of 104 instances were transformed.
  LUT6_2 => LUT6_2 (LUT5, LUT6): 80 instances
  OBUFDS => OBUFDS: 8 instances
  RAM32M => RAM32M (RAMD32(x6), RAMS32(x2)): 16 instances

37 Infos, 3 Warnings, 2 Critical Warnings and 0 Errors encountered.
link_design completed successfully
link_design: Time (s): cpu = 00:00:35 ; elapsed = 00:00:45 . Memory (MB): peak = 2461.738 ; gain = 1394.605
Command: opt_design
Attempting to get a license for feature 'Implementation' and/or device 'xc7a100t'
INFO: [Common 17-349] Got license for feature 'Implementation' and/or device 'xc7a100t'
Running DRC as a precondition to command opt_design

Starting DRC Task
INFO: [DRC 23-27] Running DRC with 2 threads
INFO: [Project 1-461] DRC finished with 0 Errors
INFO: [Project 1-462] Please refer to the DRC report (report_drc) for more information.

Time (s): cpu = 00:00:01 ; elapsed = 00:00:01 . Memory (MB): peak = 2461.738 ; gain = 0.000

Starting Cache Timing Information Task
INFO: [Timing 38-35] Done setting XDC timing constraints.
Ending Cache Timing Information Task | Checksum: 1580dd036

Time (s): cpu = 00:00:04 ; elapsed = 00:00:02 . Memory (MB): peak = 2496.469 ; gain = 34.730

Starting Logic Optimization Task

Phase 1 Retarget
INFO: [Opt 31-1287] Pulled Inverter design_1_i/mdm_1/U0/MDM_Core_I1/JTAG_CONTROL_I/Use_BSCAN.FDC_I/Use_Serial_Unified_Completion.Completion_Status_Register.sample_1[15]_i_1 into driver instance design_1_i/mdm_1/U0/MDM_Core_I1/JTAG_CONTROL_I/Use_BSCAN.FDC_I/Use_Serial_Unified_Completion.Completion_Status_Register.sample_1[15]_i_2, which resulted in an inversion of 14 pins
INFO: [Opt 31-138] Pushed 2 inverter(s) to 2 load pin(s).
INFO: [Opt 31-49] Retargeted 0 cell(s).
Phase 1 Retarget | Checksum: 121afd2a0

Time (s): cpu = 00:00:05 ; elapsed = 00:00:04 . Memory (MB): peak = 2838.926 ; gain = 0.000
INFO: [Opt 31-389] Phase Retarget created 171 cells and removed 248 cells
INFO: [Opt 31-1021] In phase Retarget, 17 netlist objects are constrained preventing optimization. Please run opt_design with -debug_log to get more detail. 

Phase 2 Constant propagation
INFO: [Opt 31-138] Pushed 1 inverter(s) to 2 load pin(s).
Phase 2 Constant propagation | Checksum: c31ac59b

Time (s): cpu = 00:00:05 ; elapsed = 00:00:04 . Memory (MB): peak = 2838.926 ; gain = 0.000
INFO: [Opt 31-389] Phase Constant propagation created 50 cells and removed 174 cells
INFO: [Opt 31-1021] In phase Constant propagation, 1 netlist objects are constrained preventing optimization. Please run opt_design with -debug_log to get more detail. 

Phase 3 Sweep
Phase 3 Sweep | Checksum: 6c5f562c

Time (s): cpu = 00:00:06 ; elapsed = 00:00:06 . Memory (MB): peak = 2838.926 ; gain = 0.000
INFO: [Opt 31-389] Phase Sweep created 8 cells and removed 158 cells
INFO: [Opt 31-1021] In phase Sweep, 1 netlist objects are constrained preventing optimization. Please run opt_design with -debug_log to get more detail. 

Phase 4 BUFG optimization
INFO: [Opt 31-194] Inserted BUFG design_1_i/mdm_1/U0/Use_E2.BSCAN_I/Dbg_Update_0_BUFG_inst to drive 40 load(s) on clock net design_1_i/mdm_1/U0/Use_E2.BSCAN_I/Dbg_Update_0_BUFG
INFO: [Opt 31-193] Inserted 1 BUFG(s) on clock nets
Phase 4 BUFG optimization | Checksum: 9ceeb603

Time (s): cpu = 00:00:08 ; elapsed = 00:00:06 . Memory (MB): peak = 2838.926 ; gain = 0.000
INFO: [Opt 31-662] Phase BUFG optimization created 1 cells of which 1 are BUFGs and removed 0 cells.

Phase 5 Shift Register Optimization
INFO: [Opt 31-1064] SRL Remap converted 0 SRLs to 0 registers and converted 0 registers of register chains to 0 SRLs
Phase 5 Shift Register Optimization | Checksum: 9ceeb603

Time (s): cpu = 00:00:08 ; elapsed = 00:00:07 . Memory (MB): peak = 2838.926 ; gain = 0.000
INFO: [Opt 31-389] Phase Shift Register Optimization created 0 cells and removed 0 cells

Phase 6 Post Processing Netlist
Phase 6 Post Processing Netlist | Checksum: 145518c91

Time (s): cpu = 00:00:08 ; elapsed = 00:00:07 . Memory (MB): peak = 2838.926 ; gain = 0.000
INFO: [Opt 31-389] Phase Post Processing Netlist created 0 cells and removed 0 cells
INFO: [Opt 31-1021] In phase Post Processing Netlist, 1 netlist objects are constrained preventing optimization. Please run opt_design with -debug_log to get more detail. 
Opt_design Change Summary
=========================


-------------------------------------------------------------------------------------------------------------------------
|  Phase                        |  #Cells created  |  #Cells Removed  |  #Constrained objects preventing optimizations  |
-------------------------------------------------------------------------------------------------------------------------
|  Retarget                     |             171  |             248  |                                             17  |
|  Constant propagation         |              50  |             174  |                                              1  |
|  Sweep                        |               8  |             158  |                                              1  |
|  BUFG optimization            |               1  |               0  |                                              0  |
|  Shift Register Optimization  |               0  |               0  |                                              0  |
|  Post Processing Netlist      |               0  |               0  |                                              1  |
-------------------------------------------------------------------------------------------------------------------------



Starting Connectivity Check Task

Time (s): cpu = 00:00:00 ; elapsed = 00:00:00.145 . Memory (MB): peak = 2838.926 ; gain = 0.000
Ending Logic Optimization Task | Checksum: 1427b2598

Time (s): cpu = 00:00:09 ; elapsed = 00:00:08 . Memory (MB): peak = 2838.926 ; gain = 0.000

Starting Power Optimization Task
INFO: [Pwropt 34-132] Skipping clock gating for clocks with a period < 2.00 ns.
INFO: [Pwropt 34-9] Applying IDT optimizations ...
INFO: [Pwropt 34-10] Applying ODC optimizations ...
INFO: [Timing 38-35] Done setting XDC timing constraints.
Running Vector-less Activity Propagation...

Finished Running Vector-less Activity Propagation


Starting PowerOpt Patch Enables Task
INFO: [Pwropt 34-162] WRITE_MODE attribute of 0 BRAM(s) out of a total of 32 has been updated to save power. Run report_power_opt to get a complete listing of the BRAMs updated.
INFO: [Pwropt 34-201] Structural ODC has moved 0 WE to EN ports
Number of BRAM Ports augmented: 0 newly gated: 0 Total Ports: 64
Ending PowerOpt Patch Enables Task | Checksum: 1427b2598

Time (s): cpu = 00:00:00 ; elapsed = 00:00:00.390 . Memory (MB): peak = 3205.996 ; gain = 0.000
Ending Power Optimization Task | Checksum: 1427b2598

Time (s): cpu = 00:00:21 ; elapsed = 00:00:11 . Memory (MB): peak = 3205.996 ; gain = 367.070

Starting Final Cleanup Task
Ending Final Cleanup Task | Checksum: 1427b2598

Time (s): cpu = 00:00:00 ; elapsed = 00:00:00.009 . Memory (MB): peak = 3205.996 ; gain = 0.000

Starting Netlist Obfuscation Task
Netlist sorting complete. Time (s): cpu = 00:00:00 ; elapsed = 00:00:00.028 . Memory (MB): peak = 3205.996 ; gain = 0.000
Ending Netlist Obfuscation Task | Checksum: 1427b2598

Time (s): cpu = 00:00:00 ; elapsed = 00:00:00.037 . Memory (MB): peak = 3205.996 ; gain = 0.000
INFO: [Common 17-83] Releasing license: Implementation
66 Infos, 3 Warnings, 2 Critical Warnings and 0 Errors encountered.
opt_design completed successfully
opt_design: Time (s): cpu = 00:00:38 ; elapsed = 00:00:25 . Memory (MB): peak = 3205.996 ; gain = 744.258
INFO: [Timing 38-35] Done setting XDC timing constraints.
INFO: [Timing 38-480] Writing timing data to binary archive.
Writing XDEF routing.
Writing XDEF routing logical nets.
Writing XDEF routing special nets.
Write XDEF Complete: Time (s): cpu = 00:00:00 ; elapsed = 00:00:00.030 . Memory (MB): peak = 3205.996 ; gain = 0.000
INFO: [Common 17-1381] The checkpoint 'E:/kevin/myCode/microBlaze1/microBlaze1.runs/impl_1/design_1_wrapper_opt.dcp' has been generated.
write_checkpoint: Time (s): cpu = 00:00:15 ; elapsed = 00:00:10 . Memory (MB): peak = 3205.996 ; gain = 0.000
INFO: [runtcl-4] Executing : report_drc -file design_1_wrapper_drc_opted.rpt -pb design_1_wrapper_drc_opted.pb -rpx design_1_wrapper_drc_opted.rpx
Command: report_drc -file design_1_wrapper_drc_opted.rpt -pb design_1_wrapper_drc_opted.pb -rpx design_1_wrapper_drc_opted.rpx
INFO: [IP_Flow 19-1839] IP Catalog is up to date.
INFO: [DRC 23-27] Running DRC with 2 threads
INFO: [Vivado_Tcl 2-168] The results of DRC are in file E:/kevin/myCode/microBlaze1/microBlaze1.runs/impl_1/design_1_wrapper_drc_opted.rpt.
report_drc completed successfully
Command: place_design
Attempting to get a license for feature 'Implementation' and/or device 'xc7a100t'
INFO: [Common 17-349] Got license for feature 'Implementation' and/or device 'xc7a100t'
INFO: [DRC 23-27] Running DRC with 2 threads
INFO: [Vivado_Tcl 4-198] DRC finished with 0 Errors
INFO: [Vivado_Tcl 4-199] Please refer to the DRC report (report_drc) for more information.
Running DRC as a precondition to command place_design
INFO: [DRC 23-27] Running DRC with 2 threads
INFO: [Vivado_Tcl 4-198] DRC finished with 0 Errors
INFO: [Vivado_Tcl 4-199] Please refer to the DRC report (report_drc) for more information.

Starting Placer Task
INFO: [Place 30-611] Multithreading enabled for place_design using a maximum of 2 CPUs

Phase 1 Placer Initialization

Phase 1.1 Placer Initialization Netlist Sorting
Netlist sorting complete. Time (s): cpu = 00:00:00 ; elapsed = 00:00:00.026 . Memory (MB): peak = 3205.996 ; gain = 0.000
Phase 1.1 Placer Initialization Netlist Sorting | Checksum: a5c73577

Time (s): cpu = 00:00:00 ; elapsed = 00:00:00.102 . Memory (MB): peak = 3205.996 ; gain = 0.000
Netlist sorting complete. Time (s): cpu = 00:00:00 ; elapsed = 00:00:00.025 . Memory (MB): peak = 3205.996 ; gain = 0.000

Phase 1.2 IO Placement/ Clock Placement/ Build Placer Device
WARNING: [Place 30-87] Partially locked IO Bus is found. Following components of the IO Bus dfInN are not locked:  'dfInN[15]'  'dfInN[14]'  'dfInN[13]'  'dfInN[12]'  'dfInN[11]'  'dfInN[10]'  'dfInN[9]'  'dfInN[8]'  'dfInN[7]'  'dfInN[6]'  'dfInN[5]'  'dfInN[4]'  'dfInN[3]'  'dfInN[2]' 
WARNING: [Place 30-87] Partially locked IO Bus is found. Following components of the IO Bus dfInP are not locked:  'dfInP[15]'  'dfInP[14]'  'dfInP[13]'  'dfInP[12]'  'dfInP[11]'  'dfInP[10]'  'dfInP[9]'  'dfInP[8]'  'dfInP[7]'  'dfInP[6]'  'dfInP[5]'  'dfInP[4]'  'dfInP[3]'  'dfInP[2]' 
Phase 1.2 IO Placement/ Clock Placement/ Build Placer Device | Checksum: 111529536

Time (s): cpu = 00:00:04 ; elapsed = 00:00:03 . Memory (MB): peak = 3205.996 ; gain = 0.000

Phase 1.3 Build Placer Netlist Model
WARNING: [Place 30-770] High register utilization is forcing place_design to place up to 8 registers per slice which may impact placement success and/or routing congestion.
Phase 1.3 Build Placer Netlist Model | Checksum: af32f6e4

Time (s): cpu = 00:00:22 ; elapsed = 00:00:17 . Memory (MB): peak = 3256.879 ; gain = 50.883

Phase 1.4 Constrain Clocks/Macros
Phase 1.4 Constrain Clocks/Macros | Checksum: af32f6e4

Time (s): cpu = 00:00:22 ; elapsed = 00:00:17 . Memory (MB): peak = 3256.879 ; gain = 50.883
Phase 1 Placer Initialization | Checksum: af32f6e4

Time (s): cpu = 00:00:22 ; elapsed = 00:00:17 . Memory (MB): peak = 3256.879 ; gain = 50.883

Phase 2 Global Placement

Phase 2.1 Floorplanning
Phase 2.1 Floorplanning | Checksum: a70a9304

Time (s): cpu = 00:00:29 ; elapsed = 00:00:21 . Memory (MB): peak = 3256.879 ; gain = 50.883

Phase 2.2 Update Timing before SLR Path Opt
Phase 2.2 Update Timing before SLR Path Opt | Checksum: ca84221d

Time (s): cpu = 00:00:35 ; elapsed = 00:00:25 . Memory (MB): peak = 3256.879 ; gain = 50.883

Phase 2.3 Post-Processing in Floorplanning
Phase 2.3 Post-Processing in Floorplanning | Checksum: ca84221d

Time (s): cpu = 00:00:35 ; elapsed = 00:00:25 . Memory (MB): peak = 3256.879 ; gain = 50.883

Phase 2.4 Global Placement Core

Phase 2.4.1 UpdateTiming Before Physical Synthesis
Phase 2.4.1 UpdateTiming Before Physical Synthesis | Checksum: 119f791f1

Time (s): cpu = 00:02:09 ; elapsed = 00:01:17 . Memory (MB): peak = 3273.488 ; gain = 67.492

Phase 2.4.2 Physical Synthesis In Placer
INFO: [Physopt 32-1035] Found 103 LUTNM shape to break, 289 LUT instances to create LUTNM shape
INFO: [Physopt 32-1044] Break lutnm for timing: one critical 24, two critical 79, total 87, new lutff created 0
INFO: [Physopt 32-1138] End 1 Pass. Optimized 214 nets or LUTs. Breaked 87 LUTs, combined 127 existing LUTs and moved 0 existing LUT
INFO: [Physopt 32-76] Pass 1. Identified 39 candidate nets for fanout optimization.
INFO: [Physopt 32-81] Processed net design_1_i/axi_bram_ctrl_0/U0/gext_inst.abcv4_0_ext_inst/GEN_AXI4.I_FULL_AXI/BRAM_Addr_A[1]. Replicated 76 times.
INFO: [Physopt 32-81] Processed net design_1_i/axi_bram_ctrl_0/U0/gext_inst.abcv4_0_ext_inst/GEN_AXI4.I_FULL_AXI/BRAM_Addr_A[0]. Replicated 75 times.
INFO: [Physopt 32-81] Processed net design_1_i/axi_bram_ctrl_0/U0/gext_inst.abcv4_0_ext_inst/GEN_AXI4.I_FULL_AXI/BRAM_Addr_A[2]. Replicated 53 times.
INFO: [Physopt 32-81] Processed net design_1_i/axi_bram_ctrl_0/U0/gext_inst.abcv4_0_ext_inst/GEN_AXI4.I_FULL_AXI/BRAM_Addr_A[3]. Replicated 58 times.
INFO: [Physopt 32-81] Processed net design_1_i/axi_bram_ctrl_0/U0/gext_inst.abcv4_0_ext_inst/GEN_AXI4.I_FULL_AXI/BRAM_Addr_A[5]. Replicated 42 times.
INFO: [Physopt 32-81] Processed net design_1_i/axi_bram_ctrl_0/U0/gext_inst.abcv4_0_ext_inst/GEN_AXI4.I_FULL_AXI/BRAM_Addr_A[4]. Replicated 42 times.
INFO: [Physopt 32-81] Processed net design_1_i/axi_bram_ctrl_0/U0/gext_inst.abcv4_0_ext_inst/GEN_AXI4.I_FULL_AXI/BRAM_Addr_A[6]. Replicated 9 times.
INFO: [Physopt 32-81] Processed net design_1_i/axi_bram_ctrl_0/U0/gext_inst.abcv4_0_ext_inst/GEN_AXI4.I_FULL_AXI/I_WR_CHNL/bram_wrdata_a[17]. Replicated 14 times.
INFO: [Physopt 32-81] Processed net design_1_i/axi_bram_ctrl_0/U0/gext_inst.abcv4_0_ext_inst/GEN_AXI4.I_FULL_AXI/I_WR_CHNL/bram_wrdata_a[22]. Replicated 14 times.
INFO: [Physopt 32-81] Processed net design_1_i/axi_bram_ctrl_0/U0/gext_inst.abcv4_0_ext_inst/GEN_AXI4.I_FULL_AXI/I_WR_CHNL/bram_wrdata_a[18]. Replicated 13 times.
INFO: [Physopt 32-81] Processed net design_1_i/axi_bram_ctrl_0/U0/gext_inst.abcv4_0_ext_inst/GEN_AXI4.I_FULL_AXI/I_WR_CHNL/bram_wrdata_a[21]. Replicated 14 times.
INFO: [Physopt 32-81] Processed net design_1_i/axi_bram_ctrl_0/U0/gext_inst.abcv4_0_ext_inst/GEN_AXI4.I_FULL_AXI/I_WR_CHNL/bram_wrdata_a[16]. Replicated 13 times.
INFO: [Physopt 32-81] Processed net design_1_i/axi_bram_ctrl_0/U0/gext_inst.abcv4_0_ext_inst/GEN_AXI4.I_FULL_AXI/I_WR_CHNL/bram_wrdata_a[19]. Replicated 12 times.
INFO: [Physopt 32-81] Processed net design_1_i/axi_bram_ctrl_0/U0/gext_inst.abcv4_0_ext_inst/GEN_AXI4.I_FULL_AXI/I_WR_CHNL/bram_wrdata_a[23]. Replicated 14 times.
INFO: [Physopt 32-81] Processed net design_1_i/axi_bram_ctrl_0/U0/gext_inst.abcv4_0_ext_inst/GEN_AXI4.I_FULL_AXI/I_WR_CHNL/bram_wrdata_a[30]. Replicated 11 times.
INFO: [Physopt 32-81] Processed net design_1_i/axi_bram_ctrl_0/U0/gext_inst.abcv4_0_ext_inst/GEN_AXI4.I_FULL_AXI/I_WR_CHNL/bram_wrdata_a[31]. Replicated 11 times.
INFO: [Physopt 32-81] Processed net design_1_i/axi_bram_ctrl_0/U0/gext_inst.abcv4_0_ext_inst/GEN_AXI4.I_FULL_AXI/I_WR_CHNL/bram_wrdata_a[24]. Replicated 11 times.
INFO: [Physopt 32-81] Processed net design_1_i/axi_bram_ctrl_0/U0/gext_inst.abcv4_0_ext_inst/GEN_AXI4.I_FULL_AXI/I_WR_CHNL/bram_wrdata_a[26]. Replicated 12 times.
INFO: [Physopt 32-81] Processed net design_1_i/axi_bram_ctrl_0/U0/gext_inst.abcv4_0_ext_inst/GEN_AXI4.I_FULL_AXI/I_WR_CHNL/bram_wrdata_a[20]. Replicated 14 times.
INFO: [Physopt 32-81] Processed net design_1_i/axi_bram_ctrl_0/U0/gext_inst.abcv4_0_ext_inst/GEN_AXI4.I_FULL_AXI/I_WR_CHNL/bram_wrdata_a[25]. Replicated 11 times.
INFO: [Physopt 32-81] Processed net design_1_i/axi_bram_ctrl_0/U0/gext_inst.abcv4_0_ext_inst/GEN_AXI4.I_FULL_AXI/I_WR_CHNL/bram_wrdata_a[29]. Replicated 12 times.
INFO: [Physopt 32-81] Processed net design_1_i/axi_bram_ctrl_0/U0/gext_inst.abcv4_0_ext_inst/GEN_AXI4.I_FULL_AXI/I_WR_CHNL/bram_wrdata_a[28]. Replicated 11 times.
INFO: [Physopt 32-81] Processed net design_1_i/axi_bram_ctrl_0/U0/gext_inst.abcv4_0_ext_inst/GEN_AXI4.I_FULL_AXI/I_WR_CHNL/bram_wrdata_a[27]. Replicated 11 times.
INFO: [Physopt 32-81] Processed net design_1_i/axi_bram_ctrl_0/U0/gext_inst.abcv4_0_ext_inst/GEN_AXI4.I_FULL_AXI/I_WR_CHNL/bram_wrdata_a[11]. Replicated 14 times.
INFO: [Physopt 32-81] Processed net design_1_i/axi_bram_ctrl_0/U0/gext_inst.abcv4_0_ext_inst/GEN_AXI4.I_FULL_AXI/I_WR_CHNL/bram_wrdata_a[9]. Replicated 14 times.
INFO: [Physopt 32-81] Processed net design_1_i/axi_bram_ctrl_0/U0/gext_inst.abcv4_0_ext_inst/GEN_AXI4.I_FULL_AXI/I_WR_CHNL/bram_wrdata_a[15]. Replicated 12 times.
INFO: [Physopt 32-81] Processed net design_1_i/axi_bram_ctrl_0/U0/gext_inst.abcv4_0_ext_inst/GEN_AXI4.I_FULL_AXI/I_WR_CHNL/bram_wrdata_a[10]. Replicated 12 times.
INFO: [Physopt 32-81] Processed net design_1_i/axi_bram_ctrl_0/U0/gext_inst.abcv4_0_ext_inst/GEN_AXI4.I_FULL_AXI/I_WR_CHNL/bram_wrdata_a[14]. Replicated 14 times.
INFO: [Physopt 32-81] Processed net design_1_i/axi_bram_ctrl_0/U0/gext_inst.abcv4_0_ext_inst/GEN_AXI4.I_FULL_AXI/I_WR_CHNL/bram_wrdata_a[8]. Replicated 14 times.
INFO: [Physopt 32-81] Processed net design_1_i/axi_bram_ctrl_0/U0/gext_inst.abcv4_0_ext_inst/GEN_AXI4.I_FULL_AXI/I_WR_CHNL/bram_wrdata_a[13]. Replicated 15 times.
INFO: [Physopt 32-81] Processed net design_1_i/axi_bram_ctrl_0/U0/gext_inst.abcv4_0_ext_inst/GEN_AXI4.I_FULL_AXI/I_WR_CHNL/bram_wrdata_a[12]. Replicated 13 times.
INFO: [Physopt 32-81] Processed net design_1_i/axi_bram_ctrl_0/U0/gext_inst.abcv4_0_ext_inst/GEN_AXI4.I_FULL_AXI/I_WR_CHNL/bram_wrdata_a[0]. Replicated 12 times.
INFO: [Physopt 32-81] Processed net design_1_i/axi_bram_ctrl_0/U0/gext_inst.abcv4_0_ext_inst/GEN_AXI4.I_FULL_AXI/I_WR_CHNL/bram_wrdata_a[1]. Replicated 12 times.
INFO: [Physopt 32-81] Processed net design_1_i/axi_bram_ctrl_0/U0/gext_inst.abcv4_0_ext_inst/GEN_AXI4.I_FULL_AXI/I_WR_CHNL/bram_wrdata_a[2]. Replicated 12 times.
INFO: [Physopt 32-81] Processed net design_1_i/axi_bram_ctrl_0/U0/gext_inst.abcv4_0_ext_inst/GEN_AXI4.I_FULL_AXI/I_WR_CHNL/bram_wrdata_a[3]. Replicated 11 times.
INFO: [Physopt 32-81] Processed net design_1_i/axi_bram_ctrl_0/U0/gext_inst.abcv4_0_ext_inst/GEN_AXI4.I_FULL_AXI/I_WR_CHNL/bram_wrdata_a[4]. Replicated 11 times.
INFO: [Physopt 32-81] Processed net design_1_i/axi_bram_ctrl_0/U0/gext_inst.abcv4_0_ext_inst/GEN_AXI4.I_FULL_AXI/I_WR_CHNL/bram_wrdata_a[5]. Replicated 13 times.
INFO: [Physopt 32-81] Processed net design_1_i/axi_bram_ctrl_0/U0/gext_inst.abcv4_0_ext_inst/GEN_AXI4.I_FULL_AXI/I_WR_CHNL/bram_wrdata_a[6]. Replicated 13 times.
INFO: [Physopt 32-81] Processed net design_1_i/axi_bram_ctrl_0/U0/gext_inst.abcv4_0_ext_inst/GEN_AXI4.I_FULL_AXI/I_WR_CHNL/bram_wrdata_a[7]. Replicated 11 times.
INFO: [Physopt 32-232] Optimized 39 nets. Created 756 new instances.
INFO: [Physopt 32-775] End 1 Pass. Optimized 39 nets or cells. Created 756 new cells, deleted 0 existing cell and moved 0 existing cell
Netlist sorting complete. Time (s): cpu = 00:00:00 ; elapsed = 00:00:00.451 . Memory (MB): peak = 3273.488 ; gain = 0.000
INFO: [Physopt 32-456] No candidate cells for DSP register optimization found in the design.
INFO: [Physopt 32-775] End 2 Pass. Optimized 0 net or cell. Created 0 new cell, deleted 0 existing cell and moved 0 existing cell
INFO: [Physopt 32-1123] No candidate cells found for Shift Register to Pipeline optimization
INFO: [Physopt 32-775] End 2 Pass. Optimized 0 net or cell. Created 0 new cell, deleted 0 existing cell and moved 0 existing cell
INFO: [Physopt 32-677] No candidate cells for Shift Register optimization found in the design
INFO: [Physopt 32-775] End 1 Pass. Optimized 0 net or cell. Created 0 new cell, deleted 0 existing cell and moved 0 existing cell
INFO: [Physopt 32-526] No candidate cells for BRAM register optimization found in the design
INFO: [Physopt 32-775] End 1 Pass. Optimized 0 net or cell. Created 0 new cell, deleted 0 existing cell and moved 0 existing cell
INFO: [Physopt 32-846] No candidate cells for URAM register optimization found in the design
INFO: [Physopt 32-775] End 2 Pass. Optimized 0 net or cell. Created 0 new cell, deleted 0 existing cell and moved 0 existing cell
INFO: [Physopt 32-949] No candidate nets found for dynamic/static region interface net replication
INFO: [Physopt 32-775] End 1 Pass. Optimized 0 net or cell. Created 0 new cell, deleted 0 existing cell and moved 0 existing cell
Netlist sorting complete. Time (s): cpu = 00:00:00 ; elapsed = 00:00:00.026 . Memory (MB): peak = 3273.488 ; gain = 0.000
INFO: [Physopt 32-64] No nets found for fanout-optimization.
INFO: [Physopt 32-232] Optimized 0 net. Created 0 new instance.
INFO: [Physopt 32-775] End 1 Pass. Optimized 0 net or cell. Created 0 new cell, deleted 0 existing cell and moved 0 existing cell
INFO: [Physopt 32-46] Identified 19 candidate nets for critical-cell optimization.
INFO: [Physopt 32-81] Processed net design_1_i/microblaze_0/U0/MicroBlaze_Core_I/Performance.Core/Data_Flow_I/Byte_Doublet_Handle_gti_I/M_AXI_DP_WDATA[16]. Replicated 1 times.
INFO: [Physopt 32-81] Processed net design_1_i/microblaze_0/U0/MicroBlaze_Core_I/Performance.Core/Data_Flow_I/Byte_Doublet_Handle_gti_I/M_AXI_DP_WDATA[18]. Replicated 1 times.
INFO: [Physopt 32-571] Net design_1_i/microblaze_0/U0/MicroBlaze_Core_I/Performance.Core/Data_Flow_I/Byte_Doublet_Handle_gti_I/M_AXI_DP_WDATA[28] was not replicated.
INFO: [Physopt 32-81] Processed net design_1_i/microblaze_0/U0/MicroBlaze_Core_I/Performance.Core/Data_Flow_I/Byte_Doublet_Handle_gti_I/M_AXI_DP_WDATA[17]. Replicated 2 times.
INFO: [Physopt 32-81] Processed net design_1_i/microblaze_0/U0/MicroBlaze_Core_I/Performance.Core/Data_Flow_I/Byte_Doublet_Handle_gti_I/M_AXI_DP_WDATA[30]. Replicated 1 times.
INFO: [Physopt 32-81] Processed net design_1_i/microblaze_0/U0/MicroBlaze_Core_I/Performance.Core/Data_Flow_I/Byte_Doublet_Handle_gti_I/M_AXI_DP_WDATA[31]. Replicated 1 times.
INFO: [Physopt 32-81] Processed net design_1_i/microblaze_0/U0/MicroBlaze_Core_I/Performance.Core/Data_Flow_I/Byte_Doublet_Handle_gti_I/M_AXI_DP_WDATA[22]. Replicated 1 times.
INFO: [Physopt 32-571] Net design_1_i/microblaze_0/U0/MicroBlaze_Core_I/Performance.Core/Data_Flow_I/Byte_Doublet_Handle_gti_I/M_AXI_DP_WDATA[25] was not replicated.
INFO: [Physopt 32-571] Net design_1_i/microblaze_0/U0/MicroBlaze_Core_I/Performance.Core/Data_Flow_I/Byte_Doublet_Handle_gti_I/M_AXI_DP_WDATA[9] was not replicated.
INFO: [Physopt 32-81] Processed net design_1_i/microblaze_0/U0/MicroBlaze_Core_I/Performance.Core/Data_Flow_I/Byte_Doublet_Handle_gti_I/M_AXI_DP_WDATA[20]. Replicated 1 times.
INFO: [Physopt 32-232] Optimized 7 nets. Created 8 new instances.
INFO: [Physopt 32-775] End 1 Pass. Optimized 7 nets or cells. Created 8 new cells, deleted 0 existing cell and moved 0 existing cell
Netlist sorting complete. Time (s): cpu = 00:00:00 ; elapsed = 00:00:00.133 . Memory (MB): peak = 3273.488 ; gain = 0.000
Netlist sorting complete. Time (s): cpu = 00:00:00 ; elapsed = 00:00:00.026 . Memory (MB): peak = 3273.488 ; gain = 0.000

Summary of Physical Synthesis Optimizations
============================================


-----------------------------------------------------------------------------------------------------------------------------------------------------------
|  Optimization                                     |  Added Cells  |  Removed Cells  |  Optimized Cells/Nets  |  Dont Touch  |  Iterations  |  Elapsed   |
-----------------------------------------------------------------------------------------------------------------------------------------------------------
|  LUT Combining                                    |           87  |            127  |                   214  |           0  |           1  |  00:00:01  |
|  Retime                                           |            0  |              0  |                     0  |           0  |           1  |  00:00:00  |
|  Very High Fanout                                 |          756  |              0  |                    39  |           0  |           1  |  00:00:20  |
|  DSP Register                                     |            0  |              0  |                     0  |           0  |           1  |  00:00:00  |
|  Shift Register to Pipeline                       |            0  |              0  |                     0  |           0  |           1  |  00:00:00  |
|  Shift Register                                   |            0  |              0  |                     0  |           0  |           1  |  00:00:00  |
|  BRAM Register                                    |            0  |              0  |                     0  |           0  |           1  |  00:00:00  |
|  URAM Register                                    |            0  |              0  |                     0  |           0  |           1  |  00:00:00  |
|  Dynamic/Static Region Interface Net Replication  |            0  |              0  |                     0  |           0  |           1  |  00:00:00  |
|  Fanout                                           |            0  |              0  |                     0  |           0  |           1  |  00:00:00  |
|  Critical Cell                                    |            8  |              0  |                     7  |           0  |           1  |  00:00:00  |
|  Total                                            |          851  |            127  |                   260  |           0  |          11  |  00:00:21  |
-----------------------------------------------------------------------------------------------------------------------------------------------------------


Phase 2.4.2 Physical Synthesis In Placer | Checksum: 100d2e3f5

Time (s): cpu = 00:02:37 ; elapsed = 00:01:44 . Memory (MB): peak = 3273.488 ; gain = 67.492
Phase 2.4 Global Placement Core | Checksum: b87b33f7

Time (s): cpu = 00:02:40 ; elapsed = 00:01:46 . Memory (MB): peak = 3273.488 ; gain = 67.492
Phase 2 Global Placement | Checksum: b87b33f7

Time (s): cpu = 00:02:40 ; elapsed = 00:01:46 . Memory (MB): peak = 3273.488 ; gain = 67.492

Phase 3 Detail Placement

Phase 3.1 Commit Multi Column Macros
Phase 3.1 Commit Multi Column Macros | Checksum: 1a0c698e9

Time (s): cpu = 00:02:47 ; elapsed = 00:01:50 . Memory (MB): peak = 3273.488 ; gain = 67.492

Phase 3.2 Commit Most Macros & LUTRAMs
Phase 3.2 Commit Most Macros & LUTRAMs | Checksum: 12e419d8e

Time (s): cpu = 00:02:59 ; elapsed = 00:01:57 . Memory (MB): peak = 3273.488 ; gain = 67.492

Phase 3.3 Area Swap Optimization
Phase 3.3 Area Swap Optimization | Checksum: c35c771e

Time (s): cpu = 00:03:00 ; elapsed = 00:01:58 . Memory (MB): peak = 3273.488 ; gain = 67.492

Phase 3.4 Pipeline Register Optimization
Phase 3.4 Pipeline Register Optimization | Checksum: 151e71c1d

Time (s): cpu = 00:03:00 ; elapsed = 00:01:59 . Memory (MB): peak = 3273.488 ; gain = 67.492

Phase 3.5 Fast Optimization
Phase 3.5 Fast Optimization | Checksum: d62827ba

Time (s): cpu = 00:03:26 ; elapsed = 00:02:19 . Memory (MB): peak = 3273.488 ; gain = 67.492

Phase 3.6 Small Shape Detail Placement
Phase 3.6 Small Shape Detail Placement | Checksum: d4782f80

Time (s): cpu = 00:04:03 ; elapsed = 00:02:54 . Memory (MB): peak = 3273.488 ; gain = 67.492

Phase 3.7 Re-assign LUT pins
Phase 3.7 Re-assign LUT pins | Checksum: 5da6bd56

Time (s): cpu = 00:04:06 ; elapsed = 00:02:58 . Memory (MB): peak = 3273.488 ; gain = 67.492

Phase 3.8 Pipeline Register Optimization
Phase 3.8 Pipeline Register Optimization | Checksum: 1598b6a1d

Time (s): cpu = 00:04:07 ; elapsed = 00:02:58 . Memory (MB): peak = 3273.488 ; gain = 67.492

Phase 3.9 Fast Optimization
Phase 3.9 Fast Optimization | Checksum: 7103a3fb

Time (s): cpu = 00:04:40 ; elapsed = 00:03:22 . Memory (MB): peak = 3287.184 ; gain = 81.188
Phase 3 Detail Placement | Checksum: 7103a3fb

Time (s): cpu = 00:04:40 ; elapsed = 00:03:22 . Memory (MB): peak = 3287.184 ; gain = 81.188

Phase 4 Post Placement Optimization and Clean-Up

Phase 4.1 Post Commit Optimization
INFO: [Timing 38-35] Done setting XDC timing constraints.

Phase 4.1.1 Post Placement Optimization
Post Placement Optimization Initialization | Checksum: 11e185939

Phase 4.1.1.1 BUFG Insertion

Starting Physical Synthesis Task

Phase 1 Physical Synthesis Initialization
INFO: [Physopt 32-721] Multithreading enabled for phys_opt_design using a maximum of 2 CPUs
INFO: [Physopt 32-619] Estimated Timing Summary | WNS=-45.461 | TNS=-68062.967 |
Phase 1 Physical Synthesis Initialization | Checksum: 106d8282e

Time (s): cpu = 00:00:05 ; elapsed = 00:00:03 . Memory (MB): peak = 3371.742 ; gain = 0.000
INFO: [Place 46-56] BUFG insertion identified 0 candidate nets. Inserted BUFG: 0, Replicated BUFG Driver: 0, Skipped due to Placement/Routing Conflicts: 0, Skipped due to Timing Degradation: 0, Skipped due to Illegal Netlist: 0.
Ending Physical Synthesis Task | Checksum: bb30c283

Time (s): cpu = 00:00:06 ; elapsed = 00:00:04 . Memory (MB): peak = 3371.742 ; gain = 0.000
Phase 4.1.1.1 BUFG Insertion | Checksum: 11e185939

Time (s): cpu = 00:05:09 ; elapsed = 00:03:41 . Memory (MB): peak = 3371.742 ; gain = 165.746

Phase 4.1.1.2 Post Placement Timing Optimization
INFO: [Place 30-746] Post Placement Timing Summary WNS=-45.461. For the most accurate timing information please run report_timing.
Phase 4.1.1.2 Post Placement Timing Optimization | Checksum: 7c50f1b4

Time (s): cpu = 00:07:23 ; elapsed = 00:05:45 . Memory (MB): peak = 3375.375 ; gain = 169.379

Time (s): cpu = 00:07:23 ; elapsed = 00:05:45 . Memory (MB): peak = 3375.375 ; gain = 169.379
Phase 4.1 Post Commit Optimization | Checksum: 7c50f1b4

Time (s): cpu = 00:07:23 ; elapsed = 00:05:45 . Memory (MB): peak = 3375.375 ; gain = 169.379

Phase 4.2 Post Placement Cleanup
Phase 4.2 Post Placement Cleanup | Checksum: 7c50f1b4

Time (s): cpu = 00:07:24 ; elapsed = 00:05:46 . Memory (MB): peak = 3375.375 ; gain = 169.379

Phase 4.3 Placer Reporting

Phase 4.3.1 Print Estimated Congestion
INFO: [Place 30-612] Post-Placement Estimated Congestion 
 ____________________________________________________
|           | Global Congestion | Short Congestion  |
| Direction | Region Size       | Region Size       |
|___________|___________________|___________________|
|      North|                1x1|                8x8|
|___________|___________________|___________________|
|      South|                1x1|                8x8|
|___________|___________________|___________________|
|       East|                1x1|                2x2|
|___________|___________________|___________________|
|       West|                1x1|                4x4|
|___________|___________________|___________________|

Phase 4.3.1 Print Estimated Congestion | Checksum: 7c50f1b4

Time (s): cpu = 00:07:24 ; elapsed = 00:05:46 . Memory (MB): peak = 3375.375 ; gain = 169.379
Phase 4.3 Placer Reporting | Checksum: 7c50f1b4

Time (s): cpu = 00:07:25 ; elapsed = 00:05:46 . Memory (MB): peak = 3375.375 ; gain = 169.379

Phase 4.4 Final Placement Cleanup
Netlist sorting complete. Time (s): cpu = 00:00:00 ; elapsed = 00:00:00.026 . Memory (MB): peak = 3375.375 ; gain = 0.000

Time (s): cpu = 00:07:25 ; elapsed = 00:05:46 . Memory (MB): peak = 3375.375 ; gain = 169.379
Phase 4 Post Placement Optimization and Clean-Up | Checksum: beb12624

Time (s): cpu = 00:07:25 ; elapsed = 00:05:47 . Memory (MB): peak = 3375.375 ; gain = 169.379
Ending Placer Task | Checksum: a0d2fe6c

Time (s): cpu = 00:07:25 ; elapsed = 00:05:47 . Memory (MB): peak = 3375.375 ; gain = 169.379
INFO: [Common 17-83] Releasing license: Implementation
161 Infos, 6 Warnings, 2 Critical Warnings and 0 Errors encountered.
place_design completed successfully
place_design: Time (s): cpu = 00:07:29 ; elapsed = 00:05:49 . Memory (MB): peak = 3375.375 ; gain = 169.379
INFO: [Timing 38-480] Writing timing data to binary archive.
Writing XDEF routing.
Writing XDEF routing logical nets.
Writing XDEF routing special nets.
Write XDEF Complete: Time (s): cpu = 00:00:15 ; elapsed = 00:00:06 . Memory (MB): peak = 3375.375 ; gain = 0.000
report_design_analysis: Time (s): cpu = 00:00:05 ; elapsed = 00:00:05 . Memory (MB): peak = 3375.375 ; gain = 0.000
INFO: [Common 17-1381] The checkpoint 'E:/kevin/myCode/microBlaze1/microBlaze1.runs/impl_1/design_1_wrapper_placed.dcp' has been generated.
write_checkpoint: Time (s): cpu = 00:00:24 ; elapsed = 00:00:15 . Memory (MB): peak = 3375.375 ; gain = 0.000
INFO: [runtcl-4] Executing : report_io -file design_1_wrapper_io_placed.rpt
report_io: Time (s): cpu = 00:00:00 ; elapsed = 00:00:00.083 . Memory (MB): peak = 3375.375 ; gain = 0.000
INFO: [runtcl-4] Executing : report_utilization -file design_1_wrapper_utilization_placed.rpt -pb design_1_wrapper_utilization_placed.pb
INFO: [runtcl-4] Executing : report_control_sets -verbose -file design_1_wrapper_control_sets_placed.rpt
report_control_sets: Time (s): cpu = 00:00:00 ; elapsed = 00:00:00.521 . Memory (MB): peak = 3375.375 ; gain = 0.000
Command: phys_opt_design
Attempting to get a license for feature 'Implementation' and/or device 'xc7a100t'
INFO: [Common 17-349] Got license for feature 'Implementation' and/or device 'xc7a100t'

Starting Initial Update Timing Task

Time (s): cpu = 00:00:18 ; elapsed = 00:00:10 . Memory (MB): peak = 3405.547 ; gain = 30.172
INFO: [Vivado_Tcl 4-1435] PhysOpt_Tcl_Interface Runtime Before Starting Physical Synthesis Task | CPU: 19.00s |  WALL: 10.44s
Netlist sorting complete. Time (s): cpu = 00:00:00 ; elapsed = 00:00:00.025 . Memory (MB): peak = 3405.547 ; gain = 0.000

Starting Physical Synthesis Task

Phase 1 Physical Synthesis Initialization
INFO: [Physopt 32-721] Multithreading enabled for phys_opt_design using a maximum of 2 CPUs
INFO: [Physopt 32-619] Estimated Timing Summary | WNS=-45.461 | TNS=-61044.899 |
Phase 1 Physical Synthesis Initialization | Checksum: 1a5c26a99

Time (s): cpu = 00:00:10 ; elapsed = 00:00:05 . Memory (MB): peak = 3435.402 ; gain = 29.855
INFO: [Physopt 32-619] Estimated Timing Summary | WNS=-45.461 | TNS=-61044.899 |

Phase 2 DSP Register Optimization
INFO: [Physopt 32-456] No candidate cells for DSP register optimization found in the design.
INFO: [Physopt 32-775] End 2 Pass. Optimized 0 net or cell. Created 0 new cell, deleted 0 existing cell and moved 0 existing cell
Phase 2 DSP Register Optimization | Checksum: 1a5c26a99

Time (s): cpu = 00:00:10 ; elapsed = 00:00:05 . Memory (MB): peak = 3435.402 ; gain = 29.855

Phase 3 Critical Path Optimization
INFO: [Physopt 32-619] Estimated Timing Summary | WNS=-45.461 | TNS=-61044.899 |
INFO: [Physopt 32-702] Processed net design_1_i/hw0_0/inst/cycleEndTime_reg_n_0_[31]. Optimizations did not improve timing on the net.
INFO: [Physopt 32-702] Processed net design_1_i/clk_wiz_1/inst/clk_out2_design_1_clk_wiz_1_0. Optimizations did not improve timing on the net.
INFO: [Physopt 32-702] Processed net design_1_i/hw0_0/inst/cycleEndTime_reg[24]_i_1_n_0. Optimizations did not improve timing on the net.
INFO: [Physopt 32-702] Processed net design_1_i/hw0_0/inst/cycleEndTime_reg[20]_i_1_n_0. Optimizations did not improve timing on the net.
INFO: [Physopt 32-702] Processed net design_1_i/hw0_0/inst/cycleEndTime_reg[16]_i_1_n_0. Optimizations did not improve timing on the net.
INFO: [Physopt 32-702] Processed net design_1_i/hw0_0/inst/cycleEndTime_reg[12]_i_1_n_0. Optimizations did not improve timing on the net.
INFO: [Physopt 32-702] Processed net design_1_i/hw0_0/inst/cycleEndTime_reg[8]_i_1_n_0. Optimizations did not improve timing on the net.
INFO: [Physopt 32-702] Processed net design_1_i/hw0_0/inst/cycleEndTime_reg[4]_i_1_n_0. Optimizations did not improve timing on the net.
INFO: [Physopt 32-702] Processed net design_1_i/hw0_0/inst/cycleEndTime1[0]. Optimizations did not improve timing on the net.
INFO: [Physopt 32-702] Processed net design_1_i/hw0_0/inst/cycleEndTime_reg[4]_i_11_n_0. Optimizations did not improve timing on the net.
INFO: [Physopt 32-702] Processed net design_1_i/hw0_0/inst/cycleEndTime_reg[4]_i_25_n_0. Optimizations did not improve timing on the net.
INFO: [Physopt 32-702] Processed net design_1_i/hw0_0/inst/cycleEndTime_reg[4]_i_50_n_0. Optimizations did not improve timing on the net.
INFO: [Physopt 32-702] Processed net design_1_i/hw0_0/inst/cycleEndTime_reg[4]_i_75_n_0. Optimizations did not improve timing on the net.
INFO: [Physopt 32-702] Processed net design_1_i/hw0_0/inst/cycleEndTime[4]_i_103_n_0. Optimizations did not improve timing on the net.
INFO: [Physopt 32-702] Processed net design_1_i/hw0_0/inst/cycleEndTime_reg[31]_i_5_0[0]. Optimizations did not improve timing on the net.
INFO: [Physopt 32-702] Processed net design_1_i/hw0_0/inst/cycleEndTime_reg[4]_i_22_n_0. Optimizations did not improve timing on the net.
INFO: [Physopt 32-702] Processed net design_1_i/hw0_0/inst/cycleEndTime_reg[4]_i_45_n_0. Optimizations did not improve timing on the net.
INFO: [Physopt 32-702] Processed net design_1_i/hw0_0/inst/cycleEndTime_reg[4]_i_70_n_0. Optimizations did not improve timing on the net.
INFO: [Physopt 32-702] Processed net design_1_i/hw0_0/inst/cycleEndTime_reg[4]_i_95_n_0. Optimizations did not improve timing on the net.
INFO: [Physopt 32-702] Processed net design_1_i/hw0_0/inst/cycleEndTime[4]_i_115_n_0. Optimizations did not improve timing on the net.
INFO: [Physopt 32-702] Processed net design_1_i/hw0_0/inst/cycleEndTime_reg[31]_i_5_0[1]. Optimizations did not improve timing on the net.
INFO: [Physopt 32-702] Processed net design_1_i/hw0_0/inst/cycleEndTime_reg[4]_i_19_n_0. Optimizations did not improve timing on the net.
INFO: [Physopt 32-702] Processed net design_1_i/hw0_0/inst/cycleEndTime_reg[4]_i_40_n_0. Optimizations did not improve timing on the net.
INFO: [Physopt 32-702] Processed net design_1_i/hw0_0/inst/cycleEndTime_reg[4]_i_65_n_0. Optimizations did not improve timing on the net.
INFO: [Physopt 32-702] Processed net design_1_i/hw0_0/inst/cycleEndTime_reg[4]_i_90_n_0. Optimizations did not improve timing on the net.
INFO: [Physopt 32-702] Processed net design_1_i/hw0_0/inst/cycleEndTime[4]_i_112_n_0. Optimizations did not improve timing on the net.
INFO: [Physopt 32-702] Processed net design_1_i/hw0_0/inst/cycleEndTime_reg[31]_i_5_0[2]. Optimizations did not improve timing on the net.
INFO: [Physopt 32-702] Processed net design_1_i/hw0_0/inst/cycleEndTime_reg[4]_i_16_n_0. Optimizations did not improve timing on the net.
INFO: [Physopt 32-702] Processed net design_1_i/hw0_0/inst/cycleEndTime_reg[4]_i_35_n_0. Optimizations did not improve timing on the net.
INFO: [Physopt 32-702] Processed net design_1_i/hw0_0/inst/cycleEndTime_reg[4]_i_60_n_0. Optimizations did not improve timing on the net.
INFO: [Physopt 32-702] Processed net design_1_i/hw0_0/inst/cycleEndTime_reg[4]_i_85_n_0. Optimizations did not improve timing on the net.
INFO: [Physopt 32-702] Processed net design_1_i/hw0_0/inst/cycleEndTime[4]_i_109_n_0. Optimizations did not improve timing on the net.
INFO: [Physopt 32-702] Processed net design_1_i/hw0_0/inst/cycleEndTime_reg[31]_i_5_0[3]. Optimizations did not improve timing on the net.
INFO: [Physopt 32-702] Processed net design_1_i/hw0_0/inst/cycleEndTime_reg[4]_i_13_n_0. Optimizations did not improve timing on the net.
INFO: [Physopt 32-702] Processed net design_1_i/hw0_0/inst/cycleEndTime_reg[4]_i_30_n_0. Optimizations did not improve timing on the net.
INFO: [Physopt 32-702] Processed net design_1_i/hw0_0/inst/cycleEndTime_reg[4]_i_55_n_0. Optimizations did not improve timing on the net.
INFO: [Physopt 32-702] Processed net design_1_i/hw0_0/inst/cycleEndTime_reg[4]_i_80_n_0. Optimizations did not improve timing on the net.
INFO: [Physopt 32-702] Processed net design_1_i/hw0_0/inst/cycleEndTime[4]_i_106_n_0. Optimizations did not improve timing on the net.
INFO: [Physopt 32-702] Processed net design_1_i/hw0_0/inst/cycleEndTime_reg[31]_i_5_0[4]. Optimizations did not improve timing on the net.
INFO: [Physopt 32-702] Processed net design_1_i/hw0_0/inst/cycleEndTime_reg[8]_i_19_n_0. Optimizations did not improve timing on the net.
INFO: [Physopt 32-702] Processed net design_1_i/hw0_0/inst/cycleEndTime_reg[8]_i_37_n_0. Optimizations did not improve timing on the net.
INFO: [Physopt 32-702] Processed net design_1_i/hw0_0/inst/cycleEndTime_reg[8]_i_57_n_0. Optimizations did not improve timing on the net.
INFO: [Physopt 32-702] Processed net design_1_i/hw0_0/inst/cycleEndTime_reg[8]_i_77_n_0. Optimizations did not improve timing on the net.
INFO: [Physopt 32-702] Processed net design_1_i/hw0_0/inst/cycleEndTime[8]_i_93_n_0. Optimizations did not improve timing on the net.
INFO: [Physopt 32-702] Processed net design_1_i/hw0_0/inst/cycleEndTime_reg[31]_i_5_0[5]. Optimizations did not improve timing on the net.
INFO: [Physopt 32-702] Processed net design_1_i/hw0_0/inst/cycleEndTime_reg[8]_i_16_n_0. Optimizations did not improve timing on the net.
INFO: [Physopt 32-702] Processed net design_1_i/hw0_0/inst/cycleEndTime_reg[8]_i_32_n_0. Optimizations did not improve timing on the net.
INFO: [Physopt 32-702] Processed net design_1_i/hw0_0/inst/cycleEndTime_reg[8]_i_52_n_0. Optimizations did not improve timing on the net.
INFO: [Physopt 32-702] Processed net design_1_i/hw0_0/inst/cycleEndTime_reg[8]_i_72_n_0. Optimizations did not improve timing on the net.
INFO: [Physopt 32-702] Processed net design_1_i/hw0_0/inst/cycleEndTime[8]_i_90_n_0. Optimizations did not improve timing on the net.
INFO: [Physopt 32-702] Processed net design_1_i/hw0_0/inst/cycleEndTime_reg[31]_i_5_0[6]. Optimizations did not improve timing on the net.
INFO: [Physopt 32-702] Processed net design_1_i/hw0_0/inst/cycleEndTime_reg[8]_i_13_n_0. Optimizations did not improve timing on the net.
INFO: [Physopt 32-702] Processed net design_1_i/hw0_0/inst/cycleEndTime_reg[8]_i_27_n_0. Optimizations did not improve timing on the net.
INFO: [Physopt 32-702] Processed net design_1_i/hw0_0/inst/cycleEndTime_reg[8]_i_47_n_0. Optimizations did not improve timing on the net.
INFO: [Physopt 32-702] Processed net design_1_i/hw0_0/inst/cycleEndTime_reg[8]_i_67_n_0. Optimizations did not improve timing on the net.
INFO: [Physopt 32-702] Processed net design_1_i/hw0_0/inst/cycleEndTime[8]_i_87_n_0. Optimizations did not improve timing on the net.
INFO: [Physopt 32-702] Processed net design_1_i/hw0_0/inst/cycleEndTime_reg[31]_i_5_0[7]. Optimizations did not improve timing on the net.
INFO: [Physopt 32-702] Processed net design_1_i/hw0_0/inst/cycleEndTime_reg[8]_i_10_n_0. Optimizations did not improve timing on the net.
INFO: [Physopt 32-702] Processed net design_1_i/hw0_0/inst/cycleEndTime_reg[8]_i_22_n_0. Optimizations did not improve timing on the net.
INFO: [Physopt 32-702] Processed net design_1_i/hw0_0/inst/cycleEndTime_reg[8]_i_42_n_0. Optimizations did not improve timing on the net.
INFO: [Physopt 32-702] Processed net design_1_i/hw0_0/inst/cycleEndTime_reg[8]_i_62_n_0. Optimizations did not improve timing on the net.
INFO: [Physopt 32-702] Processed net design_1_i/hw0_0/inst/cycleEndTime[8]_i_84_n_0. Optimizations did not improve timing on the net.
INFO: [Physopt 32-702] Processed net design_1_i/hw0_0/inst/cycleEndTime_reg[31]_i_5_0[8]. Optimizations did not improve timing on the net.
INFO: [Physopt 32-702] Processed net design_1_i/hw0_0/inst/cycleEndTime_reg[12]_i_19_n_0. Optimizations did not improve timing on the net.
INFO: [Physopt 32-702] Processed net design_1_i/hw0_0/inst/cycleEndTime_reg[12]_i_37_n_0. Optimizations did not improve timing on the net.
INFO: [Physopt 32-702] Processed net design_1_i/hw0_0/inst/cycleEndTime_reg[12]_i_57_n_0. Optimizations did not improve timing on the net.
INFO: [Physopt 32-702] Processed net design_1_i/hw0_0/inst/cycleEndTime_reg[12]_i_77_n_0. Optimizations did not improve timing on the net.
INFO: [Physopt 32-702] Processed net design_1_i/hw0_0/inst/cycleEndTime[12]_i_93_n_0. Optimizations did not improve timing on the net.
INFO: [Physopt 32-702] Processed net design_1_i/hw0_0/inst/cycleEndTime_reg[31]_i_5_0[9]. Optimizations did not improve timing on the net.
INFO: [Physopt 32-702] Processed net design_1_i/hw0_0/inst/cycleEndTime_reg[12]_i_16_n_0. Optimizations did not improve timing on the net.
INFO: [Physopt 32-702] Processed net design_1_i/hw0_0/inst/cycleEndTime_reg[12]_i_32_n_0. Optimizations did not improve timing on the net.
INFO: [Physopt 32-702] Processed net design_1_i/hw0_0/inst/cycleEndTime_reg[12]_i_52_n_0. Optimizations did not improve timing on the net.
INFO: [Physopt 32-702] Processed net design_1_i/hw0_0/inst/cycleEndTime_reg[12]_i_72_n_0. Optimizations did not improve timing on the net.
INFO: [Physopt 32-702] Processed net design_1_i/hw0_0/inst/cycleEndTime[12]_i_90_n_0. Optimizations did not improve timing on the net.
INFO: [Physopt 32-702] Processed net design_1_i/hw0_0/inst/cycleEndTime_reg[31]_i_5_0[10]. Optimizations did not improve timing on the net.
INFO: [Physopt 32-702] Processed net design_1_i/hw0_0/inst/cycleEndTime_reg[12]_i_13_n_0. Optimizations did not improve timing on the net.
INFO: [Physopt 32-702] Processed net design_1_i/hw0_0/inst/cycleEndTime_reg[12]_i_27_n_0. Optimizations did not improve timing on the net.
INFO: [Physopt 32-702] Processed net design_1_i/hw0_0/inst/cycleEndTime_reg[12]_i_47_n_0. Optimizations did not improve timing on the net.
INFO: [Physopt 32-702] Processed net design_1_i/hw0_0/inst/cycleEndTime_reg[12]_i_67_n_0. Optimizations did not improve timing on the net.
INFO: [Physopt 32-702] Processed net design_1_i/hw0_0/inst/cycleEndTime[12]_i_87_n_0. Optimizations did not improve timing on the net.
INFO: [Physopt 32-702] Processed net design_1_i/hw0_0/inst/cycleEndTime_reg[31]_i_5_0[11]. Optimizations did not improve timing on the net.
INFO: [Physopt 32-702] Processed net design_1_i/hw0_0/inst/cycleEndTime_reg[12]_i_10_n_0. Optimizations did not improve timing on the net.
INFO: [Physopt 32-702] Processed net design_1_i/hw0_0/inst/cycleEndTime_reg[12]_i_22_n_0. Optimizations did not improve timing on the net.
INFO: [Physopt 32-702] Processed net design_1_i/hw0_0/inst/cycleEndTime_reg[12]_i_42_n_0. Optimizations did not improve timing on the net.
INFO: [Physopt 32-702] Processed net design_1_i/hw0_0/inst/cycleEndTime_reg[12]_i_62_n_0. Optimizations did not improve timing on the net.
INFO: [Physopt 32-702] Processed net design_1_i/hw0_0/inst/cycleEndTime[12]_i_84_n_0. Optimizations did not improve timing on the net.
INFO: [Physopt 32-702] Processed net design_1_i/hw0_0/inst/cycleEndTime_reg[31]_i_5_0[12]. Optimizations did not improve timing on the net.
INFO: [Physopt 32-702] Processed net design_1_i/hw0_0/inst/cycleEndTime_reg[16]_i_19_n_0. Optimizations did not improve timing on the net.
INFO: [Physopt 32-702] Processed net design_1_i/hw0_0/inst/cycleEndTime_reg[16]_i_37_n_0. Optimizations did not improve timing on the net.
INFO: [Physopt 32-702] Processed net design_1_i/hw0_0/inst/cycleEndTime_reg[16]_i_57_n_0. Optimizations did not improve timing on the net.
INFO: [Physopt 32-702] Processed net design_1_i/hw0_0/inst/cycleEndTime_reg[16]_i_77_n_0. Optimizations did not improve timing on the net.
INFO: [Physopt 32-702] Processed net design_1_i/hw0_0/inst/cycleEndTime[16]_i_93_n_0. Optimizations did not improve timing on the net.
INFO: [Physopt 32-702] Processed net design_1_i/hw0_0/inst/cycleEndTime_reg[31]_i_5_0[13]. Optimizations did not improve timing on the net.
INFO: [Physopt 32-702] Processed net design_1_i/hw0_0/inst/cycleEndTime_reg[16]_i_16_n_0. Optimizations did not improve timing on the net.
INFO: [Physopt 32-702] Processed net design_1_i/hw0_0/inst/cycleEndTime_reg[16]_i_32_n_0. Optimizations did not improve timing on the net.
INFO: [Physopt 32-702] Processed net design_1_i/hw0_0/inst/cycleEndTime_reg[16]_i_52_n_0. Optimizations did not improve timing on the net.
INFO: [Physopt 32-702] Processed net design_1_i/hw0_0/inst/cycleEndTime_reg[16]_i_72_n_0. Optimizations did not improve timing on the net.
INFO: [Physopt 32-702] Processed net design_1_i/hw0_0/inst/cycleEndTime[16]_i_90_n_0. Optimizations did not improve timing on the net.
INFO: [Physopt 32-702] Processed net design_1_i/hw0_0/inst/cycleEndTime_reg[31]_i_5_0[14]. Optimizations did not improve timing on the net.
INFO: [Physopt 32-702] Processed net design_1_i/hw0_0/inst/cycleEndTime_reg[16]_i_13_n_0. Optimizations did not improve timing on the net.
INFO: [Physopt 32-702] Processed net design_1_i/hw0_0/inst/cycleEndTime_reg[16]_i_27_n_0. Optimizations did not improve timing on the net.
INFO: [Physopt 32-702] Processed net design_1_i/hw0_0/inst/cycleEndTime_reg[16]_i_47_n_0. Optimizations did not improve timing on the net.
INFO: [Physopt 32-702] Processed net design_1_i/hw0_0/inst/cycleEndTime_reg[16]_i_67_n_0. Optimizations did not improve timing on the net.
INFO: [Physopt 32-702] Processed net design_1_i/hw0_0/inst/cycleEndTime[16]_i_87_n_0. Optimizations did not improve timing on the net.
INFO: [Physopt 32-702] Processed net design_1_i/hw0_0/inst/cycleEndTime_reg[31]_i_5_0[15]. Optimizations did not improve timing on the net.
INFO: [Physopt 32-702] Processed net design_1_i/hw0_0/inst/cycleEndTime_reg[16]_i_10_n_0. Optimizations did not improve timing on the net.
INFO: [Physopt 32-702] Processed net design_1_i/hw0_0/inst/cycleEndTime_reg[16]_i_22_n_0. Optimizations did not improve timing on the net.
INFO: [Physopt 32-702] Processed net design_1_i/hw0_0/inst/cycleEndTime_reg[16]_i_42_n_0. Optimizations did not improve timing on the net.
INFO: [Physopt 32-702] Processed net design_1_i/hw0_0/inst/cycleEndTime_reg[16]_i_62_n_0. Optimizations did not improve timing on the net.
INFO: [Physopt 32-702] Processed net design_1_i/hw0_0/inst/cycleEndTime[16]_i_84_n_0. Optimizations did not improve timing on the net.
INFO: [Physopt 32-702] Processed net design_1_i/hw0_0/inst/cycleEndTime_reg[31]_i_5_0[16]. Optimizations did not improve timing on the net.
INFO: [Physopt 32-702] Processed net design_1_i/hw0_0/inst/cycleEndTime_reg[20]_i_19_n_0. Optimizations did not improve timing on the net.
INFO: [Physopt 32-702] Processed net design_1_i/hw0_0/inst/cycleEndTime_reg[20]_i_37_n_0. Optimizations did not improve timing on the net.
INFO: [Physopt 32-702] Processed net design_1_i/hw0_0/inst/cycleEndTime_reg[20]_i_57_n_0. Optimizations did not improve timing on the net.
INFO: [Physopt 32-702] Processed net design_1_i/hw0_0/inst/cycleEndTime_reg[20]_i_77_n_0. Optimizations did not improve timing on the net.
INFO: [Physopt 32-702] Processed net design_1_i/hw0_0/inst/cycleEndTime[20]_i_93_n_0. Optimizations did not improve timing on the net.
INFO: [Physopt 32-702] Processed net design_1_i/hw0_0/inst/cycleEndTime_reg[31]_i_5_0[17]. Optimizations did not improve timing on the net.
INFO: [Physopt 32-702] Processed net design_1_i/hw0_0/inst/cycleEndTime_reg[20]_i_16_n_0. Optimizations did not improve timing on the net.
INFO: [Physopt 32-702] Processed net design_1_i/hw0_0/inst/cycleEndTime_reg[20]_i_32_n_0. Optimizations did not improve timing on the net.
INFO: [Physopt 32-702] Processed net design_1_i/hw0_0/inst/cycleEndTime_reg[20]_i_52_n_0. Optimizations did not improve timing on the net.
INFO: [Physopt 32-702] Processed net design_1_i/hw0_0/inst/cycleEndTime_reg[20]_i_72_n_0. Optimizations did not improve timing on the net.
INFO: [Physopt 32-702] Processed net design_1_i/hw0_0/inst/cycleEndTime[20]_i_90_n_0. Optimizations did not improve timing on the net.
INFO: [Physopt 32-702] Processed net design_1_i/hw0_0/inst/cycleEndTime_reg[31]_i_5_0[18]. Optimizations did not improve timing on the net.
INFO: [Physopt 32-702] Processed net design_1_i/hw0_0/inst/cycleEndTime_reg[20]_i_13_n_0. Optimizations did not improve timing on the net.
INFO: [Physopt 32-702] Processed net design_1_i/hw0_0/inst/cycleEndTime_reg[20]_i_27_n_0. Optimizations did not improve timing on the net.
INFO: [Physopt 32-702] Processed net design_1_i/hw0_0/inst/cycleEndTime_reg[20]_i_47_n_0. Optimizations did not improve timing on the net.
INFO: [Physopt 32-702] Processed net design_1_i/hw0_0/inst/cycleEndTime_reg[20]_i_67_n_0. Optimizations did not improve timing on the net.
INFO: [Physopt 32-702] Processed net design_1_i/hw0_0/inst/cycleEndTime[20]_i_87_n_0. Optimizations did not improve timing on the net.
INFO: [Physopt 32-702] Processed net design_1_i/hw0_0/inst/cycleEndTime_reg[31]_i_5_0[19]. Optimizations did not improve timing on the net.
INFO: [Physopt 32-702] Processed net design_1_i/hw0_0/inst/cycleEndTime_reg[20]_i_10_n_0. Optimizations did not improve timing on the net.
INFO: [Physopt 32-702] Processed net design_1_i/hw0_0/inst/cycleEndTime_reg[20]_i_22_n_0. Optimizations did not improve timing on the net.
INFO: [Physopt 32-702] Processed net design_1_i/hw0_0/inst/cycleEndTime_reg[20]_i_42_n_0. Optimizations did not improve timing on the net.
INFO: [Physopt 32-702] Processed net design_1_i/hw0_0/inst/cycleEndTime_reg[20]_i_62_n_0. Optimizations did not improve timing on the net.
INFO: [Physopt 32-702] Processed net design_1_i/hw0_0/inst/cycleEndTime[20]_i_84_n_0. Optimizations did not improve timing on the net.
INFO: [Physopt 32-702] Processed net design_1_i/hw0_0/inst/cycleEndTime_reg[31]_i_5_0[20]. Optimizations did not improve timing on the net.
INFO: [Physopt 32-702] Processed net design_1_i/hw0_0/inst/cycleEndTime_reg[24]_i_19_n_0. Optimizations did not improve timing on the net.
INFO: [Physopt 32-702] Processed net design_1_i/hw0_0/inst/cycleEndTime_reg[24]_i_37_n_0. Optimizations did not improve timing on the net.
INFO: [Physopt 32-702] Processed net design_1_i/hw0_0/inst/cycleEndTime_reg[24]_i_57_n_0. Optimizations did not improve timing on the net.
INFO: [Physopt 32-702] Processed net design_1_i/hw0_0/inst/cycleEndTime_reg[24]_i_77_n_0. Optimizations did not improve timing on the net.
INFO: [Physopt 32-702] Processed net design_1_i/hw0_0/inst/cycleEndTime[24]_i_91_n_0. Optimizations did not improve timing on the net.
INFO: [Physopt 32-702] Processed net design_1_i/hw0_0/inst/cycleEndTime_reg[31]_i_5_0[21]. Optimizations did not improve timing on the net.
INFO: [Physopt 32-702] Processed net design_1_i/hw0_0/inst/cycleEndTime_reg[24]_i_16_n_0. Optimizations did not improve timing on the net.
INFO: [Physopt 32-702] Processed net design_1_i/hw0_0/inst/cycleEndTime_reg[24]_i_32_n_0. Optimizations did not improve timing on the net.
INFO: [Physopt 32-702] Processed net design_1_i/hw0_0/inst/cycleEndTime_reg[24]_i_52_n_0. Optimizations did not improve timing on the net.
INFO: [Physopt 32-702] Processed net design_1_i/hw0_0/inst/cycleEndTime[24]_i_75_n_0. Optimizations did not improve timing on the net.
INFO: [Physopt 32-702] Processed net design_1_i/hw0_0/inst/cycleEndTime_reg[31]_i_5_0[22]. Optimizations did not improve timing on the net.
INFO: [Physopt 32-702] Processed net design_1_i/hw0_0/inst/cycleEndTime_reg[24]_i_13_n_0. Optimizations did not improve timing on the net.
INFO: [Physopt 32-702] Processed net design_1_i/hw0_0/inst/cycleEndTime_reg[24]_i_27_n_0. Optimizations did not improve timing on the net.
INFO: [Physopt 32-702] Processed net design_1_i/hw0_0/inst/cycleEndTime_reg[24]_i_47_n_0. Optimizations did not improve timing on the net.
INFO: [Physopt 32-702] Processed net design_1_i/hw0_0/inst/cycleEndTime_reg[24]_i_67_n_0. Optimizations did not improve timing on the net.
INFO: [Physopt 32-702] Processed net design_1_i/hw0_0/inst/cycleEndTime[24]_i_87_n_0. Optimizations did not improve timing on the net.
INFO: [Physopt 32-702] Processed net design_1_i/hw0_0/inst/cycleEndTime_reg[31]_i_5_0[23]. Optimizations did not improve timing on the net.
INFO: [Physopt 32-702] Processed net design_1_i/hw0_0/inst/cycleEndTime_reg[24]_i_10_n_0. Optimizations did not improve timing on the net.
INFO: [Physopt 32-702] Processed net design_1_i/hw0_0/inst/cycleEndTime_reg[24]_i_22_n_0. Optimizations did not improve timing on the net.
INFO: [Physopt 32-702] Processed net design_1_i/hw0_0/inst/cycleEndTime_reg[24]_i_42_n_0. Optimizations did not improve timing on the net.
INFO: [Physopt 32-702] Processed net design_1_i/hw0_0/inst/cycleEndTime_reg[24]_i_62_n_0. Optimizations did not improve timing on the net.
INFO: [Physopt 32-702] Processed net design_1_i/hw0_0/inst/cycleEndTime[24]_i_84_n_0. Optimizations did not improve timing on the net.
INFO: [Physopt 32-702] Processed net design_1_i/hw0_0/inst/cycleEndTime_reg[31]_i_5_0[24]. Optimizations did not improve timing on the net.
INFO: [Physopt 32-702] Processed net design_1_i/hw0_0/inst/cycleEndTime_reg[31]_i_5_n_0. Optimizations did not improve timing on the net.
INFO: [Physopt 32-702] Processed net design_1_i/hw0_0/inst/cycleEndTime_reg[31]_i_6_n_0. Optimizations did not improve timing on the net.
INFO: [Physopt 32-702] Processed net design_1_i/hw0_0/inst/cycleEndTime_reg[31]_i_15_n_0. Optimizations did not improve timing on the net.
INFO: [Physopt 32-702] Processed net design_1_i/hw0_0/inst/cycleEndTime_reg[31]_i_24_n_0. Optimizations did not improve timing on the net.
INFO: [Physopt 32-702] Processed net design_1_i/hw0_0/inst/cycleEndTime[31]_i_39_n_0. Optimizations did not improve timing on the net.
INFO: [Physopt 32-702] Processed net design_1_i/hw0_0/inst/cycleEndTime0[31]. Optimizations did not improve timing on the net.
INFO: [Physopt 32-702] Processed net design_1_i/hw0_0/inst/cycleEndTime2_n_80. Optimizations did not improve timing on the net.
INFO: [Physopt 32-663] Processed net design_1_i/axi_bram_ctrl_0/U0/gext_inst.abcv4_0_ext_inst/GEN_AXI4.I_FULL_AXI/BRAM_Addr_A[3]_repN.  Re-placed instance design_1_i/axi_bram_ctrl_0/U0/gext_inst.abcv4_0_ext_inst/GEN_AXI4.I_FULL_AXI/ADDR_SNG_PORT.bram_addr_int_reg[5]_replica
INFO: [Physopt 32-735] Processed net design_1_i/axi_bram_ctrl_0/U0/gext_inst.abcv4_0_ext_inst/GEN_AXI4.I_FULL_AXI/BRAM_Addr_A[3]_repN. Optimization improves timing on the net.
INFO: [Physopt 32-619] Estimated Timing Summary | WNS=-45.461 | TNS=-61044.550 |
INFO: [Physopt 32-663] Processed net design_1_i/hw0_0/inst/mem_reg_n_0_[1609][17].  Re-placed instance design_1_i/hw0_0/inst/mem_reg[1609][17]
INFO: [Physopt 32-735] Processed net design_1_i/hw0_0/inst/mem_reg_n_0_[1609][17]. Optimization improves timing on the net.
INFO: [Physopt 32-619] Estimated Timing Summary | WNS=-45.461 | TNS=-61044.491 |
INFO: [Physopt 32-663] Processed net design_1_i/hw0_0/inst/mem_reg_n_0_[1609][18].  Re-placed instance design_1_i/hw0_0/inst/mem_reg[1609][18]
INFO: [Physopt 32-735] Processed net design_1_i/hw0_0/inst/mem_reg_n_0_[1609][18]. Optimization improves timing on the net.
INFO: [Physopt 32-619] Estimated Timing Summary | WNS=-45.461 | TNS=-61044.433 |
INFO: [Physopt 32-663] Processed net design_1_i/hw0_0/inst/mem_reg_n_0_[1609][19].  Re-placed instance design_1_i/hw0_0/inst/mem_reg[1609][19]
INFO: [Physopt 32-735] Processed net design_1_i/hw0_0/inst/mem_reg_n_0_[1609][19]. Optimization improves timing on the net.
INFO: [Physopt 32-619] Estimated Timing Summary | WNS=-45.461 | TNS=-61044.375 |
INFO: [Physopt 32-663] Processed net design_1_i/hw0_0/inst/mem_reg_n_0_[1609][20].  Re-placed instance design_1_i/hw0_0/inst/mem_reg[1609][20]
INFO: [Physopt 32-735] Processed net design_1_i/hw0_0/inst/mem_reg_n_0_[1609][20]. Optimization improves timing on the net.
INFO: [Physopt 32-619] Estimated Timing Summary | WNS=-45.461 | TNS=-61044.317 |
INFO: [Physopt 32-663] Processed net design_1_i/hw0_0/inst/mem_reg_n_0_[1609][21].  Re-placed instance design_1_i/hw0_0/inst/mem_reg[1609][21]
INFO: [Physopt 32-735] Processed net design_1_i/hw0_0/inst/mem_reg_n_0_[1609][21]. Optimization improves timing on the net.
INFO: [Physopt 32-619] Estimated Timing Summary | WNS=-45.461 | TNS=-61044.258 |
INFO: [Physopt 32-663] Processed net design_1_i/hw0_0/inst/mem_reg_n_0_[1609][22].  Re-placed instance design_1_i/hw0_0/inst/mem_reg[1609][22]
INFO: [Physopt 32-735] Processed net design_1_i/hw0_0/inst/mem_reg_n_0_[1609][22]. Optimization improves timing on the net.
INFO: [Physopt 32-619] Estimated Timing Summary | WNS=-45.461 | TNS=-61044.200 |
INFO: [Physopt 32-663] Processed net design_1_i/hw0_0/inst/mem_reg_n_0_[1609][23].  Re-placed instance design_1_i/hw0_0/inst/mem_reg[1609][23]
INFO: [Physopt 32-735] Processed net design_1_i/hw0_0/inst/mem_reg_n_0_[1609][23]. Optimization improves timing on the net.
INFO: [Physopt 32-619] Estimated Timing Summary | WNS=-45.461 | TNS=-61044.142 |
INFO: [Physopt 32-663] Processed net design_1_i/hw0_0/inst/mem_reg_n_0_[1661][17].  Re-placed instance design_1_i/hw0_0/inst/mem_reg[1661][17]
INFO: [Physopt 32-735] Processed net design_1_i/hw0_0/inst/mem_reg_n_0_[1661][17]. Optimization improves timing on the net.
INFO: [Physopt 32-619] Estimated Timing Summary | WNS=-45.461 | TNS=-61044.047 |
INFO: [Physopt 32-663] Processed net design_1_i/hw0_0/inst/mem_reg_n_0_[1661][19].  Re-placed instance design_1_i/hw0_0/inst/mem_reg[1661][19]
INFO: [Physopt 32-735] Processed net design_1_i/hw0_0/inst/mem_reg_n_0_[1661][19]. Optimization improves timing on the net.
INFO: [Physopt 32-619] Estimated Timing Summary | WNS=-45.461 | TNS=-61043.960 |
INFO: [Physopt 32-702] Processed net design_1_i/hw0_0/inst/cycleEndTime_reg_n_0_[31]. Optimizations did not improve timing on the net.
INFO: [Physopt 32-702] Processed net design_1_i/clk_wiz_1/inst/clk_out2_design_1_clk_wiz_1_0. Optimizations did not improve timing on the net.
INFO: [Physopt 32-702] Processed net design_1_i/hw0_0/inst/cycleEndTime1[0]. Optimizations did not improve timing on the net.
INFO: [Physopt 32-702] Processed net design_1_i/hw0_0/inst/cycleEndTime[4]_i_103_n_0. Optimizations did not improve timing on the net.
INFO: [Physopt 32-702] Processed net design_1_i/hw0_0/inst/cycleEndTime_reg[31]_i_5_0[0]. Optimizations did not improve timing on the net.
INFO: [Physopt 32-702] Processed net design_1_i/hw0_0/inst/cycleEndTime[4]_i_115_n_0. Optimizations did not improve timing on the net.
INFO: [Physopt 32-702] Processed net design_1_i/hw0_0/inst/cycleEndTime_reg[31]_i_5_0[1]. Optimizations did not improve timing on the net.
INFO: [Physopt 32-702] Processed net design_1_i/hw0_0/inst/cycleEndTime[4]_i_112_n_0. Optimizations did not improve timing on the net.
INFO: [Physopt 32-702] Processed net design_1_i/hw0_0/inst/cycleEndTime_reg[31]_i_5_0[2]. Optimizations did not improve timing on the net.
INFO: [Physopt 32-702] Processed net design_1_i/hw0_0/inst/cycleEndTime[4]_i_109_n_0. Optimizations did not improve timing on the net.
INFO: [Physopt 32-702] Processed net design_1_i/hw0_0/inst/cycleEndTime_reg[31]_i_5_0[3]. Optimizations did not improve timing on the net.
INFO: [Physopt 32-702] Processed net design_1_i/hw0_0/inst/cycleEndTime[4]_i_106_n_0. Optimizations did not improve timing on the net.
INFO: [Physopt 32-702] Processed net design_1_i/hw0_0/inst/cycleEndTime_reg[31]_i_5_0[4]. Optimizations did not improve timing on the net.
INFO: [Physopt 32-702] Processed net design_1_i/hw0_0/inst/cycleEndTime[8]_i_93_n_0. Optimizations did not improve timing on the net.
INFO: [Physopt 32-702] Processed net design_1_i/hw0_0/inst/cycleEndTime_reg[31]_i_5_0[5]. Optimizations did not improve timing on the net.
INFO: [Physopt 32-702] Processed net design_1_i/hw0_0/inst/cycleEndTime[8]_i_90_n_0. Optimizations did not improve timing on the net.
INFO: [Physopt 32-702] Processed net design_1_i/hw0_0/inst/cycleEndTime_reg[31]_i_5_0[6]. Optimizations did not improve timing on the net.
INFO: [Physopt 32-702] Processed net design_1_i/hw0_0/inst/cycleEndTime[8]_i_87_n_0. Optimizations did not improve timing on the net.
INFO: [Physopt 32-702] Processed net design_1_i/hw0_0/inst/cycleEndTime_reg[31]_i_5_0[7]. Optimizations did not improve timing on the net.
INFO: [Physopt 32-702] Processed net design_1_i/hw0_0/inst/cycleEndTime[8]_i_84_n_0. Optimizations did not improve timing on the net.
INFO: [Physopt 32-702] Processed net design_1_i/hw0_0/inst/cycleEndTime_reg[31]_i_5_0[8]. Optimizations did not improve timing on the net.
INFO: [Physopt 32-702] Processed net design_1_i/hw0_0/inst/cycleEndTime[12]_i_93_n_0. Optimizations did not improve timing on the net.
INFO: [Physopt 32-702] Processed net design_1_i/hw0_0/inst/cycleEndTime_reg[31]_i_5_0[9]. Optimizations did not improve timing on the net.
INFO: [Physopt 32-702] Processed net design_1_i/hw0_0/inst/cycleEndTime[12]_i_90_n_0. Optimizations did not improve timing on the net.
INFO: [Physopt 32-702] Processed net design_1_i/hw0_0/inst/cycleEndTime_reg[31]_i_5_0[10]. Optimizations did not improve timing on the net.
INFO: [Physopt 32-702] Processed net design_1_i/hw0_0/inst/cycleEndTime[12]_i_87_n_0. Optimizations did not improve timing on the net.
INFO: [Physopt 32-702] Processed net design_1_i/hw0_0/inst/cycleEndTime_reg[31]_i_5_0[11]. Optimizations did not improve timing on the net.
INFO: [Physopt 32-702] Processed net design_1_i/hw0_0/inst/cycleEndTime[12]_i_84_n_0. Optimizations did not improve timing on the net.
INFO: [Physopt 32-702] Processed net design_1_i/hw0_0/inst/cycleEndTime_reg[31]_i_5_0[12]. Optimizations did not improve timing on the net.
INFO: [Physopt 32-702] Processed net design_1_i/hw0_0/inst/cycleEndTime[16]_i_93_n_0. Optimizations did not improve timing on the net.
INFO: [Physopt 32-702] Processed net design_1_i/hw0_0/inst/cycleEndTime_reg[31]_i_5_0[13]. Optimizations did not improve timing on the net.
INFO: [Physopt 32-702] Processed net design_1_i/hw0_0/inst/cycleEndTime[16]_i_90_n_0. Optimizations did not improve timing on the net.
INFO: [Physopt 32-702] Processed net design_1_i/hw0_0/inst/cycleEndTime_reg[31]_i_5_0[14]. Optimizations did not improve timing on the net.
INFO: [Physopt 32-702] Processed net design_1_i/hw0_0/inst/cycleEndTime[16]_i_87_n_0. Optimizations did not improve timing on the net.
INFO: [Physopt 32-702] Processed net design_1_i/hw0_0/inst/cycleEndTime_reg[31]_i_5_0[15]. Optimizations did not improve timing on the net.
INFO: [Physopt 32-702] Processed net design_1_i/hw0_0/inst/cycleEndTime[16]_i_84_n_0. Optimizations did not improve timing on the net.
INFO: [Physopt 32-702] Processed net design_1_i/hw0_0/inst/cycleEndTime_reg[31]_i_5_0[16]. Optimizations did not improve timing on the net.
INFO: [Physopt 32-702] Processed net design_1_i/hw0_0/inst/cycleEndTime[20]_i_93_n_0. Optimizations did not improve timing on the net.
INFO: [Physopt 32-702] Processed net design_1_i/hw0_0/inst/cycleEndTime_reg[31]_i_5_0[17]. Optimizations did not improve timing on the net.
INFO: [Physopt 32-702] Processed net design_1_i/hw0_0/inst/cycleEndTime[20]_i_90_n_0. Optimizations did not improve timing on the net.
INFO: [Physopt 32-702] Processed net design_1_i/hw0_0/inst/cycleEndTime_reg[31]_i_5_0[18]. Optimizations did not improve timing on the net.
INFO: [Physopt 32-702] Processed net design_1_i/hw0_0/inst/cycleEndTime[20]_i_87_n_0. Optimizations did not improve timing on the net.
INFO: [Physopt 32-702] Processed net design_1_i/hw0_0/inst/cycleEndTime_reg[31]_i_5_0[19]. Optimizations did not improve timing on the net.
INFO: [Physopt 32-702] Processed net design_1_i/hw0_0/inst/cycleEndTime[20]_i_84_n_0. Optimizations did not improve timing on the net.
INFO: [Physopt 32-702] Processed net design_1_i/hw0_0/inst/cycleEndTime_reg[31]_i_5_0[20]. Optimizations did not improve timing on the net.
INFO: [Physopt 32-702] Processed net design_1_i/hw0_0/inst/cycleEndTime[24]_i_91_n_0. Optimizations did not improve timing on the net.
INFO: [Physopt 32-702] Processed net design_1_i/hw0_0/inst/cycleEndTime_reg[31]_i_5_0[21]. Optimizations did not improve timing on the net.
INFO: [Physopt 32-702] Processed net design_1_i/hw0_0/inst/cycleEndTime[24]_i_75_n_0. Optimizations did not improve timing on the net.
INFO: [Physopt 32-702] Processed net design_1_i/hw0_0/inst/cycleEndTime_reg[31]_i_5_0[22]. Optimizations did not improve timing on the net.
INFO: [Physopt 32-702] Processed net design_1_i/hw0_0/inst/cycleEndTime[24]_i_87_n_0. Optimizations did not improve timing on the net.
INFO: [Physopt 32-702] Processed net design_1_i/hw0_0/inst/cycleEndTime_reg[31]_i_5_0[23]. Optimizations did not improve timing on the net.
INFO: [Physopt 32-702] Processed net design_1_i/hw0_0/inst/cycleEndTime[24]_i_84_n_0. Optimizations did not improve timing on the net.
INFO: [Physopt 32-702] Processed net design_1_i/hw0_0/inst/cycleEndTime_reg[31]_i_5_0[24]. Optimizations did not improve timing on the net.
INFO: [Physopt 32-702] Processed net design_1_i/hw0_0/inst/cycleEndTime[31]_i_39_n_0. Optimizations did not improve timing on the net.
INFO: [Physopt 32-702] Processed net design_1_i/hw0_0/inst/cycleEndTime0[31]. Optimizations did not improve timing on the net.
INFO: [Physopt 32-702] Processed net design_1_i/hw0_0/inst/cycleEndTime2_n_80. Optimizations did not improve timing on the net.
INFO: [Physopt 32-663] Processed net design_1_i/hw0_0/inst/mem_reg_n_0_[1661][21].  Re-placed instance design_1_i/hw0_0/inst/mem_reg[1661][21]
INFO: [Physopt 32-735] Processed net design_1_i/hw0_0/inst/mem_reg_n_0_[1661][21]. Optimization improves timing on the net.
INFO: [Physopt 32-619] Estimated Timing Summary | WNS=-45.461 | TNS=-61043.866 |
INFO: [Physopt 32-702] Processed net design_1_i/hw0_0/inst/mem_reg_n_0_[1661][22]. Optimizations did not improve timing on the net.
INFO: [Physopt 32-702] Processed net design_1_i/clk_wiz_1/inst/clk_out1_design_1_clk_wiz_1_0. Optimizations did not improve timing on the net.
INFO: [Physopt 32-702] Processed net design_1_i/hw0_0/inst/mem[1609][23]_i_2_n_0. Optimizations did not improve timing on the net.
INFO: [Physopt 32-663] Processed net design_1_i/axi_bram_ctrl_0/U0/gext_inst.abcv4_0_ext_inst/GEN_AXI4.I_FULL_AXI/GEN_ARB.I_SNG_PORT/bram_we_a[2].  Re-placed instance design_1_i/axi_bram_ctrl_0/U0/gext_inst.abcv4_0_ext_inst/GEN_AXI4.I_FULL_AXI/GEN_ARB.I_SNG_PORT/bram_we_a[2]_INST_0
INFO: [Physopt 32-735] Processed net design_1_i/axi_bram_ctrl_0/U0/gext_inst.abcv4_0_ext_inst/GEN_AXI4.I_FULL_AXI/GEN_ARB.I_SNG_PORT/bram_we_a[2]. Optimization improves timing on the net.
INFO: [Physopt 32-619] Estimated Timing Summary | WNS=-45.461 | TNS=-60478.931 |
INFO: [Physopt 32-702] Processed net design_1_i/hw0_0/inst/mem_reg_n_0_[1797][17]. Optimizations did not improve timing on the net.
INFO: [Physopt 32-663] Processed net design_1_i/hw0_0/inst/mem[1820][23]_i_2_n_0.  Re-placed instance design_1_i/hw0_0/inst/mem[1820][23]_i_2
INFO: [Physopt 32-735] Processed net design_1_i/hw0_0/inst/mem[1820][23]_i_2_n_0. Optimization improves timing on the net.
INFO: [Physopt 32-619] Estimated Timing Summary | WNS=-45.461 | TNS=-60177.765 |
INFO: [Physopt 32-663] Processed net design_1_i/axi_bram_ctrl_0/U0/gext_inst.abcv4_0_ext_inst/GEN_AXI4.I_FULL_AXI/I_WR_CHNL/bram_en_a.  Re-placed instance design_1_i/axi_bram_ctrl_0/U0/gext_inst.abcv4_0_ext_inst/GEN_AXI4.I_FULL_AXI/I_WR_CHNL/bram_en_a_INST_0
INFO: [Physopt 32-735] Processed net design_1_i/axi_bram_ctrl_0/U0/gext_inst.abcv4_0_ext_inst/GEN_AXI4.I_FULL_AXI/I_WR_CHNL/bram_en_a. Optimization improves timing on the net.
INFO: [Physopt 32-619] Estimated Timing Summary | WNS=-45.461 | TNS=-59781.014 |
INFO: [Physopt 32-663] Processed net design_1_i/axi_bram_ctrl_0/U0/gext_inst.abcv4_0_ext_inst/GEN_AXI4.I_FULL_AXI/BRAM_Addr_A[2]_repN_3.  Re-placed instance design_1_i/axi_bram_ctrl_0/U0/gext_inst.abcv4_0_ext_inst/GEN_AXI4.I_FULL_AXI/ADDR_SNG_PORT.bram_addr_int_reg[4]_replica_3
INFO: [Physopt 32-735] Processed net design_1_i/axi_bram_ctrl_0/U0/gext_inst.abcv4_0_ext_inst/GEN_AXI4.I_FULL_AXI/BRAM_Addr_A[2]_repN_3. Optimization improves timing on the net.
INFO: [Physopt 32-619] Estimated Timing Summary | WNS=-45.461 | TNS=-59780.283 |
INFO: [Physopt 32-702] Processed net design_1_i/axi_bram_ctrl_0/U0/gext_inst.abcv4_0_ext_inst/GEN_AXI4.I_FULL_AXI/I_WR_CHNL/bram_en_a. Optimizations did not improve timing on the net.
INFO: [Physopt 32-663] Processed net design_1_i/hw0_0/inst/mem[1661][23]_i_1_n_0.  Re-placed instance design_1_i/hw0_0/inst/mem[1661][23]_i_1
INFO: [Physopt 32-735] Processed net design_1_i/hw0_0/inst/mem[1661][23]_i_1_n_0. Optimization improves timing on the net.
INFO: [Physopt 32-619] Estimated Timing Summary | WNS=-45.461 | TNS=-59779.231 |
INFO: [Physopt 32-663] Processed net design_1_i/hw0_0/inst/mem_reg_n_0_[1627][16].  Re-placed instance design_1_i/hw0_0/inst/mem_reg[1627][16]
INFO: [Physopt 32-735] Processed net design_1_i/hw0_0/inst/mem_reg_n_0_[1627][16]. Optimization improves timing on the net.
INFO: [Physopt 32-619] Estimated Timing Summary | WNS=-45.461 | TNS=-59779.220 |
INFO: [Physopt 32-663] Processed net design_1_i/hw0_0/inst/mem_reg_n_0_[1627][17].  Re-placed instance design_1_i/hw0_0/inst/mem_reg[1627][17]
INFO: [Physopt 32-735] Processed net design_1_i/hw0_0/inst/mem_reg_n_0_[1627][17]. Optimization improves timing on the net.
INFO: [Physopt 32-619] Estimated Timing Summary | WNS=-45.461 | TNS=-59779.206 |
INFO: [Physopt 32-663] Processed net design_1_i/hw0_0/inst/mem_reg_n_0_[1627][18].  Re-placed instance design_1_i/hw0_0/inst/mem_reg[1627][18]
INFO: [Physopt 32-735] Processed net design_1_i/hw0_0/inst/mem_reg_n_0_[1627][18]. Optimization improves timing on the net.
INFO: [Physopt 32-619] Estimated Timing Summary | WNS=-45.461 | TNS=-59779.191 |
INFO: [Physopt 32-663] Processed net design_1_i/hw0_0/inst/mem_reg_n_0_[1627][19].  Re-placed instance design_1_i/hw0_0/inst/mem_reg[1627][19]
INFO: [Physopt 32-735] Processed net design_1_i/hw0_0/inst/mem_reg_n_0_[1627][19]. Optimization improves timing on the net.
INFO: [Physopt 32-619] Estimated Timing Summary | WNS=-45.461 | TNS=-59779.177 |
INFO: [Physopt 32-663] Processed net design_1_i/hw0_0/inst/mem_reg_n_0_[1627][20].  Re-placed instance design_1_i/hw0_0/inst/mem_reg[1627][20]
INFO: [Physopt 32-735] Processed net design_1_i/hw0_0/inst/mem_reg_n_0_[1627][20]. Optimization improves timing on the net.
INFO: [Physopt 32-619] Estimated Timing Summary | WNS=-45.461 | TNS=-59779.162 |
INFO: [Physopt 32-663] Processed net design_1_i/hw0_0/inst/mem_reg_n_0_[1627][21].  Re-placed instance design_1_i/hw0_0/inst/mem_reg[1627][21]
INFO: [Physopt 32-735] Processed net design_1_i/hw0_0/inst/mem_reg_n_0_[1627][21]. Optimization improves timing on the net.
INFO: [Physopt 32-619] Estimated Timing Summary | WNS=-45.461 | TNS=-59779.148 |
INFO: [Physopt 32-619] Estimated Timing Summary | WNS=-45.461 | TNS=-59779.148 |
Phase 3 Critical Path Optimization | Checksum: 12cfd508f

Time (s): cpu = 00:00:14 ; elapsed = 00:00:08 . Memory (MB): peak = 3435.402 ; gain = 29.855

Phase 4 Critical Path Optimization
INFO: [Physopt 32-619] Estimated Timing Summary | WNS=-45.461 | TNS=-59779.148 |
INFO: [Physopt 32-702] Processed net design_1_i/hw0_0/inst/cycleEndTime_reg_n_0_[31]. Optimizations did not improve timing on the net.
INFO: [Physopt 32-702] Processed net design_1_i/clk_wiz_1/inst/clk_out2_design_1_clk_wiz_1_0. Optimizations did not improve timing on the net.
INFO: [Physopt 32-702] Processed net design_1_i/hw0_0/inst/cycleEndTime_reg[24]_i_1_n_0. Optimizations did not improve timing on the net.
INFO: [Physopt 32-702] Processed net design_1_i/hw0_0/inst/cycleEndTime_reg[20]_i_1_n_0. Optimizations did not improve timing on the net.
INFO: [Physopt 32-702] Processed net design_1_i/hw0_0/inst/cycleEndTime_reg[16]_i_1_n_0. Optimizations did not improve timing on the net.
INFO: [Physopt 32-702] Processed net design_1_i/hw0_0/inst/cycleEndTime_reg[12]_i_1_n_0. Optimizations did not improve timing on the net.
INFO: [Physopt 32-702] Processed net design_1_i/hw0_0/inst/cycleEndTime_reg[8]_i_1_n_0. Optimizations did not improve timing on the net.
INFO: [Physopt 32-702] Processed net design_1_i/hw0_0/inst/cycleEndTime_reg[4]_i_1_n_0. Optimizations did not improve timing on the net.
INFO: [Physopt 32-702] Processed net design_1_i/hw0_0/inst/cycleEndTime1[0]. Optimizations did not improve timing on the net.
INFO: [Physopt 32-702] Processed net design_1_i/hw0_0/inst/cycleEndTime_reg[4]_i_11_n_0. Optimizations did not improve timing on the net.
INFO: [Physopt 32-702] Processed net design_1_i/hw0_0/inst/cycleEndTime_reg[4]_i_25_n_0. Optimizations did not improve timing on the net.
INFO: [Physopt 32-702] Processed net design_1_i/hw0_0/inst/cycleEndTime_reg[4]_i_50_n_0. Optimizations did not improve timing on the net.
INFO: [Physopt 32-702] Processed net design_1_i/hw0_0/inst/cycleEndTime_reg[4]_i_75_n_0. Optimizations did not improve timing on the net.
INFO: [Physopt 32-702] Processed net design_1_i/hw0_0/inst/cycleEndTime[4]_i_103_n_0. Optimizations did not improve timing on the net.
INFO: [Physopt 32-702] Processed net design_1_i/hw0_0/inst/cycleEndTime_reg[31]_i_5_0[0]. Optimizations did not improve timing on the net.
INFO: [Physopt 32-702] Processed net design_1_i/hw0_0/inst/cycleEndTime_reg[4]_i_22_n_0. Optimizations did not improve timing on the net.
INFO: [Physopt 32-702] Processed net design_1_i/hw0_0/inst/cycleEndTime_reg[4]_i_45_n_0. Optimizations did not improve timing on the net.
INFO: [Physopt 32-702] Processed net design_1_i/hw0_0/inst/cycleEndTime_reg[4]_i_70_n_0. Optimizations did not improve timing on the net.
INFO: [Physopt 32-702] Processed net design_1_i/hw0_0/inst/cycleEndTime_reg[4]_i_95_n_0. Optimizations did not improve timing on the net.
INFO: [Physopt 32-702] Processed net design_1_i/hw0_0/inst/cycleEndTime[4]_i_115_n_0. Optimizations did not improve timing on the net.
INFO: [Physopt 32-702] Processed net design_1_i/hw0_0/inst/cycleEndTime_reg[31]_i_5_0[1]. Optimizations did not improve timing on the net.
INFO: [Physopt 32-702] Processed net design_1_i/hw0_0/inst/cycleEndTime_reg[4]_i_19_n_0. Optimizations did not improve timing on the net.
INFO: [Physopt 32-702] Processed net design_1_i/hw0_0/inst/cycleEndTime_reg[4]_i_40_n_0. Optimizations did not improve timing on the net.
INFO: [Physopt 32-702] Processed net design_1_i/hw0_0/inst/cycleEndTime_reg[4]_i_65_n_0. Optimizations did not improve timing on the net.
INFO: [Physopt 32-702] Processed net design_1_i/hw0_0/inst/cycleEndTime_reg[4]_i_90_n_0. Optimizations did not improve timing on the net.
INFO: [Physopt 32-702] Processed net design_1_i/hw0_0/inst/cycleEndTime[4]_i_112_n_0. Optimizations did not improve timing on the net.
INFO: [Physopt 32-702] Processed net design_1_i/hw0_0/inst/cycleEndTime_reg[31]_i_5_0[2]. Optimizations did not improve timing on the net.
INFO: [Physopt 32-702] Processed net design_1_i/hw0_0/inst/cycleEndTime_reg[4]_i_16_n_0. Optimizations did not improve timing on the net.
INFO: [Physopt 32-702] Processed net design_1_i/hw0_0/inst/cycleEndTime_reg[4]_i_35_n_0. Optimizations did not improve timing on the net.
INFO: [Physopt 32-702] Processed net design_1_i/hw0_0/inst/cycleEndTime_reg[4]_i_60_n_0. Optimizations did not improve timing on the net.
INFO: [Physopt 32-702] Processed net design_1_i/hw0_0/inst/cycleEndTime_reg[4]_i_85_n_0. Optimizations did not improve timing on the net.
INFO: [Physopt 32-702] Processed net design_1_i/hw0_0/inst/cycleEndTime[4]_i_109_n_0. Optimizations did not improve timing on the net.
INFO: [Physopt 32-702] Processed net design_1_i/hw0_0/inst/cycleEndTime_reg[31]_i_5_0[3]. Optimizations did not improve timing on the net.
INFO: [Physopt 32-702] Processed net design_1_i/hw0_0/inst/cycleEndTime_reg[4]_i_13_n_0. Optimizations did not improve timing on the net.
INFO: [Physopt 32-702] Processed net design_1_i/hw0_0/inst/cycleEndTime_reg[4]_i_30_n_0. Optimizations did not improve timing on the net.
INFO: [Physopt 32-702] Processed net design_1_i/hw0_0/inst/cycleEndTime_reg[4]_i_55_n_0. Optimizations did not improve timing on the net.
INFO: [Physopt 32-702] Processed net design_1_i/hw0_0/inst/cycleEndTime_reg[4]_i_80_n_0. Optimizations did not improve timing on the net.
INFO: [Physopt 32-702] Processed net design_1_i/hw0_0/inst/cycleEndTime[4]_i_106_n_0. Optimizations did not improve timing on the net.
INFO: [Physopt 32-702] Processed net design_1_i/hw0_0/inst/cycleEndTime_reg[31]_i_5_0[4]. Optimizations did not improve timing on the net.
INFO: [Physopt 32-702] Processed net design_1_i/hw0_0/inst/cycleEndTime_reg[8]_i_19_n_0. Optimizations did not improve timing on the net.
INFO: [Physopt 32-702] Processed net design_1_i/hw0_0/inst/cycleEndTime_reg[8]_i_37_n_0. Optimizations did not improve timing on the net.
INFO: [Physopt 32-702] Processed net design_1_i/hw0_0/inst/cycleEndTime_reg[8]_i_57_n_0. Optimizations did not improve timing on the net.
INFO: [Physopt 32-702] Processed net design_1_i/hw0_0/inst/cycleEndTime_reg[8]_i_77_n_0. Optimizations did not improve timing on the net.
INFO: [Physopt 32-702] Processed net design_1_i/hw0_0/inst/cycleEndTime[8]_i_93_n_0. Optimizations did not improve timing on the net.
INFO: [Physopt 32-702] Processed net design_1_i/hw0_0/inst/cycleEndTime_reg[31]_i_5_0[5]. Optimizations did not improve timing on the net.
INFO: [Physopt 32-702] Processed net design_1_i/hw0_0/inst/cycleEndTime_reg[8]_i_16_n_0. Optimizations did not improve timing on the net.
INFO: [Physopt 32-702] Processed net design_1_i/hw0_0/inst/cycleEndTime_reg[8]_i_32_n_0. Optimizations did not improve timing on the net.
INFO: [Physopt 32-702] Processed net design_1_i/hw0_0/inst/cycleEndTime_reg[8]_i_52_n_0. Optimizations did not improve timing on the net.
INFO: [Physopt 32-702] Processed net design_1_i/hw0_0/inst/cycleEndTime_reg[8]_i_72_n_0. Optimizations did not improve timing on the net.
INFO: [Physopt 32-702] Processed net design_1_i/hw0_0/inst/cycleEndTime[8]_i_90_n_0. Optimizations did not improve timing on the net.
INFO: [Physopt 32-702] Processed net design_1_i/hw0_0/inst/cycleEndTime_reg[31]_i_5_0[6]. Optimizations did not improve timing on the net.
INFO: [Physopt 32-702] Processed net design_1_i/hw0_0/inst/cycleEndTime_reg[8]_i_13_n_0. Optimizations did not improve timing on the net.
INFO: [Physopt 32-702] Processed net design_1_i/hw0_0/inst/cycleEndTime_reg[8]_i_27_n_0. Optimizations did not improve timing on the net.
INFO: [Physopt 32-702] Processed net design_1_i/hw0_0/inst/cycleEndTime_reg[8]_i_47_n_0. Optimizations did not improve timing on the net.
INFO: [Physopt 32-702] Processed net design_1_i/hw0_0/inst/cycleEndTime_reg[8]_i_67_n_0. Optimizations did not improve timing on the net.
INFO: [Physopt 32-702] Processed net design_1_i/hw0_0/inst/cycleEndTime[8]_i_87_n_0. Optimizations did not improve timing on the net.
INFO: [Physopt 32-702] Processed net design_1_i/hw0_0/inst/cycleEndTime_reg[31]_i_5_0[7]. Optimizations did not improve timing on the net.
INFO: [Physopt 32-702] Processed net design_1_i/hw0_0/inst/cycleEndTime_reg[8]_i_10_n_0. Optimizations did not improve timing on the net.
INFO: [Physopt 32-702] Processed net design_1_i/hw0_0/inst/cycleEndTime_reg[8]_i_22_n_0. Optimizations did not improve timing on the net.
INFO: [Physopt 32-702] Processed net design_1_i/hw0_0/inst/cycleEndTime_reg[8]_i_42_n_0. Optimizations did not improve timing on the net.
INFO: [Physopt 32-702] Processed net design_1_i/hw0_0/inst/cycleEndTime_reg[8]_i_62_n_0. Optimizations did not improve timing on the net.
INFO: [Physopt 32-702] Processed net design_1_i/hw0_0/inst/cycleEndTime[8]_i_84_n_0. Optimizations did not improve timing on the net.
INFO: [Physopt 32-702] Processed net design_1_i/hw0_0/inst/cycleEndTime_reg[31]_i_5_0[8]. Optimizations did not improve timing on the net.
INFO: [Physopt 32-702] Processed net design_1_i/hw0_0/inst/cycleEndTime_reg[12]_i_19_n_0. Optimizations did not improve timing on the net.
INFO: [Physopt 32-702] Processed net design_1_i/hw0_0/inst/cycleEndTime_reg[12]_i_37_n_0. Optimizations did not improve timing on the net.
INFO: [Physopt 32-702] Processed net design_1_i/hw0_0/inst/cycleEndTime_reg[12]_i_57_n_0. Optimizations did not improve timing on the net.
INFO: [Physopt 32-702] Processed net design_1_i/hw0_0/inst/cycleEndTime_reg[12]_i_77_n_0. Optimizations did not improve timing on the net.
INFO: [Physopt 32-702] Processed net design_1_i/hw0_0/inst/cycleEndTime[12]_i_93_n_0. Optimizations did not improve timing on the net.
INFO: [Physopt 32-702] Processed net design_1_i/hw0_0/inst/cycleEndTime_reg[31]_i_5_0[9]. Optimizations did not improve timing on the net.
INFO: [Physopt 32-702] Processed net design_1_i/hw0_0/inst/cycleEndTime_reg[12]_i_16_n_0. Optimizations did not improve timing on the net.
INFO: [Physopt 32-702] Processed net design_1_i/hw0_0/inst/cycleEndTime_reg[12]_i_32_n_0. Optimizations did not improve timing on the net.
INFO: [Physopt 32-702] Processed net design_1_i/hw0_0/inst/cycleEndTime_reg[12]_i_52_n_0. Optimizations did not improve timing on the net.
INFO: [Physopt 32-702] Processed net design_1_i/hw0_0/inst/cycleEndTime_reg[12]_i_72_n_0. Optimizations did not improve timing on the net.
INFO: [Physopt 32-702] Processed net design_1_i/hw0_0/inst/cycleEndTime[12]_i_90_n_0. Optimizations did not improve timing on the net.
INFO: [Physopt 32-702] Processed net design_1_i/hw0_0/inst/cycleEndTime_reg[31]_i_5_0[10]. Optimizations did not improve timing on the net.
INFO: [Physopt 32-702] Processed net design_1_i/hw0_0/inst/cycleEndTime_reg[12]_i_13_n_0. Optimizations did not improve timing on the net.
INFO: [Physopt 32-702] Processed net design_1_i/hw0_0/inst/cycleEndTime_reg[12]_i_27_n_0. Optimizations did not improve timing on the net.
INFO: [Physopt 32-702] Processed net design_1_i/hw0_0/inst/cycleEndTime_reg[12]_i_47_n_0. Optimizations did not improve timing on the net.
INFO: [Physopt 32-702] Processed net design_1_i/hw0_0/inst/cycleEndTime_reg[12]_i_67_n_0. Optimizations did not improve timing on the net.
INFO: [Physopt 32-702] Processed net design_1_i/hw0_0/inst/cycleEndTime[12]_i_87_n_0. Optimizations did not improve timing on the net.
INFO: [Physopt 32-702] Processed net design_1_i/hw0_0/inst/cycleEndTime_reg[31]_i_5_0[11]. Optimizations did not improve timing on the net.
INFO: [Physopt 32-702] Processed net design_1_i/hw0_0/inst/cycleEndTime_reg[12]_i_10_n_0. Optimizations did not improve timing on the net.
INFO: [Physopt 32-702] Processed net design_1_i/hw0_0/inst/cycleEndTime_reg[12]_i_22_n_0. Optimizations did not improve timing on the net.
INFO: [Physopt 32-702] Processed net design_1_i/hw0_0/inst/cycleEndTime_reg[12]_i_42_n_0. Optimizations did not improve timing on the net.
INFO: [Physopt 32-702] Processed net design_1_i/hw0_0/inst/cycleEndTime_reg[12]_i_62_n_0. Optimizations did not improve timing on the net.
INFO: [Physopt 32-702] Processed net design_1_i/hw0_0/inst/cycleEndTime[12]_i_84_n_0. Optimizations did not improve timing on the net.
INFO: [Physopt 32-702] Processed net design_1_i/hw0_0/inst/cycleEndTime_reg[31]_i_5_0[12]. Optimizations did not improve timing on the net.
INFO: [Physopt 32-702] Processed net design_1_i/hw0_0/inst/cycleEndTime_reg[16]_i_19_n_0. Optimizations did not improve timing on the net.
INFO: [Physopt 32-702] Processed net design_1_i/hw0_0/inst/cycleEndTime_reg[16]_i_37_n_0. Optimizations did not improve timing on the net.
INFO: [Physopt 32-702] Processed net design_1_i/hw0_0/inst/cycleEndTime_reg[16]_i_57_n_0. Optimizations did not improve timing on the net.
INFO: [Physopt 32-702] Processed net design_1_i/hw0_0/inst/cycleEndTime_reg[16]_i_77_n_0. Optimizations did not improve timing on the net.
INFO: [Physopt 32-702] Processed net design_1_i/hw0_0/inst/cycleEndTime[16]_i_93_n_0. Optimizations did not improve timing on the net.
INFO: [Physopt 32-702] Processed net design_1_i/hw0_0/inst/cycleEndTime_reg[31]_i_5_0[13]. Optimizations did not improve timing on the net.
INFO: [Physopt 32-702] Processed net design_1_i/hw0_0/inst/cycleEndTime_reg[16]_i_16_n_0. Optimizations did not improve timing on the net.
INFO: [Physopt 32-702] Processed net design_1_i/hw0_0/inst/cycleEndTime_reg[16]_i_32_n_0. Optimizations did not improve timing on the net.
INFO: [Physopt 32-702] Processed net design_1_i/hw0_0/inst/cycleEndTime_reg[16]_i_52_n_0. Optimizations did not improve timing on the net.
INFO: [Physopt 32-702] Processed net design_1_i/hw0_0/inst/cycleEndTime_reg[16]_i_72_n_0. Optimizations did not improve timing on the net.
INFO: [Physopt 32-702] Processed net design_1_i/hw0_0/inst/cycleEndTime[16]_i_90_n_0. Optimizations did not improve timing on the net.
INFO: [Physopt 32-702] Processed net design_1_i/hw0_0/inst/cycleEndTime_reg[31]_i_5_0[14]. Optimizations did not improve timing on the net.
INFO: [Physopt 32-702] Processed net design_1_i/hw0_0/inst/cycleEndTime_reg[16]_i_13_n_0. Optimizations did not improve timing on the net.
INFO: [Physopt 32-702] Processed net design_1_i/hw0_0/inst/cycleEndTime_reg[16]_i_27_n_0. Optimizations did not improve timing on the net.
INFO: [Physopt 32-702] Processed net design_1_i/hw0_0/inst/cycleEndTime_reg[16]_i_47_n_0. Optimizations did not improve timing on the net.
INFO: [Physopt 32-702] Processed net design_1_i/hw0_0/inst/cycleEndTime_reg[16]_i_67_n_0. Optimizations did not improve timing on the net.
INFO: [Physopt 32-702] Processed net design_1_i/hw0_0/inst/cycleEndTime[16]_i_87_n_0. Optimizations did not improve timing on the net.
INFO: [Physopt 32-702] Processed net design_1_i/hw0_0/inst/cycleEndTime_reg[31]_i_5_0[15]. Optimizations did not improve timing on the net.
INFO: [Physopt 32-702] Processed net design_1_i/hw0_0/inst/cycleEndTime_reg[16]_i_10_n_0. Optimizations did not improve timing on the net.
INFO: [Physopt 32-702] Processed net design_1_i/hw0_0/inst/cycleEndTime_reg[16]_i_22_n_0. Optimizations did not improve timing on the net.
INFO: [Physopt 32-702] Processed net design_1_i/hw0_0/inst/cycleEndTime_reg[16]_i_42_n_0. Optimizations did not improve timing on the net.
INFO: [Physopt 32-702] Processed net design_1_i/hw0_0/inst/cycleEndTime_reg[16]_i_62_n_0. Optimizations did not improve timing on the net.
INFO: [Physopt 32-702] Processed net design_1_i/hw0_0/inst/cycleEndTime[16]_i_84_n_0. Optimizations did not improve timing on the net.
INFO: [Physopt 32-702] Processed net design_1_i/hw0_0/inst/cycleEndTime_reg[31]_i_5_0[16]. Optimizations did not improve timing on the net.
INFO: [Physopt 32-702] Processed net design_1_i/hw0_0/inst/cycleEndTime_reg[20]_i_19_n_0. Optimizations did not improve timing on the net.
INFO: [Physopt 32-702] Processed net design_1_i/hw0_0/inst/cycleEndTime_reg[20]_i_37_n_0. Optimizations did not improve timing on the net.
INFO: [Physopt 32-702] Processed net design_1_i/hw0_0/inst/cycleEndTime_reg[20]_i_57_n_0. Optimizations did not improve timing on the net.
INFO: [Physopt 32-702] Processed net design_1_i/hw0_0/inst/cycleEndTime_reg[20]_i_77_n_0. Optimizations did not improve timing on the net.
INFO: [Physopt 32-702] Processed net design_1_i/hw0_0/inst/cycleEndTime[20]_i_93_n_0. Optimizations did not improve timing on the net.
INFO: [Physopt 32-702] Processed net design_1_i/hw0_0/inst/cycleEndTime_reg[31]_i_5_0[17]. Optimizations did not improve timing on the net.
INFO: [Physopt 32-702] Processed net design_1_i/hw0_0/inst/cycleEndTime_reg[20]_i_16_n_0. Optimizations did not improve timing on the net.
INFO: [Physopt 32-702] Processed net design_1_i/hw0_0/inst/cycleEndTime_reg[20]_i_32_n_0. Optimizations did not improve timing on the net.
INFO: [Physopt 32-702] Processed net design_1_i/hw0_0/inst/cycleEndTime_reg[20]_i_52_n_0. Optimizations did not improve timing on the net.
INFO: [Physopt 32-702] Processed net design_1_i/hw0_0/inst/cycleEndTime_reg[20]_i_72_n_0. Optimizations did not improve timing on the net.
INFO: [Physopt 32-702] Processed net design_1_i/hw0_0/inst/cycleEndTime[20]_i_90_n_0. Optimizations did not improve timing on the net.
INFO: [Physopt 32-702] Processed net design_1_i/hw0_0/inst/cycleEndTime_reg[31]_i_5_0[18]. Optimizations did not improve timing on the net.
INFO: [Physopt 32-702] Processed net design_1_i/hw0_0/inst/cycleEndTime_reg[20]_i_13_n_0. Optimizations did not improve timing on the net.
INFO: [Physopt 32-702] Processed net design_1_i/hw0_0/inst/cycleEndTime_reg[20]_i_27_n_0. Optimizations did not improve timing on the net.
INFO: [Physopt 32-702] Processed net design_1_i/hw0_0/inst/cycleEndTime_reg[20]_i_47_n_0. Optimizations did not improve timing on the net.
INFO: [Physopt 32-702] Processed net design_1_i/hw0_0/inst/cycleEndTime_reg[20]_i_67_n_0. Optimizations did not improve timing on the net.
INFO: [Physopt 32-702] Processed net design_1_i/hw0_0/inst/cycleEndTime[20]_i_87_n_0. Optimizations did not improve timing on the net.
INFO: [Physopt 32-702] Processed net design_1_i/hw0_0/inst/cycleEndTime_reg[31]_i_5_0[19]. Optimizations did not improve timing on the net.
INFO: [Physopt 32-702] Processed net design_1_i/hw0_0/inst/cycleEndTime_reg[20]_i_10_n_0. Optimizations did not improve timing on the net.
INFO: [Physopt 32-702] Processed net design_1_i/hw0_0/inst/cycleEndTime_reg[20]_i_22_n_0. Optimizations did not improve timing on the net.
INFO: [Physopt 32-702] Processed net design_1_i/hw0_0/inst/cycleEndTime_reg[20]_i_42_n_0. Optimizations did not improve timing on the net.
INFO: [Physopt 32-702] Processed net design_1_i/hw0_0/inst/cycleEndTime_reg[20]_i_62_n_0. Optimizations did not improve timing on the net.
INFO: [Physopt 32-702] Processed net design_1_i/hw0_0/inst/cycleEndTime[20]_i_84_n_0. Optimizations did not improve timing on the net.
INFO: [Physopt 32-702] Processed net design_1_i/hw0_0/inst/cycleEndTime_reg[31]_i_5_0[20]. Optimizations did not improve timing on the net.
INFO: [Physopt 32-702] Processed net design_1_i/hw0_0/inst/cycleEndTime_reg[24]_i_19_n_0. Optimizations did not improve timing on the net.
INFO: [Physopt 32-702] Processed net design_1_i/hw0_0/inst/cycleEndTime_reg[24]_i_37_n_0. Optimizations did not improve timing on the net.
INFO: [Physopt 32-702] Processed net design_1_i/hw0_0/inst/cycleEndTime_reg[24]_i_57_n_0. Optimizations did not improve timing on the net.
INFO: [Physopt 32-702] Processed net design_1_i/hw0_0/inst/cycleEndTime_reg[24]_i_77_n_0. Optimizations did not improve timing on the net.
INFO: [Physopt 32-702] Processed net design_1_i/hw0_0/inst/cycleEndTime[24]_i_91_n_0. Optimizations did not improve timing on the net.
INFO: [Physopt 32-702] Processed net design_1_i/hw0_0/inst/cycleEndTime_reg[31]_i_5_0[21]. Optimizations did not improve timing on the net.
INFO: [Physopt 32-702] Processed net design_1_i/hw0_0/inst/cycleEndTime_reg[24]_i_16_n_0. Optimizations did not improve timing on the net.
INFO: [Physopt 32-702] Processed net design_1_i/hw0_0/inst/cycleEndTime_reg[24]_i_32_n_0. Optimizations did not improve timing on the net.
INFO: [Physopt 32-702] Processed net design_1_i/hw0_0/inst/cycleEndTime_reg[24]_i_52_n_0. Optimizations did not improve timing on the net.
INFO: [Physopt 32-702] Processed net design_1_i/hw0_0/inst/cycleEndTime[24]_i_75_n_0. Optimizations did not improve timing on the net.
INFO: [Physopt 32-702] Processed net design_1_i/hw0_0/inst/cycleEndTime_reg[31]_i_5_0[22]. Optimizations did not improve timing on the net.
INFO: [Physopt 32-702] Processed net design_1_i/hw0_0/inst/cycleEndTime_reg[24]_i_13_n_0. Optimizations did not improve timing on the net.
INFO: [Physopt 32-702] Processed net design_1_i/hw0_0/inst/cycleEndTime_reg[24]_i_27_n_0. Optimizations did not improve timing on the net.
INFO: [Physopt 32-702] Processed net design_1_i/hw0_0/inst/cycleEndTime_reg[24]_i_47_n_0. Optimizations did not improve timing on the net.
INFO: [Physopt 32-702] Processed net design_1_i/hw0_0/inst/cycleEndTime_reg[24]_i_67_n_0. Optimizations did not improve timing on the net.
INFO: [Physopt 32-702] Processed net design_1_i/hw0_0/inst/cycleEndTime[24]_i_87_n_0. Optimizations did not improve timing on the net.
INFO: [Physopt 32-702] Processed net design_1_i/hw0_0/inst/cycleEndTime_reg[31]_i_5_0[23]. Optimizations did not improve timing on the net.
INFO: [Physopt 32-702] Processed net design_1_i/hw0_0/inst/cycleEndTime_reg[24]_i_10_n_0. Optimizations did not improve timing on the net.
INFO: [Physopt 32-702] Processed net design_1_i/hw0_0/inst/cycleEndTime_reg[24]_i_22_n_0. Optimizations did not improve timing on the net.
INFO: [Physopt 32-702] Processed net design_1_i/hw0_0/inst/cycleEndTime_reg[24]_i_42_n_0. Optimizations did not improve timing on the net.
INFO: [Physopt 32-702] Processed net design_1_i/hw0_0/inst/cycleEndTime_reg[24]_i_62_n_0. Optimizations did not improve timing on the net.
INFO: [Physopt 32-702] Processed net design_1_i/hw0_0/inst/cycleEndTime[24]_i_84_n_0. Optimizations did not improve timing on the net.
INFO: [Physopt 32-702] Processed net design_1_i/hw0_0/inst/cycleEndTime_reg[31]_i_5_0[24]. Optimizations did not improve timing on the net.
INFO: [Physopt 32-702] Processed net design_1_i/hw0_0/inst/cycleEndTime_reg[31]_i_5_n_0. Optimizations did not improve timing on the net.
INFO: [Physopt 32-702] Processed net design_1_i/hw0_0/inst/cycleEndTime_reg[31]_i_6_n_0. Optimizations did not improve timing on the net.
INFO: [Physopt 32-702] Processed net design_1_i/hw0_0/inst/cycleEndTime_reg[31]_i_15_n_0. Optimizations did not improve timing on the net.
INFO: [Physopt 32-702] Processed net design_1_i/hw0_0/inst/cycleEndTime_reg[31]_i_24_n_0. Optimizations did not improve timing on the net.
INFO: [Physopt 32-702] Processed net design_1_i/hw0_0/inst/cycleEndTime[31]_i_39_n_0. Optimizations did not improve timing on the net.
INFO: [Physopt 32-702] Processed net design_1_i/hw0_0/inst/cycleEndTime0[31]. Optimizations did not improve timing on the net.
INFO: [Physopt 32-702] Processed net design_1_i/hw0_0/inst/cycleEndTime2_n_80. Optimizations did not improve timing on the net.
INFO: [Physopt 32-663] Processed net design_1_i/hw0_0/inst/mem_reg_n_0_[1627][22].  Re-placed instance design_1_i/hw0_0/inst/mem_reg[1627][22]
INFO: [Physopt 32-735] Processed net design_1_i/hw0_0/inst/mem_reg_n_0_[1627][22]. Optimization improves timing on the net.
INFO: [Physopt 32-619] Estimated Timing Summary | WNS=-45.461 | TNS=-59779.137 |
INFO: [Physopt 32-663] Processed net design_1_i/hw0_0/inst/mem_reg_n_0_[1627][23].  Re-placed instance design_1_i/hw0_0/inst/mem_reg[1627][23]
INFO: [Physopt 32-735] Processed net design_1_i/hw0_0/inst/mem_reg_n_0_[1627][23]. Optimization improves timing on the net.
INFO: [Physopt 32-619] Estimated Timing Summary | WNS=-45.461 | TNS=-59779.122 |
INFO: [Physopt 32-663] Processed net design_1_i/hw0_0/inst/mem_reg_n_0_[1637][22].  Re-placed instance design_1_i/hw0_0/inst/mem_reg[1637][22]
INFO: [Physopt 32-735] Processed net design_1_i/hw0_0/inst/mem_reg_n_0_[1637][22]. Optimization improves timing on the net.
INFO: [Physopt 32-619] Estimated Timing Summary | WNS=-45.461 | TNS=-59779.079 |
INFO: [Physopt 32-663] Processed net design_1_i/hw0_0/inst/mem_reg_n_0_[1648][16].  Re-placed instance design_1_i/hw0_0/inst/mem_reg[1648][16]
INFO: [Physopt 32-735] Processed net design_1_i/hw0_0/inst/mem_reg_n_0_[1648][16]. Optimization improves timing on the net.
INFO: [Physopt 32-619] Estimated Timing Summary | WNS=-45.461 | TNS=-59778.853 |
INFO: [Physopt 32-663] Processed net design_1_i/hw0_0/inst/mem_reg_n_0_[1648][18].  Re-placed instance design_1_i/hw0_0/inst/mem_reg[1648][18]
INFO: [Physopt 32-735] Processed net design_1_i/hw0_0/inst/mem_reg_n_0_[1648][18]. Optimization improves timing on the net.
INFO: [Physopt 32-619] Estimated Timing Summary | WNS=-45.461 | TNS=-59778.627 |
INFO: [Physopt 32-663] Processed net design_1_i/hw0_0/inst/mem_reg_n_0_[1648][20].  Re-placed instance design_1_i/hw0_0/inst/mem_reg[1648][20]
INFO: [Physopt 32-735] Processed net design_1_i/hw0_0/inst/mem_reg_n_0_[1648][20]. Optimization improves timing on the net.
INFO: [Physopt 32-619] Estimated Timing Summary | WNS=-45.461 | TNS=-59778.598 |
INFO: [Physopt 32-702] Processed net design_1_i/hw0_0/inst/mem_reg_n_0_[1648][23]. Optimizations did not improve timing on the net.
INFO: [Physopt 32-702] Processed net design_1_i/clk_wiz_1/inst/clk_out1_design_1_clk_wiz_1_0. Optimizations did not improve timing on the net.
INFO: [Physopt 32-571] Net design_1_i/hw0_0/inst/mem[1609][23]_i_2_n_0 was not replicated.
INFO: [Physopt 32-710] Processed net design_1_i/hw0_0/inst/mem[1648][23]_i_1_n_0. Critical path length was reduced through logic transformation on cell design_1_i/hw0_0/inst/mem[1648][23]_i_1_comp.
INFO: [Physopt 32-735] Processed net design_1_i/hw0_0/inst/mem[1609][23]_i_2_n_0. Optimization improves timing on the net.
INFO: [Physopt 32-619] Estimated Timing Summary | WNS=-45.461 | TNS=-59795.137 |
INFO: [Physopt 32-663] Processed net design_1_i/hw0_0/inst/mem_reg_n_0_[1647][16].  Re-placed instance design_1_i/hw0_0/inst/mem_reg[1647][16]
INFO: [Physopt 32-735] Processed net design_1_i/hw0_0/inst/mem_reg_n_0_[1647][16]. Optimization improves timing on the net.
INFO: [Physopt 32-619] Estimated Timing Summary | WNS=-45.461 | TNS=-59795.104 |
INFO: [Physopt 32-663] Processed net design_1_i/hw0_0/inst/mem_reg_n_0_[1647][17].  Re-placed instance design_1_i/hw0_0/inst/mem_reg[1647][17]
INFO: [Physopt 32-735] Processed net design_1_i/hw0_0/inst/mem_reg_n_0_[1647][17]. Optimization improves timing on the net.
INFO: [Physopt 32-619] Estimated Timing Summary | WNS=-45.461 | TNS=-59795.075 |
INFO: [Physopt 32-663] Processed net design_1_i/hw0_0/inst/mem_reg_n_0_[1647][18].  Re-placed instance design_1_i/hw0_0/inst/mem_reg[1647][18]
INFO: [Physopt 32-735] Processed net design_1_i/hw0_0/inst/mem_reg_n_0_[1647][18]. Optimization improves timing on the net.
INFO: [Physopt 32-619] Estimated Timing Summary | WNS=-45.461 | TNS=-59795.042 |
INFO: [Physopt 32-702] Processed net design_1_i/hw0_0/inst/cycleEndTime_reg_n_0_[31]. Optimizations did not improve timing on the net.
INFO: [Physopt 32-702] Processed net design_1_i/clk_wiz_1/inst/clk_out2_design_1_clk_wiz_1_0. Optimizations did not improve timing on the net.
INFO: [Physopt 32-702] Processed net design_1_i/hw0_0/inst/cycleEndTime1[0]. Optimizations did not improve timing on the net.
INFO: [Physopt 32-702] Processed net design_1_i/hw0_0/inst/cycleEndTime[4]_i_103_n_0. Optimizations did not improve timing on the net.
INFO: [Physopt 32-702] Processed net design_1_i/hw0_0/inst/cycleEndTime_reg[31]_i_5_0[0]. Optimizations did not improve timing on the net.
INFO: [Physopt 32-702] Processed net design_1_i/hw0_0/inst/cycleEndTime[4]_i_115_n_0. Optimizations did not improve timing on the net.
INFO: [Physopt 32-702] Processed net design_1_i/hw0_0/inst/cycleEndTime_reg[31]_i_5_0[1]. Optimizations did not improve timing on the net.
INFO: [Physopt 32-702] Processed net design_1_i/hw0_0/inst/cycleEndTime[4]_i_112_n_0. Optimizations did not improve timing on the net.
INFO: [Physopt 32-702] Processed net design_1_i/hw0_0/inst/cycleEndTime_reg[31]_i_5_0[2]. Optimizations did not improve timing on the net.
INFO: [Physopt 32-702] Processed net design_1_i/hw0_0/inst/cycleEndTime[4]_i_109_n_0. Optimizations did not improve timing on the net.
INFO: [Physopt 32-702] Processed net design_1_i/hw0_0/inst/cycleEndTime_reg[31]_i_5_0[3]. Optimizations did not improve timing on the net.
INFO: [Physopt 32-702] Processed net design_1_i/hw0_0/inst/cycleEndTime[4]_i_106_n_0. Optimizations did not improve timing on the net.
INFO: [Physopt 32-702] Processed net design_1_i/hw0_0/inst/cycleEndTime_reg[31]_i_5_0[4]. Optimizations did not improve timing on the net.
INFO: [Physopt 32-702] Processed net design_1_i/hw0_0/inst/cycleEndTime[8]_i_93_n_0. Optimizations did not improve timing on the net.
INFO: [Physopt 32-702] Processed net design_1_i/hw0_0/inst/cycleEndTime_reg[31]_i_5_0[5]. Optimizations did not improve timing on the net.
INFO: [Physopt 32-702] Processed net design_1_i/hw0_0/inst/cycleEndTime[8]_i_90_n_0. Optimizations did not improve timing on the net.
INFO: [Physopt 32-702] Processed net design_1_i/hw0_0/inst/cycleEndTime_reg[31]_i_5_0[6]. Optimizations did not improve timing on the net.
INFO: [Physopt 32-702] Processed net design_1_i/hw0_0/inst/cycleEndTime[8]_i_87_n_0. Optimizations did not improve timing on the net.
INFO: [Physopt 32-702] Processed net design_1_i/hw0_0/inst/cycleEndTime_reg[31]_i_5_0[7]. Optimizations did not improve timing on the net.
INFO: [Physopt 32-702] Processed net design_1_i/hw0_0/inst/cycleEndTime[8]_i_84_n_0. Optimizations did not improve timing on the net.
INFO: [Physopt 32-702] Processed net design_1_i/hw0_0/inst/cycleEndTime_reg[31]_i_5_0[8]. Optimizations did not improve timing on the net.
INFO: [Physopt 32-702] Processed net design_1_i/hw0_0/inst/cycleEndTime[12]_i_93_n_0. Optimizations did not improve timing on the net.
INFO: [Physopt 32-702] Processed net design_1_i/hw0_0/inst/cycleEndTime_reg[31]_i_5_0[9]. Optimizations did not improve timing on the net.
INFO: [Physopt 32-702] Processed net design_1_i/hw0_0/inst/cycleEndTime[12]_i_90_n_0. Optimizations did not improve timing on the net.
INFO: [Physopt 32-702] Processed net design_1_i/hw0_0/inst/cycleEndTime_reg[31]_i_5_0[10]. Optimizations did not improve timing on the net.
INFO: [Physopt 32-702] Processed net design_1_i/hw0_0/inst/cycleEndTime[12]_i_87_n_0. Optimizations did not improve timing on the net.
INFO: [Physopt 32-702] Processed net design_1_i/hw0_0/inst/cycleEndTime_reg[31]_i_5_0[11]. Optimizations did not improve timing on the net.
INFO: [Physopt 32-702] Processed net design_1_i/hw0_0/inst/cycleEndTime[12]_i_84_n_0. Optimizations did not improve timing on the net.
INFO: [Physopt 32-702] Processed net design_1_i/hw0_0/inst/cycleEndTime_reg[31]_i_5_0[12]. Optimizations did not improve timing on the net.
INFO: [Physopt 32-702] Processed net design_1_i/hw0_0/inst/cycleEndTime[16]_i_93_n_0. Optimizations did not improve timing on the net.
INFO: [Physopt 32-702] Processed net design_1_i/hw0_0/inst/cycleEndTime_reg[31]_i_5_0[13]. Optimizations did not improve timing on the net.
INFO: [Physopt 32-702] Processed net design_1_i/hw0_0/inst/cycleEndTime[16]_i_90_n_0. Optimizations did not improve timing on the net.
INFO: [Physopt 32-702] Processed net design_1_i/hw0_0/inst/cycleEndTime_reg[31]_i_5_0[14]. Optimizations did not improve timing on the net.
INFO: [Physopt 32-702] Processed net design_1_i/hw0_0/inst/cycleEndTime[16]_i_87_n_0. Optimizations did not improve timing on the net.
INFO: [Physopt 32-702] Processed net design_1_i/hw0_0/inst/cycleEndTime_reg[31]_i_5_0[15]. Optimizations did not improve timing on the net.
INFO: [Physopt 32-702] Processed net design_1_i/hw0_0/inst/cycleEndTime[16]_i_84_n_0. Optimizations did not improve timing on the net.
INFO: [Physopt 32-702] Processed net design_1_i/hw0_0/inst/cycleEndTime_reg[31]_i_5_0[16]. Optimizations did not improve timing on the net.
INFO: [Physopt 32-702] Processed net design_1_i/hw0_0/inst/cycleEndTime[20]_i_93_n_0. Optimizations did not improve timing on the net.
INFO: [Physopt 32-702] Processed net design_1_i/hw0_0/inst/cycleEndTime_reg[31]_i_5_0[17]. Optimizations did not improve timing on the net.
INFO: [Physopt 32-702] Processed net design_1_i/hw0_0/inst/cycleEndTime[20]_i_90_n_0. Optimizations did not improve timing on the net.
INFO: [Physopt 32-702] Processed net design_1_i/hw0_0/inst/cycleEndTime_reg[31]_i_5_0[18]. Optimizations did not improve timing on the net.
INFO: [Physopt 32-702] Processed net design_1_i/hw0_0/inst/cycleEndTime[20]_i_87_n_0. Optimizations did not improve timing on the net.
INFO: [Physopt 32-702] Processed net design_1_i/hw0_0/inst/cycleEndTime_reg[31]_i_5_0[19]. Optimizations did not improve timing on the net.
INFO: [Physopt 32-702] Processed net design_1_i/hw0_0/inst/cycleEndTime[20]_i_84_n_0. Optimizations did not improve timing on the net.
INFO: [Physopt 32-702] Processed net design_1_i/hw0_0/inst/cycleEndTime_reg[31]_i_5_0[20]. Optimizations did not improve timing on the net.
INFO: [Physopt 32-702] Processed net design_1_i/hw0_0/inst/cycleEndTime[24]_i_91_n_0. Optimizations did not improve timing on the net.
INFO: [Physopt 32-702] Processed net design_1_i/hw0_0/inst/cycleEndTime_reg[31]_i_5_0[21]. Optimizations did not improve timing on the net.
INFO: [Physopt 32-702] Processed net design_1_i/hw0_0/inst/cycleEndTime[24]_i_75_n_0. Optimizations did not improve timing on the net.
INFO: [Physopt 32-702] Processed net design_1_i/hw0_0/inst/cycleEndTime_reg[31]_i_5_0[22]. Optimizations did not improve timing on the net.
INFO: [Physopt 32-702] Processed net design_1_i/hw0_0/inst/cycleEndTime[24]_i_87_n_0. Optimizations did not improve timing on the net.
INFO: [Physopt 32-702] Processed net design_1_i/hw0_0/inst/cycleEndTime_reg[31]_i_5_0[23]. Optimizations did not improve timing on the net.
INFO: [Physopt 32-702] Processed net design_1_i/hw0_0/inst/cycleEndTime[24]_i_84_n_0. Optimizations did not improve timing on the net.
INFO: [Physopt 32-702] Processed net design_1_i/hw0_0/inst/cycleEndTime_reg[31]_i_5_0[24]. Optimizations did not improve timing on the net.
INFO: [Physopt 32-702] Processed net design_1_i/hw0_0/inst/cycleEndTime[31]_i_39_n_0. Optimizations did not improve timing on the net.
INFO: [Physopt 32-702] Processed net design_1_i/hw0_0/inst/cycleEndTime0[31]. Optimizations did not improve timing on the net.
INFO: [Physopt 32-702] Processed net design_1_i/hw0_0/inst/cycleEndTime2_n_80. Optimizations did not improve timing on the net.
INFO: [Physopt 32-663] Processed net design_1_i/hw0_0/inst/mem_reg_n_0_[1647][19].  Re-placed instance design_1_i/hw0_0/inst/mem_reg[1647][19]
INFO: [Physopt 32-735] Processed net design_1_i/hw0_0/inst/mem_reg_n_0_[1647][19]. Optimization improves timing on the net.
INFO: [Physopt 32-619] Estimated Timing Summary | WNS=-45.461 | TNS=-59795.013 |
INFO: [Physopt 32-663] Processed net design_1_i/hw0_0/inst/mem_reg_n_0_[1647][20].  Re-placed instance design_1_i/hw0_0/inst/mem_reg[1647][20]
INFO: [Physopt 32-735] Processed net design_1_i/hw0_0/inst/mem_reg_n_0_[1647][20]. Optimization improves timing on the net.
INFO: [Physopt 32-619] Estimated Timing Summary | WNS=-45.461 | TNS=-59794.980 |
INFO: [Physopt 32-663] Processed net design_1_i/hw0_0/inst/mem_reg_n_0_[1647][21].  Re-placed instance design_1_i/hw0_0/inst/mem_reg[1647][21]
INFO: [Physopt 32-735] Processed net design_1_i/hw0_0/inst/mem_reg_n_0_[1647][21]. Optimization improves timing on the net.
INFO: [Physopt 32-619] Estimated Timing Summary | WNS=-45.461 | TNS=-59794.951 |
INFO: [Physopt 32-663] Processed net design_1_i/hw0_0/inst/mem_reg_n_0_[1647][22].  Re-placed instance design_1_i/hw0_0/inst/mem_reg[1647][22]
INFO: [Physopt 32-735] Processed net design_1_i/hw0_0/inst/mem_reg_n_0_[1647][22]. Optimization improves timing on the net.
INFO: [Physopt 32-619] Estimated Timing Summary | WNS=-45.461 | TNS=-59794.918 |
INFO: [Physopt 32-663] Processed net design_1_i/hw0_0/inst/mem_reg_n_0_[1647][23].  Re-placed instance design_1_i/hw0_0/inst/mem_reg[1647][23]
INFO: [Physopt 32-735] Processed net design_1_i/hw0_0/inst/mem_reg_n_0_[1647][23]. Optimization improves timing on the net.
INFO: [Physopt 32-619] Estimated Timing Summary | WNS=-45.461 | TNS=-59794.889 |
INFO: [Physopt 32-663] Processed net design_1_i/hw0_0/inst/mem_reg_n_0_[1702][30].  Re-placed instance design_1_i/hw0_0/inst/mem_reg[1702][30]
INFO: [Physopt 32-735] Processed net design_1_i/hw0_0/inst/mem_reg_n_0_[1702][30]. Optimization improves timing on the net.
INFO: [Physopt 32-619] Estimated Timing Summary | WNS=-45.461 | TNS=-59794.809 |
INFO: [Physopt 32-663] Processed net design_1_i/hw0_0/inst/mem_reg_n_0_[1619][17].  Re-placed instance design_1_i/hw0_0/inst/mem_reg[1619][17]
INFO: [Physopt 32-735] Processed net design_1_i/hw0_0/inst/mem_reg_n_0_[1619][17]. Optimization improves timing on the net.
INFO: [Physopt 32-619] Estimated Timing Summary | WNS=-45.461 | TNS=-59794.776 |
INFO: [Physopt 32-663] Processed net design_1_i/hw0_0/inst/mem_reg_n_0_[1653][18].  Re-placed instance design_1_i/hw0_0/inst/mem_reg[1653][18]
INFO: [Physopt 32-735] Processed net design_1_i/hw0_0/inst/mem_reg_n_0_[1653][18]. Optimization improves timing on the net.
INFO: [Physopt 32-619] Estimated Timing Summary | WNS=-45.461 | TNS=-59794.042 |
INFO: [Physopt 32-663] Processed net design_1_i/hw0_0/inst/mem_reg_n_0_[1653][20].  Re-placed instance design_1_i/hw0_0/inst/mem_reg[1653][20]
INFO: [Physopt 32-735] Processed net design_1_i/hw0_0/inst/mem_reg_n_0_[1653][20]. Optimization improves timing on the net.
INFO: [Physopt 32-619] Estimated Timing Summary | WNS=-45.461 | TNS=-59793.303 |
INFO: [Physopt 32-663] Processed net design_1_i/hw0_0/inst/mem_reg_n_0_[1653][23].  Re-placed instance design_1_i/hw0_0/inst/mem_reg[1653][23]
INFO: [Physopt 32-735] Processed net design_1_i/hw0_0/inst/mem_reg_n_0_[1653][23]. Optimization improves timing on the net.
INFO: [Physopt 32-619] Estimated Timing Summary | WNS=-45.461 | TNS=-59792.568 |
INFO: [Physopt 32-619] Estimated Timing Summary | WNS=-45.461 | TNS=-59792.568 |
Phase 4 Critical Path Optimization | Checksum: 15959150b

Time (s): cpu = 00:00:16 ; elapsed = 00:00:09 . Memory (MB): peak = 3446.027 ; gain = 40.480
Netlist sorting complete. Time (s): cpu = 00:00:01 ; elapsed = 00:00:00.515 . Memory (MB): peak = 3446.027 ; gain = 0.000
INFO: [Physopt 32-603] Post Physical Optimization Timing Summary | WNS=-45.461 | TNS=-59792.568 |

Summary of Physical Synthesis Optimizations
============================================


-------------------------------------------------------------------------------------------------------------------------------------------------------------
|  Optimization   |  WNS Gain (ns)  |  TNS Gain (ns)  |  Added Cells  |  Removed Cells  |  Optimized Cells/Nets  |  Dont Touch  |  Iterations  |  Elapsed   |
-------------------------------------------------------------------------------------------------------------------------------------------------------------
|  DSP Register   |          0.000  |          0.000  |            0  |              0  |                     0  |           0  |           1  |  00:00:00  |
|  Critical Path  |          0.000  |       1252.331  |            0  |              0  |                    42  |           0  |           2  |  00:00:04  |
|  Total          |          0.000  |       1252.331  |            0  |              0  |                    42  |           0  |           3  |  00:00:04  |
-------------------------------------------------------------------------------------------------------------------------------------------------------------


Netlist sorting complete. Time (s): cpu = 00:00:00 ; elapsed = 00:00:00.026 . Memory (MB): peak = 3446.027 ; gain = 0.000
Ending Physical Synthesis Task | Checksum: 1304e131b

Time (s): cpu = 00:00:17 ; elapsed = 00:00:10 . Memory (MB): peak = 3446.027 ; gain = 40.480
INFO: [Common 17-83] Releasing license: Implementation
755 Infos, 6 Warnings, 2 Critical Warnings and 0 Errors encountered.
phys_opt_design completed successfully
phys_opt_design: Time (s): cpu = 00:00:36 ; elapsed = 00:00:20 . Memory (MB): peak = 3446.027 ; gain = 70.652
INFO: [Timing 38-480] Writing timing data to binary archive.
Writing XDEF routing.
Writing XDEF routing logical nets.
Writing XDEF routing special nets.
Write XDEF Complete: Time (s): cpu = 00:00:16 ; elapsed = 00:00:06 . Memory (MB): peak = 3446.027 ; gain = 0.000
INFO: [Common 17-1381] The checkpoint 'E:/kevin/myCode/microBlaze1/microBlaze1.runs/impl_1/design_1_wrapper_physopt.dcp' has been generated.
write_checkpoint: Time (s): cpu = 00:00:22 ; elapsed = 00:00:13 . Memory (MB): peak = 3446.027 ; gain = 0.000
Command: route_design
Attempting to get a license for feature 'Implementation' and/or device 'xc7a100t'
INFO: [Common 17-349] Got license for feature 'Implementation' and/or device 'xc7a100t'
INFO: [DRC 23-27] Running DRC with 2 threads
INFO: [Vivado_Tcl 4-198] DRC finished with 0 Errors
INFO: [Vivado_Tcl 4-199] Please refer to the DRC report (report_drc) for more information.
Running DRC as a precondition to command route_design
INFO: [DRC 23-27] Running DRC with 2 threads
INFO: [Vivado_Tcl 4-198] DRC finished with 0 Errors, 2 Warnings
INFO: [Vivado_Tcl 4-199] Please refer to the DRC report (report_drc) for more information.


Starting Routing Task
INFO: [Route 35-254] Multithreading enabled for route_design using a maximum of 2 CPUs

Phase 1 Build RT Design
Checksum: PlaceDB: 7fdcac0 ConstDB: 0 ShapeSum: beac26e3 RouteDB: 0
Post Restoration Checksum: NetGraph: 870907e6 NumContArr: 8f043375 Constraints: 0 Timing: 0
Phase 1 Build RT Design | Checksum: 1160d3b5b

Time (s): cpu = 00:00:46 ; elapsed = 00:00:33 . Memory (MB): peak = 3463.277 ; gain = 17.250

Phase 2 Router Initialization

Phase 2.1 Fix Topology Constraints
Phase 2.1 Fix Topology Constraints | Checksum: 1160d3b5b

Time (s): cpu = 00:00:47 ; elapsed = 00:00:34 . Memory (MB): peak = 3463.277 ; gain = 17.250

Phase 2.2 Pre Route Cleanup
Phase 2.2 Pre Route Cleanup | Checksum: 1160d3b5b

Time (s): cpu = 00:00:47 ; elapsed = 00:00:34 . Memory (MB): peak = 3463.277 ; gain = 17.250
 Number of Nodes with overlaps = 0

Phase 2.3 Update Timing
Phase 2.3 Update Timing | Checksum: a74d8316

Time (s): cpu = 00:01:15 ; elapsed = 00:00:53 . Memory (MB): peak = 3531.703 ; gain = 85.676
INFO: [Route 35-416] Intermediate Timing Summary | WNS=-43.920| TNS=-47089.645| WHS=-0.394 | THS=-760.386|


Router Utilization Summary
  Global Vertical Routing Utilization    = 0.00374287 %
  Global Horizontal Routing Utilization  = 0.00355215 %
  Routable Net Status*
  *Does not include unroutable nets such as driverless and loadless.
  Run report_route_status for detailed report.
  Number of Failed Nets               = 87352
    (Failed Nets is the sum of unrouted and partially routed nets)
  Number of Unrouted Nets             = 87352
  Number of Partially Routed Nets     = 0
  Number of Node Overlaps             = 0

Phase 2 Router Initialization | Checksum: 13f36b84f

Time (s): cpu = 00:01:33 ; elapsed = 00:01:04 . Memory (MB): peak = 3567.656 ; gain = 121.629

Phase 3 Initial Routing

Phase 3.1 Global Routing
Phase 3.1 Global Routing | Checksum: 13f36b84f

Time (s): cpu = 00:01:33 ; elapsed = 00:01:04 . Memory (MB): peak = 3567.656 ; gain = 121.629
Phase 3 Initial Routing | Checksum: 1831a2e14

Time (s): cpu = 00:02:58 ; elapsed = 00:01:50 . Memory (MB): peak = 3630.508 ; gain = 184.480
INFO: [Route 35-580] Design has 1705 pins with tight setup and hold constraints.

The top 5 pins with tight setup and hold constraints:

+===============================+===============================+=============================================+
| Launch Setup Clock            | Launch Hold Clock             | Pin                                         |
+===============================+===============================+=============================================+
| clk_out1_design_1_clk_wiz_1_0 | clk_out1_design_1_clk_wiz_1_0 | design_1_i/hw0_0/inst/systemFlag0_reg[27]/D |
| clk_out1_design_1_clk_wiz_1_0 | clk_out2_design_1_clk_wiz_1_0 | design_1_i/hw0_0/inst/repeatCnt_reg[2]/D    |
| clk_out1_design_1_clk_wiz_1_0 | clk_out2_design_1_clk_wiz_1_0 | design_1_i/hw0_0/inst/repeatCnt_reg[7]/D    |
| clk_out1_design_1_clk_wiz_1_0 | clk_out2_design_1_clk_wiz_1_0 | design_1_i/hw0_0/inst/repeatCnt_reg[5]/D    |
| clk_out1_design_1_clk_wiz_1_0 | clk_out2_design_1_clk_wiz_1_0 | design_1_i/hw0_0/inst/repeatCnt_reg[3]/D    |
+-------------------------------+-------------------------------+---------------------------------------------+

File with complete list of pins: tight_setup_hold_pins.txt


Phase 4 Rip-up And Reroute

Phase 4.1 Global Iteration 0
 Number of Nodes with overlaps = 23215
 Number of Nodes with overlaps = 7764
 Number of Nodes with overlaps = 3376
 Number of Nodes with overlaps = 1335
 Number of Nodes with overlaps = 547
 Number of Nodes with overlaps = 172
 Number of Nodes with overlaps = 84
 Number of Nodes with overlaps = 11
 Number of Nodes with overlaps = 2
 Number of Nodes with overlaps = 5
 Number of Nodes with overlaps = 6
 Number of Nodes with overlaps = 4
 Number of Nodes with overlaps = 1
 Number of Nodes with overlaps = 1
 Number of Nodes with overlaps = 0
INFO: [Route 35-416] Intermediate Timing Summary | WNS=-47.043| TNS=-107570.173| WHS=N/A    | THS=N/A    |

Phase 4.1 Global Iteration 0 | Checksum: 187b59c32

Time (s): cpu = 00:08:32 ; elapsed = 00:05:59 . Memory (MB): peak = 3636.410 ; gain = 190.383

Phase 4.2 Global Iteration 1
 Number of Nodes with overlaps = 33
 Number of Nodes with overlaps = 1
 Number of Nodes with overlaps = 0
INFO: [Route 35-416] Intermediate Timing Summary | WNS=-47.043| TNS=-106329.324| WHS=N/A    | THS=N/A    |

Phase 4.2 Global Iteration 1 | Checksum: 1abacb36e

Time (s): cpu = 00:08:38 ; elapsed = 00:06:04 . Memory (MB): peak = 3636.410 ; gain = 190.383
Phase 4 Rip-up And Reroute | Checksum: 1abacb36e

Time (s): cpu = 00:08:38 ; elapsed = 00:06:04 . Memory (MB): peak = 3636.410 ; gain = 190.383

Phase 5 Delay and Skew Optimization

Phase 5.1 Delay CleanUp

Phase 5.1.1 Update Timing
Phase 5.1.1 Update Timing | Checksum: 11869d8ee

Time (s): cpu = 00:08:44 ; elapsed = 00:06:08 . Memory (MB): peak = 3636.410 ; gain = 190.383
INFO: [Route 35-416] Intermediate Timing Summary | WNS=-47.037| TNS=-105928.346| WHS=N/A    | THS=N/A    |

 Number of Nodes with overlaps = 0
Phase 5.1 Delay CleanUp | Checksum: 156f5dfac

Time (s): cpu = 00:08:46 ; elapsed = 00:06:09 . Memory (MB): peak = 3636.410 ; gain = 190.383

Phase 5.2 Clock Skew Optimization
Phase 5.2 Clock Skew Optimization | Checksum: 156f5dfac

Time (s): cpu = 00:08:46 ; elapsed = 00:06:10 . Memory (MB): peak = 3636.410 ; gain = 190.383
Phase 5 Delay and Skew Optimization | Checksum: 156f5dfac

Time (s): cpu = 00:08:47 ; elapsed = 00:06:10 . Memory (MB): peak = 3636.410 ; gain = 190.383

Phase 6 Post Hold Fix

Phase 6.1 Hold Fix Iter

Phase 6.1.1 Update Timing
Phase 6.1.1 Update Timing | Checksum: 18d42796f

Time (s): cpu = 00:08:54 ; elapsed = 00:06:15 . Memory (MB): peak = 3636.410 ; gain = 190.383
INFO: [Route 35-416] Intermediate Timing Summary | WNS=-47.037| TNS=-105866.107| WHS=0.059  | THS=0.000  |

Phase 6.1 Hold Fix Iter | Checksum: 18d42796f

Time (s): cpu = 00:08:55 ; elapsed = 00:06:15 . Memory (MB): peak = 3636.410 ; gain = 190.383
Phase 6 Post Hold Fix | Checksum: 18d42796f

Time (s): cpu = 00:08:55 ; elapsed = 00:06:15 . Memory (MB): peak = 3636.410 ; gain = 190.383

Phase 7 Route finalize

Router Utilization Summary
  Global Vertical Routing Utilization    = 25.5271 %
  Global Horizontal Routing Utilization  = 28.7864 %
  Routable Net Status*
  *Does not include unroutable nets such as driverless and loadless.
  Run report_route_status for detailed report.
  Number of Failed Nets               = 0
    (Failed Nets is the sum of unrouted and partially routed nets)
  Number of Unrouted Nets             = 0
  Number of Partially Routed Nets     = 0
  Number of Node Overlaps             = 0

Congestion Report
North Dir 1x1 Area, Max Cong = 83.7838%, No Congested Regions.
South Dir 1x1 Area, Max Cong = 95.4955%, Congestion bounded by tiles (Lower Left Tile -> Upper Right Tile):
   INT_L_X26Y146 -> INT_L_X26Y146
   INT_L_X28Y144 -> INT_L_X28Y144
   INT_R_X23Y143 -> INT_R_X23Y143
   INT_R_X25Y143 -> INT_R_X25Y143
   INT_L_X10Y142 -> INT_L_X10Y142
East Dir 1x1 Area, Max Cong = 91.1765%, Congestion bounded by tiles (Lower Left Tile -> Upper Right Tile):
   INT_R_X21Y160 -> INT_R_X21Y160
   INT_R_X23Y149 -> INT_R_X23Y149
   INT_R_X29Y143 -> INT_R_X29Y143
   INT_L_X20Y21 -> INT_L_X20Y21
West Dir 1x1 Area, Max Cong = 91.1765%, Congestion bounded by tiles (Lower Left Tile -> Upper Right Tile):
   INT_R_X25Y153 -> INT_R_X25Y153
   INT_R_X23Y151 -> INT_R_X23Y151
   INT_L_X26Y150 -> INT_L_X26Y150
   INT_L_X16Y30 -> INT_L_X16Y30
   INT_L_X20Y21 -> INT_L_X20Y21

------------------------------
Reporting congestion hotspots
------------------------------
Direction: North
----------------
Congested clusters found at Level 0
Effective congestion level: 0 Aspect Ratio: 1 Sparse Ratio: 0
Direction: South
----------------
Congested clusters found at Level 0
Effective congestion level: 0 Aspect Ratio: 1 Sparse Ratio: 1
Direction: East
----------------
Congested clusters found at Level 0
Effective congestion level: 0 Aspect Ratio: 1 Sparse Ratio: 1
Direction: West
----------------
Congested clusters found at Level 0
Effective congestion level: 0 Aspect Ratio: 1 Sparse Ratio: 1

Phase 7 Route finalize | Checksum: 16a77ace3

Time (s): cpu = 00:08:55 ; elapsed = 00:06:16 . Memory (MB): peak = 3636.410 ; gain = 190.383

Phase 8 Verifying routed nets

 Verification completed successfully
Phase 8 Verifying routed nets | Checksum: 16a77ace3

Time (s): cpu = 00:08:56 ; elapsed = 00:06:16 . Memory (MB): peak = 3636.410 ; gain = 190.383

Phase 9 Depositing Routes
Phase 9 Depositing Routes | Checksum: 76453ed9

Time (s): cpu = 00:09:02 ; elapsed = 00:06:23 . Memory (MB): peak = 3636.410 ; gain = 190.383

Phase 10 Post Router Timing
INFO: [Route 35-57] Estimated Timing Summary | WNS=-47.037| TNS=-105866.107| WHS=0.059  | THS=0.000  |

WARNING: [Route 35-328] Router estimated timing not met.
Resolution: For a complete and accurate timing signoff, report_timing_summary must be run after route_design. Alternatively, route_design can be run with the -timing_summary option to enable a complete timing signoff at the end of route_design.
Phase 10 Post Router Timing | Checksum: 76453ed9

Time (s): cpu = 00:09:09 ; elapsed = 00:06:27 . Memory (MB): peak = 3636.410 ; gain = 190.383
INFO: [Route 35-16] Router Completed Successfully

Time (s): cpu = 00:09:09 ; elapsed = 00:06:27 . Memory (MB): peak = 3636.410 ; gain = 190.383

Routing Is Done.
INFO: [Common 17-83] Releasing license: Implementation
774 Infos, 7 Warnings, 2 Critical Warnings and 0 Errors encountered.
route_design completed successfully
route_design: Time (s): cpu = 00:09:15 ; elapsed = 00:06:30 . Memory (MB): peak = 3636.410 ; gain = 190.383
INFO: [Timing 38-480] Writing timing data to binary archive.
Writing XDEF routing.
Writing XDEF routing logical nets.
Writing XDEF routing special nets.
Write XDEF Complete: Time (s): cpu = 00:00:17 ; elapsed = 00:00:08 . Memory (MB): peak = 3636.410 ; gain = 0.000
report_design_analysis: Time (s): cpu = 00:00:08 ; elapsed = 00:00:07 . Memory (MB): peak = 3636.410 ; gain = 0.000
INFO: [Common 17-1381] The checkpoint 'E:/kevin/myCode/microBlaze1/microBlaze1.runs/impl_1/design_1_wrapper_routed.dcp' has been generated.
write_checkpoint: Time (s): cpu = 00:00:28 ; elapsed = 00:00:19 . Memory (MB): peak = 3636.410 ; gain = 0.000
INFO: [runtcl-4] Executing : report_drc -file design_1_wrapper_drc_routed.rpt -pb design_1_wrapper_drc_routed.pb -rpx design_1_wrapper_drc_routed.rpx
Command: report_drc -file design_1_wrapper_drc_routed.rpt -pb design_1_wrapper_drc_routed.pb -rpx design_1_wrapper_drc_routed.rpx
INFO: [IP_Flow 19-1839] IP Catalog is up to date.
INFO: [DRC 23-27] Running DRC with 2 threads
INFO: [Vivado_Tcl 2-168] The results of DRC are in file E:/kevin/myCode/microBlaze1/microBlaze1.runs/impl_1/design_1_wrapper_drc_routed.rpt.
report_drc completed successfully
report_drc: Time (s): cpu = 00:00:10 ; elapsed = 00:00:06 . Memory (MB): peak = 3636.410 ; gain = 0.000
INFO: [runtcl-4] Executing : report_methodology -file design_1_wrapper_methodology_drc_routed.rpt -pb design_1_wrapper_methodology_drc_routed.pb -rpx design_1_wrapper_methodology_drc_routed.rpx
Command: report_methodology -file design_1_wrapper_methodology_drc_routed.rpt -pb design_1_wrapper_methodology_drc_routed.pb -rpx design_1_wrapper_methodology_drc_routed.rpx
INFO: [Timing 38-35] Done setting XDC timing constraints.
INFO: [DRC 23-133] Running Methodology with 2 threads
INFO: [Vivado_Tcl 2-1520] The results of Report Methodology are in file E:/kevin/myCode/microBlaze1/microBlaze1.runs/impl_1/design_1_wrapper_methodology_drc_routed.rpt.
report_methodology completed successfully
report_methodology: Time (s): cpu = 00:00:51 ; elapsed = 00:00:28 . Memory (MB): peak = 3636.410 ; gain = 0.000
INFO: [runtcl-4] Executing : report_power -file design_1_wrapper_power_routed.rpt -pb design_1_wrapper_power_summary_routed.pb -rpx design_1_wrapper_power_routed.rpx
Command: report_power -file design_1_wrapper_power_routed.rpt -pb design_1_wrapper_power_summary_routed.pb -rpx design_1_wrapper_power_routed.rpx
INFO: [Timing 38-35] Done setting XDC timing constraints.
Running Vector-less Activity Propagation...

Finished Running Vector-less Activity Propagation
WARNING: [Power 33-332] Found switching activity that implies high-fanout reset nets being asserted for excessive periods of time which may result in inaccurate power analysis.
Resolution: To review and fix problems, please run Power Constraints Advisor in the GUI from Tools > Power Constraints Advisor or run report_power with the -advisory option to generate a text report.
786 Infos, 8 Warnings, 2 Critical Warnings and 0 Errors encountered.
report_power completed successfully
report_power: Time (s): cpu = 00:00:31 ; elapsed = 00:00:18 . Memory (MB): peak = 3636.410 ; gain = 0.000
INFO: [runtcl-4] Executing : report_route_status -file design_1_wrapper_route_status.rpt -pb design_1_wrapper_route_status.pb
INFO: [runtcl-4] Executing : report_timing_summary -max_paths 10 -report_unconstrained -file design_1_wrapper_timing_summary_routed.rpt -pb design_1_wrapper_timing_summary_routed.pb -rpx design_1_wrapper_timing_summary_routed.rpx -warn_on_violation 
INFO: [Timing 38-91] UpdateTimingParams: Speed grade: -2, Delay Type: min_max.
INFO: [Timing 38-191] Multithreading enabled for timing update using a maximum of 2 CPUs
CRITICAL WARNING: [Timing 38-282] The design failed to meet the timing requirements. Please see the timing summary report for details on the timing violations.
INFO: [runtcl-4] Executing : report_incremental_reuse -file design_1_wrapper_incremental_reuse_routed.rpt
INFO: [Vivado_Tcl 4-1062] Incremental flow is disabled. No incremental reuse Info to report.
INFO: [runtcl-4] Executing : report_clock_utilization -file design_1_wrapper_clock_utilization_routed.rpt
INFO: [runtcl-4] Executing : report_bus_skew -warn_on_violation -file design_1_wrapper_bus_skew_routed.rpt -pb design_1_wrapper_bus_skew_routed.pb -rpx design_1_wrapper_bus_skew_routed.rpx
INFO: [Timing 38-91] UpdateTimingParams: Speed grade: -2, Delay Type: min_max.
INFO: [Timing 38-191] Multithreading enabled for timing update using a maximum of 2 CPUs
Command: write_bitstream -force design_1_wrapper.bit
Attempting to get a license for feature 'Implementation' and/or device 'xc7a100t'
INFO: [Common 17-349] Got license for feature 'Implementation' and/or device 'xc7a100t'
Running DRC as a precondition to command write_bitstream
INFO: [IP_Flow 19-1839] IP Catalog is up to date.
INFO: [DRC 23-27] Running DRC with 2 threads
WARNING: [DRC CFGBVS-1] Missing CFGBVS and CONFIG_VOLTAGE Design Properties: Neither the CFGBVS nor CONFIG_VOLTAGE voltage property is set in the current_design.  Configuration bank voltage select (CFGBVS) must be set to VCCO or GND, and CONFIG_VOLTAGE must be set to the correct configuration voltage, in order to determine the I/O voltage support for the pins in bank 0.  It is suggested to specify these either using the 'Edit Device Properties' function in the GUI or directly in the XDC file using the following syntax:

 set_property CFGBVS value1 [current_design]
 #where value1 is either VCCO or GND

 set_property CONFIG_VOLTAGE value2 [current_design]
 #where value2 is the voltage provided to configuration bank 0

Refer to the device configuration user guide for more information.
WARNING: [DRC DPOP-1] PREG Output pipelining: DSP design_1_i/hw0_0/inst/cycleEndTime2 output design_1_i/hw0_0/inst/cycleEndTime2/P[47:0] is not pipelined (PREG=0). Pipelining the DSP48 output will improve performance and often saves power so it is suggested whenever possible to fully pipeline this function.  If this DSP48 function was inferred, it is suggested to describe an additional register stage after this function.  If the DSP48 was instantiated in the design, it is suggested to set the PREG attribute to 1.
WARNING: [DRC DPOP-2] MREG Output pipelining: DSP design_1_i/hw0_0/inst/cycleEndTime2 multiplier stage design_1_i/hw0_0/inst/cycleEndTime2/P[47:0] is not pipelined (MREG=0). Pipelining the multiplier function will improve performance and will save significant power so it is suggested whenever possible to fully pipeline this function.  If this multiplier was inferred, it is suggested to describe an additional register stage after this function.  If there is no registered adder/accumulator following the multiply function, two pipeline stages are suggested to allow both the MREG and PREG registers to be used.  If the DSP48 was instantiated in the design, it is suggested to set both the MREG and PREG attributes to 1 when performing multiply functions.
INFO: [Vivado 12-3199] DRC finished with 0 Errors, 3 Warnings
INFO: [Vivado 12-3200] Please refer to the DRC report (report_drc) for more information.
INFO: [Designutils 20-2272] Running write_bitstream with 2 threads.
Loading data files...
Loading site data...
Loading route data...
Processing options...
Creating bitmap...
Creating bitstream...
Writing bitstream ./design_1_wrapper.bit...
INFO: [Vivado 12-1842] Bitgen Completed Successfully.
INFO: [Project 1-1876] WebTalk data collection is mandatory when using a ULT device. To see the specific WebTalk data collected for your design, open the usage_statistics_webtalk.html or usage_statistics_webtalk.xml file in the implementation directory.
INFO: [Common 17-83] Releasing license: Implementation
12 Infos, 3 Warnings, 0 Critical Warnings and 0 Errors encountered.
write_bitstream completed successfully
write_bitstream: Time (s): cpu = 00:00:47 ; elapsed = 00:00:30 . Memory (MB): peak = 4298.422 ; gain = 541.371
INFO: [Common 17-206] Exiting Vivado at Mon Mar  3 18:14:08 2025...
