TRACE::2025-03-25.15:36:27::SCWPlatform::Trying to open the hw design at E:/kevin/myCode/microBlaze1/vitisJson/syncBlaze/hw/design_1_wrapper.xsa
TRACE::2025-03-25.15:36:27::SCWPlatform::DSA given E:/kevin/myCode/microBlaze1/vitisJson/syncBlaze/hw/design_1_wrapper.xsa
TRACE::2025-03-25.15:36:27::SCWPlatform::DSA absoulate path E:/kevin/myCode/microBlaze1/vitisJson/syncBlaze/hw/design_1_wrapper.xsa
TRACE::2025-03-25.15:36:27::SCWPlatform::DSA directory E:/kevin/myCode/microBlaze1/vitisJson/syncBlaze/hw
TRACE::2025-03-25.15:36:27::SCWPlatform:: Platform Path E:/kevin/myCode/microBlaze1/vitisJson/syncBlaze/hw/design_1_wrapper.xsa
TRACE::2025-03-25.15:36:27::SCWPlatform:: Unique name xilinx:::0.0
TRACE::2025-03-25.15:36:27::SCWPlatform::Do not have an existing db opened. 
TRACE::2025-03-25.15:36:28::SCWPlatform::Opened new HwDB with name design_1_wrapper_0
TRACE::2025-03-25.15:36:28::SCWWriter::formatted JSON is {
	"platformName":	"syncBlaze",
	"sprVersion":	"2.0",
	"mode":	"gui",
	"dsaType":	"Fixed",
	"platformDesc":	"syncBlaze",
	"platHandOff":	"E:/kevin/myCode/microBlaze1/design_1_wrapper.xsa",
	"platIntHandOff":	"<platformDir>/hw/design_1_wrapper.xsa",
	"deviceType":	"FPGA",
	"platIsPrebuiltAutogen":	"false",
	"platIsNoBootBsp":	"false",
	"hasFsblMakeHasChanges":	"false",
	"hasPmufwMakeHasChanges":	"false",
	"platPreBuiltFlag":	false,
	"platformSamplesDir":	""
}
TRACE::2025-03-25.15:36:28::SCWWriter::formatted JSON is {
	"platformName":	"syncBlaze",
	"sprVersion":	"2.0",
	"mode":	"gui",
	"dsaType":	"Fixed",
	"platformDesc":	"syncBlaze",
	"platHandOff":	"E:/kevin/myCode/microBlaze1/design_1_wrapper.xsa",
	"platIntHandOff":	"<platformDir>/hw/design_1_wrapper.xsa",
	"deviceType":	"FPGA",
	"platIsPrebuiltAutogen":	"false",
	"platIsNoBootBsp":	"false",
	"hasFsblMakeHasChanges":	"false",
	"hasPmufwMakeHasChanges":	"false",
	"platPreBuiltFlag":	false,
	"platformSamplesDir":	"",
	"platActiveSys":	"syncBlaze",
	"systems":	[{
			"systemName":	"syncBlaze",
			"systemDesc":	"syncBlaze",
			"sysIsBootAutoGen":	"true",
			"systemDispName":	"syncBlaze"
		}]
}
TRACE::2025-03-25.15:36:28::SCWPlatform::Boot application domains not present, creating them
TRACE::2025-03-25.15:36:28::SCWPlatform::Pure FPGA device, no boot application will be created.
TRACE::2025-03-25.15:36:28::SCWWriter::formatted JSON is {
	"platformName":	"syncBlaze",
	"sprVersion":	"2.0",
	"mode":	"gui",
	"dsaType":	"Fixed",
	"platformDesc":	"syncBlaze",
	"platHandOff":	"E:/kevin/myCode/microBlaze1/design_1_wrapper.xsa",
	"platIntHandOff":	"<platformDir>/hw/design_1_wrapper.xsa",
	"deviceType":	"FPGA",
	"platIsPrebuiltAutogen":	"false",
	"platIsNoBootBsp":	"false",
	"hasFsblMakeHasChanges":	"false",
	"hasPmufwMakeHasChanges":	"false",
	"platPreBuiltFlag":	false,
	"platformSamplesDir":	"",
	"platActiveSys":	"syncBlaze",
	"systems":	[{
			"systemName":	"syncBlaze",
			"systemDesc":	"syncBlaze",
			"sysIsBootAutoGen":	"true",
			"systemDispName":	"syncBlaze"
		}]
}
TRACE::2025-03-25.15:36:28::SCWPlatform::Trying to open the hw design at E:/kevin/myCode/microBlaze1/vitisJson/syncBlaze/hw/design_1_wrapper.xsa
TRACE::2025-03-25.15:36:28::SCWPlatform::DSA given E:/kevin/myCode/microBlaze1/vitisJson/syncBlaze/hw/design_1_wrapper.xsa
TRACE::2025-03-25.15:36:28::SCWPlatform::DSA absoulate path E:/kevin/myCode/microBlaze1/vitisJson/syncBlaze/hw/design_1_wrapper.xsa
TRACE::2025-03-25.15:36:28::SCWPlatform::DSA directory E:/kevin/myCode/microBlaze1/vitisJson/syncBlaze/hw
TRACE::2025-03-25.15:36:28::SCWPlatform:: Platform Path E:/kevin/myCode/microBlaze1/vitisJson/syncBlaze/hw/design_1_wrapper.xsa
TRACE::2025-03-25.15:36:28::SCWPlatform:: Unique name xilinx:::0.0
TRACE::2025-03-25.15:36:28::SCWPlatform::Trying to set the existing hwdb with name design_1_wrapper_0
TRACE::2025-03-25.15:36:28::SCWPlatform::Opened existing hwdb design_1_wrapper_0
TRACE::2025-03-25.15:36:28::SCWPlatform::Found the Hw Db part of the input DSA
TRACE::2025-03-25.15:36:28::SCWPlatform::Trying to open the hw design at E:/kevin/myCode/microBlaze1/vitisJson/syncBlaze/hw/design_1_wrapper.xsa
TRACE::2025-03-25.15:36:28::SCWPlatform::DSA given E:/kevin/myCode/microBlaze1/vitisJson/syncBlaze/hw/design_1_wrapper.xsa
TRACE::2025-03-25.15:36:28::SCWPlatform::DSA absoulate path E:/kevin/myCode/microBlaze1/vitisJson/syncBlaze/hw/design_1_wrapper.xsa
TRACE::2025-03-25.15:36:28::SCWPlatform::DSA directory E:/kevin/myCode/microBlaze1/vitisJson/syncBlaze/hw
TRACE::2025-03-25.15:36:28::SCWPlatform:: Platform Path E:/kevin/myCode/microBlaze1/vitisJson/syncBlaze/hw/design_1_wrapper.xsa
TRACE::2025-03-25.15:36:28::SCWPlatform:: Unique name xilinx:::0.0
TRACE::2025-03-25.15:36:28::SCWPlatform::Trying to set the existing hwdb with name design_1_wrapper_0
TRACE::2025-03-25.15:36:28::SCWPlatform::Opened existing hwdb design_1_wrapper_0
TRACE::2025-03-25.15:36:28::SCWPlatform::Found the Hw Db part of the input DSA
TRACE::2025-03-25.15:36:28::SCWPlatform::Trying to open the hw design at E:/kevin/myCode/microBlaze1/vitisJson/syncBlaze/hw/design_1_wrapper.xsa
TRACE::2025-03-25.15:36:28::SCWPlatform::DSA given E:/kevin/myCode/microBlaze1/vitisJson/syncBlaze/hw/design_1_wrapper.xsa
TRACE::2025-03-25.15:36:28::SCWPlatform::DSA absoulate path E:/kevin/myCode/microBlaze1/vitisJson/syncBlaze/hw/design_1_wrapper.xsa
TRACE::2025-03-25.15:36:28::SCWPlatform::DSA directory E:/kevin/myCode/microBlaze1/vitisJson/syncBlaze/hw
TRACE::2025-03-25.15:36:28::SCWPlatform:: Platform Path E:/kevin/myCode/microBlaze1/vitisJson/syncBlaze/hw/design_1_wrapper.xsa
TRACE::2025-03-25.15:36:28::SCWPlatform:: Unique name xilinx:::0.0
TRACE::2025-03-25.15:36:28::SCWPlatform::Trying to set the existing hwdb with name design_1_wrapper_0
TRACE::2025-03-25.15:36:28::SCWPlatform::Opened existing hwdb design_1_wrapper_0
TRACE::2025-03-25.15:36:28::SCWPlatform::Found the Hw Db part of the input DSA
TRACE::2025-03-25.15:36:28::SCWDomain::checking for install qemu data   : 
TRACE::2025-03-25.15:36:28::SCWPlatform::Trying to open the hw design at E:/kevin/myCode/microBlaze1/vitisJson/syncBlaze/hw/design_1_wrapper.xsa
TRACE::2025-03-25.15:36:28::SCWPlatform::DSA given E:/kevin/myCode/microBlaze1/vitisJson/syncBlaze/hw/design_1_wrapper.xsa
TRACE::2025-03-25.15:36:28::SCWPlatform::DSA absoulate path E:/kevin/myCode/microBlaze1/vitisJson/syncBlaze/hw/design_1_wrapper.xsa
TRACE::2025-03-25.15:36:28::SCWPlatform::DSA directory E:/kevin/myCode/microBlaze1/vitisJson/syncBlaze/hw
TRACE::2025-03-25.15:36:28::SCWPlatform:: Platform Path E:/kevin/myCode/microBlaze1/vitisJson/syncBlaze/hw/design_1_wrapper.xsa
TRACE::2025-03-25.15:36:28::SCWPlatform:: Unique name xilinx:::0.0
TRACE::2025-03-25.15:36:28::SCWPlatform::Trying to set the existing hwdb with name design_1_wrapper_0
TRACE::2025-03-25.15:36:28::SCWPlatform::Opened existing hwdb design_1_wrapper_0
TRACE::2025-03-25.15:36:28::SCWPlatform::Found the Hw Db part of the input DSA
TRACE::2025-03-25.15:36:28::SCWPlatform::Trying to open the hw design at E:/kevin/myCode/microBlaze1/vitisJson/syncBlaze/hw/design_1_wrapper.xsa
TRACE::2025-03-25.15:36:28::SCWPlatform::DSA given E:/kevin/myCode/microBlaze1/vitisJson/syncBlaze/hw/design_1_wrapper.xsa
TRACE::2025-03-25.15:36:28::SCWPlatform::DSA absoulate path E:/kevin/myCode/microBlaze1/vitisJson/syncBlaze/hw/design_1_wrapper.xsa
TRACE::2025-03-25.15:36:28::SCWPlatform::DSA directory E:/kevin/myCode/microBlaze1/vitisJson/syncBlaze/hw
TRACE::2025-03-25.15:36:28::SCWPlatform:: Platform Path E:/kevin/myCode/microBlaze1/vitisJson/syncBlaze/hw/design_1_wrapper.xsa
TRACE::2025-03-25.15:36:28::SCWPlatform:: Unique name xilinx:::0.0
TRACE::2025-03-25.15:36:28::SCWPlatform::Trying to set the existing hwdb with name design_1_wrapper_0
TRACE::2025-03-25.15:36:28::SCWPlatform::Opened existing hwdb design_1_wrapper_0
TRACE::2025-03-25.15:36:28::SCWPlatform::Found the Hw Db part of the input DSA
TRACE::2025-03-25.15:36:28::SCWPlatform::Trying to open the hw design at E:/kevin/myCode/microBlaze1/vitisJson/syncBlaze/hw/design_1_wrapper.xsa
TRACE::2025-03-25.15:36:28::SCWPlatform::DSA given E:/kevin/myCode/microBlaze1/vitisJson/syncBlaze/hw/design_1_wrapper.xsa
TRACE::2025-03-25.15:36:28::SCWPlatform::DSA absoulate path E:/kevin/myCode/microBlaze1/vitisJson/syncBlaze/hw/design_1_wrapper.xsa
TRACE::2025-03-25.15:36:28::SCWPlatform::DSA directory E:/kevin/myCode/microBlaze1/vitisJson/syncBlaze/hw
TRACE::2025-03-25.15:36:28::SCWPlatform:: Platform Path E:/kevin/myCode/microBlaze1/vitisJson/syncBlaze/hw/design_1_wrapper.xsa
TRACE::2025-03-25.15:36:28::SCWPlatform:: Unique name xilinx:::0.0
TRACE::2025-03-25.15:36:28::SCWPlatform::Trying to set the existing hwdb with name design_1_wrapper_0
TRACE::2025-03-25.15:36:28::SCWPlatform::Opened existing hwdb design_1_wrapper_0
TRACE::2025-03-25.15:36:28::SCWPlatform::Found the Hw Db part of the input DSA
TRACE::2025-03-25.15:36:28::SCWMssOS::Checking the sw design at  E:/kevin/myCode/microBlaze1/vitisJson/syncBlaze/microblaze_0/standalone_domain/bsp/system.mss
TRACE::2025-03-25.15:36:28::SCWMssOS::DEBUG:  swdes dump  
TRACE::2025-03-25.15:36:28::SCWMssOS::No sw design opened at  E:/kevin/myCode/microBlaze1/vitisJson/syncBlaze/microblaze_0/standalone_domain/bsp/system.mss
TRACE::2025-03-25.15:36:28::SCWMssOS::mss does not exists at E:/kevin/myCode/microBlaze1/vitisJson/syncBlaze/microblaze_0/standalone_domain/bsp/system.mss
TRACE::2025-03-25.15:36:28::SCWMssOS::Creating sw design at  E:/kevin/myCode/microBlaze1/vitisJson/syncBlaze/microblaze_0/standalone_domain/bsp/system.mss
TRACE::2025-03-25.15:36:28::SCWMssOS::Adding the swdes entry, created swdb E:/kevin/myCode/microBlaze1/vitisJson/syncBlaze/microblaze_0/standalone_domain/bsp/system.mss with des name E:/kevin/myCode/microBlaze1/vitisJson/syncBlaze/microblaze_0/standalone_domain/bsp/system.mss
TRACE::2025-03-25.15:36:28::SCWMssOS::updating the scw layer changes to swdes at   E:/kevin/myCode/microBlaze1/vitisJson/syncBlaze/microblaze_0/standalone_domain/bsp/system.mss
TRACE::2025-03-25.15:36:28::SCWMssOS::Writing mss at E:/kevin/myCode/microBlaze1/vitisJson/syncBlaze/microblaze_0/standalone_domain/bsp/system.mss
TRACE::2025-03-25.15:36:28::SCWMssOS::Completed writing the mss file at E:/kevin/myCode/microBlaze1/vitisJson/syncBlaze/microblaze_0/standalone_domain/bsp
TRACE::2025-03-25.15:36:28::SCWMssOS::Picking up changes from newly written mss file into SCW Layer. 
TRACE::2025-03-25.15:36:28::SCWMssOS::Updated the changes from newly written mss file into SCW Layer. 
TRACE::2025-03-25.15:36:28::SCWMssOS::Completed writing the mss file at E:/kevin/myCode/microBlaze1/vitisJson/syncBlaze/microblaze_0/standalone_domain/bsp
TRACE::2025-03-25.15:36:28::SCWMssOS::Forcing BSP Sources regeneration.
TRACE::2025-03-25.15:36:29::SCWMssOS::Saving the mss changes E:/kevin/myCode/microBlaze1/vitisJson/syncBlaze/microblaze_0/standalone_domain/bsp/system.mss
TRACE::2025-03-25.15:36:29::SCWMssOS::Adding the swdes entry, mss present, able to open swdb E:/kevin/myCode/microBlaze1/vitisJson/syncBlaze/microblaze_0/standalone_domain/bsp/system.mss with des name system
TRACE::2025-03-25.15:36:29::SCWMssOS::Writing the mss file completed E:/kevin/myCode/microBlaze1/vitisJson/syncBlaze/microblaze_0/standalone_domain/bsp/system.mss
TRACE::2025-03-25.15:36:29::SCWMssOS::Commit changes completed.
TRACE::2025-03-25.15:36:29::SCWPlatform::Trying to open the hw design at E:/kevin/myCode/microBlaze1/vitisJson/syncBlaze/hw/design_1_wrapper.xsa
TRACE::2025-03-25.15:36:29::SCWPlatform::DSA given E:/kevin/myCode/microBlaze1/vitisJson/syncBlaze/hw/design_1_wrapper.xsa
TRACE::2025-03-25.15:36:29::SCWPlatform::DSA absoulate path E:/kevin/myCode/microBlaze1/vitisJson/syncBlaze/hw/design_1_wrapper.xsa
TRACE::2025-03-25.15:36:29::SCWPlatform::DSA directory E:/kevin/myCode/microBlaze1/vitisJson/syncBlaze/hw
TRACE::2025-03-25.15:36:29::SCWPlatform:: Platform Path E:/kevin/myCode/microBlaze1/vitisJson/syncBlaze/hw/design_1_wrapper.xsa
TRACE::2025-03-25.15:36:29::SCWPlatform:: Unique name xilinx:::0.0
TRACE::2025-03-25.15:36:29::SCWPlatform::Trying to set the existing hwdb with name design_1_wrapper_0
TRACE::2025-03-25.15:36:29::SCWPlatform::Opened existing hwdb design_1_wrapper_0
TRACE::2025-03-25.15:36:29::SCWPlatform::Found the Hw Db part of the input DSA
TRACE::2025-03-25.15:36:29::SCWMssOS::Checking the sw design at  E:/kevin/myCode/microBlaze1/vitisJson/syncBlaze/microblaze_0/standalone_domain/bsp/system.mss
TRACE::2025-03-25.15:36:29::SCWMssOS::DEBUG:  swdes dump  E:/kevin/myCode/microBlaze1/vitisJson/syncBlaze/microblaze_0/standalone_domain/bsp/system.mss|system||

TRACE::2025-03-25.15:36:29::SCWMssOS::Sw design exists and opened at  E:/kevin/myCode/microBlaze1/vitisJson/syncBlaze/microblaze_0/standalone_domain/bsp/system.mss
TRACE::2025-03-25.15:36:29::SCWPlatform::Trying to open the hw design at E:/kevin/myCode/microBlaze1/vitisJson/syncBlaze/hw/design_1_wrapper.xsa
TRACE::2025-03-25.15:36:29::SCWPlatform::DSA given E:/kevin/myCode/microBlaze1/vitisJson/syncBlaze/hw/design_1_wrapper.xsa
TRACE::2025-03-25.15:36:29::SCWPlatform::DSA absoulate path E:/kevin/myCode/microBlaze1/vitisJson/syncBlaze/hw/design_1_wrapper.xsa
TRACE::2025-03-25.15:36:29::SCWPlatform::DSA directory E:/kevin/myCode/microBlaze1/vitisJson/syncBlaze/hw
TRACE::2025-03-25.15:36:29::SCWPlatform:: Platform Path E:/kevin/myCode/microBlaze1/vitisJson/syncBlaze/hw/design_1_wrapper.xsa
TRACE::2025-03-25.15:36:29::SCWPlatform:: Unique name xilinx:::0.0
TRACE::2025-03-25.15:36:29::SCWPlatform::Trying to set the existing hwdb with name design_1_wrapper_0
TRACE::2025-03-25.15:36:29::SCWPlatform::Opened existing hwdb design_1_wrapper_0
TRACE::2025-03-25.15:36:29::SCWPlatform::Found the Hw Db part of the input DSA
TRACE::2025-03-25.15:36:29::SCWMssOS::Checking the sw design at  E:/kevin/myCode/microBlaze1/vitisJson/syncBlaze/microblaze_0/standalone_domain/bsp/system.mss
TRACE::2025-03-25.15:36:29::SCWMssOS::DEBUG:  swdes dump  E:/kevin/myCode/microBlaze1/vitisJson/syncBlaze/microblaze_0/standalone_domain/bsp/system.mss|system||

TRACE::2025-03-25.15:36:29::SCWMssOS::Sw design exists and opened at  E:/kevin/myCode/microBlaze1/vitisJson/syncBlaze/microblaze_0/standalone_domain/bsp/system.mss
TRACE::2025-03-25.15:36:29::SCWPlatform::Trying to open the hw design at E:/kevin/myCode/microBlaze1/vitisJson/syncBlaze/hw/design_1_wrapper.xsa
TRACE::2025-03-25.15:36:29::SCWPlatform::DSA given E:/kevin/myCode/microBlaze1/vitisJson/syncBlaze/hw/design_1_wrapper.xsa
TRACE::2025-03-25.15:36:29::SCWPlatform::DSA absoulate path E:/kevin/myCode/microBlaze1/vitisJson/syncBlaze/hw/design_1_wrapper.xsa
TRACE::2025-03-25.15:36:29::SCWPlatform::DSA directory E:/kevin/myCode/microBlaze1/vitisJson/syncBlaze/hw
TRACE::2025-03-25.15:36:29::SCWPlatform:: Platform Path E:/kevin/myCode/microBlaze1/vitisJson/syncBlaze/hw/design_1_wrapper.xsa
TRACE::2025-03-25.15:36:29::SCWPlatform:: Unique name xilinx:::0.0
TRACE::2025-03-25.15:36:29::SCWPlatform::Trying to set the existing hwdb with name design_1_wrapper_0
TRACE::2025-03-25.15:36:29::SCWPlatform::Opened existing hwdb design_1_wrapper_0
TRACE::2025-03-25.15:36:29::SCWPlatform::Found the Hw Db part of the input DSA
TRACE::2025-03-25.15:36:29::SCWMssOS::Checking the sw design at  E:/kevin/myCode/microBlaze1/vitisJson/syncBlaze/microblaze_0/standalone_domain/bsp/system.mss
TRACE::2025-03-25.15:36:29::SCWMssOS::DEBUG:  swdes dump  E:/kevin/myCode/microBlaze1/vitisJson/syncBlaze/microblaze_0/standalone_domain/bsp/system.mss|system||

TRACE::2025-03-25.15:36:29::SCWMssOS::Sw design exists and opened at  E:/kevin/myCode/microBlaze1/vitisJson/syncBlaze/microblaze_0/standalone_domain/bsp/system.mss
TRACE::2025-03-25.15:36:29::SCWWriter::formatted JSON is {
	"platformName":	"syncBlaze",
	"sprVersion":	"2.0",
	"mode":	"gui",
	"dsaType":	"Fixed",
	"platformDesc":	"syncBlaze",
	"platHandOff":	"E:/kevin/myCode/microBlaze1/design_1_wrapper.xsa",
	"platIntHandOff":	"<platformDir>/hw/design_1_wrapper.xsa",
	"deviceType":	"FPGA",
	"platIsPrebuiltAutogen":	"false",
	"platIsNoBootBsp":	"false",
	"hasFsblMakeHasChanges":	"false",
	"hasPmufwMakeHasChanges":	"false",
	"platPreBuiltFlag":	false,
	"platformSamplesDir":	"",
	"platActiveSys":	"syncBlaze",
	"systems":	[{
			"systemName":	"syncBlaze",
			"systemDesc":	"syncBlaze",
			"sysIsBootAutoGen":	"true",
			"systemDispName":	"syncBlaze",
			"sysActiveDom":	"standalone_domain",
			"sysDefaultDom":	"standalone_domain",
			"domains":	[{
					"domainName":	"standalone_domain",
					"domainDispName":	"standalone_domain",
					"domainDesc":	"standalone_domain",
					"processors":	"microblaze_0",
					"os":	"standalone",
					"sdxOs":	"standalone",
					"debugEnable":	"False",
					"domRuntimes":	["cpp"],
					"swRepo":	"",
					"mssOsVer":	"8.0",
					"mssFile":	"",
					"md5Digest":	"e2cdda41e7956801f4f51a65042beca0",
					"compatibleApp":	"",
					"domType":	"mssDomain",
					"arch":	"32-bit",
					"appSettings":	{
						"appCompilerFlags":	"",
						"appLinkerFlags":	""
					},
					"addedLibs":	[],
					"libOptions":	{
						"libsContainingOptions":	[]
					},
					"prebuiltLibs":	{
						"prebuiltIncPath":	[],
						"prebuiltLibPath":	[]
					},
					"isolation":	{
					}
				}]
		}]
}
LOG::2025-03-25.15:36:29::SCWPlatform::Started generating the artifacts platform syncBlaze
TRACE::2025-03-25.15:36:29::SCWPlatform::Sanity checking of platform is completed
LOG::2025-03-25.15:36:29::SCWPlatform::Started generating the artifacts for system configuration syncBlaze
LOG::2025-03-25.15:36:29::SCWSystem::Checking the domain standalone_domain
LOG::2025-03-25.15:36:29::SCWSystem::Not a boot domain 
LOG::2025-03-25.15:36:29::SCWSystem::Started Processing the domain standalone_domain
TRACE::2025-03-25.15:36:29::SCWDomain::Generating domain artifcats
TRACE::2025-03-25.15:36:29::SCWMssOS::Generating standalone artifcats
TRACE::2025-03-25.15:36:29::SCWMssOS:: Copying the user libraries. 
TRACE::2025-03-25.15:36:29::SCWPlatform::Trying to open the hw design at E:/kevin/myCode/microBlaze1/vitisJson/syncBlaze/hw/design_1_wrapper.xsa
TRACE::2025-03-25.15:36:29::SCWPlatform::DSA given E:/kevin/myCode/microBlaze1/vitisJson/syncBlaze/hw/design_1_wrapper.xsa
TRACE::2025-03-25.15:36:29::SCWPlatform::DSA absoulate path E:/kevin/myCode/microBlaze1/vitisJson/syncBlaze/hw/design_1_wrapper.xsa
TRACE::2025-03-25.15:36:29::SCWPlatform::DSA directory E:/kevin/myCode/microBlaze1/vitisJson/syncBlaze/hw
TRACE::2025-03-25.15:36:29::SCWPlatform:: Platform Path E:/kevin/myCode/microBlaze1/vitisJson/syncBlaze/hw/design_1_wrapper.xsa
TRACE::2025-03-25.15:36:29::SCWPlatform:: Unique name xilinx:::0.0
TRACE::2025-03-25.15:36:29::SCWPlatform::Trying to set the existing hwdb with name design_1_wrapper_0
TRACE::2025-03-25.15:36:29::SCWPlatform::Opened existing hwdb design_1_wrapper_0
TRACE::2025-03-25.15:36:29::SCWPlatform::Found the Hw Db part of the input DSA
TRACE::2025-03-25.15:36:29::SCWMssOS::Checking the sw design at  E:/kevin/myCode/microBlaze1/vitisJson/syncBlaze/microblaze_0/standalone_domain/bsp/system.mss
TRACE::2025-03-25.15:36:29::SCWMssOS::DEBUG:  swdes dump  E:/kevin/myCode/microBlaze1/vitisJson/syncBlaze/microblaze_0/standalone_domain/bsp/system.mss|system||

TRACE::2025-03-25.15:36:29::SCWMssOS::Sw design exists and opened at  E:/kevin/myCode/microBlaze1/vitisJson/syncBlaze/microblaze_0/standalone_domain/bsp/system.mss
TRACE::2025-03-25.15:36:29::SCWMssOS::Completed writing the mss file at E:/kevin/myCode/microBlaze1/vitisJson/syncBlaze/microblaze_0/standalone_domain/bsp
TRACE::2025-03-25.15:36:29::SCWMssOS::Mss edits present, copying mssfile into export location E:/kevin/myCode/microBlaze1/vitisJson/syncBlaze/microblaze_0/standalone_domain/bsp/system.mss
TRACE::2025-03-25.15:36:29::SCWMssOS::bsp generated is upto date with the mss file. Skipping bsp generation.
TRACE::2025-03-25.15:36:29::SCWMssOS::BSP is already built. skipping the bsp build ... 
TRACE::2025-03-25.15:36:29::SCWDomain::Skipping the build for domain :  standalone_domain
TRACE::2025-03-25.15:36:29::SCWMssOS::skipping the bsp build ... 
TRACE::2025-03-25.15:36:29::SCWMssOS::Copying to export directory.
TRACE::2025-03-25.15:36:29::SCWMssOS:: Checking if to create the Supporting Applications
TRACE::2025-03-25.15:36:29::SCWMssOS:: No Linux domain exists, trying to generate FSBL 
LOG::2025-03-25.15:36:29::SCWSystem::Completed Processing the domain standalone_domain
LOG::2025-03-25.15:36:29::SCWSystem::Completed Processing the sysconfig syncBlaze
LOG::2025-03-25.15:36:29::SCWPlatform::Completed generating the artifacts for system configuration syncBlaze
TRACE::2025-03-25.15:36:29::SCWPlatform::Started preparing the platform 
TRACE::2025-03-25.15:36:29::SCWSystem::Writing the bif file for system config syncBlaze
TRACE::2025-03-25.15:36:29::SCWSystem::dir created 
TRACE::2025-03-25.15:36:29::SCWSystem::Writing the bif 
TRACE::2025-03-25.15:36:29::SCWPlatform::Started writing the spfm file 
TRACE::2025-03-25.15:36:29::SCWPlatform::Started writing the xpfm file 
TRACE::2025-03-25.15:36:29::SCWPlatform::Completed generating the platform
TRACE::2025-03-25.15:36:29::SCWMssOS::Saving the mss changes E:/kevin/myCode/microBlaze1/vitisJson/syncBlaze/microblaze_0/standalone_domain/bsp/system.mss
TRACE::2025-03-25.15:36:29::SCWMssOS::Found a swdesign opened with the mssfile.
TRACE::2025-03-25.15:36:29::SCWMssOS::Completed writemss as part of save.
TRACE::2025-03-25.15:36:29::SCWMssOS::Commit changes completed.
TRACE::2025-03-25.15:36:29::SCWPlatform::Trying to open the hw design at E:/kevin/myCode/microBlaze1/vitisJson/syncBlaze/hw/design_1_wrapper.xsa
TRACE::2025-03-25.15:36:29::SCWPlatform::DSA given E:/kevin/myCode/microBlaze1/vitisJson/syncBlaze/hw/design_1_wrapper.xsa
TRACE::2025-03-25.15:36:29::SCWPlatform::DSA absoulate path E:/kevin/myCode/microBlaze1/vitisJson/syncBlaze/hw/design_1_wrapper.xsa
TRACE::2025-03-25.15:36:29::SCWPlatform::DSA directory E:/kevin/myCode/microBlaze1/vitisJson/syncBlaze/hw
TRACE::2025-03-25.15:36:29::SCWPlatform:: Platform Path E:/kevin/myCode/microBlaze1/vitisJson/syncBlaze/hw/design_1_wrapper.xsa
TRACE::2025-03-25.15:36:29::SCWPlatform:: Unique name xilinx:::0.0
TRACE::2025-03-25.15:36:29::SCWPlatform::Trying to set the existing hwdb with name design_1_wrapper_0
TRACE::2025-03-25.15:36:29::SCWPlatform::Opened existing hwdb design_1_wrapper_0
TRACE::2025-03-25.15:36:29::SCWPlatform::Found the Hw Db part of the input DSA
TRACE::2025-03-25.15:36:29::SCWMssOS::Checking the sw design at  E:/kevin/myCode/microBlaze1/vitisJson/syncBlaze/microblaze_0/standalone_domain/bsp/system.mss
TRACE::2025-03-25.15:36:29::SCWMssOS::DEBUG:  swdes dump  E:/kevin/myCode/microBlaze1/vitisJson/syncBlaze/microblaze_0/standalone_domain/bsp/system.mss|system||

TRACE::2025-03-25.15:36:29::SCWMssOS::Sw design exists and opened at  E:/kevin/myCode/microBlaze1/vitisJson/syncBlaze/microblaze_0/standalone_domain/bsp/system.mss
TRACE::2025-03-25.15:36:29::SCWPlatform::Trying to open the hw design at E:/kevin/myCode/microBlaze1/vitisJson/syncBlaze/hw/design_1_wrapper.xsa
TRACE::2025-03-25.15:36:29::SCWPlatform::DSA given E:/kevin/myCode/microBlaze1/vitisJson/syncBlaze/hw/design_1_wrapper.xsa
TRACE::2025-03-25.15:36:29::SCWPlatform::DSA absoulate path E:/kevin/myCode/microBlaze1/vitisJson/syncBlaze/hw/design_1_wrapper.xsa
TRACE::2025-03-25.15:36:29::SCWPlatform::DSA directory E:/kevin/myCode/microBlaze1/vitisJson/syncBlaze/hw
TRACE::2025-03-25.15:36:29::SCWPlatform:: Platform Path E:/kevin/myCode/microBlaze1/vitisJson/syncBlaze/hw/design_1_wrapper.xsa
TRACE::2025-03-25.15:36:29::SCWPlatform:: Unique name xilinx:::0.0
TRACE::2025-03-25.15:36:29::SCWPlatform::Trying to set the existing hwdb with name design_1_wrapper_0
TRACE::2025-03-25.15:36:29::SCWPlatform::Opened existing hwdb design_1_wrapper_0
TRACE::2025-03-25.15:36:29::SCWPlatform::Found the Hw Db part of the input DSA
TRACE::2025-03-25.15:36:29::SCWMssOS::Checking the sw design at  E:/kevin/myCode/microBlaze1/vitisJson/syncBlaze/microblaze_0/standalone_domain/bsp/system.mss
TRACE::2025-03-25.15:36:29::SCWMssOS::DEBUG:  swdes dump  E:/kevin/myCode/microBlaze1/vitisJson/syncBlaze/microblaze_0/standalone_domain/bsp/system.mss|system||

TRACE::2025-03-25.15:36:29::SCWMssOS::Sw design exists and opened at  E:/kevin/myCode/microBlaze1/vitisJson/syncBlaze/microblaze_0/standalone_domain/bsp/system.mss
TRACE::2025-03-25.15:36:29::SCWPlatform::Trying to open the hw design at E:/kevin/myCode/microBlaze1/vitisJson/syncBlaze/hw/design_1_wrapper.xsa
TRACE::2025-03-25.15:36:29::SCWPlatform::DSA given E:/kevin/myCode/microBlaze1/vitisJson/syncBlaze/hw/design_1_wrapper.xsa
TRACE::2025-03-25.15:36:29::SCWPlatform::DSA absoulate path E:/kevin/myCode/microBlaze1/vitisJson/syncBlaze/hw/design_1_wrapper.xsa
TRACE::2025-03-25.15:36:29::SCWPlatform::DSA directory E:/kevin/myCode/microBlaze1/vitisJson/syncBlaze/hw
TRACE::2025-03-25.15:36:29::SCWPlatform:: Platform Path E:/kevin/myCode/microBlaze1/vitisJson/syncBlaze/hw/design_1_wrapper.xsa
TRACE::2025-03-25.15:36:29::SCWPlatform:: Unique name xilinx:::0.0
TRACE::2025-03-25.15:36:29::SCWPlatform::Trying to set the existing hwdb with name design_1_wrapper_0
TRACE::2025-03-25.15:36:29::SCWPlatform::Opened existing hwdb design_1_wrapper_0
TRACE::2025-03-25.15:36:29::SCWPlatform::Found the Hw Db part of the input DSA
TRACE::2025-03-25.15:36:29::SCWMssOS::Checking the sw design at  E:/kevin/myCode/microBlaze1/vitisJson/syncBlaze/microblaze_0/standalone_domain/bsp/system.mss
TRACE::2025-03-25.15:36:29::SCWMssOS::DEBUG:  swdes dump  E:/kevin/myCode/microBlaze1/vitisJson/syncBlaze/microblaze_0/standalone_domain/bsp/system.mss|system||

TRACE::2025-03-25.15:36:29::SCWMssOS::Sw design exists and opened at  E:/kevin/myCode/microBlaze1/vitisJson/syncBlaze/microblaze_0/standalone_domain/bsp/system.mss
TRACE::2025-03-25.15:36:29::SCWWriter::formatted JSON is {
	"platformName":	"syncBlaze",
	"sprVersion":	"2.0",
	"mode":	"gui",
	"dsaType":	"Fixed",
	"platformDesc":	"syncBlaze",
	"platHandOff":	"E:/kevin/myCode/microBlaze1/design_1_wrapper.xsa",
	"platIntHandOff":	"<platformDir>/hw/design_1_wrapper.xsa",
	"deviceType":	"FPGA",
	"platIsPrebuiltAutogen":	"false",
	"platIsNoBootBsp":	"false",
	"hasFsblMakeHasChanges":	"false",
	"hasPmufwMakeHasChanges":	"false",
	"platPreBuiltFlag":	false,
	"platformSamplesDir":	"",
	"platActiveSys":	"syncBlaze",
	"systems":	[{
			"systemName":	"syncBlaze",
			"systemDesc":	"syncBlaze",
			"sysIsBootAutoGen":	"true",
			"systemDispName":	"syncBlaze",
			"sysActiveDom":	"standalone_domain",
			"sysDefaultDom":	"standalone_domain",
			"domains":	[{
					"domainName":	"standalone_domain",
					"domainDispName":	"standalone_domain",
					"domainDesc":	"standalone_domain",
					"processors":	"microblaze_0",
					"os":	"standalone",
					"sdxOs":	"standalone",
					"debugEnable":	"False",
					"domRuntimes":	["cpp"],
					"swRepo":	"",
					"mssOsVer":	"8.0",
					"mssFile":	"",
					"md5Digest":	"e2cdda41e7956801f4f51a65042beca0",
					"compatibleApp":	"",
					"domType":	"mssDomain",
					"arch":	"32-bit",
					"appSettings":	{
						"appCompilerFlags":	"",
						"appLinkerFlags":	""
					},
					"addedLibs":	[],
					"libOptions":	{
						"libsContainingOptions":	[]
					},
					"prebuiltLibs":	{
						"prebuiltIncPath":	[],
						"prebuiltLibPath":	[]
					},
					"isolation":	{
					}
				}]
		}]
}
KEYINFO::2025-03-25.15:36:29::SCWPlatform::updated the xpfm file.
TRACE::2025-03-25.15:36:29::SCWPlatform::Trying to open the hw design at E:/kevin/myCode/microBlaze1/vitisJson/syncBlaze/hw/design_1_wrapper.xsa
TRACE::2025-03-25.15:36:29::SCWPlatform::DSA given E:/kevin/myCode/microBlaze1/vitisJson/syncBlaze/hw/design_1_wrapper.xsa
TRACE::2025-03-25.15:36:29::SCWPlatform::DSA absoulate path E:/kevin/myCode/microBlaze1/vitisJson/syncBlaze/hw/design_1_wrapper.xsa
TRACE::2025-03-25.15:36:29::SCWPlatform::DSA directory E:/kevin/myCode/microBlaze1/vitisJson/syncBlaze/hw
TRACE::2025-03-25.15:36:29::SCWPlatform:: Platform Path E:/kevin/myCode/microBlaze1/vitisJson/syncBlaze/hw/design_1_wrapper.xsa
TRACE::2025-03-25.15:36:29::SCWPlatform:: Unique name xilinx:::0.0
TRACE::2025-03-25.15:36:29::SCWPlatform::Trying to set the existing hwdb with name design_1_wrapper_0
TRACE::2025-03-25.15:36:29::SCWPlatform::Opened existing hwdb design_1_wrapper_0
TRACE::2025-03-25.15:36:29::SCWPlatform::Found the Hw Db part of the input DSA
TRACE::2025-03-25.15:36:29::SCWMssOS::Checking the sw design at  E:/kevin/myCode/microBlaze1/vitisJson/syncBlaze/microblaze_0/standalone_domain/bsp/system.mss
TRACE::2025-03-25.15:36:29::SCWMssOS::DEBUG:  swdes dump  E:/kevin/myCode/microBlaze1/vitisJson/syncBlaze/microblaze_0/standalone_domain/bsp/system.mss|system||

TRACE::2025-03-25.15:36:29::SCWMssOS::Sw design exists and opened at  E:/kevin/myCode/microBlaze1/vitisJson/syncBlaze/microblaze_0/standalone_domain/bsp/system.mss
TRACE::2025-03-25.15:36:29::SCWMssOS::Saving the mss changes E:/kevin/myCode/microBlaze1/vitisJson/syncBlaze/microblaze_0/standalone_domain/bsp/system.mss
TRACE::2025-03-25.15:36:29::SCWMssOS::Found a swdesign opened with the mssfile.
TRACE::2025-03-25.15:36:29::SCWMssOS::Completed writemss as part of save.
TRACE::2025-03-25.15:36:29::SCWMssOS::Commit changes completed.
TRACE::2025-03-25.15:36:29::SCWPlatform::Trying to open the hw design at E:/kevin/myCode/microBlaze1/vitisJson/syncBlaze/hw/design_1_wrapper.xsa
TRACE::2025-03-25.15:36:29::SCWPlatform::DSA given E:/kevin/myCode/microBlaze1/vitisJson/syncBlaze/hw/design_1_wrapper.xsa
TRACE::2025-03-25.15:36:29::SCWPlatform::DSA absoulate path E:/kevin/myCode/microBlaze1/vitisJson/syncBlaze/hw/design_1_wrapper.xsa
TRACE::2025-03-25.15:36:29::SCWPlatform::DSA directory E:/kevin/myCode/microBlaze1/vitisJson/syncBlaze/hw
TRACE::2025-03-25.15:36:29::SCWPlatform:: Platform Path E:/kevin/myCode/microBlaze1/vitisJson/syncBlaze/hw/design_1_wrapper.xsa
TRACE::2025-03-25.15:36:29::SCWPlatform:: Unique name xilinx:::0.0
TRACE::2025-03-25.15:36:29::SCWPlatform::Trying to set the existing hwdb with name design_1_wrapper_0
TRACE::2025-03-25.15:36:29::SCWPlatform::Opened existing hwdb design_1_wrapper_0
TRACE::2025-03-25.15:36:29::SCWPlatform::Found the Hw Db part of the input DSA
TRACE::2025-03-25.15:36:29::SCWMssOS::Checking the sw design at  E:/kevin/myCode/microBlaze1/vitisJson/syncBlaze/microblaze_0/standalone_domain/bsp/system.mss
TRACE::2025-03-25.15:36:29::SCWMssOS::DEBUG:  swdes dump  E:/kevin/myCode/microBlaze1/vitisJson/syncBlaze/microblaze_0/standalone_domain/bsp/system.mss|system||

TRACE::2025-03-25.15:36:29::SCWMssOS::Sw design exists and opened at  E:/kevin/myCode/microBlaze1/vitisJson/syncBlaze/microblaze_0/standalone_domain/bsp/system.mss
TRACE::2025-03-25.15:36:29::SCWPlatform::Trying to open the hw design at E:/kevin/myCode/microBlaze1/vitisJson/syncBlaze/hw/design_1_wrapper.xsa
TRACE::2025-03-25.15:36:29::SCWPlatform::DSA given E:/kevin/myCode/microBlaze1/vitisJson/syncBlaze/hw/design_1_wrapper.xsa
TRACE::2025-03-25.15:36:29::SCWPlatform::DSA absoulate path E:/kevin/myCode/microBlaze1/vitisJson/syncBlaze/hw/design_1_wrapper.xsa
TRACE::2025-03-25.15:36:29::SCWPlatform::DSA directory E:/kevin/myCode/microBlaze1/vitisJson/syncBlaze/hw
TRACE::2025-03-25.15:36:29::SCWPlatform:: Platform Path E:/kevin/myCode/microBlaze1/vitisJson/syncBlaze/hw/design_1_wrapper.xsa
TRACE::2025-03-25.15:36:29::SCWPlatform:: Unique name xilinx:::0.0
TRACE::2025-03-25.15:36:29::SCWPlatform::Trying to set the existing hwdb with name design_1_wrapper_0
TRACE::2025-03-25.15:36:29::SCWPlatform::Opened existing hwdb design_1_wrapper_0
TRACE::2025-03-25.15:36:29::SCWPlatform::Found the Hw Db part of the input DSA
TRACE::2025-03-25.15:36:29::SCWMssOS::Checking the sw design at  E:/kevin/myCode/microBlaze1/vitisJson/syncBlaze/microblaze_0/standalone_domain/bsp/system.mss
TRACE::2025-03-25.15:36:29::SCWMssOS::DEBUG:  swdes dump  E:/kevin/myCode/microBlaze1/vitisJson/syncBlaze/microblaze_0/standalone_domain/bsp/system.mss|system||

TRACE::2025-03-25.15:36:29::SCWMssOS::Sw design exists and opened at  E:/kevin/myCode/microBlaze1/vitisJson/syncBlaze/microblaze_0/standalone_domain/bsp/system.mss
TRACE::2025-03-25.15:36:29::SCWPlatform::Trying to open the hw design at E:/kevin/myCode/microBlaze1/vitisJson/syncBlaze/hw/design_1_wrapper.xsa
TRACE::2025-03-25.15:36:29::SCWPlatform::DSA given E:/kevin/myCode/microBlaze1/vitisJson/syncBlaze/hw/design_1_wrapper.xsa
TRACE::2025-03-25.15:36:29::SCWPlatform::DSA absoulate path E:/kevin/myCode/microBlaze1/vitisJson/syncBlaze/hw/design_1_wrapper.xsa
TRACE::2025-03-25.15:36:29::SCWPlatform::DSA directory E:/kevin/myCode/microBlaze1/vitisJson/syncBlaze/hw
TRACE::2025-03-25.15:36:29::SCWPlatform:: Platform Path E:/kevin/myCode/microBlaze1/vitisJson/syncBlaze/hw/design_1_wrapper.xsa
TRACE::2025-03-25.15:36:29::SCWPlatform:: Unique name xilinx:::0.0
TRACE::2025-03-25.15:36:29::SCWPlatform::Trying to set the existing hwdb with name design_1_wrapper_0
TRACE::2025-03-25.15:36:29::SCWPlatform::Opened existing hwdb design_1_wrapper_0
TRACE::2025-03-25.15:36:29::SCWPlatform::Found the Hw Db part of the input DSA
TRACE::2025-03-25.15:36:29::SCWMssOS::Checking the sw design at  E:/kevin/myCode/microBlaze1/vitisJson/syncBlaze/microblaze_0/standalone_domain/bsp/system.mss
TRACE::2025-03-25.15:36:29::SCWMssOS::DEBUG:  swdes dump  E:/kevin/myCode/microBlaze1/vitisJson/syncBlaze/microblaze_0/standalone_domain/bsp/system.mss|system||

TRACE::2025-03-25.15:36:29::SCWMssOS::Sw design exists and opened at  E:/kevin/myCode/microBlaze1/vitisJson/syncBlaze/microblaze_0/standalone_domain/bsp/system.mss
TRACE::2025-03-25.15:36:29::SCWWriter::formatted JSON is {
	"platformName":	"syncBlaze",
	"sprVersion":	"2.0",
	"mode":	"gui",
	"dsaType":	"Fixed",
	"platformDesc":	"syncBlaze",
	"platHandOff":	"E:/kevin/myCode/microBlaze1/design_1_wrapper.xsa",
	"platIntHandOff":	"<platformDir>/hw/design_1_wrapper.xsa",
	"deviceType":	"FPGA",
	"platIsPrebuiltAutogen":	"false",
	"platIsNoBootBsp":	"false",
	"hasFsblMakeHasChanges":	"false",
	"hasPmufwMakeHasChanges":	"false",
	"platPreBuiltFlag":	false,
	"platformSamplesDir":	"",
	"platActiveSys":	"syncBlaze",
	"systems":	[{
			"systemName":	"syncBlaze",
			"systemDesc":	"syncBlaze",
			"sysIsBootAutoGen":	"true",
			"systemDispName":	"syncBlaze",
			"sysActiveDom":	"standalone_domain",
			"sysDefaultDom":	"standalone_domain",
			"domains":	[{
					"domainName":	"standalone_domain",
					"domainDispName":	"standalone_domain",
					"domainDesc":	"standalone_domain",
					"processors":	"microblaze_0",
					"os":	"standalone",
					"sdxOs":	"standalone",
					"debugEnable":	"False",
					"domRuntimes":	["cpp"],
					"swRepo":	"",
					"mssOsVer":	"8.0",
					"mssFile":	"",
					"md5Digest":	"e2cdda41e7956801f4f51a65042beca0",
					"compatibleApp":	"",
					"domType":	"mssDomain",
					"arch":	"32-bit",
					"appSettings":	{
						"appCompilerFlags":	"",
						"appLinkerFlags":	""
					},
					"addedLibs":	[],
					"libOptions":	{
						"libsContainingOptions":	[]
					},
					"prebuiltLibs":	{
						"prebuiltIncPath":	[],
						"prebuiltLibPath":	[]
					},
					"isolation":	{
					}
				}]
		}]
}
TRACE::2025-03-25.15:36:29::SCWPlatform::Trying to open the hw design at E:/kevin/myCode/microBlaze1/vitisJson/syncBlaze/hw/design_1_wrapper.xsa
TRACE::2025-03-25.15:36:29::SCWPlatform::DSA given E:/kevin/myCode/microBlaze1/vitisJson/syncBlaze/hw/design_1_wrapper.xsa
TRACE::2025-03-25.15:36:29::SCWPlatform::DSA absoulate path E:/kevin/myCode/microBlaze1/vitisJson/syncBlaze/hw/design_1_wrapper.xsa
TRACE::2025-03-25.15:36:29::SCWPlatform::DSA directory E:/kevin/myCode/microBlaze1/vitisJson/syncBlaze/hw
TRACE::2025-03-25.15:36:29::SCWPlatform:: Platform Path E:/kevin/myCode/microBlaze1/vitisJson/syncBlaze/hw/design_1_wrapper.xsa
TRACE::2025-03-25.15:36:29::SCWPlatform:: Unique name xilinx:::0.0
TRACE::2025-03-25.15:36:29::SCWPlatform::Trying to set the existing hwdb with name design_1_wrapper_0
TRACE::2025-03-25.15:36:29::SCWPlatform::Opened existing hwdb design_1_wrapper_0
TRACE::2025-03-25.15:36:29::SCWPlatform::Found the Hw Db part of the input DSA
TRACE::2025-03-25.15:36:29::SCWMssOS::Checking the sw design at  E:/kevin/myCode/microBlaze1/vitisJson/syncBlaze/microblaze_0/standalone_domain/bsp/system.mss
TRACE::2025-03-25.15:36:29::SCWMssOS::DEBUG:  swdes dump  E:/kevin/myCode/microBlaze1/vitisJson/syncBlaze/microblaze_0/standalone_domain/bsp/system.mss|system||

TRACE::2025-03-25.15:36:29::SCWMssOS::Sw design exists and opened at  E:/kevin/myCode/microBlaze1/vitisJson/syncBlaze/microblaze_0/standalone_domain/bsp/system.mss
TRACE::2025-03-25.15:36:29::SCWPlatform::Trying to open the hw design at E:/kevin/myCode/microBlaze1/vitisJson/syncBlaze/hw/design_1_wrapper.xsa
TRACE::2025-03-25.15:36:29::SCWPlatform::DSA given E:/kevin/myCode/microBlaze1/vitisJson/syncBlaze/hw/design_1_wrapper.xsa
TRACE::2025-03-25.15:36:29::SCWPlatform::DSA absoulate path E:/kevin/myCode/microBlaze1/vitisJson/syncBlaze/hw/design_1_wrapper.xsa
TRACE::2025-03-25.15:36:29::SCWPlatform::DSA directory E:/kevin/myCode/microBlaze1/vitisJson/syncBlaze/hw
TRACE::2025-03-25.15:36:29::SCWPlatform:: Platform Path E:/kevin/myCode/microBlaze1/vitisJson/syncBlaze/hw/design_1_wrapper.xsa
TRACE::2025-03-25.15:36:29::SCWPlatform:: Unique name xilinx:::0.0
TRACE::2025-03-25.15:36:29::SCWPlatform::Trying to set the existing hwdb with name design_1_wrapper_0
TRACE::2025-03-25.15:36:29::SCWPlatform::Opened existing hwdb design_1_wrapper_0
TRACE::2025-03-25.15:36:29::SCWPlatform::Found the Hw Db part of the input DSA
TRACE::2025-03-25.15:36:29::SCWMssOS::Checking the sw design at  E:/kevin/myCode/microBlaze1/vitisJson/syncBlaze/microblaze_0/standalone_domain/bsp/system.mss
TRACE::2025-03-25.15:36:29::SCWMssOS::DEBUG:  swdes dump  E:/kevin/myCode/microBlaze1/vitisJson/syncBlaze/microblaze_0/standalone_domain/bsp/system.mss|system||

TRACE::2025-03-25.15:36:29::SCWMssOS::Sw design exists and opened at  E:/kevin/myCode/microBlaze1/vitisJson/syncBlaze/microblaze_0/standalone_domain/bsp/system.mss
TRACE::2025-03-25.15:36:29::SCWPlatform::Trying to open the hw design at E:/kevin/myCode/microBlaze1/vitisJson/syncBlaze/hw/design_1_wrapper.xsa
TRACE::2025-03-25.15:36:29::SCWPlatform::DSA given E:/kevin/myCode/microBlaze1/vitisJson/syncBlaze/hw/design_1_wrapper.xsa
TRACE::2025-03-25.15:36:29::SCWPlatform::DSA absoulate path E:/kevin/myCode/microBlaze1/vitisJson/syncBlaze/hw/design_1_wrapper.xsa
TRACE::2025-03-25.15:36:29::SCWPlatform::DSA directory E:/kevin/myCode/microBlaze1/vitisJson/syncBlaze/hw
TRACE::2025-03-25.15:36:29::SCWPlatform:: Platform Path E:/kevin/myCode/microBlaze1/vitisJson/syncBlaze/hw/design_1_wrapper.xsa
TRACE::2025-03-25.15:36:29::SCWPlatform:: Unique name xilinx:::0.0
TRACE::2025-03-25.15:36:29::SCWPlatform::Trying to set the existing hwdb with name design_1_wrapper_0
TRACE::2025-03-25.15:36:29::SCWPlatform::Opened existing hwdb design_1_wrapper_0
TRACE::2025-03-25.15:36:29::SCWPlatform::Found the Hw Db part of the input DSA
TRACE::2025-03-25.15:36:29::SCWMssOS::Checking the sw design at  E:/kevin/myCode/microBlaze1/vitisJson/syncBlaze/microblaze_0/standalone_domain/bsp/system.mss
TRACE::2025-03-25.15:36:29::SCWMssOS::DEBUG:  swdes dump  E:/kevin/myCode/microBlaze1/vitisJson/syncBlaze/microblaze_0/standalone_domain/bsp/system.mss|system||

TRACE::2025-03-25.15:36:29::SCWMssOS::Sw design exists and opened at  E:/kevin/myCode/microBlaze1/vitisJson/syncBlaze/microblaze_0/standalone_domain/bsp/system.mss
TRACE::2025-03-25.15:36:29::SCWMssOS::Saving the mss changes E:/kevin/myCode/microBlaze1/vitisJson/syncBlaze/microblaze_0/standalone_domain/bsp/system.mss
TRACE::2025-03-25.15:36:29::SCWMssOS::Found a swdesign opened with the mssfile.
TRACE::2025-03-25.15:36:29::SCWMssOS::Completed writemss as part of save.
TRACE::2025-03-25.15:36:29::SCWMssOS::Commit changes completed.
TRACE::2025-03-25.15:36:29::SCWPlatform::Trying to open the hw design at E:/kevin/myCode/microBlaze1/vitisJson/syncBlaze/hw/design_1_wrapper.xsa
TRACE::2025-03-25.15:36:29::SCWPlatform::DSA given E:/kevin/myCode/microBlaze1/vitisJson/syncBlaze/hw/design_1_wrapper.xsa
TRACE::2025-03-25.15:36:29::SCWPlatform::DSA absoulate path E:/kevin/myCode/microBlaze1/vitisJson/syncBlaze/hw/design_1_wrapper.xsa
TRACE::2025-03-25.15:36:29::SCWPlatform::DSA directory E:/kevin/myCode/microBlaze1/vitisJson/syncBlaze/hw
TRACE::2025-03-25.15:36:29::SCWPlatform:: Platform Path E:/kevin/myCode/microBlaze1/vitisJson/syncBlaze/hw/design_1_wrapper.xsa
TRACE::2025-03-25.15:36:29::SCWPlatform:: Unique name xilinx:::0.0
TRACE::2025-03-25.15:36:29::SCWPlatform::Trying to set the existing hwdb with name design_1_wrapper_0
TRACE::2025-03-25.15:36:29::SCWPlatform::Opened existing hwdb design_1_wrapper_0
TRACE::2025-03-25.15:36:29::SCWPlatform::Found the Hw Db part of the input DSA
TRACE::2025-03-25.15:36:29::SCWMssOS::Checking the sw design at  E:/kevin/myCode/microBlaze1/vitisJson/syncBlaze/microblaze_0/standalone_domain/bsp/system.mss
TRACE::2025-03-25.15:36:29::SCWMssOS::DEBUG:  swdes dump  E:/kevin/myCode/microBlaze1/vitisJson/syncBlaze/microblaze_0/standalone_domain/bsp/system.mss|system||

TRACE::2025-03-25.15:36:29::SCWMssOS::Sw design exists and opened at  E:/kevin/myCode/microBlaze1/vitisJson/syncBlaze/microblaze_0/standalone_domain/bsp/system.mss
TRACE::2025-03-25.15:36:29::SCWPlatform::Trying to open the hw design at E:/kevin/myCode/microBlaze1/vitisJson/syncBlaze/hw/design_1_wrapper.xsa
TRACE::2025-03-25.15:36:29::SCWPlatform::DSA given E:/kevin/myCode/microBlaze1/vitisJson/syncBlaze/hw/design_1_wrapper.xsa
TRACE::2025-03-25.15:36:29::SCWPlatform::DSA absoulate path E:/kevin/myCode/microBlaze1/vitisJson/syncBlaze/hw/design_1_wrapper.xsa
TRACE::2025-03-25.15:36:29::SCWPlatform::DSA directory E:/kevin/myCode/microBlaze1/vitisJson/syncBlaze/hw
TRACE::2025-03-25.15:36:29::SCWPlatform:: Platform Path E:/kevin/myCode/microBlaze1/vitisJson/syncBlaze/hw/design_1_wrapper.xsa
TRACE::2025-03-25.15:36:29::SCWPlatform:: Unique name xilinx:::0.0
TRACE::2025-03-25.15:36:29::SCWPlatform::Trying to set the existing hwdb with name design_1_wrapper_0
TRACE::2025-03-25.15:36:29::SCWPlatform::Opened existing hwdb design_1_wrapper_0
TRACE::2025-03-25.15:36:29::SCWPlatform::Found the Hw Db part of the input DSA
TRACE::2025-03-25.15:36:29::SCWMssOS::Checking the sw design at  E:/kevin/myCode/microBlaze1/vitisJson/syncBlaze/microblaze_0/standalone_domain/bsp/system.mss
TRACE::2025-03-25.15:36:29::SCWMssOS::DEBUG:  swdes dump  E:/kevin/myCode/microBlaze1/vitisJson/syncBlaze/microblaze_0/standalone_domain/bsp/system.mss|system||

TRACE::2025-03-25.15:36:29::SCWMssOS::Sw design exists and opened at  E:/kevin/myCode/microBlaze1/vitisJson/syncBlaze/microblaze_0/standalone_domain/bsp/system.mss
TRACE::2025-03-25.15:36:29::SCWPlatform::Trying to open the hw design at E:/kevin/myCode/microBlaze1/vitisJson/syncBlaze/hw/design_1_wrapper.xsa
TRACE::2025-03-25.15:36:29::SCWPlatform::DSA given E:/kevin/myCode/microBlaze1/vitisJson/syncBlaze/hw/design_1_wrapper.xsa
TRACE::2025-03-25.15:36:29::SCWPlatform::DSA absoulate path E:/kevin/myCode/microBlaze1/vitisJson/syncBlaze/hw/design_1_wrapper.xsa
TRACE::2025-03-25.15:36:29::SCWPlatform::DSA directory E:/kevin/myCode/microBlaze1/vitisJson/syncBlaze/hw
TRACE::2025-03-25.15:36:29::SCWPlatform:: Platform Path E:/kevin/myCode/microBlaze1/vitisJson/syncBlaze/hw/design_1_wrapper.xsa
TRACE::2025-03-25.15:36:29::SCWPlatform:: Unique name xilinx:::0.0
TRACE::2025-03-25.15:36:29::SCWPlatform::Trying to set the existing hwdb with name design_1_wrapper_0
TRACE::2025-03-25.15:36:29::SCWPlatform::Opened existing hwdb design_1_wrapper_0
TRACE::2025-03-25.15:36:29::SCWPlatform::Found the Hw Db part of the input DSA
TRACE::2025-03-25.15:36:29::SCWMssOS::Checking the sw design at  E:/kevin/myCode/microBlaze1/vitisJson/syncBlaze/microblaze_0/standalone_domain/bsp/system.mss
TRACE::2025-03-25.15:36:29::SCWMssOS::DEBUG:  swdes dump  E:/kevin/myCode/microBlaze1/vitisJson/syncBlaze/microblaze_0/standalone_domain/bsp/system.mss|system||

TRACE::2025-03-25.15:36:29::SCWMssOS::Sw design exists and opened at  E:/kevin/myCode/microBlaze1/vitisJson/syncBlaze/microblaze_0/standalone_domain/bsp/system.mss
TRACE::2025-03-25.15:36:29::SCWWriter::formatted JSON is {
	"platformName":	"syncBlaze",
	"sprVersion":	"2.0",
	"mode":	"gui",
	"dsaType":	"Fixed",
	"platformDesc":	"syncBlaze",
	"platHandOff":	"E:/kevin/myCode/microBlaze1/design_1_wrapper.xsa",
	"platIntHandOff":	"<platformDir>/hw/design_1_wrapper.xsa",
	"deviceType":	"FPGA",
	"platIsPrebuiltAutogen":	"false",
	"platIsNoBootBsp":	"false",
	"hasFsblMakeHasChanges":	"false",
	"hasPmufwMakeHasChanges":	"false",
	"platPreBuiltFlag":	false,
	"platformSamplesDir":	"",
	"platActiveSys":	"syncBlaze",
	"systems":	[{
			"systemName":	"syncBlaze",
			"systemDesc":	"syncBlaze",
			"sysIsBootAutoGen":	"true",
			"systemDispName":	"syncBlaze",
			"sysActiveDom":	"standalone_domain",
			"sysDefaultDom":	"standalone_domain",
			"domains":	[{
					"domainName":	"standalone_domain",
					"domainDispName":	"standalone on microblaze_0",
					"domainDesc":	"standalone_domain",
					"processors":	"microblaze_0",
					"os":	"standalone",
					"sdxOs":	"standalone",
					"debugEnable":	"False",
					"domRuntimes":	["cpp"],
					"swRepo":	"",
					"mssOsVer":	"8.0",
					"mssFile":	"",
					"md5Digest":	"e2cdda41e7956801f4f51a65042beca0",
					"compatibleApp":	"",
					"domType":	"mssDomain",
					"arch":	"32-bit",
					"appSettings":	{
						"appCompilerFlags":	"",
						"appLinkerFlags":	""
					},
					"addedLibs":	[],
					"libOptions":	{
						"libsContainingOptions":	[]
					},
					"prebuiltLibs":	{
						"prebuiltIncPath":	[],
						"prebuiltLibPath":	[]
					},
					"isolation":	{
					}
				}]
		}]
}
TRACE::2025-03-25.15:36:29::SCWMssOS::Saving the mss changes E:/kevin/myCode/microBlaze1/vitisJson/syncBlaze/microblaze_0/standalone_domain/bsp/system.mss
TRACE::2025-03-25.15:36:29::SCWMssOS::Found a swdesign opened with the mssfile.
TRACE::2025-03-25.15:36:29::SCWMssOS::Completed writemss as part of save.
TRACE::2025-03-25.15:36:29::SCWMssOS::Commit changes completed.
TRACE::2025-03-25.15:36:29::SCWPlatform::Trying to open the hw design at E:/kevin/myCode/microBlaze1/vitisJson/syncBlaze/hw/design_1_wrapper.xsa
TRACE::2025-03-25.15:36:29::SCWPlatform::DSA given E:/kevin/myCode/microBlaze1/vitisJson/syncBlaze/hw/design_1_wrapper.xsa
TRACE::2025-03-25.15:36:29::SCWPlatform::DSA absoulate path E:/kevin/myCode/microBlaze1/vitisJson/syncBlaze/hw/design_1_wrapper.xsa
TRACE::2025-03-25.15:36:29::SCWPlatform::DSA directory E:/kevin/myCode/microBlaze1/vitisJson/syncBlaze/hw
TRACE::2025-03-25.15:36:29::SCWPlatform:: Platform Path E:/kevin/myCode/microBlaze1/vitisJson/syncBlaze/hw/design_1_wrapper.xsa
TRACE::2025-03-25.15:36:29::SCWPlatform:: Unique name xilinx:::0.0
TRACE::2025-03-25.15:36:29::SCWPlatform::Trying to set the existing hwdb with name design_1_wrapper_0
TRACE::2025-03-25.15:36:29::SCWPlatform::Opened existing hwdb design_1_wrapper_0
TRACE::2025-03-25.15:36:29::SCWPlatform::Found the Hw Db part of the input DSA
TRACE::2025-03-25.15:36:29::SCWMssOS::Checking the sw design at  E:/kevin/myCode/microBlaze1/vitisJson/syncBlaze/microblaze_0/standalone_domain/bsp/system.mss
TRACE::2025-03-25.15:36:29::SCWMssOS::DEBUG:  swdes dump  E:/kevin/myCode/microBlaze1/vitisJson/syncBlaze/microblaze_0/standalone_domain/bsp/system.mss|system||

TRACE::2025-03-25.15:36:29::SCWMssOS::Sw design exists and opened at  E:/kevin/myCode/microBlaze1/vitisJson/syncBlaze/microblaze_0/standalone_domain/bsp/system.mss
TRACE::2025-03-25.15:36:29::SCWPlatform::Trying to open the hw design at E:/kevin/myCode/microBlaze1/vitisJson/syncBlaze/hw/design_1_wrapper.xsa
TRACE::2025-03-25.15:36:29::SCWPlatform::DSA given E:/kevin/myCode/microBlaze1/vitisJson/syncBlaze/hw/design_1_wrapper.xsa
TRACE::2025-03-25.15:36:29::SCWPlatform::DSA absoulate path E:/kevin/myCode/microBlaze1/vitisJson/syncBlaze/hw/design_1_wrapper.xsa
TRACE::2025-03-25.15:36:29::SCWPlatform::DSA directory E:/kevin/myCode/microBlaze1/vitisJson/syncBlaze/hw
TRACE::2025-03-25.15:36:29::SCWPlatform:: Platform Path E:/kevin/myCode/microBlaze1/vitisJson/syncBlaze/hw/design_1_wrapper.xsa
TRACE::2025-03-25.15:36:29::SCWPlatform:: Unique name xilinx:::0.0
TRACE::2025-03-25.15:36:29::SCWPlatform::Trying to set the existing hwdb with name design_1_wrapper_0
TRACE::2025-03-25.15:36:29::SCWPlatform::Opened existing hwdb design_1_wrapper_0
TRACE::2025-03-25.15:36:29::SCWPlatform::Found the Hw Db part of the input DSA
TRACE::2025-03-25.15:36:29::SCWMssOS::Checking the sw design at  E:/kevin/myCode/microBlaze1/vitisJson/syncBlaze/microblaze_0/standalone_domain/bsp/system.mss
TRACE::2025-03-25.15:36:29::SCWMssOS::DEBUG:  swdes dump  E:/kevin/myCode/microBlaze1/vitisJson/syncBlaze/microblaze_0/standalone_domain/bsp/system.mss|system||

TRACE::2025-03-25.15:36:29::SCWMssOS::Sw design exists and opened at  E:/kevin/myCode/microBlaze1/vitisJson/syncBlaze/microblaze_0/standalone_domain/bsp/system.mss
TRACE::2025-03-25.15:36:29::SCWPlatform::Trying to open the hw design at E:/kevin/myCode/microBlaze1/vitisJson/syncBlaze/hw/design_1_wrapper.xsa
TRACE::2025-03-25.15:36:29::SCWPlatform::DSA given E:/kevin/myCode/microBlaze1/vitisJson/syncBlaze/hw/design_1_wrapper.xsa
TRACE::2025-03-25.15:36:29::SCWPlatform::DSA absoulate path E:/kevin/myCode/microBlaze1/vitisJson/syncBlaze/hw/design_1_wrapper.xsa
TRACE::2025-03-25.15:36:29::SCWPlatform::DSA directory E:/kevin/myCode/microBlaze1/vitisJson/syncBlaze/hw
TRACE::2025-03-25.15:36:29::SCWPlatform:: Platform Path E:/kevin/myCode/microBlaze1/vitisJson/syncBlaze/hw/design_1_wrapper.xsa
TRACE::2025-03-25.15:36:29::SCWPlatform:: Unique name xilinx:::0.0
TRACE::2025-03-25.15:36:29::SCWPlatform::Trying to set the existing hwdb with name design_1_wrapper_0
TRACE::2025-03-25.15:36:29::SCWPlatform::Opened existing hwdb design_1_wrapper_0
TRACE::2025-03-25.15:36:29::SCWPlatform::Found the Hw Db part of the input DSA
TRACE::2025-03-25.15:36:29::SCWMssOS::Checking the sw design at  E:/kevin/myCode/microBlaze1/vitisJson/syncBlaze/microblaze_0/standalone_domain/bsp/system.mss
TRACE::2025-03-25.15:36:29::SCWMssOS::DEBUG:  swdes dump  E:/kevin/myCode/microBlaze1/vitisJson/syncBlaze/microblaze_0/standalone_domain/bsp/system.mss|system||

TRACE::2025-03-25.15:36:29::SCWMssOS::Sw design exists and opened at  E:/kevin/myCode/microBlaze1/vitisJson/syncBlaze/microblaze_0/standalone_domain/bsp/system.mss
TRACE::2025-03-25.15:36:29::SCWWriter::formatted JSON is {
	"platformName":	"syncBlaze",
	"sprVersion":	"2.0",
	"mode":	"gui",
	"dsaType":	"Fixed",
	"platformDesc":	"syncBlaze",
	"platHandOff":	"E:/kevin/myCode/microBlaze1/design_1_wrapper.xsa",
	"platIntHandOff":	"<platformDir>/hw/design_1_wrapper.xsa",
	"deviceType":	"FPGA",
	"platIsPrebuiltAutogen":	"false",
	"platIsNoBootBsp":	"false",
	"hasFsblMakeHasChanges":	"false",
	"hasPmufwMakeHasChanges":	"false",
	"platPreBuiltFlag":	false,
	"platformSamplesDir":	"",
	"platActiveSys":	"syncBlaze",
	"systems":	[{
			"systemName":	"syncBlaze",
			"systemDesc":	"syncBlaze",
			"sysIsBootAutoGen":	"true",
			"systemDispName":	"syncBlaze",
			"sysActiveDom":	"standalone_domain",
			"sysDefaultDom":	"standalone_domain",
			"domains":	[{
					"domainName":	"standalone_domain",
					"domainDispName":	"standalone on microblaze_0",
					"domainDesc":	"standalone_domain",
					"processors":	"microblaze_0",
					"os":	"standalone",
					"sdxOs":	"standalone",
					"debugEnable":	"False",
					"domRuntimes":	["cpp"],
					"swRepo":	"",
					"mssOsVer":	"8.0",
					"mssFile":	"",
					"md5Digest":	"e2cdda41e7956801f4f51a65042beca0",
					"compatibleApp":	"",
					"domType":	"mssDomain",
					"arch":	"32-bit",
					"appSettings":	{
						"appCompilerFlags":	"",
						"appLinkerFlags":	""
					},
					"addedLibs":	[],
					"libOptions":	{
						"libsContainingOptions":	[]
					},
					"prebuiltLibs":	{
						"prebuiltIncPath":	[],
						"prebuiltLibPath":	[]
					},
					"isolation":	{
					}
				}]
		}]
}
TRACE::2025-03-25.15:36:30::SCWPlatform::Clearing the existing platform
TRACE::2025-03-25.15:36:30::SCWSystem::Clearing the existing sysconfig
TRACE::2025-03-25.15:36:30::SCWMssOS::Removing the swdes entry for  E:/kevin/myCode/microBlaze1/vitisJson/syncBlaze/microblaze_0/standalone_domain/bsp/system.mss
TRACE::2025-03-25.15:36:30::SCWSystem::Clearing the domains completed.
TRACE::2025-03-25.15:36:30::SCWPlatform::Clearing the opened hw db.
TRACE::2025-03-25.15:36:30::SCWPlatform::DSA given E:/kevin/myCode/microBlaze1/vitisJson/syncBlaze/hw/design_1_wrapper.xsa
TRACE::2025-03-25.15:36:30::SCWPlatform::DSA absoulate path E:/kevin/myCode/microBlaze1/vitisJson/syncBlaze/hw/design_1_wrapper.xsa
TRACE::2025-03-25.15:36:30::SCWPlatform:: Platform location is E:/kevin/myCode/microBlaze1/vitisJson/syncBlaze/hw
TRACE::2025-03-25.15:36:30::SCWPlatform:: Platform Path E:/kevin/myCode/microBlaze1/vitisJson/syncBlaze/hw/design_1_wrapper.xsa
TRACE::2025-03-25.15:36:30::SCWPlatform:: Unique name xilinx:::0.0
TRACE::2025-03-25.15:36:30::SCWPlatform::Removing the HwDB with name E:/kevin/myCode/microBlaze1/vitisJson/syncBlaze/hw/design_1_wrapper.xsa
TRACE::2025-03-25.15:36:30::SCWPlatform::Trying to open the hw design at E:/kevin/myCode/microBlaze1/vitisJson/syncBlaze/hw/design_1_wrapper.xsa
TRACE::2025-03-25.15:36:30::SCWPlatform::DSA given E:/kevin/myCode/microBlaze1/vitisJson/syncBlaze/hw/design_1_wrapper.xsa
TRACE::2025-03-25.15:36:30::SCWPlatform::DSA absoulate path E:/kevin/myCode/microBlaze1/vitisJson/syncBlaze/hw/design_1_wrapper.xsa
TRACE::2025-03-25.15:36:30::SCWPlatform::DSA directory E:/kevin/myCode/microBlaze1/vitisJson/syncBlaze/hw
TRACE::2025-03-25.15:36:30::SCWPlatform:: Platform Path E:/kevin/myCode/microBlaze1/vitisJson/syncBlaze/hw/design_1_wrapper.xsa
TRACE::2025-03-25.15:36:30::SCWPlatform:: Unique name xilinx:::0.0
TRACE::2025-03-25.15:36:30::SCWPlatform::Do not have an existing db opened. 
TRACE::2025-03-25.15:36:30::SCWPlatform::Opened new HwDB with name design_1_wrapper_1
TRACE::2025-03-25.15:36:30::SCWReader::Active system found as  syncBlaze
TRACE::2025-03-25.15:36:30::SCWReader::Handling sysconfig syncBlaze
TRACE::2025-03-25.15:36:30::SCWDomain::checking for install qemu data   : 
TRACE::2025-03-25.15:36:30::SCWPlatform::Trying to open the hw design at E:/kevin/myCode/microBlaze1/vitisJson/syncBlaze/hw/design_1_wrapper.xsa
TRACE::2025-03-25.15:36:30::SCWPlatform::DSA given E:/kevin/myCode/microBlaze1/vitisJson/syncBlaze/hw/design_1_wrapper.xsa
TRACE::2025-03-25.15:36:30::SCWPlatform::DSA absoulate path E:/kevin/myCode/microBlaze1/vitisJson/syncBlaze/hw/design_1_wrapper.xsa
TRACE::2025-03-25.15:36:30::SCWPlatform::DSA directory E:/kevin/myCode/microBlaze1/vitisJson/syncBlaze/hw
TRACE::2025-03-25.15:36:30::SCWPlatform:: Platform Path E:/kevin/myCode/microBlaze1/vitisJson/syncBlaze/hw/design_1_wrapper.xsa
TRACE::2025-03-25.15:36:30::SCWPlatform:: Unique name xilinx:::0.0
TRACE::2025-03-25.15:36:30::SCWPlatform::Trying to set the existing hwdb with name design_1_wrapper_1
TRACE::2025-03-25.15:36:30::SCWPlatform::Opened existing hwdb design_1_wrapper_1
TRACE::2025-03-25.15:36:30::SCWPlatform::Found the Hw Db part of the input DSA
TRACE::2025-03-25.15:36:30::SCWPlatform::Trying to open the hw design at E:/kevin/myCode/microBlaze1/vitisJson/syncBlaze/hw/design_1_wrapper.xsa
TRACE::2025-03-25.15:36:30::SCWPlatform::DSA given E:/kevin/myCode/microBlaze1/vitisJson/syncBlaze/hw/design_1_wrapper.xsa
TRACE::2025-03-25.15:36:30::SCWPlatform::DSA absoulate path E:/kevin/myCode/microBlaze1/vitisJson/syncBlaze/hw/design_1_wrapper.xsa
TRACE::2025-03-25.15:36:30::SCWPlatform::DSA directory E:/kevin/myCode/microBlaze1/vitisJson/syncBlaze/hw
TRACE::2025-03-25.15:36:30::SCWPlatform:: Platform Path E:/kevin/myCode/microBlaze1/vitisJson/syncBlaze/hw/design_1_wrapper.xsa
TRACE::2025-03-25.15:36:30::SCWPlatform:: Unique name xilinx:::0.0
TRACE::2025-03-25.15:36:30::SCWPlatform::Trying to set the existing hwdb with name design_1_wrapper_1
TRACE::2025-03-25.15:36:30::SCWPlatform::Opened existing hwdb design_1_wrapper_1
TRACE::2025-03-25.15:36:30::SCWPlatform::Found the Hw Db part of the input DSA
TRACE::2025-03-25.15:36:30::SCWPlatform::Trying to open the hw design at E:/kevin/myCode/microBlaze1/vitisJson/syncBlaze/hw/design_1_wrapper.xsa
TRACE::2025-03-25.15:36:30::SCWPlatform::DSA given E:/kevin/myCode/microBlaze1/vitisJson/syncBlaze/hw/design_1_wrapper.xsa
TRACE::2025-03-25.15:36:30::SCWPlatform::DSA absoulate path E:/kevin/myCode/microBlaze1/vitisJson/syncBlaze/hw/design_1_wrapper.xsa
TRACE::2025-03-25.15:36:30::SCWPlatform::DSA directory E:/kevin/myCode/microBlaze1/vitisJson/syncBlaze/hw
TRACE::2025-03-25.15:36:30::SCWPlatform:: Platform Path E:/kevin/myCode/microBlaze1/vitisJson/syncBlaze/hw/design_1_wrapper.xsa
TRACE::2025-03-25.15:36:30::SCWPlatform:: Unique name xilinx:::0.0
TRACE::2025-03-25.15:36:30::SCWPlatform::Trying to set the existing hwdb with name design_1_wrapper_1
TRACE::2025-03-25.15:36:30::SCWPlatform::Opened existing hwdb design_1_wrapper_1
TRACE::2025-03-25.15:36:30::SCWPlatform::Found the Hw Db part of the input DSA
TRACE::2025-03-25.15:36:30::SCWPlatform::Trying to open the hw design at E:/kevin/myCode/microBlaze1/vitisJson/syncBlaze/hw/design_1_wrapper.xsa
TRACE::2025-03-25.15:36:30::SCWPlatform::DSA given E:/kevin/myCode/microBlaze1/vitisJson/syncBlaze/hw/design_1_wrapper.xsa
TRACE::2025-03-25.15:36:30::SCWPlatform::DSA absoulate path E:/kevin/myCode/microBlaze1/vitisJson/syncBlaze/hw/design_1_wrapper.xsa
TRACE::2025-03-25.15:36:30::SCWPlatform::DSA directory E:/kevin/myCode/microBlaze1/vitisJson/syncBlaze/hw
TRACE::2025-03-25.15:36:30::SCWPlatform:: Platform Path E:/kevin/myCode/microBlaze1/vitisJson/syncBlaze/hw/design_1_wrapper.xsa
TRACE::2025-03-25.15:36:30::SCWPlatform:: Unique name xilinx:::0.0
TRACE::2025-03-25.15:36:30::SCWPlatform::Trying to set the existing hwdb with name design_1_wrapper_1
TRACE::2025-03-25.15:36:30::SCWPlatform::Opened existing hwdb design_1_wrapper_1
TRACE::2025-03-25.15:36:30::SCWPlatform::Found the Hw Db part of the input DSA
TRACE::2025-03-25.15:36:30::SCWMssOS::Checking the sw design at  E:/kevin/myCode/microBlaze1/vitisJson/syncBlaze/microblaze_0/standalone_domain/bsp/system.mss
TRACE::2025-03-25.15:36:30::SCWMssOS::DEBUG:  swdes dump  
TRACE::2025-03-25.15:36:30::SCWMssOS::No sw design opened at  E:/kevin/myCode/microBlaze1/vitisJson/syncBlaze/microblaze_0/standalone_domain/bsp/system.mss
TRACE::2025-03-25.15:36:30::SCWMssOS::mss exists loading the mss file  E:/kevin/myCode/microBlaze1/vitisJson/syncBlaze/microblaze_0/standalone_domain/bsp/system.mss
TRACE::2025-03-25.15:36:30::SCWMssOS::Opened the sw design from mss  E:/kevin/myCode/microBlaze1/vitisJson/syncBlaze/microblaze_0/standalone_domain/bsp/system.mss
TRACE::2025-03-25.15:36:30::SCWMssOS::Adding the swdes entry E:/kevin/myCode/microBlaze1/vitisJson/syncBlaze/microblaze_0/standalone_domain/bsp/system.mss with des name system
TRACE::2025-03-25.15:36:30::SCWMssOS::updating the scw layer about changes
TRACE::2025-03-25.15:36:30::SCWMssOS::Opened the sw design.  E:/kevin/myCode/microBlaze1/vitisJson/syncBlaze/microblaze_0/standalone_domain/bsp/system.mss
TRACE::2025-03-25.15:36:30::SCWMssOS::Saving the mss changes E:/kevin/myCode/microBlaze1/vitisJson/syncBlaze/microblaze_0/standalone_domain/bsp/system.mss
TRACE::2025-03-25.15:36:30::SCWMssOS::Found a swdesign opened with the mssfile.
TRACE::2025-03-25.15:36:30::SCWMssOS::Completed writemss as part of save.
TRACE::2025-03-25.15:36:30::SCWMssOS::Commit changes completed.
TRACE::2025-03-25.15:36:30::SCWReader::Adding prebuilt librarypaths as   
TRACE::2025-03-25.15:36:30::SCWReader::Adding prebuilt incpaths  as   
TRACE::2025-03-25.15:36:30::SCWPlatform::Trying to open the hw design at E:/kevin/myCode/microBlaze1/vitisJson/syncBlaze/hw/design_1_wrapper.xsa
TRACE::2025-03-25.15:36:30::SCWPlatform::DSA given E:/kevin/myCode/microBlaze1/vitisJson/syncBlaze/hw/design_1_wrapper.xsa
TRACE::2025-03-25.15:36:30::SCWPlatform::DSA absoulate path E:/kevin/myCode/microBlaze1/vitisJson/syncBlaze/hw/design_1_wrapper.xsa
TRACE::2025-03-25.15:36:30::SCWPlatform::DSA directory E:/kevin/myCode/microBlaze1/vitisJson/syncBlaze/hw
TRACE::2025-03-25.15:36:30::SCWPlatform:: Platform Path E:/kevin/myCode/microBlaze1/vitisJson/syncBlaze/hw/design_1_wrapper.xsa
TRACE::2025-03-25.15:36:30::SCWPlatform:: Unique name xilinx:::0.0
TRACE::2025-03-25.15:36:30::SCWPlatform::Trying to set the existing hwdb with name design_1_wrapper_1
TRACE::2025-03-25.15:36:30::SCWPlatform::Opened existing hwdb design_1_wrapper_1
TRACE::2025-03-25.15:36:30::SCWPlatform::Found the Hw Db part of the input DSA
TRACE::2025-03-25.15:36:30::SCWMssOS::Checking the sw design at  E:/kevin/myCode/microBlaze1/vitisJson/syncBlaze/microblaze_0/standalone_domain/bsp/system.mss
TRACE::2025-03-25.15:36:30::SCWMssOS::DEBUG:  swdes dump  E:/kevin/myCode/microBlaze1/vitisJson/syncBlaze/microblaze_0/standalone_domain/bsp/system.mss|system||

TRACE::2025-03-25.15:36:30::SCWMssOS::Sw design exists and opened at  E:/kevin/myCode/microBlaze1/vitisJson/syncBlaze/microblaze_0/standalone_domain/bsp/system.mss
TRACE::2025-03-25.15:36:30::SCWReader::No isolation master present  
TRACE::2025-03-25.15:37:33::SCWPlatform::DSA given E:/kevin/myCode/microBlaze1/vitisJson/syncBlaze/tempdsa/design_1_wrapper.xsa
TRACE::2025-03-25.15:37:33::SCWPlatform::DSA absoulate path E:/kevin/myCode/microBlaze1/vitisJson/syncBlaze/tempdsa/design_1_wrapper.xsa
TRACE::2025-03-25.15:37:33::SCWPlatform:: Platform location is E:/kevin/myCode/microBlaze1/vitisJson/syncBlaze/tempdsa
TRACE::2025-03-25.15:37:33::SCWPlatform:: Platform Path E:/kevin/myCode/microBlaze1/vitisJson/syncBlaze/tempdsa/design_1_wrapper.xsa
TRACE::2025-03-25.15:37:33::SCWPlatform:: Unique name xilinx:::0.0
TRACE::2025-03-25.15:37:33::SCWPlatform::Found the Hw Db part of the input DSA
TRACE::2025-03-25.15:37:33::SCWMssOS::Doing hw sync for the mss in domain: standalone_domain
TRACE::2025-03-25.15:37:33::SCWPlatform::Trying to open the hw design at E:/kevin/myCode/microBlaze1/vitisJson/syncBlaze/hw/design_1_wrapper.xsa
TRACE::2025-03-25.15:37:33::SCWPlatform::DSA given E:/kevin/myCode/microBlaze1/vitisJson/syncBlaze/hw/design_1_wrapper.xsa
TRACE::2025-03-25.15:37:33::SCWPlatform::DSA absoulate path E:/kevin/myCode/microBlaze1/vitisJson/syncBlaze/hw/design_1_wrapper.xsa
TRACE::2025-03-25.15:37:33::SCWPlatform::DSA directory E:/kevin/myCode/microBlaze1/vitisJson/syncBlaze/hw
TRACE::2025-03-25.15:37:33::SCWPlatform:: Platform Path E:/kevin/myCode/microBlaze1/vitisJson/syncBlaze/hw/design_1_wrapper.xsa
TRACE::2025-03-25.15:37:33::SCWPlatform:: Unique name xilinx:::0.0
TRACE::2025-03-25.15:37:33::SCWPlatform::Trying to set the existing hwdb with name design_1_wrapper_1
TRACE::2025-03-25.15:37:33::SCWPlatform::Opened existing hwdb design_1_wrapper_1
TRACE::2025-03-25.15:37:33::SCWPlatform::Found the Hw Db part of the input DSA
TRACE::2025-03-25.15:37:33::SCWPlatform::Trying to open the hw design at E:/kevin/myCode/microBlaze1/vitisJson/syncBlaze/hw/design_1_wrapper.xsa
TRACE::2025-03-25.15:37:33::SCWPlatform::DSA given E:/kevin/myCode/microBlaze1/vitisJson/syncBlaze/hw/design_1_wrapper.xsa
TRACE::2025-03-25.15:37:33::SCWPlatform::DSA absoulate path E:/kevin/myCode/microBlaze1/vitisJson/syncBlaze/hw/design_1_wrapper.xsa
TRACE::2025-03-25.15:37:33::SCWPlatform::DSA directory E:/kevin/myCode/microBlaze1/vitisJson/syncBlaze/hw
TRACE::2025-03-25.15:37:33::SCWPlatform:: Platform Path E:/kevin/myCode/microBlaze1/vitisJson/syncBlaze/hw/design_1_wrapper.xsa
TRACE::2025-03-25.15:37:33::SCWPlatform:: Unique name xilinx:::0.0
TRACE::2025-03-25.15:37:33::SCWPlatform::Trying to set the existing hwdb with name design_1_wrapper_1
TRACE::2025-03-25.15:37:33::SCWPlatform::Opened existing hwdb design_1_wrapper_1
TRACE::2025-03-25.15:37:33::SCWPlatform::Found the Hw Db part of the input DSA
TRACE::2025-03-25.15:37:33::SCWMssOS::Checking the sw design at  E:/kevin/myCode/microBlaze1/vitisJson/syncBlaze/microblaze_0/standalone_domain/bsp/system.mss
TRACE::2025-03-25.15:37:33::SCWMssOS::DEBUG:  swdes dump  E:/kevin/myCode/microBlaze1/vitisJson/syncBlaze/microblaze_0/standalone_domain/bsp/system.mss|system||

TRACE::2025-03-25.15:37:33::SCWMssOS::Sw design exists and opened at  E:/kevin/myCode/microBlaze1/vitisJson/syncBlaze/microblaze_0/standalone_domain/bsp/system.mss
TRACE::2025-03-25.15:37:33::SCWPlatform::Trying to open the hw design at E:/kevin/myCode/microBlaze1/vitisJson/syncBlaze/tempdsa/design_1_wrapper.xsa
TRACE::2025-03-25.15:37:33::SCWPlatform::DSA given E:/kevin/myCode/microBlaze1/vitisJson/syncBlaze/tempdsa/design_1_wrapper.xsa
TRACE::2025-03-25.15:37:33::SCWPlatform::DSA absoulate path E:/kevin/myCode/microBlaze1/vitisJson/syncBlaze/tempdsa/design_1_wrapper.xsa
TRACE::2025-03-25.15:37:33::SCWPlatform::DSA directory E:/kevin/myCode/microBlaze1/vitisJson/syncBlaze/tempdsa
TRACE::2025-03-25.15:37:33::SCWPlatform:: Platform Path E:/kevin/myCode/microBlaze1/vitisJson/syncBlaze/tempdsa/design_1_wrapper.xsa
TRACE::2025-03-25.15:37:33::SCWPlatform:: Unique name xilinx:::0.0
TRACE::2025-03-25.15:37:33::SCWPlatform::update - Opened existing hwdb design_1_wrapper_4
TRACE::2025-03-25.15:37:33::SCWPlatform::Found the Hw Db part of the input DSA
TRACE::2025-03-25.15:37:33::SCWMssOS::Saving the mss changes E:/kevin/myCode/microBlaze1/vitisJson/syncBlaze/microblaze_0/standalone_domain/bsp/system.mss
TRACE::2025-03-25.15:37:33::SCWMssOS::Found a swdesign opened with the mssfile.
TRACE::2025-03-25.15:37:33::SCWMssOS::Completed writemss as part of save.
TRACE::2025-03-25.15:37:33::SCWMssOS::Commit changes completed.
TRACE::2025-03-25.15:37:33::SCWMssOS::Completed hw sync for the mss in domain: standalone_domain
TRACE::2025-03-25.15:37:33::SCWMssOS::Removing the swdes entry for  E:/kevin/myCode/microBlaze1/vitisJson/syncBlaze/microblaze_0/standalone_domain/bsp/system.mss
TRACE::2025-03-25.15:37:33::SCWPlatform::Trying to open the hw design at E:/kevin/myCode/microBlaze1/vitisJson/syncBlaze/hw/design_1_wrapper.xsa
TRACE::2025-03-25.15:37:33::SCWPlatform::DSA given E:/kevin/myCode/microBlaze1/vitisJson/syncBlaze/hw/design_1_wrapper.xsa
TRACE::2025-03-25.15:37:33::SCWPlatform::DSA absoulate path E:/kevin/myCode/microBlaze1/vitisJson/syncBlaze/hw/design_1_wrapper.xsa
TRACE::2025-03-25.15:37:33::SCWPlatform::DSA directory E:/kevin/myCode/microBlaze1/vitisJson/syncBlaze/hw
TRACE::2025-03-25.15:37:33::SCWPlatform:: Platform Path E:/kevin/myCode/microBlaze1/vitisJson/syncBlaze/hw/design_1_wrapper.xsa
TRACE::2025-03-25.15:37:33::SCWPlatform:: Unique name xilinx:::0.0
TRACE::2025-03-25.15:37:33::SCWPlatform::Do not have an existing db opened. 
TRACE::2025-03-25.15:37:34::SCWPlatform::Opened new HwDB with name design_1_wrapper_5
TRACE::2025-03-25.15:37:34::SCWMssOS::Saving the mss changes E:/kevin/myCode/microBlaze1/vitisJson/syncBlaze/microblaze_0/standalone_domain/bsp/system.mss
TRACE::2025-03-25.15:37:34::SCWMssOS::Adding the swdes entry, mss present, able to open swdb E:/kevin/myCode/microBlaze1/vitisJson/syncBlaze/microblaze_0/standalone_domain/bsp/system.mss with des name system
TRACE::2025-03-25.15:37:34::SCWMssOS::Writing the mss file completed E:/kevin/myCode/microBlaze1/vitisJson/syncBlaze/microblaze_0/standalone_domain/bsp/system.mss
TRACE::2025-03-25.15:37:34::SCWMssOS::Commit changes completed.
TRACE::2025-03-25.15:37:34::SCWPlatform::Trying to open the hw design at E:/kevin/myCode/microBlaze1/vitisJson/syncBlaze/hw/design_1_wrapper.xsa
TRACE::2025-03-25.15:37:34::SCWPlatform::DSA given E:/kevin/myCode/microBlaze1/vitisJson/syncBlaze/hw/design_1_wrapper.xsa
TRACE::2025-03-25.15:37:34::SCWPlatform::DSA absoulate path E:/kevin/myCode/microBlaze1/vitisJson/syncBlaze/hw/design_1_wrapper.xsa
TRACE::2025-03-25.15:37:34::SCWPlatform::DSA directory E:/kevin/myCode/microBlaze1/vitisJson/syncBlaze/hw
TRACE::2025-03-25.15:37:34::SCWPlatform:: Platform Path E:/kevin/myCode/microBlaze1/vitisJson/syncBlaze/hw/design_1_wrapper.xsa
TRACE::2025-03-25.15:37:34::SCWPlatform:: Unique name xilinx:::0.0
TRACE::2025-03-25.15:37:34::SCWPlatform::Trying to set the existing hwdb with name design_1_wrapper_5
TRACE::2025-03-25.15:37:34::SCWPlatform::Opened existing hwdb design_1_wrapper_5
TRACE::2025-03-25.15:37:34::SCWPlatform::Found the Hw Db part of the input DSA
TRACE::2025-03-25.15:37:34::SCWMssOS::Checking the sw design at  E:/kevin/myCode/microBlaze1/vitisJson/syncBlaze/microblaze_0/standalone_domain/bsp/system.mss
TRACE::2025-03-25.15:37:34::SCWMssOS::DEBUG:  swdes dump  E:/kevin/myCode/microBlaze1/vitisJson/syncBlaze/microblaze_0/standalone_domain/bsp/system.mss|system||

TRACE::2025-03-25.15:37:34::SCWMssOS::Sw design exists and opened at  E:/kevin/myCode/microBlaze1/vitisJson/syncBlaze/microblaze_0/standalone_domain/bsp/system.mss
TRACE::2025-03-25.15:37:34::SCWWriter::formatted JSON is {
	"platformName":	"syncBlaze",
	"sprVersion":	"2.0",
	"mode":	"gui",
	"dsaType":	"Fixed",
	"platformDesc":	"syncBlaze",
	"platHandOff":	"E:/kevin/myCode/microBlaze1/design_1_wrapper.xsa",
	"platIntHandOff":	"<platformDir>/hw/design_1_wrapper.xsa",
	"deviceType":	"FPGA",
	"platIsPrebuiltAutogen":	"false",
	"platIsNoBootBsp":	"false",
	"hasFsblMakeHasChanges":	"false",
	"hasPmufwMakeHasChanges":	"false",
	"platPreBuiltFlag":	false,
	"platformSamplesDir":	"",
	"platActiveSys":	"syncBlaze",
	"systems":	[{
			"systemName":	"syncBlaze",
			"systemDesc":	"syncBlaze",
			"sysIsBootAutoGen":	"true",
			"systemDispName":	"syncBlaze",
			"sysActiveDom":	"standalone_domain",
			"sysDefaultDom":	"standalone_domain",
			"domains":	[{
					"domainName":	"standalone_domain",
					"domainDispName":	"standalone on microblaze_0",
					"domainDesc":	"standalone_domain",
					"processors":	"microblaze_0",
					"os":	"standalone",
					"sdxOs":	"standalone",
					"debugEnable":	"False",
					"domRuntimes":	["cpp"],
					"swRepo":	"",
					"mssOsVer":	"8.0",
					"mssFile":	"",
					"md5Digest":	"e2cdda41e7956801f4f51a65042beca01",
					"compatibleApp":	"",
					"domType":	"mssDomain",
					"arch":	"32-bit",
					"appSettings":	{
						"appCompilerFlags":	"",
						"appLinkerFlags":	""
					},
					"addedLibs":	[],
					"libOptions":	{
						"libsContainingOptions":	[]
					},
					"prebuiltLibs":	{
						"prebuiltIncPath":	[],
						"prebuiltLibPath":	[]
					},
					"isolation":	{
					}
				}]
		}]
}
TRACE::2025-03-25.15:37:35::SCWPlatform::Clearing the existing platform
TRACE::2025-03-25.15:37:35::SCWSystem::Clearing the existing sysconfig
TRACE::2025-03-25.15:37:35::SCWMssOS::Removing the swdes entry for  E:/kevin/myCode/microBlaze1/vitisJson/syncBlaze/microblaze_0/standalone_domain/bsp/system.mss
TRACE::2025-03-25.15:37:35::SCWSystem::Clearing the domains completed.
TRACE::2025-03-25.15:37:35::SCWPlatform::Clearing the opened hw db.
TRACE::2025-03-25.15:37:35::SCWPlatform::DSA given E:/kevin/myCode/microBlaze1/vitisJson/syncBlaze/hw/design_1_wrapper.xsa
TRACE::2025-03-25.15:37:35::SCWPlatform::DSA absoulate path E:/kevin/myCode/microBlaze1/vitisJson/syncBlaze/hw/design_1_wrapper.xsa
TRACE::2025-03-25.15:37:35::SCWPlatform:: Platform location is E:/kevin/myCode/microBlaze1/vitisJson/syncBlaze/hw
TRACE::2025-03-25.15:37:35::SCWPlatform:: Platform Path E:/kevin/myCode/microBlaze1/vitisJson/syncBlaze/hw/design_1_wrapper.xsa
TRACE::2025-03-25.15:37:35::SCWPlatform:: Unique name xilinx:::0.0
TRACE::2025-03-25.15:37:35::SCWPlatform::Removing the HwDB with name E:/kevin/myCode/microBlaze1/vitisJson/syncBlaze/hw/design_1_wrapper.xsa
TRACE::2025-03-25.15:37:35::SCWPlatform::Trying to open the hw design at E:/kevin/myCode/microBlaze1/vitisJson/syncBlaze/hw/design_1_wrapper.xsa
TRACE::2025-03-25.15:37:35::SCWPlatform::DSA given E:/kevin/myCode/microBlaze1/vitisJson/syncBlaze/hw/design_1_wrapper.xsa
TRACE::2025-03-25.15:37:35::SCWPlatform::DSA absoulate path E:/kevin/myCode/microBlaze1/vitisJson/syncBlaze/hw/design_1_wrapper.xsa
TRACE::2025-03-25.15:37:35::SCWPlatform::DSA directory E:/kevin/myCode/microBlaze1/vitisJson/syncBlaze/hw
TRACE::2025-03-25.15:37:35::SCWPlatform:: Platform Path E:/kevin/myCode/microBlaze1/vitisJson/syncBlaze/hw/design_1_wrapper.xsa
TRACE::2025-03-25.15:37:35::SCWPlatform:: Unique name xilinx:::0.0
TRACE::2025-03-25.15:37:35::SCWPlatform::Do not have an existing db opened. 
TRACE::2025-03-25.15:37:35::SCWPlatform::Opened new HwDB with name design_1_wrapper_6
TRACE::2025-03-25.15:37:35::SCWReader::Active system found as  syncBlaze
TRACE::2025-03-25.15:37:35::SCWReader::Handling sysconfig syncBlaze
TRACE::2025-03-25.15:37:35::SCWDomain::checking for install qemu data   : 
TRACE::2025-03-25.15:37:35::SCWPlatform::Trying to open the hw design at E:/kevin/myCode/microBlaze1/vitisJson/syncBlaze/hw/design_1_wrapper.xsa
TRACE::2025-03-25.15:37:35::SCWPlatform::DSA given E:/kevin/myCode/microBlaze1/vitisJson/syncBlaze/hw/design_1_wrapper.xsa
TRACE::2025-03-25.15:37:35::SCWPlatform::DSA absoulate path E:/kevin/myCode/microBlaze1/vitisJson/syncBlaze/hw/design_1_wrapper.xsa
TRACE::2025-03-25.15:37:35::SCWPlatform::DSA directory E:/kevin/myCode/microBlaze1/vitisJson/syncBlaze/hw
TRACE::2025-03-25.15:37:35::SCWPlatform:: Platform Path E:/kevin/myCode/microBlaze1/vitisJson/syncBlaze/hw/design_1_wrapper.xsa
TRACE::2025-03-25.15:37:35::SCWPlatform:: Unique name xilinx:::0.0
TRACE::2025-03-25.15:37:35::SCWPlatform::Trying to set the existing hwdb with name design_1_wrapper_6
TRACE::2025-03-25.15:37:35::SCWPlatform::Opened existing hwdb design_1_wrapper_6
TRACE::2025-03-25.15:37:35::SCWPlatform::Found the Hw Db part of the input DSA
TRACE::2025-03-25.15:37:35::SCWPlatform::Trying to open the hw design at E:/kevin/myCode/microBlaze1/vitisJson/syncBlaze/hw/design_1_wrapper.xsa
TRACE::2025-03-25.15:37:35::SCWPlatform::DSA given E:/kevin/myCode/microBlaze1/vitisJson/syncBlaze/hw/design_1_wrapper.xsa
TRACE::2025-03-25.15:37:35::SCWPlatform::DSA absoulate path E:/kevin/myCode/microBlaze1/vitisJson/syncBlaze/hw/design_1_wrapper.xsa
TRACE::2025-03-25.15:37:35::SCWPlatform::DSA directory E:/kevin/myCode/microBlaze1/vitisJson/syncBlaze/hw
TRACE::2025-03-25.15:37:35::SCWPlatform:: Platform Path E:/kevin/myCode/microBlaze1/vitisJson/syncBlaze/hw/design_1_wrapper.xsa
TRACE::2025-03-25.15:37:35::SCWPlatform:: Unique name xilinx:::0.0
TRACE::2025-03-25.15:37:35::SCWPlatform::Trying to set the existing hwdb with name design_1_wrapper_6
TRACE::2025-03-25.15:37:35::SCWPlatform::Opened existing hwdb design_1_wrapper_6
TRACE::2025-03-25.15:37:35::SCWPlatform::Found the Hw Db part of the input DSA
TRACE::2025-03-25.15:37:35::SCWPlatform::Trying to open the hw design at E:/kevin/myCode/microBlaze1/vitisJson/syncBlaze/hw/design_1_wrapper.xsa
TRACE::2025-03-25.15:37:35::SCWPlatform::DSA given E:/kevin/myCode/microBlaze1/vitisJson/syncBlaze/hw/design_1_wrapper.xsa
TRACE::2025-03-25.15:37:35::SCWPlatform::DSA absoulate path E:/kevin/myCode/microBlaze1/vitisJson/syncBlaze/hw/design_1_wrapper.xsa
TRACE::2025-03-25.15:37:35::SCWPlatform::DSA directory E:/kevin/myCode/microBlaze1/vitisJson/syncBlaze/hw
TRACE::2025-03-25.15:37:35::SCWPlatform:: Platform Path E:/kevin/myCode/microBlaze1/vitisJson/syncBlaze/hw/design_1_wrapper.xsa
TRACE::2025-03-25.15:37:35::SCWPlatform:: Unique name xilinx:::0.0
TRACE::2025-03-25.15:37:35::SCWPlatform::Trying to set the existing hwdb with name design_1_wrapper_6
TRACE::2025-03-25.15:37:35::SCWPlatform::Opened existing hwdb design_1_wrapper_6
TRACE::2025-03-25.15:37:35::SCWPlatform::Found the Hw Db part of the input DSA
TRACE::2025-03-25.15:37:35::SCWPlatform::Trying to open the hw design at E:/kevin/myCode/microBlaze1/vitisJson/syncBlaze/hw/design_1_wrapper.xsa
TRACE::2025-03-25.15:37:35::SCWPlatform::DSA given E:/kevin/myCode/microBlaze1/vitisJson/syncBlaze/hw/design_1_wrapper.xsa
TRACE::2025-03-25.15:37:35::SCWPlatform::DSA absoulate path E:/kevin/myCode/microBlaze1/vitisJson/syncBlaze/hw/design_1_wrapper.xsa
TRACE::2025-03-25.15:37:35::SCWPlatform::DSA directory E:/kevin/myCode/microBlaze1/vitisJson/syncBlaze/hw
TRACE::2025-03-25.15:37:35::SCWPlatform:: Platform Path E:/kevin/myCode/microBlaze1/vitisJson/syncBlaze/hw/design_1_wrapper.xsa
TRACE::2025-03-25.15:37:35::SCWPlatform:: Unique name xilinx:::0.0
TRACE::2025-03-25.15:37:35::SCWPlatform::Trying to set the existing hwdb with name design_1_wrapper_6
TRACE::2025-03-25.15:37:35::SCWPlatform::Opened existing hwdb design_1_wrapper_6
TRACE::2025-03-25.15:37:35::SCWPlatform::Found the Hw Db part of the input DSA
TRACE::2025-03-25.15:37:35::SCWMssOS::Checking the sw design at  E:/kevin/myCode/microBlaze1/vitisJson/syncBlaze/microblaze_0/standalone_domain/bsp/system.mss
TRACE::2025-03-25.15:37:35::SCWMssOS::DEBUG:  swdes dump  
TRACE::2025-03-25.15:37:35::SCWMssOS::No sw design opened at  E:/kevin/myCode/microBlaze1/vitisJson/syncBlaze/microblaze_0/standalone_domain/bsp/system.mss
TRACE::2025-03-25.15:37:35::SCWMssOS::mss exists loading the mss file  E:/kevin/myCode/microBlaze1/vitisJson/syncBlaze/microblaze_0/standalone_domain/bsp/system.mss
TRACE::2025-03-25.15:37:35::SCWMssOS::Opened the sw design from mss  E:/kevin/myCode/microBlaze1/vitisJson/syncBlaze/microblaze_0/standalone_domain/bsp/system.mss
TRACE::2025-03-25.15:37:35::SCWMssOS::Adding the swdes entry E:/kevin/myCode/microBlaze1/vitisJson/syncBlaze/microblaze_0/standalone_domain/bsp/system.mss with des name system
TRACE::2025-03-25.15:37:35::SCWMssOS::updating the scw layer about changes
TRACE::2025-03-25.15:37:35::SCWMssOS::Opened the sw design.  E:/kevin/myCode/microBlaze1/vitisJson/syncBlaze/microblaze_0/standalone_domain/bsp/system.mss
TRACE::2025-03-25.15:37:35::SCWMssOS::Saving the mss changes E:/kevin/myCode/microBlaze1/vitisJson/syncBlaze/microblaze_0/standalone_domain/bsp/system.mss
TRACE::2025-03-25.15:37:35::SCWMssOS::Found a swdesign opened with the mssfile.
TRACE::2025-03-25.15:37:35::SCWMssOS::Completed writemss as part of save.
TRACE::2025-03-25.15:37:35::SCWMssOS::Commit changes completed.
TRACE::2025-03-25.15:37:35::SCWReader::Adding prebuilt librarypaths as   
TRACE::2025-03-25.15:37:35::SCWReader::Adding prebuilt incpaths  as   
TRACE::2025-03-25.15:37:35::SCWPlatform::Trying to open the hw design at E:/kevin/myCode/microBlaze1/vitisJson/syncBlaze/hw/design_1_wrapper.xsa
TRACE::2025-03-25.15:37:35::SCWPlatform::DSA given E:/kevin/myCode/microBlaze1/vitisJson/syncBlaze/hw/design_1_wrapper.xsa
TRACE::2025-03-25.15:37:35::SCWPlatform::DSA absoulate path E:/kevin/myCode/microBlaze1/vitisJson/syncBlaze/hw/design_1_wrapper.xsa
TRACE::2025-03-25.15:37:35::SCWPlatform::DSA directory E:/kevin/myCode/microBlaze1/vitisJson/syncBlaze/hw
TRACE::2025-03-25.15:37:35::SCWPlatform:: Platform Path E:/kevin/myCode/microBlaze1/vitisJson/syncBlaze/hw/design_1_wrapper.xsa
TRACE::2025-03-25.15:37:35::SCWPlatform:: Unique name xilinx:::0.0
TRACE::2025-03-25.15:37:35::SCWPlatform::Trying to set the existing hwdb with name design_1_wrapper_6
TRACE::2025-03-25.15:37:35::SCWPlatform::Opened existing hwdb design_1_wrapper_6
TRACE::2025-03-25.15:37:35::SCWPlatform::Found the Hw Db part of the input DSA
TRACE::2025-03-25.15:37:35::SCWMssOS::Checking the sw design at  E:/kevin/myCode/microBlaze1/vitisJson/syncBlaze/microblaze_0/standalone_domain/bsp/system.mss
TRACE::2025-03-25.15:37:35::SCWMssOS::DEBUG:  swdes dump  E:/kevin/myCode/microBlaze1/vitisJson/syncBlaze/microblaze_0/standalone_domain/bsp/system.mss|system||

TRACE::2025-03-25.15:37:35::SCWMssOS::Sw design exists and opened at  E:/kevin/myCode/microBlaze1/vitisJson/syncBlaze/microblaze_0/standalone_domain/bsp/system.mss
TRACE::2025-03-25.15:37:35::SCWReader::No isolation master present  
LOG::2025-03-25.15:37:46::SCWPlatform::Started generating the artifacts platform syncBlaze
TRACE::2025-03-25.15:37:46::SCWPlatform::Sanity checking of platform is completed
LOG::2025-03-25.15:37:46::SCWPlatform::Started generating the artifacts for system configuration syncBlaze
LOG::2025-03-25.15:37:46::SCWSystem::Checking the domain standalone_domain
LOG::2025-03-25.15:37:46::SCWSystem::Not a boot domain 
LOG::2025-03-25.15:37:46::SCWSystem::Started Processing the domain standalone_domain
TRACE::2025-03-25.15:37:46::SCWDomain::Generating domain artifcats
TRACE::2025-03-25.15:37:46::SCWMssOS::Generating standalone artifcats
TRACE::2025-03-25.15:37:46::SCWMssOS:: Copying the user libraries. 
TRACE::2025-03-25.15:37:46::SCWPlatform::Trying to open the hw design at E:/kevin/myCode/microBlaze1/vitisJson/syncBlaze/hw/design_1_wrapper.xsa
TRACE::2025-03-25.15:37:46::SCWPlatform::DSA given E:/kevin/myCode/microBlaze1/vitisJson/syncBlaze/hw/design_1_wrapper.xsa
TRACE::2025-03-25.15:37:46::SCWPlatform::DSA absoulate path E:/kevin/myCode/microBlaze1/vitisJson/syncBlaze/hw/design_1_wrapper.xsa
TRACE::2025-03-25.15:37:46::SCWPlatform::DSA directory E:/kevin/myCode/microBlaze1/vitisJson/syncBlaze/hw
TRACE::2025-03-25.15:37:46::SCWPlatform:: Platform Path E:/kevin/myCode/microBlaze1/vitisJson/syncBlaze/hw/design_1_wrapper.xsa
TRACE::2025-03-25.15:37:46::SCWPlatform:: Unique name xilinx:::0.0
TRACE::2025-03-25.15:37:46::SCWPlatform::Trying to set the existing hwdb with name design_1_wrapper_6
TRACE::2025-03-25.15:37:46::SCWPlatform::Opened existing hwdb design_1_wrapper_6
TRACE::2025-03-25.15:37:46::SCWPlatform::Found the Hw Db part of the input DSA
TRACE::2025-03-25.15:37:46::SCWMssOS::Checking the sw design at  E:/kevin/myCode/microBlaze1/vitisJson/syncBlaze/microblaze_0/standalone_domain/bsp/system.mss
TRACE::2025-03-25.15:37:46::SCWMssOS::DEBUG:  swdes dump  E:/kevin/myCode/microBlaze1/vitisJson/syncBlaze/microblaze_0/standalone_domain/bsp/system.mss|system||

TRACE::2025-03-25.15:37:46::SCWMssOS::Sw design exists and opened at  E:/kevin/myCode/microBlaze1/vitisJson/syncBlaze/microblaze_0/standalone_domain/bsp/system.mss
TRACE::2025-03-25.15:37:46::SCWMssOS::Completed writing the mss file at E:/kevin/myCode/microBlaze1/vitisJson/syncBlaze/microblaze_0/standalone_domain/bsp
TRACE::2025-03-25.15:37:46::SCWMssOS::Mss edits present, copying mssfile into export location E:/kevin/myCode/microBlaze1/vitisJson/syncBlaze/microblaze_0/standalone_domain/bsp/system.mss
TRACE::2025-03-25.15:37:46::SCWMssOS::bsp generated is stale removing and regenerating. 
TRACE::2025-03-25.15:37:47::SCWMssOS::doing bsp build ... 
TRACE::2025-03-25.15:37:47::SCWMssOS::System Command Ran  E: & cd  E:/kevin/myCode/microBlaze1/vitisJson/syncBlaze/microblaze_0/standalone_domain/bsp & make 
TRACE::2025-03-25.15:37:47::SCWMssOS::make --no-print-directory seq_libs

TRACE::2025-03-25.15:37:47::SCWMssOS::'Finished building libraries sequentially.'

TRACE::2025-03-25.15:37:47::SCWMssOS::make -j 14 --no-print-directory par_libs

TRACE::2025-03-25.15:37:47::SCWMssOS::"Running Make include in microblaze_0/libsrc/bram_v4_8/src"

TRACE::2025-03-25.15:37:47::SCWMssOS::make -C microblaze_0/libsrc/bram_v4_8/src -s include  "SHELL=CMD" "COMPILER=mb-gcc" "ASSEMBLER=mb-as" "ARCHIVER=mb-ar" "COMPILE
TRACE::2025-03-25.15:37:47::SCWMssOS::R_FLAGS=  -O2 -c -mcpu=v11.0 -mlittle-endian -mxl-soft-mul" "EXTRA_COMPILER_FLAGS=-g -ffunction-sections -fdata-sections -Wall 
TRACE::2025-03-25.15:37:47::SCWMssOS::-Wextra -fno-tree-loop-distribute-patterns"

TRACE::2025-03-25.15:37:47::SCWMssOS::"Running Make include in microblaze_0/libsrc/cpu_v2_16/src"

TRACE::2025-03-25.15:37:47::SCWMssOS::make -C microblaze_0/libsrc/cpu_v2_16/src -s include  "SHELL=CMD" "COMPILER=mb-gcc" "ASSEMBLER=mb-as" "ARCHIVER=mb-ar" "COMPILE
TRACE::2025-03-25.15:37:47::SCWMssOS::R_FLAGS=  -O2 -c -mcpu=v11.0 -mlittle-endian -mxl-soft-mul" "EXTRA_COMPILER_FLAGS=-g -ffunction-sections -fdata-sections -Wall 
TRACE::2025-03-25.15:37:47::SCWMssOS::-Wextra -fno-tree-loop-distribute-patterns"

TRACE::2025-03-25.15:37:47::SCWMssOS::"Running Make include in microblaze_0/libsrc/gpio_v4_9/src"

TRACE::2025-03-25.15:37:47::SCWMssOS::make -C microblaze_0/libsrc/gpio_v4_9/src -s include  "SHELL=CMD" "COMPILER=mb-gcc" "ASSEMBLER=mb-as" "ARCHIVER=mb-ar" "COMPILE
TRACE::2025-03-25.15:37:47::SCWMssOS::R_FLAGS=  -O2 -c -mcpu=v11.0 -mlittle-endian -mxl-soft-mul" "EXTRA_COMPILER_FLAGS=-g -ffunction-sections -fdata-sections -Wall 
TRACE::2025-03-25.15:37:47::SCWMssOS::-Wextra -fno-tree-loop-distribute-patterns"

TRACE::2025-03-25.15:37:47::SCWMssOS::"Running Make include in microblaze_0/libsrc/intc_v3_15/src"

TRACE::2025-03-25.15:37:47::SCWMssOS::make -C microblaze_0/libsrc/intc_v3_15/src -s include  "SHELL=CMD" "COMPILER=mb-gcc" "ASSEMBLER=mb-as" "ARCHIVER=mb-ar" "COMPIL
TRACE::2025-03-25.15:37:47::SCWMssOS::ER_FLAGS=  -O2 -c -mcpu=v11.0 -mlittle-endian -mxl-soft-mul" "EXTRA_COMPILER_FLAGS=-g -ffunction-sections -fdata-sections -Wall
TRACE::2025-03-25.15:37:47::SCWMssOS:: -Wextra -fno-tree-loop-distribute-patterns"

TRACE::2025-03-25.15:37:47::SCWMssOS::"Running Make include in microblaze_0/libsrc/standalone_v8_0/src"

TRACE::2025-03-25.15:37:47::SCWMssOS::make -C microblaze_0/libsrc/standalone_v8_0/src -s include  "SHELL=CMD" "COMPILER=mb-gcc" "ASSEMBLER=mb-as" "ARCHIVER=mb-ar" "C
TRACE::2025-03-25.15:37:47::SCWMssOS::OMPILER_FLAGS=  -O2 -c -mcpu=v11.0 -mlittle-endian -mxl-soft-mul" "EXTRA_COMPILER_FLAGS=-g -ffunction-sections -fdata-sections 
TRACE::2025-03-25.15:37:47::SCWMssOS::-Wall -Wextra -fno-tree-loop-distribute-patterns"

TRACE::2025-03-25.15:37:47::SCWMssOS::"Running Make include in microblaze_0/libsrc/tmrctr_v4_9/src"

TRACE::2025-03-25.15:37:47::SCWMssOS::make -C microblaze_0/libsrc/tmrctr_v4_9/src -s include  "SHELL=CMD" "COMPILER=mb-gcc" "ASSEMBLER=mb-as" "ARCHIVER=mb-ar" "COMPI
TRACE::2025-03-25.15:37:47::SCWMssOS::LER_FLAGS=  -O2 -c -mcpu=v11.0 -mlittle-endian -mxl-soft-mul" "EXTRA_COMPILER_FLAGS=-g -ffunction-sections -fdata-sections -Wal
TRACE::2025-03-25.15:37:47::SCWMssOS::l -Wextra -fno-tree-loop-distribute-patterns"

TRACE::2025-03-25.15:37:47::SCWMssOS::"Running Make include in microblaze_0/libsrc/uartlite_v3_7/src"

TRACE::2025-03-25.15:37:47::SCWMssOS::make -C microblaze_0/libsrc/uartlite_v3_7/src -s include  "SHELL=CMD" "COMPILER=mb-gcc" "ASSEMBLER=mb-as" "ARCHIVER=mb-ar" "COM
TRACE::2025-03-25.15:37:47::SCWMssOS::PILER_FLAGS=  -O2 -c -mcpu=v11.0 -mlittle-endian -mxl-soft-mul" "EXTRA_COMPILER_FLAGS=-g -ffunction-sections -fdata-sections -W
TRACE::2025-03-25.15:37:47::SCWMssOS::all -Wextra -fno-tree-loop-distribute-patterns"

TRACE::2025-03-25.15:37:47::SCWMssOS::"Running Make libs in microblaze_0/libsrc/bram_v4_8/src"

TRACE::2025-03-25.15:37:47::SCWMssOS::make -C microblaze_0/libsrc/bram_v4_8/src -s libs  "SHELL=CMD" "COMPILER=mb-gcc" "ASSEMBLER=mb-as" "ARCHIVER=mb-ar" "COMPILER_F
TRACE::2025-03-25.15:37:47::SCWMssOS::LAGS=  -O2 -c -mcpu=v11.0 -mlittle-endian -mxl-soft-mul" "EXTRA_COMPILER_FLAGS=-g -ffunction-sections -fdata-sections -Wall -We
TRACE::2025-03-25.15:37:47::SCWMssOS::xtra -fno-tree-loop-distribute-patterns"

TRACE::2025-03-25.15:37:47::SCWMssOS::"Running Make libs in microblaze_0/libsrc/cpu_v2_16/src"

TRACE::2025-03-25.15:37:47::SCWMssOS::make -C microblaze_0/libsrc/cpu_v2_16/src -s libs  "SHELL=CMD" "COMPILER=mb-gcc" "ASSEMBLER=mb-as" "ARCHIVER=mb-ar" "COMPILER_F
TRACE::2025-03-25.15:37:47::SCWMssOS::LAGS=  -O2 -c -mcpu=v11.0 -mlittle-endian -mxl-soft-mul" "EXTRA_COMPILER_FLAGS=-g -ffunction-sections -fdata-sections -Wall -We
TRACE::2025-03-25.15:37:47::SCWMssOS::xtra -fno-tree-loop-distribute-patterns"

TRACE::2025-03-25.15:37:47::SCWMssOS::"Running Make libs in microblaze_0/libsrc/gpio_v4_9/src"

TRACE::2025-03-25.15:37:47::SCWMssOS::make -C microblaze_0/libsrc/gpio_v4_9/src -s libs  "SHELL=CMD" "COMPILER=mb-gcc" "ASSEMBLER=mb-as" "ARCHIVER=mb-ar" "COMPILER_F
TRACE::2025-03-25.15:37:47::SCWMssOS::LAGS=  -O2 -c -mcpu=v11.0 -mlittle-endian -mxl-soft-mul" "EXTRA_COMPILER_FLAGS=-g -ffunction-sections -fdata-sections -Wall -We
TRACE::2025-03-25.15:37:47::SCWMssOS::xtra -fno-tree-loop-distribute-patterns"

TRACE::2025-03-25.15:37:47::SCWMssOS::"Running Make libs in microblaze_0/libsrc/intc_v3_15/src"

TRACE::2025-03-25.15:37:48::SCWMssOS::make -C microblaze_0/libsrc/intc_v3_15/src -s libs  "SHELL=CMD" "COMPILER=mb-gcc" "ASSEMBLER=mb-as" "ARCHIVER=mb-ar" "COMPILER_
TRACE::2025-03-25.15:37:48::SCWMssOS::FLAGS=  -O2 -c -mcpu=v11.0 -mlittle-endian -mxl-soft-mul" "EXTRA_COMPILER_FLAGS=-g -ffunction-sections -fdata-sections -Wall -W
TRACE::2025-03-25.15:37:48::SCWMssOS::extra -fno-tree-loop-distribute-patterns"

TRACE::2025-03-25.15:37:48::SCWMssOS::"Running Make libs in microblaze_0/libsrc/standalone_v8_0/src"

TRACE::2025-03-25.15:37:48::SCWMssOS::make -C microblaze_0/libsrc/standalone_v8_0/src -s libs  "SHELL=CMD" "COMPILER=mb-gcc" "ASSEMBLER=mb-as" "ARCHIVER=mb-ar" "COMP
TRACE::2025-03-25.15:37:48::SCWMssOS::ILER_FLAGS=  -O2 -c -mcpu=v11.0 -mlittle-endian -mxl-soft-mul" "EXTRA_COMPILER_FLAGS=-g -ffunction-sections -fdata-sections -Wa
TRACE::2025-03-25.15:37:48::SCWMssOS::ll -Wextra -fno-tree-loop-distribute-patterns"

TRACE::2025-03-25.15:37:48::SCWMssOS::"Running Make libs in microblaze_0/libsrc/tmrctr_v4_9/src"

TRACE::2025-03-25.15:37:48::SCWMssOS::make -C microblaze_0/libsrc/tmrctr_v4_9/src -s libs  "SHELL=CMD" "COMPILER=mb-gcc" "ASSEMBLER=mb-as" "ARCHIVER=mb-ar" "COMPILER
TRACE::2025-03-25.15:37:48::SCWMssOS::_FLAGS=  -O2 -c -mcpu=v11.0 -mlittle-endian -mxl-soft-mul" "EXTRA_COMPILER_FLAGS=-g -ffunction-sections -fdata-sections -Wall -
TRACE::2025-03-25.15:37:48::SCWMssOS::Wextra -fno-tree-loop-distribute-patterns"

TRACE::2025-03-25.15:37:48::SCWMssOS::"Running Make libs in microblaze_0/libsrc/uartlite_v3_7/src"

TRACE::2025-03-25.15:37:48::SCWMssOS::make -C microblaze_0/libsrc/uartlite_v3_7/src -s libs  "SHELL=CMD" "COMPILER=mb-gcc" "ASSEMBLER=mb-as" "ARCHIVER=mb-ar" "COMPIL
TRACE::2025-03-25.15:37:48::SCWMssOS::ER_FLAGS=  -O2 -c -mcpu=v11.0 -mlittle-endian -mxl-soft-mul" "EXTRA_COMPILER_FLAGS=-g -ffunction-sections -fdata-sections -Wall
TRACE::2025-03-25.15:37:48::SCWMssOS:: -Wextra -fno-tree-loop-distribute-patterns"

TRACE::2025-03-25.15:37:49::SCWMssOS::"DEBUG NON_LTO_OBJECTS is ../../../lib/microblaze_interrupt_handler.o"

TRACE::2025-03-25.15:37:49::SCWMssOS::'Finished building libraries parallelly.'

TRACE::2025-03-25.15:37:49::SCWMssOS::make --no-print-directory archive

TRACE::2025-03-25.15:37:49::SCWMssOS::mb-ar -r  microblaze_0/lib/libxil.a microblaze_0/lib/_exit.o microblaze_0/lib/errno.o microblaze_0/lib/fcntl.o microblaze_0/lib
TRACE::2025-03-25.15:37:49::SCWMssOS::/hw_exception_handler.o microblaze_0/lib/inbyte.o microblaze_0/lib/microblaze_disable_dcache.o microblaze_0/lib/microblaze_disa
TRACE::2025-03-25.15:37:49::SCWMssOS::ble_exceptions.o microblaze_0/lib/microblaze_disable_icache.o microblaze_0/lib/microblaze_disable_interrupts.o microblaze_0/lib
TRACE::2025-03-25.15:37:49::SCWMssOS::/microblaze_enable_dcache.o microblaze_0/lib/microblaze_enable_exceptions.o microblaze_0/lib/microblaze_enable_icache.o microbl
TRACE::2025-03-25.15:37:49::SCWMssOS::aze_0/lib/microblaze_enable_interrupts.o microblaze_0/lib/microblaze_exception_handler.o microblaze_0/lib/microblaze_flush_cach
TRACE::2025-03-25.15:37:49::SCWMssOS::e_ext.o microblaze_0/lib/microblaze_flush_cache_ext_range.o microblaze_0/lib/microblaze_flush_dcache.o microblaze_0/lib/microbl
TRACE::2025-03-25.15:37:49::SCWMssOS::aze_flush_dcache_range.o microblaze_0/lib/microblaze_init_dcache_range.o microblaze_0/lib/microblaze_init_icache_range.o microb
TRACE::2025-03-25.15:37:49::SCWMssOS::laze_0/lib/microblaze_interrupt_handler.o microblaze_0/lib/microblaze_interrupts_g.o microblaze_0/lib/microblaze_invalidate_cac
TRACE::2025-03-25.15:37:49::SCWMssOS::he_ext.o microblaze_0/lib/microblaze_invalidate_cache_ext_range.o microblaze_0/lib/microblaze_invalidate_dcache.o microblaze_0/
TRACE::2025-03-25.15:37:49::SCWMssOS::lib/microblaze_invalidate_dcache_range.o microblaze_0/lib/microblaze_invalidate_icache.o microblaze_0/lib/microblaze_invalidate
TRACE::2025-03-25.15:37:49::SCWMssOS::_icache_range.o microblaze_0/lib/microblaze_scrub.o microblaze_0/lib/microblaze_selftest.o microblaze_0/lib/microblaze_sleep.o 
TRACE::2025-03-25.15:37:49::SCWMssOS::microblaze_0/lib/microblaze_update_dcache.o microblaze_0/lib/microblaze_update_icache.o microblaze_0/lib/outbyte.o microblaze_0
TRACE::2025-03-25.15:37:49::SCWMssOS::/lib/print.o microblaze_0/lib/pvr.o microblaze_0/lib/xbram.o microblaze_0/lib/xbram_g.o microblaze_0/lib/xbram_intr.o microblaz
TRACE::2025-03-25.15:37:49::SCWMssOS::e_0/lib/xbram_selftest.o microblaze_0/lib/xbram_sinit.o microblaze_0/lib/xgpio.o microblaze_0/lib/xgpio_extra.o microblaze_0/li
TRACE::2025-03-25.15:37:49::SCWMssOS::b/xgpio_g.o microblaze_0/lib/xgpio_intr.o microblaze_0/lib/xgpio_selftest.o microblaze_0/lib/xgpio_sinit.o microblaze_0/lib/xil
TRACE::2025-03-25.15:37:49::SCWMssOS::_assert.o microblaze_0/lib/xil_cache.o microblaze_0/lib/xil_clocking.o microblaze_0/lib/xil_exception.o microblaze_0/lib/xil_me
TRACE::2025-03-25.15:37:49::SCWMssOS::m.o microblaze_0/lib/xil_misc_psreset_api.o microblaze_0/lib/xil_printf.o microblaze_0/lib/xil_sleepcommon.o microblaze_0/lib/x
TRACE::2025-03-25.15:37:49::SCWMssOS::il_testcache.o microblaze_0/lib/xil_testio.o microblaze_0/lib/xil_testmem.o microblaze_0/lib/xil_util.o microblaze_0/lib/xintc.
TRACE::2025-03-25.15:37:49::SCWMssOS::o microblaze_0/lib/xintc_g.o microblaze_0/lib/xintc_intr.o microblaze_0/lib/xintc_l.o microblaze_0/lib/xintc_options.o microbla
TRACE::2025-03-25.15:37:49::SCWMssOS::ze_0/lib/xintc_selftest.o microblaze_0/lib/xinterrupt_wrap.o microblaze_0/lib/xio.o microblaze_0/lib/xplatform_info.o microblaz
TRACE::2025-03-25.15:37:49::SCWMssOS::e_0/lib/xtmrctr.o microblaze_0/lib/xtmrctr_g.o microblaze_0/lib/xtmrctr_intr.o microblaze_0/lib/xtmrctr_l.o microblaze_0/lib/xt
TRACE::2025-03-25.15:37:49::SCWMssOS::mrctr_options.o microblaze_0/lib/xtmrctr_selftest.o microblaze_0/lib/xtmrctr_sinit.o microblaze_0/lib/xtmrctr_stats.o microblaz
TRACE::2025-03-25.15:37:49::SCWMssOS::e_0/lib/xuartlite.o microblaze_0/lib/xuartlite_g.o microblaze_0/lib/xuartlite_intr.o microblaze_0/lib/xuartlite_l.o microblaze_
TRACE::2025-03-25.15:37:49::SCWMssOS::0/lib/xuartlite_selftest.o microblaze_0/lib/xuartlite_sinit.o microblaze_0/lib/xuartlite_stats.o

TRACE::2025-03-25.15:37:49::SCWMssOS::'Finished building libraries'

TRACE::2025-03-25.15:37:49::SCWMssOS:: Checking if to create the Supporting Applications
TRACE::2025-03-25.15:37:49::SCWMssOS:: No Linux domain exists, trying to generate FSBL 
LOG::2025-03-25.15:37:49::SCWSystem::Completed Processing the domain standalone_domain
LOG::2025-03-25.15:37:49::SCWSystem::Completed Processing the sysconfig syncBlaze
LOG::2025-03-25.15:37:49::SCWPlatform::Completed generating the artifacts for system configuration syncBlaze
TRACE::2025-03-25.15:37:49::SCWPlatform::Started preparing the platform 
TRACE::2025-03-25.15:37:49::SCWSystem::Writing the bif file for system config syncBlaze
TRACE::2025-03-25.15:37:49::SCWSystem::dir created 
TRACE::2025-03-25.15:37:49::SCWSystem::Writing the bif 
TRACE::2025-03-25.15:37:49::SCWPlatform::Started writing the spfm file 
TRACE::2025-03-25.15:37:49::SCWPlatform::Started writing the xpfm file 
TRACE::2025-03-25.15:37:49::SCWPlatform::Completed generating the platform
TRACE::2025-03-25.15:37:49::SCWMssOS::Saving the mss changes E:/kevin/myCode/microBlaze1/vitisJson/syncBlaze/microblaze_0/standalone_domain/bsp/system.mss
TRACE::2025-03-25.15:37:49::SCWMssOS::Adding the swdes entry, mss present, able to open swdb E:/kevin/myCode/microBlaze1/vitisJson/syncBlaze/microblaze_0/standalone_domain/bsp/system.mss with des name system
TRACE::2025-03-25.15:37:49::SCWMssOS::Writing the mss file completed E:/kevin/myCode/microBlaze1/vitisJson/syncBlaze/microblaze_0/standalone_domain/bsp/system.mss
TRACE::2025-03-25.15:37:49::SCWMssOS::Commit changes completed.
TRACE::2025-03-25.15:37:49::SCWPlatform::Trying to open the hw design at E:/kevin/myCode/microBlaze1/vitisJson/syncBlaze/hw/design_1_wrapper.xsa
TRACE::2025-03-25.15:37:49::SCWPlatform::DSA given E:/kevin/myCode/microBlaze1/vitisJson/syncBlaze/hw/design_1_wrapper.xsa
TRACE::2025-03-25.15:37:49::SCWPlatform::DSA absoulate path E:/kevin/myCode/microBlaze1/vitisJson/syncBlaze/hw/design_1_wrapper.xsa
TRACE::2025-03-25.15:37:49::SCWPlatform::DSA directory E:/kevin/myCode/microBlaze1/vitisJson/syncBlaze/hw
TRACE::2025-03-25.15:37:49::SCWPlatform:: Platform Path E:/kevin/myCode/microBlaze1/vitisJson/syncBlaze/hw/design_1_wrapper.xsa
TRACE::2025-03-25.15:37:49::SCWPlatform:: Unique name xilinx:::0.0
TRACE::2025-03-25.15:37:49::SCWPlatform::Trying to set the existing hwdb with name design_1_wrapper_6
TRACE::2025-03-25.15:37:49::SCWPlatform::Opened existing hwdb design_1_wrapper_6
TRACE::2025-03-25.15:37:49::SCWPlatform::Found the Hw Db part of the input DSA
TRACE::2025-03-25.15:37:49::SCWMssOS::Checking the sw design at  E:/kevin/myCode/microBlaze1/vitisJson/syncBlaze/microblaze_0/standalone_domain/bsp/system.mss
TRACE::2025-03-25.15:37:49::SCWMssOS::DEBUG:  swdes dump  E:/kevin/myCode/microBlaze1/vitisJson/syncBlaze/microblaze_0/standalone_domain/bsp/system.mss|system||

TRACE::2025-03-25.15:37:49::SCWMssOS::Sw design exists and opened at  E:/kevin/myCode/microBlaze1/vitisJson/syncBlaze/microblaze_0/standalone_domain/bsp/system.mss
TRACE::2025-03-25.15:37:49::SCWWriter::formatted JSON is {
	"platformName":	"syncBlaze",
	"sprVersion":	"2.0",
	"mode":	"gui",
	"dsaType":	"Fixed",
	"platformDesc":	"syncBlaze",
	"platHandOff":	"E:/kevin/myCode/microBlaze1/design_1_wrapper.xsa",
	"platIntHandOff":	"<platformDir>/hw/design_1_wrapper.xsa",
	"deviceType":	"FPGA",
	"platIsPrebuiltAutogen":	"false",
	"platIsNoBootBsp":	"false",
	"hasFsblMakeHasChanges":	"false",
	"hasPmufwMakeHasChanges":	"false",
	"platPreBuiltFlag":	false,
	"platformSamplesDir":	"",
	"platActiveSys":	"syncBlaze",
	"systems":	[{
			"systemName":	"syncBlaze",
			"systemDesc":	"syncBlaze",
			"sysIsBootAutoGen":	"true",
			"systemDispName":	"syncBlaze",
			"sysActiveDom":	"standalone_domain",
			"sysDefaultDom":	"standalone_domain",
			"domains":	[{
					"domainName":	"standalone_domain",
					"domainDispName":	"standalone on microblaze_0",
					"domainDesc":	"standalone_domain",
					"processors":	"microblaze_0",
					"os":	"standalone",
					"sdxOs":	"standalone",
					"debugEnable":	"False",
					"domRuntimes":	["cpp"],
					"swRepo":	"",
					"mssOsVer":	"8.0",
					"mssFile":	"",
					"md5Digest":	"e2cdda41e7956801f4f51a65042beca0",
					"compatibleApp":	"",
					"domType":	"mssDomain",
					"arch":	"32-bit",
					"appSettings":	{
						"appCompilerFlags":	"",
						"appLinkerFlags":	""
					},
					"addedLibs":	[],
					"libOptions":	{
						"libsContainingOptions":	[]
					},
					"prebuiltLibs":	{
						"prebuiltIncPath":	[],
						"prebuiltLibPath":	[]
					},
					"isolation":	{
					}
				}]
		}]
}
KEYINFO::2025-03-25.15:37:49::SCWPlatform::updated the xpfm file.
TRACE::2025-03-25.15:37:50::SCWPlatform::Trying to open the hw design at E:/kevin/myCode/microBlaze1/vitisJson/syncBlaze/hw/design_1_wrapper.xsa
TRACE::2025-03-25.15:37:50::SCWPlatform::DSA given E:/kevin/myCode/microBlaze1/vitisJson/syncBlaze/hw/design_1_wrapper.xsa
TRACE::2025-03-25.15:37:50::SCWPlatform::DSA absoulate path E:/kevin/myCode/microBlaze1/vitisJson/syncBlaze/hw/design_1_wrapper.xsa
TRACE::2025-03-25.15:37:50::SCWPlatform::DSA directory E:/kevin/myCode/microBlaze1/vitisJson/syncBlaze/hw
TRACE::2025-03-25.15:37:50::SCWPlatform:: Platform Path E:/kevin/myCode/microBlaze1/vitisJson/syncBlaze/hw/design_1_wrapper.xsa
TRACE::2025-03-25.15:37:50::SCWPlatform:: Unique name xilinx:::0.0
TRACE::2025-03-25.15:37:50::SCWPlatform::Trying to set the existing hwdb with name design_1_wrapper_6
TRACE::2025-03-25.15:37:50::SCWPlatform::Opened existing hwdb design_1_wrapper_6
TRACE::2025-03-25.15:37:50::SCWPlatform::Found the Hw Db part of the input DSA
TRACE::2025-03-25.15:37:50::SCWMssOS::Checking the sw design at  E:/kevin/myCode/microBlaze1/vitisJson/syncBlaze/microblaze_0/standalone_domain/bsp/system.mss
TRACE::2025-03-25.15:37:50::SCWMssOS::DEBUG:  swdes dump  E:/kevin/myCode/microBlaze1/vitisJson/syncBlaze/microblaze_0/standalone_domain/bsp/system.mss|system||

TRACE::2025-03-25.15:37:50::SCWMssOS::Sw design exists and opened at  E:/kevin/myCode/microBlaze1/vitisJson/syncBlaze/microblaze_0/standalone_domain/bsp/system.mss
TRACE::2025-03-25.16:38:10::SCWPlatform::DSA given E:/kevin/myCode/microBlaze1/vitisJson/syncBlaze/tempdsa/design_1_wrapper.xsa
TRACE::2025-03-25.16:38:10::SCWPlatform::DSA absoulate path E:/kevin/myCode/microBlaze1/vitisJson/syncBlaze/tempdsa/design_1_wrapper.xsa
TRACE::2025-03-25.16:38:10::SCWPlatform:: Platform location is E:/kevin/myCode/microBlaze1/vitisJson/syncBlaze/tempdsa
TRACE::2025-03-25.16:38:10::SCWPlatform:: Platform Path E:/kevin/myCode/microBlaze1/vitisJson/syncBlaze/tempdsa/design_1_wrapper.xsa
TRACE::2025-03-25.16:38:10::SCWPlatform:: Unique name xilinx:::0.0
TRACE::2025-03-25.16:38:10::SCWPlatform::Found the Hw Db part of the input DSA
TRACE::2025-03-25.16:38:10::SCWMssOS::Doing hw sync for the mss in domain: standalone_domain
TRACE::2025-03-25.16:38:10::SCWPlatform::Trying to open the hw design at E:/kevin/myCode/microBlaze1/vitisJson/syncBlaze/hw/design_1_wrapper.xsa
TRACE::2025-03-25.16:38:10::SCWPlatform::DSA given E:/kevin/myCode/microBlaze1/vitisJson/syncBlaze/hw/design_1_wrapper.xsa
TRACE::2025-03-25.16:38:10::SCWPlatform::DSA absoulate path E:/kevin/myCode/microBlaze1/vitisJson/syncBlaze/hw/design_1_wrapper.xsa
TRACE::2025-03-25.16:38:10::SCWPlatform::DSA directory E:/kevin/myCode/microBlaze1/vitisJson/syncBlaze/hw
TRACE::2025-03-25.16:38:10::SCWPlatform:: Platform Path E:/kevin/myCode/microBlaze1/vitisJson/syncBlaze/hw/design_1_wrapper.xsa
TRACE::2025-03-25.16:38:10::SCWPlatform:: Unique name xilinx:::0.0
TRACE::2025-03-25.16:38:10::SCWPlatform::Trying to set the existing hwdb with name design_1_wrapper_6
TRACE::2025-03-25.16:38:10::SCWPlatform::Opened existing hwdb design_1_wrapper_6
TRACE::2025-03-25.16:38:10::SCWPlatform::Found the Hw Db part of the input DSA
TRACE::2025-03-25.16:38:10::SCWPlatform::Trying to open the hw design at E:/kevin/myCode/microBlaze1/vitisJson/syncBlaze/hw/design_1_wrapper.xsa
TRACE::2025-03-25.16:38:10::SCWPlatform::DSA given E:/kevin/myCode/microBlaze1/vitisJson/syncBlaze/hw/design_1_wrapper.xsa
TRACE::2025-03-25.16:38:10::SCWPlatform::DSA absoulate path E:/kevin/myCode/microBlaze1/vitisJson/syncBlaze/hw/design_1_wrapper.xsa
TRACE::2025-03-25.16:38:10::SCWPlatform::DSA directory E:/kevin/myCode/microBlaze1/vitisJson/syncBlaze/hw
TRACE::2025-03-25.16:38:10::SCWPlatform:: Platform Path E:/kevin/myCode/microBlaze1/vitisJson/syncBlaze/hw/design_1_wrapper.xsa
TRACE::2025-03-25.16:38:10::SCWPlatform:: Unique name xilinx:::0.0
TRACE::2025-03-25.16:38:10::SCWPlatform::Trying to set the existing hwdb with name design_1_wrapper_6
TRACE::2025-03-25.16:38:10::SCWPlatform::Opened existing hwdb design_1_wrapper_6
TRACE::2025-03-25.16:38:10::SCWPlatform::Found the Hw Db part of the input DSA
TRACE::2025-03-25.16:38:10::SCWMssOS::Checking the sw design at  E:/kevin/myCode/microBlaze1/vitisJson/syncBlaze/microblaze_0/standalone_domain/bsp/system.mss
TRACE::2025-03-25.16:38:10::SCWMssOS::DEBUG:  swdes dump  E:/kevin/myCode/microBlaze1/vitisJson/syncBlaze/microblaze_0/standalone_domain/bsp/system.mss|system||

TRACE::2025-03-25.16:38:10::SCWMssOS::Sw design exists and opened at  E:/kevin/myCode/microBlaze1/vitisJson/syncBlaze/microblaze_0/standalone_domain/bsp/system.mss
TRACE::2025-03-25.16:38:10::SCWPlatform::Trying to open the hw design at E:/kevin/myCode/microBlaze1/vitisJson/syncBlaze/tempdsa/design_1_wrapper.xsa
TRACE::2025-03-25.16:38:10::SCWPlatform::DSA given E:/kevin/myCode/microBlaze1/vitisJson/syncBlaze/tempdsa/design_1_wrapper.xsa
TRACE::2025-03-25.16:38:10::SCWPlatform::DSA absoulate path E:/kevin/myCode/microBlaze1/vitisJson/syncBlaze/tempdsa/design_1_wrapper.xsa
TRACE::2025-03-25.16:38:10::SCWPlatform::DSA directory E:/kevin/myCode/microBlaze1/vitisJson/syncBlaze/tempdsa
TRACE::2025-03-25.16:38:10::SCWPlatform:: Platform Path E:/kevin/myCode/microBlaze1/vitisJson/syncBlaze/tempdsa/design_1_wrapper.xsa
TRACE::2025-03-25.16:38:10::SCWPlatform:: Unique name xilinx:::0.0
TRACE::2025-03-25.16:38:10::SCWPlatform::update - Opened existing hwdb design_1_wrapper_7
TRACE::2025-03-25.16:38:10::SCWPlatform::Found the Hw Db part of the input DSA
TRACE::2025-03-25.16:38:10::SCWMssOS::Saving the mss changes E:/kevin/myCode/microBlaze1/vitisJson/syncBlaze/microblaze_0/standalone_domain/bsp/system.mss
TRACE::2025-03-25.16:38:10::SCWMssOS::Found a swdesign opened with the mssfile.
TRACE::2025-03-25.16:38:10::SCWMssOS::Completed writemss as part of save.
TRACE::2025-03-25.16:38:10::SCWMssOS::Commit changes completed.
TRACE::2025-03-25.16:38:10::SCWMssOS::Completed hw sync for the mss in domain: standalone_domain
TRACE::2025-03-25.16:38:10::SCWMssOS::Removing the swdes entry for  E:/kevin/myCode/microBlaze1/vitisJson/syncBlaze/microblaze_0/standalone_domain/bsp/system.mss
TRACE::2025-03-25.16:38:10::SCWPlatform::Trying to open the hw design at E:/kevin/myCode/microBlaze1/vitisJson/syncBlaze/hw/design_1_wrapper.xsa
TRACE::2025-03-25.16:38:10::SCWPlatform::DSA given E:/kevin/myCode/microBlaze1/vitisJson/syncBlaze/hw/design_1_wrapper.xsa
TRACE::2025-03-25.16:38:10::SCWPlatform::DSA absoulate path E:/kevin/myCode/microBlaze1/vitisJson/syncBlaze/hw/design_1_wrapper.xsa
TRACE::2025-03-25.16:38:10::SCWPlatform::DSA directory E:/kevin/myCode/microBlaze1/vitisJson/syncBlaze/hw
TRACE::2025-03-25.16:38:10::SCWPlatform:: Platform Path E:/kevin/myCode/microBlaze1/vitisJson/syncBlaze/hw/design_1_wrapper.xsa
TRACE::2025-03-25.16:38:10::SCWPlatform:: Unique name xilinx:::0.0
TRACE::2025-03-25.16:38:10::SCWPlatform::Do not have an existing db opened. 
TRACE::2025-03-25.16:38:11::SCWPlatform::Opened new HwDB with name design_1_wrapper_8
TRACE::2025-03-25.16:38:11::SCWMssOS::Saving the mss changes E:/kevin/myCode/microBlaze1/vitisJson/syncBlaze/microblaze_0/standalone_domain/bsp/system.mss
TRACE::2025-03-25.16:38:11::SCWMssOS::Adding the swdes entry, mss present, able to open swdb E:/kevin/myCode/microBlaze1/vitisJson/syncBlaze/microblaze_0/standalone_domain/bsp/system.mss with des name system
TRACE::2025-03-25.16:38:11::SCWMssOS::Writing the mss file completed E:/kevin/myCode/microBlaze1/vitisJson/syncBlaze/microblaze_0/standalone_domain/bsp/system.mss
TRACE::2025-03-25.16:38:11::SCWMssOS::Commit changes completed.
TRACE::2025-03-25.16:38:11::SCWPlatform::Trying to open the hw design at E:/kevin/myCode/microBlaze1/vitisJson/syncBlaze/hw/design_1_wrapper.xsa
TRACE::2025-03-25.16:38:11::SCWPlatform::DSA given E:/kevin/myCode/microBlaze1/vitisJson/syncBlaze/hw/design_1_wrapper.xsa
TRACE::2025-03-25.16:38:11::SCWPlatform::DSA absoulate path E:/kevin/myCode/microBlaze1/vitisJson/syncBlaze/hw/design_1_wrapper.xsa
TRACE::2025-03-25.16:38:11::SCWPlatform::DSA directory E:/kevin/myCode/microBlaze1/vitisJson/syncBlaze/hw
TRACE::2025-03-25.16:38:11::SCWPlatform:: Platform Path E:/kevin/myCode/microBlaze1/vitisJson/syncBlaze/hw/design_1_wrapper.xsa
TRACE::2025-03-25.16:38:11::SCWPlatform:: Unique name xilinx:::0.0
TRACE::2025-03-25.16:38:11::SCWPlatform::Trying to set the existing hwdb with name design_1_wrapper_8
TRACE::2025-03-25.16:38:11::SCWPlatform::Opened existing hwdb design_1_wrapper_8
TRACE::2025-03-25.16:38:11::SCWPlatform::Found the Hw Db part of the input DSA
TRACE::2025-03-25.16:38:11::SCWMssOS::Checking the sw design at  E:/kevin/myCode/microBlaze1/vitisJson/syncBlaze/microblaze_0/standalone_domain/bsp/system.mss
TRACE::2025-03-25.16:38:11::SCWMssOS::DEBUG:  swdes dump  E:/kevin/myCode/microBlaze1/vitisJson/syncBlaze/microblaze_0/standalone_domain/bsp/system.mss|system||

TRACE::2025-03-25.16:38:11::SCWMssOS::Sw design exists and opened at  E:/kevin/myCode/microBlaze1/vitisJson/syncBlaze/microblaze_0/standalone_domain/bsp/system.mss
TRACE::2025-03-25.16:38:11::SCWWriter::formatted JSON is {
	"platformName":	"syncBlaze",
	"sprVersion":	"2.0",
	"mode":	"gui",
	"dsaType":	"Fixed",
	"platformDesc":	"syncBlaze",
	"platHandOff":	"E:/kevin/myCode/microBlaze1/design_1_wrapper.xsa",
	"platIntHandOff":	"<platformDir>/hw/design_1_wrapper.xsa",
	"deviceType":	"FPGA",
	"platIsPrebuiltAutogen":	"false",
	"platIsNoBootBsp":	"false",
	"hasFsblMakeHasChanges":	"false",
	"hasPmufwMakeHasChanges":	"false",
	"platPreBuiltFlag":	false,
	"platformSamplesDir":	"",
	"platActiveSys":	"syncBlaze",
	"systems":	[{
			"systemName":	"syncBlaze",
			"systemDesc":	"syncBlaze",
			"sysIsBootAutoGen":	"true",
			"systemDispName":	"syncBlaze",
			"sysActiveDom":	"standalone_domain",
			"sysDefaultDom":	"standalone_domain",
			"domains":	[{
					"domainName":	"standalone_domain",
					"domainDispName":	"standalone on microblaze_0",
					"domainDesc":	"standalone_domain",
					"processors":	"microblaze_0",
					"os":	"standalone",
					"sdxOs":	"standalone",
					"debugEnable":	"False",
					"domRuntimes":	["cpp"],
					"swRepo":	"",
					"mssOsVer":	"8.0",
					"mssFile":	"",
					"md5Digest":	"e2cdda41e7956801f4f51a65042beca01",
					"compatibleApp":	"",
					"domType":	"mssDomain",
					"arch":	"32-bit",
					"appSettings":	{
						"appCompilerFlags":	"",
						"appLinkerFlags":	""
					},
					"addedLibs":	[],
					"libOptions":	{
						"libsContainingOptions":	[]
					},
					"prebuiltLibs":	{
						"prebuiltIncPath":	[],
						"prebuiltLibPath":	[]
					},
					"isolation":	{
					}
				}]
		}]
}
TRACE::2025-03-25.16:38:12::SCWPlatform::Clearing the existing platform
TRACE::2025-03-25.16:38:12::SCWSystem::Clearing the existing sysconfig
TRACE::2025-03-25.16:38:12::SCWMssOS::Removing the swdes entry for  E:/kevin/myCode/microBlaze1/vitisJson/syncBlaze/microblaze_0/standalone_domain/bsp/system.mss
TRACE::2025-03-25.16:38:12::SCWSystem::Clearing the domains completed.
TRACE::2025-03-25.16:38:12::SCWPlatform::Clearing the opened hw db.
TRACE::2025-03-25.16:38:12::SCWPlatform::DSA given E:/kevin/myCode/microBlaze1/vitisJson/syncBlaze/hw/design_1_wrapper.xsa
TRACE::2025-03-25.16:38:12::SCWPlatform::DSA absoulate path E:/kevin/myCode/microBlaze1/vitisJson/syncBlaze/hw/design_1_wrapper.xsa
TRACE::2025-03-25.16:38:12::SCWPlatform:: Platform location is E:/kevin/myCode/microBlaze1/vitisJson/syncBlaze/hw
TRACE::2025-03-25.16:38:12::SCWPlatform:: Platform Path E:/kevin/myCode/microBlaze1/vitisJson/syncBlaze/hw/design_1_wrapper.xsa
TRACE::2025-03-25.16:38:12::SCWPlatform:: Unique name xilinx:::0.0
TRACE::2025-03-25.16:38:12::SCWPlatform::Removing the HwDB with name E:/kevin/myCode/microBlaze1/vitisJson/syncBlaze/hw/design_1_wrapper.xsa
TRACE::2025-03-25.16:38:12::SCWPlatform::Trying to open the hw design at E:/kevin/myCode/microBlaze1/vitisJson/syncBlaze/hw/design_1_wrapper.xsa
TRACE::2025-03-25.16:38:12::SCWPlatform::DSA given E:/kevin/myCode/microBlaze1/vitisJson/syncBlaze/hw/design_1_wrapper.xsa
TRACE::2025-03-25.16:38:12::SCWPlatform::DSA absoulate path E:/kevin/myCode/microBlaze1/vitisJson/syncBlaze/hw/design_1_wrapper.xsa
TRACE::2025-03-25.16:38:12::SCWPlatform::DSA directory E:/kevin/myCode/microBlaze1/vitisJson/syncBlaze/hw
TRACE::2025-03-25.16:38:12::SCWPlatform:: Platform Path E:/kevin/myCode/microBlaze1/vitisJson/syncBlaze/hw/design_1_wrapper.xsa
TRACE::2025-03-25.16:38:12::SCWPlatform:: Unique name xilinx:::0.0
TRACE::2025-03-25.16:38:12::SCWPlatform::Do not have an existing db opened. 
TRACE::2025-03-25.16:38:12::SCWPlatform::Opened new HwDB with name design_1_wrapper_9
TRACE::2025-03-25.16:38:12::SCWReader::Active system found as  syncBlaze
TRACE::2025-03-25.16:38:12::SCWReader::Handling sysconfig syncBlaze
TRACE::2025-03-25.16:38:12::SCWDomain::checking for install qemu data   : 
TRACE::2025-03-25.16:38:12::SCWPlatform::Trying to open the hw design at E:/kevin/myCode/microBlaze1/vitisJson/syncBlaze/hw/design_1_wrapper.xsa
TRACE::2025-03-25.16:38:12::SCWPlatform::DSA given E:/kevin/myCode/microBlaze1/vitisJson/syncBlaze/hw/design_1_wrapper.xsa
TRACE::2025-03-25.16:38:12::SCWPlatform::DSA absoulate path E:/kevin/myCode/microBlaze1/vitisJson/syncBlaze/hw/design_1_wrapper.xsa
TRACE::2025-03-25.16:38:12::SCWPlatform::DSA directory E:/kevin/myCode/microBlaze1/vitisJson/syncBlaze/hw
TRACE::2025-03-25.16:38:12::SCWPlatform:: Platform Path E:/kevin/myCode/microBlaze1/vitisJson/syncBlaze/hw/design_1_wrapper.xsa
TRACE::2025-03-25.16:38:12::SCWPlatform:: Unique name xilinx:::0.0
TRACE::2025-03-25.16:38:12::SCWPlatform::Trying to set the existing hwdb with name design_1_wrapper_9
TRACE::2025-03-25.16:38:12::SCWPlatform::Opened existing hwdb design_1_wrapper_9
TRACE::2025-03-25.16:38:12::SCWPlatform::Found the Hw Db part of the input DSA
TRACE::2025-03-25.16:38:12::SCWPlatform::Trying to open the hw design at E:/kevin/myCode/microBlaze1/vitisJson/syncBlaze/hw/design_1_wrapper.xsa
TRACE::2025-03-25.16:38:12::SCWPlatform::DSA given E:/kevin/myCode/microBlaze1/vitisJson/syncBlaze/hw/design_1_wrapper.xsa
TRACE::2025-03-25.16:38:12::SCWPlatform::DSA absoulate path E:/kevin/myCode/microBlaze1/vitisJson/syncBlaze/hw/design_1_wrapper.xsa
TRACE::2025-03-25.16:38:12::SCWPlatform::DSA directory E:/kevin/myCode/microBlaze1/vitisJson/syncBlaze/hw
TRACE::2025-03-25.16:38:12::SCWPlatform:: Platform Path E:/kevin/myCode/microBlaze1/vitisJson/syncBlaze/hw/design_1_wrapper.xsa
TRACE::2025-03-25.16:38:12::SCWPlatform:: Unique name xilinx:::0.0
TRACE::2025-03-25.16:38:12::SCWPlatform::Trying to set the existing hwdb with name design_1_wrapper_9
TRACE::2025-03-25.16:38:12::SCWPlatform::Opened existing hwdb design_1_wrapper_9
TRACE::2025-03-25.16:38:12::SCWPlatform::Found the Hw Db part of the input DSA
TRACE::2025-03-25.16:38:12::SCWPlatform::Trying to open the hw design at E:/kevin/myCode/microBlaze1/vitisJson/syncBlaze/hw/design_1_wrapper.xsa
TRACE::2025-03-25.16:38:12::SCWPlatform::DSA given E:/kevin/myCode/microBlaze1/vitisJson/syncBlaze/hw/design_1_wrapper.xsa
TRACE::2025-03-25.16:38:12::SCWPlatform::DSA absoulate path E:/kevin/myCode/microBlaze1/vitisJson/syncBlaze/hw/design_1_wrapper.xsa
TRACE::2025-03-25.16:38:12::SCWPlatform::DSA directory E:/kevin/myCode/microBlaze1/vitisJson/syncBlaze/hw
TRACE::2025-03-25.16:38:12::SCWPlatform:: Platform Path E:/kevin/myCode/microBlaze1/vitisJson/syncBlaze/hw/design_1_wrapper.xsa
TRACE::2025-03-25.16:38:12::SCWPlatform:: Unique name xilinx:::0.0
TRACE::2025-03-25.16:38:12::SCWPlatform::Trying to set the existing hwdb with name design_1_wrapper_9
TRACE::2025-03-25.16:38:12::SCWPlatform::Opened existing hwdb design_1_wrapper_9
TRACE::2025-03-25.16:38:12::SCWPlatform::Found the Hw Db part of the input DSA
TRACE::2025-03-25.16:38:12::SCWPlatform::Trying to open the hw design at E:/kevin/myCode/microBlaze1/vitisJson/syncBlaze/hw/design_1_wrapper.xsa
TRACE::2025-03-25.16:38:12::SCWPlatform::DSA given E:/kevin/myCode/microBlaze1/vitisJson/syncBlaze/hw/design_1_wrapper.xsa
TRACE::2025-03-25.16:38:12::SCWPlatform::DSA absoulate path E:/kevin/myCode/microBlaze1/vitisJson/syncBlaze/hw/design_1_wrapper.xsa
TRACE::2025-03-25.16:38:12::SCWPlatform::DSA directory E:/kevin/myCode/microBlaze1/vitisJson/syncBlaze/hw
TRACE::2025-03-25.16:38:12::SCWPlatform:: Platform Path E:/kevin/myCode/microBlaze1/vitisJson/syncBlaze/hw/design_1_wrapper.xsa
TRACE::2025-03-25.16:38:12::SCWPlatform:: Unique name xilinx:::0.0
TRACE::2025-03-25.16:38:12::SCWPlatform::Trying to set the existing hwdb with name design_1_wrapper_9
TRACE::2025-03-25.16:38:12::SCWPlatform::Opened existing hwdb design_1_wrapper_9
TRACE::2025-03-25.16:38:12::SCWPlatform::Found the Hw Db part of the input DSA
TRACE::2025-03-25.16:38:12::SCWMssOS::Checking the sw design at  E:/kevin/myCode/microBlaze1/vitisJson/syncBlaze/microblaze_0/standalone_domain/bsp/system.mss
TRACE::2025-03-25.16:38:12::SCWMssOS::DEBUG:  swdes dump  
TRACE::2025-03-25.16:38:12::SCWMssOS::No sw design opened at  E:/kevin/myCode/microBlaze1/vitisJson/syncBlaze/microblaze_0/standalone_domain/bsp/system.mss
TRACE::2025-03-25.16:38:12::SCWMssOS::mss exists loading the mss file  E:/kevin/myCode/microBlaze1/vitisJson/syncBlaze/microblaze_0/standalone_domain/bsp/system.mss
TRACE::2025-03-25.16:38:12::SCWMssOS::Opened the sw design from mss  E:/kevin/myCode/microBlaze1/vitisJson/syncBlaze/microblaze_0/standalone_domain/bsp/system.mss
TRACE::2025-03-25.16:38:12::SCWMssOS::Adding the swdes entry E:/kevin/myCode/microBlaze1/vitisJson/syncBlaze/microblaze_0/standalone_domain/bsp/system.mss with des name system
TRACE::2025-03-25.16:38:12::SCWMssOS::updating the scw layer about changes
TRACE::2025-03-25.16:38:12::SCWMssOS::Opened the sw design.  E:/kevin/myCode/microBlaze1/vitisJson/syncBlaze/microblaze_0/standalone_domain/bsp/system.mss
TRACE::2025-03-25.16:38:12::SCWMssOS::Saving the mss changes E:/kevin/myCode/microBlaze1/vitisJson/syncBlaze/microblaze_0/standalone_domain/bsp/system.mss
TRACE::2025-03-25.16:38:12::SCWMssOS::Found a swdesign opened with the mssfile.
TRACE::2025-03-25.16:38:12::SCWMssOS::Completed writemss as part of save.
TRACE::2025-03-25.16:38:12::SCWMssOS::Commit changes completed.
TRACE::2025-03-25.16:38:12::SCWReader::Adding prebuilt librarypaths as   
TRACE::2025-03-25.16:38:12::SCWReader::Adding prebuilt incpaths  as   
TRACE::2025-03-25.16:38:12::SCWPlatform::Trying to open the hw design at E:/kevin/myCode/microBlaze1/vitisJson/syncBlaze/hw/design_1_wrapper.xsa
TRACE::2025-03-25.16:38:12::SCWPlatform::DSA given E:/kevin/myCode/microBlaze1/vitisJson/syncBlaze/hw/design_1_wrapper.xsa
TRACE::2025-03-25.16:38:12::SCWPlatform::DSA absoulate path E:/kevin/myCode/microBlaze1/vitisJson/syncBlaze/hw/design_1_wrapper.xsa
TRACE::2025-03-25.16:38:12::SCWPlatform::DSA directory E:/kevin/myCode/microBlaze1/vitisJson/syncBlaze/hw
TRACE::2025-03-25.16:38:12::SCWPlatform:: Platform Path E:/kevin/myCode/microBlaze1/vitisJson/syncBlaze/hw/design_1_wrapper.xsa
TRACE::2025-03-25.16:38:12::SCWPlatform:: Unique name xilinx:::0.0
TRACE::2025-03-25.16:38:12::SCWPlatform::Trying to set the existing hwdb with name design_1_wrapper_9
TRACE::2025-03-25.16:38:12::SCWPlatform::Opened existing hwdb design_1_wrapper_9
TRACE::2025-03-25.16:38:12::SCWPlatform::Found the Hw Db part of the input DSA
TRACE::2025-03-25.16:38:12::SCWMssOS::Checking the sw design at  E:/kevin/myCode/microBlaze1/vitisJson/syncBlaze/microblaze_0/standalone_domain/bsp/system.mss
TRACE::2025-03-25.16:38:12::SCWMssOS::DEBUG:  swdes dump  E:/kevin/myCode/microBlaze1/vitisJson/syncBlaze/microblaze_0/standalone_domain/bsp/system.mss|system||

TRACE::2025-03-25.16:38:12::SCWMssOS::Sw design exists and opened at  E:/kevin/myCode/microBlaze1/vitisJson/syncBlaze/microblaze_0/standalone_domain/bsp/system.mss
TRACE::2025-03-25.16:38:12::SCWReader::No isolation master present  
LOG::2025-03-25.16:38:23::SCWPlatform::Started generating the artifacts platform syncBlaze
TRACE::2025-03-25.16:38:23::SCWPlatform::Sanity checking of platform is completed
LOG::2025-03-25.16:38:23::SCWPlatform::Started generating the artifacts for system configuration syncBlaze
LOG::2025-03-25.16:38:23::SCWSystem::Checking the domain standalone_domain
LOG::2025-03-25.16:38:23::SCWSystem::Not a boot domain 
LOG::2025-03-25.16:38:23::SCWSystem::Started Processing the domain standalone_domain
TRACE::2025-03-25.16:38:23::SCWDomain::Generating domain artifcats
TRACE::2025-03-25.16:38:23::SCWMssOS::Generating standalone artifcats
TRACE::2025-03-25.16:38:23::SCWMssOS:: Copying the user libraries. 
TRACE::2025-03-25.16:38:23::SCWPlatform::Trying to open the hw design at E:/kevin/myCode/microBlaze1/vitisJson/syncBlaze/hw/design_1_wrapper.xsa
TRACE::2025-03-25.16:38:23::SCWPlatform::DSA given E:/kevin/myCode/microBlaze1/vitisJson/syncBlaze/hw/design_1_wrapper.xsa
TRACE::2025-03-25.16:38:23::SCWPlatform::DSA absoulate path E:/kevin/myCode/microBlaze1/vitisJson/syncBlaze/hw/design_1_wrapper.xsa
TRACE::2025-03-25.16:38:23::SCWPlatform::DSA directory E:/kevin/myCode/microBlaze1/vitisJson/syncBlaze/hw
TRACE::2025-03-25.16:38:23::SCWPlatform:: Platform Path E:/kevin/myCode/microBlaze1/vitisJson/syncBlaze/hw/design_1_wrapper.xsa
TRACE::2025-03-25.16:38:23::SCWPlatform:: Unique name xilinx:::0.0
TRACE::2025-03-25.16:38:23::SCWPlatform::Trying to set the existing hwdb with name design_1_wrapper_9
TRACE::2025-03-25.16:38:23::SCWPlatform::Could not get the HWDB from existing dbname
TRACE::2025-03-25.16:38:23::SCWPlatform::Do not have an existing db opened. Attempting to open the hwDb. 
TRACE::2025-03-25.16:38:23::SCWPlatform::Opened new HwDB with name design_1_wrapper_10
TRACE::2025-03-25.16:38:23::SCWMssOS::Checking the sw design at  E:/kevin/myCode/microBlaze1/vitisJson/syncBlaze/microblaze_0/standalone_domain/bsp/system.mss
TRACE::2025-03-25.16:38:23::SCWMssOS::DEBUG:  swdes dump  E:/kevin/myCode/microBlaze1/vitisJson/syncBlaze/microblaze_0/standalone_domain/bsp/system.mss|system||

TRACE::2025-03-25.16:38:23::SCWMssOS::Sw design exists and opened at  E:/kevin/myCode/microBlaze1/vitisJson/syncBlaze/microblaze_0/standalone_domain/bsp/system.mss
TRACE::2025-03-25.16:38:23::SCWMssOS::Completed writing the mss file at E:/kevin/myCode/microBlaze1/vitisJson/syncBlaze/microblaze_0/standalone_domain/bsp
TRACE::2025-03-25.16:38:23::SCWMssOS::Mss edits present, copying mssfile into export location E:/kevin/myCode/microBlaze1/vitisJson/syncBlaze/microblaze_0/standalone_domain/bsp/system.mss
TRACE::2025-03-25.16:38:23::SCWMssOS::bsp generated is stale removing and regenerating. 
TRACE::2025-03-25.16:38:27::SCWMssOS::doing bsp build ... 
TRACE::2025-03-25.16:38:27::SCWMssOS::System Command Ran  E: & cd  E:/kevin/myCode/microBlaze1/vitisJson/syncBlaze/microblaze_0/standalone_domain/bsp & make 
TRACE::2025-03-25.16:38:27::SCWMssOS::make --no-print-directory seq_libs

TRACE::2025-03-25.16:38:27::SCWMssOS::'Finished building libraries sequentially.'

TRACE::2025-03-25.16:38:27::SCWMssOS::make -j 14 --no-print-directory par_libs

TRACE::2025-03-25.16:38:27::SCWMssOS::"Running Make include in microblaze_0/libsrc/bram_v4_8/src"

TRACE::2025-03-25.16:38:27::SCWMssOS::make -C microblaze_0/libsrc/bram_v4_8/src -s include  "SHELL=CMD" "COMPILER=mb-gcc" "ASSEMBLER=mb-as" "ARCHIVER=mb-ar" "COMPILE
TRACE::2025-03-25.16:38:27::SCWMssOS::R_FLAGS=  -O2 -c -mcpu=v11.0 -mlittle-endian -mxl-soft-mul" "EXTRA_COMPILER_FLAGS=-g -ffunction-sections -fdata-sections -Wall 
TRACE::2025-03-25.16:38:27::SCWMssOS::-Wextra -fno-tree-loop-distribute-patterns"

TRACE::2025-03-25.16:38:27::SCWMssOS::"Running Make include in microblaze_0/libsrc/cpu_v2_16/src"

TRACE::2025-03-25.16:38:27::SCWMssOS::make -C microblaze_0/libsrc/cpu_v2_16/src -s include  "SHELL=CMD" "COMPILER=mb-gcc" "ASSEMBLER=mb-as" "ARCHIVER=mb-ar" "COMPILE
TRACE::2025-03-25.16:38:27::SCWMssOS::R_FLAGS=  -O2 -c -mcpu=v11.0 -mlittle-endian -mxl-soft-mul" "EXTRA_COMPILER_FLAGS=-g -ffunction-sections -fdata-sections -Wall 
TRACE::2025-03-25.16:38:27::SCWMssOS::-Wextra -fno-tree-loop-distribute-patterns"

TRACE::2025-03-25.16:38:27::SCWMssOS::"Running Make include in microblaze_0/libsrc/gpio_v4_9/src"

TRACE::2025-03-25.16:38:27::SCWMssOS::make -C microblaze_0/libsrc/gpio_v4_9/src -s include  "SHELL=CMD" "COMPILER=mb-gcc" "ASSEMBLER=mb-as" "ARCHIVER=mb-ar" "COMPILE
TRACE::2025-03-25.16:38:27::SCWMssOS::R_FLAGS=  -O2 -c -mcpu=v11.0 -mlittle-endian -mxl-soft-mul" "EXTRA_COMPILER_FLAGS=-g -ffunction-sections -fdata-sections -Wall 
TRACE::2025-03-25.16:38:27::SCWMssOS::-Wextra -fno-tree-loop-distribute-patterns"

TRACE::2025-03-25.16:38:27::SCWMssOS::"Running Make include in microblaze_0/libsrc/intc_v3_15/src"

TRACE::2025-03-25.16:38:27::SCWMssOS::make -C microblaze_0/libsrc/intc_v3_15/src -s include  "SHELL=CMD" "COMPILER=mb-gcc" "ASSEMBLER=mb-as" "ARCHIVER=mb-ar" "COMPIL
TRACE::2025-03-25.16:38:27::SCWMssOS::ER_FLAGS=  -O2 -c -mcpu=v11.0 -mlittle-endian -mxl-soft-mul" "EXTRA_COMPILER_FLAGS=-g -ffunction-sections -fdata-sections -Wall
TRACE::2025-03-25.16:38:27::SCWMssOS:: -Wextra -fno-tree-loop-distribute-patterns"

TRACE::2025-03-25.16:38:27::SCWMssOS::"Running Make include in microblaze_0/libsrc/standalone_v8_0/src"

TRACE::2025-03-25.16:38:27::SCWMssOS::make -C microblaze_0/libsrc/standalone_v8_0/src -s include  "SHELL=CMD" "COMPILER=mb-gcc" "ASSEMBLER=mb-as" "ARCHIVER=mb-ar" "C
TRACE::2025-03-25.16:38:27::SCWMssOS::OMPILER_FLAGS=  -O2 -c -mcpu=v11.0 -mlittle-endian -mxl-soft-mul" "EXTRA_COMPILER_FLAGS=-g -ffunction-sections -fdata-sections 
TRACE::2025-03-25.16:38:27::SCWMssOS::-Wall -Wextra -fno-tree-loop-distribute-patterns"

TRACE::2025-03-25.16:38:27::SCWMssOS::"Running Make include in microblaze_0/libsrc/tmrctr_v4_9/src"

TRACE::2025-03-25.16:38:27::SCWMssOS::make -C microblaze_0/libsrc/tmrctr_v4_9/src -s include  "SHELL=CMD" "COMPILER=mb-gcc" "ASSEMBLER=mb-as" "ARCHIVER=mb-ar" "COMPI
TRACE::2025-03-25.16:38:27::SCWMssOS::LER_FLAGS=  -O2 -c -mcpu=v11.0 -mlittle-endian -mxl-soft-mul" "EXTRA_COMPILER_FLAGS=-g -ffunction-sections -fdata-sections -Wal
TRACE::2025-03-25.16:38:27::SCWMssOS::l -Wextra -fno-tree-loop-distribute-patterns"

TRACE::2025-03-25.16:38:27::SCWMssOS::"Running Make include in microblaze_0/libsrc/uartlite_v3_7/src"

TRACE::2025-03-25.16:38:27::SCWMssOS::make -C microblaze_0/libsrc/uartlite_v3_7/src -s include  "SHELL=CMD" "COMPILER=mb-gcc" "ASSEMBLER=mb-as" "ARCHIVER=mb-ar" "COM
TRACE::2025-03-25.16:38:27::SCWMssOS::PILER_FLAGS=  -O2 -c -mcpu=v11.0 -mlittle-endian -mxl-soft-mul" "EXTRA_COMPILER_FLAGS=-g -ffunction-sections -fdata-sections -W
TRACE::2025-03-25.16:38:27::SCWMssOS::all -Wextra -fno-tree-loop-distribute-patterns"

TRACE::2025-03-25.16:38:27::SCWMssOS::"Running Make libs in microblaze_0/libsrc/bram_v4_8/src"

TRACE::2025-03-25.16:38:27::SCWMssOS::make -C microblaze_0/libsrc/bram_v4_8/src -s libs  "SHELL=CMD" "COMPILER=mb-gcc" "ASSEMBLER=mb-as" "ARCHIVER=mb-ar" "COMPILER_F
TRACE::2025-03-25.16:38:27::SCWMssOS::LAGS=  -O2 -c -mcpu=v11.0 -mlittle-endian -mxl-soft-mul" "EXTRA_COMPILER_FLAGS=-g -ffunction-sections -fdata-sections -Wall -We
TRACE::2025-03-25.16:38:27::SCWMssOS::xtra -fno-tree-loop-distribute-patterns"

TRACE::2025-03-25.16:38:27::SCWMssOS::"Running Make libs in microblaze_0/libsrc/cpu_v2_16/src"

TRACE::2025-03-25.16:38:27::SCWMssOS::make -C microblaze_0/libsrc/cpu_v2_16/src -s libs  "SHELL=CMD" "COMPILER=mb-gcc" "ASSEMBLER=mb-as" "ARCHIVER=mb-ar" "COMPILER_F
TRACE::2025-03-25.16:38:27::SCWMssOS::LAGS=  -O2 -c -mcpu=v11.0 -mlittle-endian -mxl-soft-mul" "EXTRA_COMPILER_FLAGS=-g -ffunction-sections -fdata-sections -Wall -We
TRACE::2025-03-25.16:38:27::SCWMssOS::xtra -fno-tree-loop-distribute-patterns"

TRACE::2025-03-25.16:38:27::SCWMssOS::"Running Make libs in microblaze_0/libsrc/gpio_v4_9/src"

TRACE::2025-03-25.16:38:27::SCWMssOS::make -C microblaze_0/libsrc/gpio_v4_9/src -s libs  "SHELL=CMD" "COMPILER=mb-gcc" "ASSEMBLER=mb-as" "ARCHIVER=mb-ar" "COMPILER_F
TRACE::2025-03-25.16:38:27::SCWMssOS::LAGS=  -O2 -c -mcpu=v11.0 -mlittle-endian -mxl-soft-mul" "EXTRA_COMPILER_FLAGS=-g -ffunction-sections -fdata-sections -Wall -We
TRACE::2025-03-25.16:38:27::SCWMssOS::xtra -fno-tree-loop-distribute-patterns"

TRACE::2025-03-25.16:38:27::SCWMssOS::"Running Make libs in microblaze_0/libsrc/intc_v3_15/src"

TRACE::2025-03-25.16:38:27::SCWMssOS::make -C microblaze_0/libsrc/intc_v3_15/src -s libs  "SHELL=CMD" "COMPILER=mb-gcc" "ASSEMBLER=mb-as" "ARCHIVER=mb-ar" "COMPILER_
TRACE::2025-03-25.16:38:27::SCWMssOS::FLAGS=  -O2 -c -mcpu=v11.0 -mlittle-endian -mxl-soft-mul" "EXTRA_COMPILER_FLAGS=-g -ffunction-sections -fdata-sections -Wall -W
TRACE::2025-03-25.16:38:27::SCWMssOS::extra -fno-tree-loop-distribute-patterns"

TRACE::2025-03-25.16:38:27::SCWMssOS::"Running Make libs in microblaze_0/libsrc/standalone_v8_0/src"

TRACE::2025-03-25.16:38:27::SCWMssOS::make -C microblaze_0/libsrc/standalone_v8_0/src -s libs  "SHELL=CMD" "COMPILER=mb-gcc" "ASSEMBLER=mb-as" "ARCHIVER=mb-ar" "COMP
TRACE::2025-03-25.16:38:27::SCWMssOS::ILER_FLAGS=  -O2 -c -mcpu=v11.0 -mlittle-endian -mxl-soft-mul" "EXTRA_COMPILER_FLAGS=-g -ffunction-sections -fdata-sections -Wa
TRACE::2025-03-25.16:38:27::SCWMssOS::ll -Wextra -fno-tree-loop-distribute-patterns"

TRACE::2025-03-25.16:38:27::SCWMssOS::"Running Make libs in microblaze_0/libsrc/tmrctr_v4_9/src"

TRACE::2025-03-25.16:38:27::SCWMssOS::make -C microblaze_0/libsrc/tmrctr_v4_9/src -s libs  "SHELL=CMD" "COMPILER=mb-gcc" "ASSEMBLER=mb-as" "ARCHIVER=mb-ar" "COMPILER
TRACE::2025-03-25.16:38:27::SCWMssOS::_FLAGS=  -O2 -c -mcpu=v11.0 -mlittle-endian -mxl-soft-mul" "EXTRA_COMPILER_FLAGS=-g -ffunction-sections -fdata-sections -Wall -
TRACE::2025-03-25.16:38:27::SCWMssOS::Wextra -fno-tree-loop-distribute-patterns"

TRACE::2025-03-25.16:38:28::SCWMssOS::"Running Make libs in microblaze_0/libsrc/uartlite_v3_7/src"

TRACE::2025-03-25.16:38:28::SCWMssOS::make -C microblaze_0/libsrc/uartlite_v3_7/src -s libs  "SHELL=CMD" "COMPILER=mb-gcc" "ASSEMBLER=mb-as" "ARCHIVER=mb-ar" "COMPIL
TRACE::2025-03-25.16:38:28::SCWMssOS::ER_FLAGS=  -O2 -c -mcpu=v11.0 -mlittle-endian -mxl-soft-mul" "EXTRA_COMPILER_FLAGS=-g -ffunction-sections -fdata-sections -Wall
TRACE::2025-03-25.16:38:28::SCWMssOS:: -Wextra -fno-tree-loop-distribute-patterns"

TRACE::2025-03-25.16:38:29::SCWMssOS::"DEBUG NON_LTO_OBJECTS is ../../../lib/microblaze_interrupt_handler.o"

TRACE::2025-03-25.16:38:29::SCWMssOS::'Finished building libraries parallelly.'

TRACE::2025-03-25.16:38:29::SCWMssOS::make --no-print-directory archive

TRACE::2025-03-25.16:38:29::SCWMssOS::mb-ar -r  microblaze_0/lib/libxil.a microblaze_0/lib/_exit.o microblaze_0/lib/errno.o microblaze_0/lib/fcntl.o microblaze_0/lib
TRACE::2025-03-25.16:38:29::SCWMssOS::/hw_exception_handler.o microblaze_0/lib/inbyte.o microblaze_0/lib/microblaze_disable_dcache.o microblaze_0/lib/microblaze_disa
TRACE::2025-03-25.16:38:29::SCWMssOS::ble_exceptions.o microblaze_0/lib/microblaze_disable_icache.o microblaze_0/lib/microblaze_disable_interrupts.o microblaze_0/lib
TRACE::2025-03-25.16:38:29::SCWMssOS::/microblaze_enable_dcache.o microblaze_0/lib/microblaze_enable_exceptions.o microblaze_0/lib/microblaze_enable_icache.o microbl
TRACE::2025-03-25.16:38:29::SCWMssOS::aze_0/lib/microblaze_enable_interrupts.o microblaze_0/lib/microblaze_exception_handler.o microblaze_0/lib/microblaze_flush_cach
TRACE::2025-03-25.16:38:29::SCWMssOS::e_ext.o microblaze_0/lib/microblaze_flush_cache_ext_range.o microblaze_0/lib/microblaze_flush_dcache.o microblaze_0/lib/microbl
TRACE::2025-03-25.16:38:29::SCWMssOS::aze_flush_dcache_range.o microblaze_0/lib/microblaze_init_dcache_range.o microblaze_0/lib/microblaze_init_icache_range.o microb
TRACE::2025-03-25.16:38:29::SCWMssOS::laze_0/lib/microblaze_interrupt_handler.o microblaze_0/lib/microblaze_interrupts_g.o microblaze_0/lib/microblaze_invalidate_cac
TRACE::2025-03-25.16:38:29::SCWMssOS::he_ext.o microblaze_0/lib/microblaze_invalidate_cache_ext_range.o microblaze_0/lib/microblaze_invalidate_dcache.o microblaze_0/
TRACE::2025-03-25.16:38:29::SCWMssOS::lib/microblaze_invalidate_dcache_range.o microblaze_0/lib/microblaze_invalidate_icache.o microblaze_0/lib/microblaze_invalidate
TRACE::2025-03-25.16:38:29::SCWMssOS::_icache_range.o microblaze_0/lib/microblaze_scrub.o microblaze_0/lib/microblaze_selftest.o microblaze_0/lib/microblaze_sleep.o 
TRACE::2025-03-25.16:38:29::SCWMssOS::microblaze_0/lib/microblaze_update_dcache.o microblaze_0/lib/microblaze_update_icache.o microblaze_0/lib/outbyte.o microblaze_0
TRACE::2025-03-25.16:38:29::SCWMssOS::/lib/print.o microblaze_0/lib/pvr.o microblaze_0/lib/xbram.o microblaze_0/lib/xbram_g.o microblaze_0/lib/xbram_intr.o microblaz
TRACE::2025-03-25.16:38:29::SCWMssOS::e_0/lib/xbram_selftest.o microblaze_0/lib/xbram_sinit.o microblaze_0/lib/xgpio.o microblaze_0/lib/xgpio_extra.o microblaze_0/li
TRACE::2025-03-25.16:38:29::SCWMssOS::b/xgpio_g.o microblaze_0/lib/xgpio_intr.o microblaze_0/lib/xgpio_selftest.o microblaze_0/lib/xgpio_sinit.o microblaze_0/lib/xil
TRACE::2025-03-25.16:38:29::SCWMssOS::_assert.o microblaze_0/lib/xil_cache.o microblaze_0/lib/xil_clocking.o microblaze_0/lib/xil_exception.o microblaze_0/lib/xil_me
TRACE::2025-03-25.16:38:29::SCWMssOS::m.o microblaze_0/lib/xil_misc_psreset_api.o microblaze_0/lib/xil_printf.o microblaze_0/lib/xil_sleepcommon.o microblaze_0/lib/x
TRACE::2025-03-25.16:38:29::SCWMssOS::il_testcache.o microblaze_0/lib/xil_testio.o microblaze_0/lib/xil_testmem.o microblaze_0/lib/xil_util.o microblaze_0/lib/xintc.
TRACE::2025-03-25.16:38:29::SCWMssOS::o microblaze_0/lib/xintc_g.o microblaze_0/lib/xintc_intr.o microblaze_0/lib/xintc_l.o microblaze_0/lib/xintc_options.o microbla
TRACE::2025-03-25.16:38:29::SCWMssOS::ze_0/lib/xintc_selftest.o microblaze_0/lib/xinterrupt_wrap.o microblaze_0/lib/xio.o microblaze_0/lib/xplatform_info.o microblaz
TRACE::2025-03-25.16:38:29::SCWMssOS::e_0/lib/xtmrctr.o microblaze_0/lib/xtmrctr_g.o microblaze_0/lib/xtmrctr_intr.o microblaze_0/lib/xtmrctr_l.o microblaze_0/lib/xt
TRACE::2025-03-25.16:38:29::SCWMssOS::mrctr_options.o microblaze_0/lib/xtmrctr_selftest.o microblaze_0/lib/xtmrctr_sinit.o microblaze_0/lib/xtmrctr_stats.o microblaz
TRACE::2025-03-25.16:38:29::SCWMssOS::e_0/lib/xuartlite.o microblaze_0/lib/xuartlite_g.o microblaze_0/lib/xuartlite_intr.o microblaze_0/lib/xuartlite_l.o microblaze_
TRACE::2025-03-25.16:38:29::SCWMssOS::0/lib/xuartlite_selftest.o microblaze_0/lib/xuartlite_sinit.o microblaze_0/lib/xuartlite_stats.o

TRACE::2025-03-25.16:38:29::SCWMssOS::'Finished building libraries'

TRACE::2025-03-25.16:38:29::SCWMssOS:: Checking if to create the Supporting Applications
TRACE::2025-03-25.16:38:29::SCWMssOS:: No Linux domain exists, trying to generate FSBL 
LOG::2025-03-25.16:38:29::SCWSystem::Completed Processing the domain standalone_domain
LOG::2025-03-25.16:38:29::SCWSystem::Completed Processing the sysconfig syncBlaze
LOG::2025-03-25.16:38:29::SCWPlatform::Completed generating the artifacts for system configuration syncBlaze
TRACE::2025-03-25.16:38:29::SCWPlatform::Started preparing the platform 
TRACE::2025-03-25.16:38:29::SCWSystem::Writing the bif file for system config syncBlaze
TRACE::2025-03-25.16:38:29::SCWSystem::dir created 
TRACE::2025-03-25.16:38:29::SCWSystem::Writing the bif 
TRACE::2025-03-25.16:38:29::SCWPlatform::Started writing the spfm file 
TRACE::2025-03-25.16:38:29::SCWPlatform::Started writing the xpfm file 
TRACE::2025-03-25.16:38:29::SCWPlatform::Completed generating the platform
TRACE::2025-03-25.16:38:29::SCWMssOS::Saving the mss changes E:/kevin/myCode/microBlaze1/vitisJson/syncBlaze/microblaze_0/standalone_domain/bsp/system.mss
TRACE::2025-03-25.16:38:29::SCWMssOS::Adding the swdes entry, mss present, able to open swdb E:/kevin/myCode/microBlaze1/vitisJson/syncBlaze/microblaze_0/standalone_domain/bsp/system.mss with des name system
TRACE::2025-03-25.16:38:29::SCWMssOS::Writing the mss file completed E:/kevin/myCode/microBlaze1/vitisJson/syncBlaze/microblaze_0/standalone_domain/bsp/system.mss
TRACE::2025-03-25.16:38:29::SCWMssOS::Commit changes completed.
TRACE::2025-03-25.16:38:29::SCWPlatform::Trying to open the hw design at E:/kevin/myCode/microBlaze1/vitisJson/syncBlaze/hw/design_1_wrapper.xsa
TRACE::2025-03-25.16:38:29::SCWPlatform::DSA given E:/kevin/myCode/microBlaze1/vitisJson/syncBlaze/hw/design_1_wrapper.xsa
TRACE::2025-03-25.16:38:29::SCWPlatform::DSA absoulate path E:/kevin/myCode/microBlaze1/vitisJson/syncBlaze/hw/design_1_wrapper.xsa
TRACE::2025-03-25.16:38:29::SCWPlatform::DSA directory E:/kevin/myCode/microBlaze1/vitisJson/syncBlaze/hw
TRACE::2025-03-25.16:38:29::SCWPlatform:: Platform Path E:/kevin/myCode/microBlaze1/vitisJson/syncBlaze/hw/design_1_wrapper.xsa
TRACE::2025-03-25.16:38:29::SCWPlatform:: Unique name xilinx:::0.0
TRACE::2025-03-25.16:38:29::SCWPlatform::Trying to set the existing hwdb with name design_1_wrapper_10
TRACE::2025-03-25.16:38:29::SCWPlatform::Opened existing hwdb design_1_wrapper_10
TRACE::2025-03-25.16:38:29::SCWPlatform::Found the Hw Db part of the input DSA
TRACE::2025-03-25.16:38:29::SCWMssOS::Checking the sw design at  E:/kevin/myCode/microBlaze1/vitisJson/syncBlaze/microblaze_0/standalone_domain/bsp/system.mss
TRACE::2025-03-25.16:38:29::SCWMssOS::DEBUG:  swdes dump  E:/kevin/myCode/microBlaze1/vitisJson/syncBlaze/microblaze_0/standalone_domain/bsp/system.mss|system||

TRACE::2025-03-25.16:38:29::SCWMssOS::Sw design exists and opened at  E:/kevin/myCode/microBlaze1/vitisJson/syncBlaze/microblaze_0/standalone_domain/bsp/system.mss
TRACE::2025-03-25.16:38:29::SCWWriter::formatted JSON is {
	"platformName":	"syncBlaze",
	"sprVersion":	"2.0",
	"mode":	"gui",
	"dsaType":	"Fixed",
	"platformDesc":	"syncBlaze",
	"platHandOff":	"E:/kevin/myCode/microBlaze1/design_1_wrapper.xsa",
	"platIntHandOff":	"<platformDir>/hw/design_1_wrapper.xsa",
	"deviceType":	"FPGA",
	"platIsPrebuiltAutogen":	"false",
	"platIsNoBootBsp":	"false",
	"hasFsblMakeHasChanges":	"false",
	"hasPmufwMakeHasChanges":	"false",
	"platPreBuiltFlag":	false,
	"platformSamplesDir":	"",
	"platActiveSys":	"syncBlaze",
	"systems":	[{
			"systemName":	"syncBlaze",
			"systemDesc":	"syncBlaze",
			"sysIsBootAutoGen":	"true",
			"systemDispName":	"syncBlaze",
			"sysActiveDom":	"standalone_domain",
			"sysDefaultDom":	"standalone_domain",
			"domains":	[{
					"domainName":	"standalone_domain",
					"domainDispName":	"standalone on microblaze_0",
					"domainDesc":	"standalone_domain",
					"processors":	"microblaze_0",
					"os":	"standalone",
					"sdxOs":	"standalone",
					"debugEnable":	"False",
					"domRuntimes":	["cpp"],
					"swRepo":	"",
					"mssOsVer":	"8.0",
					"mssFile":	"",
					"md5Digest":	"e2cdda41e7956801f4f51a65042beca0",
					"compatibleApp":	"",
					"domType":	"mssDomain",
					"arch":	"32-bit",
					"appSettings":	{
						"appCompilerFlags":	"",
						"appLinkerFlags":	""
					},
					"addedLibs":	[],
					"libOptions":	{
						"libsContainingOptions":	[]
					},
					"prebuiltLibs":	{
						"prebuiltIncPath":	[],
						"prebuiltLibPath":	[]
					},
					"isolation":	{
					}
				}]
		}]
}
KEYINFO::2025-03-25.16:38:29::SCWPlatform::updated the xpfm file.
TRACE::2025-03-25.16:38:30::SCWPlatform::Trying to open the hw design at E:/kevin/myCode/microBlaze1/vitisJson/syncBlaze/hw/design_1_wrapper.xsa
TRACE::2025-03-25.16:38:30::SCWPlatform::DSA given E:/kevin/myCode/microBlaze1/vitisJson/syncBlaze/hw/design_1_wrapper.xsa
TRACE::2025-03-25.16:38:30::SCWPlatform::DSA absoulate path E:/kevin/myCode/microBlaze1/vitisJson/syncBlaze/hw/design_1_wrapper.xsa
TRACE::2025-03-25.16:38:30::SCWPlatform::DSA directory E:/kevin/myCode/microBlaze1/vitisJson/syncBlaze/hw
TRACE::2025-03-25.16:38:30::SCWPlatform:: Platform Path E:/kevin/myCode/microBlaze1/vitisJson/syncBlaze/hw/design_1_wrapper.xsa
TRACE::2025-03-25.16:38:30::SCWPlatform:: Unique name xilinx:::0.0
TRACE::2025-03-25.16:38:30::SCWPlatform::Trying to set the existing hwdb with name design_1_wrapper_10
TRACE::2025-03-25.16:38:30::SCWPlatform::Opened existing hwdb design_1_wrapper_10
TRACE::2025-03-25.16:38:30::SCWPlatform::Found the Hw Db part of the input DSA
TRACE::2025-03-25.16:38:30::SCWMssOS::Checking the sw design at  E:/kevin/myCode/microBlaze1/vitisJson/syncBlaze/microblaze_0/standalone_domain/bsp/system.mss
TRACE::2025-03-25.16:38:30::SCWMssOS::DEBUG:  swdes dump  E:/kevin/myCode/microBlaze1/vitisJson/syncBlaze/microblaze_0/standalone_domain/bsp/system.mss|system||

TRACE::2025-03-25.16:38:30::SCWMssOS::Sw design exists and opened at  E:/kevin/myCode/microBlaze1/vitisJson/syncBlaze/microblaze_0/standalone_domain/bsp/system.mss
TRACE::2025-03-25.17:48:15::SCWPlatform::DSA given E:/kevin/myCode/microBlaze1/vitisJson/syncBlaze/tempdsa/design_1_wrapper.xsa
TRACE::2025-03-25.17:48:15::SCWPlatform::DSA absoulate path E:/kevin/myCode/microBlaze1/vitisJson/syncBlaze/tempdsa/design_1_wrapper.xsa
TRACE::2025-03-25.17:48:15::SCWPlatform:: Platform location is E:/kevin/myCode/microBlaze1/vitisJson/syncBlaze/tempdsa
TRACE::2025-03-25.17:48:15::SCWPlatform:: Platform Path E:/kevin/myCode/microBlaze1/vitisJson/syncBlaze/tempdsa/design_1_wrapper.xsa
TRACE::2025-03-25.17:48:15::SCWPlatform:: Unique name xilinx:::0.0
TRACE::2025-03-25.17:48:15::SCWPlatform::Found the Hw Db part of the input DSA
TRACE::2025-03-25.17:48:15::SCWMssOS::Doing hw sync for the mss in domain: standalone_domain
TRACE::2025-03-25.17:48:15::SCWPlatform::Trying to open the hw design at E:/kevin/myCode/microBlaze1/vitisJson/syncBlaze/hw/design_1_wrapper.xsa
TRACE::2025-03-25.17:48:15::SCWPlatform::DSA given E:/kevin/myCode/microBlaze1/vitisJson/syncBlaze/hw/design_1_wrapper.xsa
TRACE::2025-03-25.17:48:15::SCWPlatform::DSA absoulate path E:/kevin/myCode/microBlaze1/vitisJson/syncBlaze/hw/design_1_wrapper.xsa
TRACE::2025-03-25.17:48:15::SCWPlatform::DSA directory E:/kevin/myCode/microBlaze1/vitisJson/syncBlaze/hw
TRACE::2025-03-25.17:48:15::SCWPlatform:: Platform Path E:/kevin/myCode/microBlaze1/vitisJson/syncBlaze/hw/design_1_wrapper.xsa
TRACE::2025-03-25.17:48:15::SCWPlatform:: Unique name xilinx:::0.0
TRACE::2025-03-25.17:48:15::SCWPlatform::Trying to set the existing hwdb with name design_1_wrapper_10
TRACE::2025-03-25.17:48:15::SCWPlatform::Opened existing hwdb design_1_wrapper_10
TRACE::2025-03-25.17:48:15::SCWPlatform::Found the Hw Db part of the input DSA
TRACE::2025-03-25.17:48:15::SCWPlatform::Trying to open the hw design at E:/kevin/myCode/microBlaze1/vitisJson/syncBlaze/hw/design_1_wrapper.xsa
TRACE::2025-03-25.17:48:15::SCWPlatform::DSA given E:/kevin/myCode/microBlaze1/vitisJson/syncBlaze/hw/design_1_wrapper.xsa
TRACE::2025-03-25.17:48:15::SCWPlatform::DSA absoulate path E:/kevin/myCode/microBlaze1/vitisJson/syncBlaze/hw/design_1_wrapper.xsa
TRACE::2025-03-25.17:48:15::SCWPlatform::DSA directory E:/kevin/myCode/microBlaze1/vitisJson/syncBlaze/hw
TRACE::2025-03-25.17:48:15::SCWPlatform:: Platform Path E:/kevin/myCode/microBlaze1/vitisJson/syncBlaze/hw/design_1_wrapper.xsa
TRACE::2025-03-25.17:48:15::SCWPlatform:: Unique name xilinx:::0.0
TRACE::2025-03-25.17:48:15::SCWPlatform::Trying to set the existing hwdb with name design_1_wrapper_10
TRACE::2025-03-25.17:48:15::SCWPlatform::Opened existing hwdb design_1_wrapper_10
TRACE::2025-03-25.17:48:15::SCWPlatform::Found the Hw Db part of the input DSA
TRACE::2025-03-25.17:48:15::SCWMssOS::Checking the sw design at  E:/kevin/myCode/microBlaze1/vitisJson/syncBlaze/microblaze_0/standalone_domain/bsp/system.mss
TRACE::2025-03-25.17:48:15::SCWMssOS::DEBUG:  swdes dump  E:/kevin/myCode/microBlaze1/vitisJson/syncBlaze/microblaze_0/standalone_domain/bsp/system.mss|system||

TRACE::2025-03-25.17:48:15::SCWMssOS::Sw design exists and opened at  E:/kevin/myCode/microBlaze1/vitisJson/syncBlaze/microblaze_0/standalone_domain/bsp/system.mss
TRACE::2025-03-25.17:48:15::SCWPlatform::Trying to open the hw design at E:/kevin/myCode/microBlaze1/vitisJson/syncBlaze/tempdsa/design_1_wrapper.xsa
TRACE::2025-03-25.17:48:15::SCWPlatform::DSA given E:/kevin/myCode/microBlaze1/vitisJson/syncBlaze/tempdsa/design_1_wrapper.xsa
TRACE::2025-03-25.17:48:15::SCWPlatform::DSA absoulate path E:/kevin/myCode/microBlaze1/vitisJson/syncBlaze/tempdsa/design_1_wrapper.xsa
TRACE::2025-03-25.17:48:15::SCWPlatform::DSA directory E:/kevin/myCode/microBlaze1/vitisJson/syncBlaze/tempdsa
TRACE::2025-03-25.17:48:15::SCWPlatform:: Platform Path E:/kevin/myCode/microBlaze1/vitisJson/syncBlaze/tempdsa/design_1_wrapper.xsa
TRACE::2025-03-25.17:48:15::SCWPlatform:: Unique name xilinx:::0.0
TRACE::2025-03-25.17:48:15::SCWPlatform::update - Opened existing hwdb design_1_wrapper_12
TRACE::2025-03-25.17:48:15::SCWPlatform::Found the Hw Db part of the input DSA
TRACE::2025-03-25.17:48:15::SCWMssOS::Saving the mss changes E:/kevin/myCode/microBlaze1/vitisJson/syncBlaze/microblaze_0/standalone_domain/bsp/system.mss
TRACE::2025-03-25.17:48:15::SCWMssOS::Found a swdesign opened with the mssfile.
TRACE::2025-03-25.17:48:15::SCWMssOS::Completed writemss as part of save.
TRACE::2025-03-25.17:48:15::SCWMssOS::Commit changes completed.
TRACE::2025-03-25.17:48:15::SCWMssOS::Completed hw sync for the mss in domain: standalone_domain
TRACE::2025-03-25.17:48:15::SCWMssOS::Removing the swdes entry for  E:/kevin/myCode/microBlaze1/vitisJson/syncBlaze/microblaze_0/standalone_domain/bsp/system.mss
TRACE::2025-03-25.17:48:15::SCWPlatform::Trying to open the hw design at E:/kevin/myCode/microBlaze1/vitisJson/syncBlaze/hw/design_1_wrapper.xsa
TRACE::2025-03-25.17:48:15::SCWPlatform::DSA given E:/kevin/myCode/microBlaze1/vitisJson/syncBlaze/hw/design_1_wrapper.xsa
TRACE::2025-03-25.17:48:15::SCWPlatform::DSA absoulate path E:/kevin/myCode/microBlaze1/vitisJson/syncBlaze/hw/design_1_wrapper.xsa
TRACE::2025-03-25.17:48:15::SCWPlatform::DSA directory E:/kevin/myCode/microBlaze1/vitisJson/syncBlaze/hw
TRACE::2025-03-25.17:48:15::SCWPlatform:: Platform Path E:/kevin/myCode/microBlaze1/vitisJson/syncBlaze/hw/design_1_wrapper.xsa
TRACE::2025-03-25.17:48:15::SCWPlatform:: Unique name xilinx:::0.0
TRACE::2025-03-25.17:48:15::SCWPlatform::Do not have an existing db opened. 
TRACE::2025-03-25.17:48:16::SCWPlatform::Opened new HwDB with name design_1_wrapper_13
TRACE::2025-03-25.17:48:16::SCWMssOS::Saving the mss changes E:/kevin/myCode/microBlaze1/vitisJson/syncBlaze/microblaze_0/standalone_domain/bsp/system.mss
TRACE::2025-03-25.17:48:16::SCWMssOS::Adding the swdes entry, mss present, able to open swdb E:/kevin/myCode/microBlaze1/vitisJson/syncBlaze/microblaze_0/standalone_domain/bsp/system.mss with des name system
TRACE::2025-03-25.17:48:16::SCWMssOS::Writing the mss file completed E:/kevin/myCode/microBlaze1/vitisJson/syncBlaze/microblaze_0/standalone_domain/bsp/system.mss
TRACE::2025-03-25.17:48:16::SCWMssOS::Commit changes completed.
TRACE::2025-03-25.17:48:16::SCWPlatform::Trying to open the hw design at E:/kevin/myCode/microBlaze1/vitisJson/syncBlaze/hw/design_1_wrapper.xsa
TRACE::2025-03-25.17:48:16::SCWPlatform::DSA given E:/kevin/myCode/microBlaze1/vitisJson/syncBlaze/hw/design_1_wrapper.xsa
TRACE::2025-03-25.17:48:16::SCWPlatform::DSA absoulate path E:/kevin/myCode/microBlaze1/vitisJson/syncBlaze/hw/design_1_wrapper.xsa
TRACE::2025-03-25.17:48:16::SCWPlatform::DSA directory E:/kevin/myCode/microBlaze1/vitisJson/syncBlaze/hw
TRACE::2025-03-25.17:48:16::SCWPlatform:: Platform Path E:/kevin/myCode/microBlaze1/vitisJson/syncBlaze/hw/design_1_wrapper.xsa
TRACE::2025-03-25.17:48:16::SCWPlatform:: Unique name xilinx:::0.0
TRACE::2025-03-25.17:48:16::SCWPlatform::Trying to set the existing hwdb with name design_1_wrapper_13
TRACE::2025-03-25.17:48:16::SCWPlatform::Opened existing hwdb design_1_wrapper_13
TRACE::2025-03-25.17:48:16::SCWPlatform::Found the Hw Db part of the input DSA
TRACE::2025-03-25.17:48:16::SCWMssOS::Checking the sw design at  E:/kevin/myCode/microBlaze1/vitisJson/syncBlaze/microblaze_0/standalone_domain/bsp/system.mss
TRACE::2025-03-25.17:48:16::SCWMssOS::DEBUG:  swdes dump  E:/kevin/myCode/microBlaze1/vitisJson/syncBlaze/microblaze_0/standalone_domain/bsp/system.mss|system||

TRACE::2025-03-25.17:48:16::SCWMssOS::Sw design exists and opened at  E:/kevin/myCode/microBlaze1/vitisJson/syncBlaze/microblaze_0/standalone_domain/bsp/system.mss
TRACE::2025-03-25.17:48:16::SCWWriter::formatted JSON is {
	"platformName":	"syncBlaze",
	"sprVersion":	"2.0",
	"mode":	"gui",
	"dsaType":	"Fixed",
	"platformDesc":	"syncBlaze",
	"platHandOff":	"E:/kevin/myCode/microBlaze1/design_1_wrapper.xsa",
	"platIntHandOff":	"<platformDir>/hw/design_1_wrapper.xsa",
	"deviceType":	"FPGA",
	"platIsPrebuiltAutogen":	"false",
	"platIsNoBootBsp":	"false",
	"hasFsblMakeHasChanges":	"false",
	"hasPmufwMakeHasChanges":	"false",
	"platPreBuiltFlag":	false,
	"platformSamplesDir":	"",
	"platActiveSys":	"syncBlaze",
	"systems":	[{
			"systemName":	"syncBlaze",
			"systemDesc":	"syncBlaze",
			"sysIsBootAutoGen":	"true",
			"systemDispName":	"syncBlaze",
			"sysActiveDom":	"standalone_domain",
			"sysDefaultDom":	"standalone_domain",
			"domains":	[{
					"domainName":	"standalone_domain",
					"domainDispName":	"standalone on microblaze_0",
					"domainDesc":	"standalone_domain",
					"processors":	"microblaze_0",
					"os":	"standalone",
					"sdxOs":	"standalone",
					"debugEnable":	"False",
					"domRuntimes":	["cpp"],
					"swRepo":	"",
					"mssOsVer":	"8.0",
					"mssFile":	"",
					"md5Digest":	"e2cdda41e7956801f4f51a65042beca01",
					"compatibleApp":	"",
					"domType":	"mssDomain",
					"arch":	"32-bit",
					"appSettings":	{
						"appCompilerFlags":	"",
						"appLinkerFlags":	""
					},
					"addedLibs":	[],
					"libOptions":	{
						"libsContainingOptions":	[]
					},
					"prebuiltLibs":	{
						"prebuiltIncPath":	[],
						"prebuiltLibPath":	[]
					},
					"isolation":	{
					}
				}]
		}]
}
TRACE::2025-03-25.17:48:17::SCWPlatform::Clearing the existing platform
TRACE::2025-03-25.17:48:17::SCWSystem::Clearing the existing sysconfig
TRACE::2025-03-25.17:48:17::SCWMssOS::Removing the swdes entry for  E:/kevin/myCode/microBlaze1/vitisJson/syncBlaze/microblaze_0/standalone_domain/bsp/system.mss
TRACE::2025-03-25.17:48:17::SCWSystem::Clearing the domains completed.
TRACE::2025-03-25.17:48:17::SCWPlatform::Clearing the opened hw db.
TRACE::2025-03-25.17:48:17::SCWPlatform::DSA given E:/kevin/myCode/microBlaze1/vitisJson/syncBlaze/hw/design_1_wrapper.xsa
TRACE::2025-03-25.17:48:17::SCWPlatform::DSA absoulate path E:/kevin/myCode/microBlaze1/vitisJson/syncBlaze/hw/design_1_wrapper.xsa
TRACE::2025-03-25.17:48:17::SCWPlatform:: Platform location is E:/kevin/myCode/microBlaze1/vitisJson/syncBlaze/hw
TRACE::2025-03-25.17:48:17::SCWPlatform:: Platform Path E:/kevin/myCode/microBlaze1/vitisJson/syncBlaze/hw/design_1_wrapper.xsa
TRACE::2025-03-25.17:48:17::SCWPlatform:: Unique name xilinx:::0.0
TRACE::2025-03-25.17:48:17::SCWPlatform::Removing the HwDB with name E:/kevin/myCode/microBlaze1/vitisJson/syncBlaze/hw/design_1_wrapper.xsa
TRACE::2025-03-25.17:48:17::SCWPlatform::Trying to open the hw design at E:/kevin/myCode/microBlaze1/vitisJson/syncBlaze/hw/design_1_wrapper.xsa
TRACE::2025-03-25.17:48:17::SCWPlatform::DSA given E:/kevin/myCode/microBlaze1/vitisJson/syncBlaze/hw/design_1_wrapper.xsa
TRACE::2025-03-25.17:48:17::SCWPlatform::DSA absoulate path E:/kevin/myCode/microBlaze1/vitisJson/syncBlaze/hw/design_1_wrapper.xsa
TRACE::2025-03-25.17:48:17::SCWPlatform::DSA directory E:/kevin/myCode/microBlaze1/vitisJson/syncBlaze/hw
TRACE::2025-03-25.17:48:17::SCWPlatform:: Platform Path E:/kevin/myCode/microBlaze1/vitisJson/syncBlaze/hw/design_1_wrapper.xsa
TRACE::2025-03-25.17:48:17::SCWPlatform:: Unique name xilinx:::0.0
TRACE::2025-03-25.17:48:17::SCWPlatform::Do not have an existing db opened. 
TRACE::2025-03-25.17:48:17::SCWPlatform::Opened new HwDB with name design_1_wrapper_14
TRACE::2025-03-25.17:48:17::SCWReader::Active system found as  syncBlaze
TRACE::2025-03-25.17:48:17::SCWReader::Handling sysconfig syncBlaze
TRACE::2025-03-25.17:48:17::SCWDomain::checking for install qemu data   : 
TRACE::2025-03-25.17:48:17::SCWPlatform::Trying to open the hw design at E:/kevin/myCode/microBlaze1/vitisJson/syncBlaze/hw/design_1_wrapper.xsa
TRACE::2025-03-25.17:48:17::SCWPlatform::DSA given E:/kevin/myCode/microBlaze1/vitisJson/syncBlaze/hw/design_1_wrapper.xsa
TRACE::2025-03-25.17:48:17::SCWPlatform::DSA absoulate path E:/kevin/myCode/microBlaze1/vitisJson/syncBlaze/hw/design_1_wrapper.xsa
TRACE::2025-03-25.17:48:17::SCWPlatform::DSA directory E:/kevin/myCode/microBlaze1/vitisJson/syncBlaze/hw
TRACE::2025-03-25.17:48:17::SCWPlatform:: Platform Path E:/kevin/myCode/microBlaze1/vitisJson/syncBlaze/hw/design_1_wrapper.xsa
TRACE::2025-03-25.17:48:17::SCWPlatform:: Unique name xilinx:::0.0
TRACE::2025-03-25.17:48:17::SCWPlatform::Trying to set the existing hwdb with name design_1_wrapper_14
TRACE::2025-03-25.17:48:17::SCWPlatform::Opened existing hwdb design_1_wrapper_14
TRACE::2025-03-25.17:48:17::SCWPlatform::Found the Hw Db part of the input DSA
TRACE::2025-03-25.17:48:17::SCWPlatform::Trying to open the hw design at E:/kevin/myCode/microBlaze1/vitisJson/syncBlaze/hw/design_1_wrapper.xsa
TRACE::2025-03-25.17:48:17::SCWPlatform::DSA given E:/kevin/myCode/microBlaze1/vitisJson/syncBlaze/hw/design_1_wrapper.xsa
TRACE::2025-03-25.17:48:17::SCWPlatform::DSA absoulate path E:/kevin/myCode/microBlaze1/vitisJson/syncBlaze/hw/design_1_wrapper.xsa
TRACE::2025-03-25.17:48:17::SCWPlatform::DSA directory E:/kevin/myCode/microBlaze1/vitisJson/syncBlaze/hw
TRACE::2025-03-25.17:48:17::SCWPlatform:: Platform Path E:/kevin/myCode/microBlaze1/vitisJson/syncBlaze/hw/design_1_wrapper.xsa
TRACE::2025-03-25.17:48:17::SCWPlatform:: Unique name xilinx:::0.0
TRACE::2025-03-25.17:48:17::SCWPlatform::Trying to set the existing hwdb with name design_1_wrapper_14
TRACE::2025-03-25.17:48:17::SCWPlatform::Opened existing hwdb design_1_wrapper_14
TRACE::2025-03-25.17:48:17::SCWPlatform::Found the Hw Db part of the input DSA
TRACE::2025-03-25.17:48:17::SCWPlatform::Trying to open the hw design at E:/kevin/myCode/microBlaze1/vitisJson/syncBlaze/hw/design_1_wrapper.xsa
TRACE::2025-03-25.17:48:17::SCWPlatform::DSA given E:/kevin/myCode/microBlaze1/vitisJson/syncBlaze/hw/design_1_wrapper.xsa
TRACE::2025-03-25.17:48:17::SCWPlatform::DSA absoulate path E:/kevin/myCode/microBlaze1/vitisJson/syncBlaze/hw/design_1_wrapper.xsa
TRACE::2025-03-25.17:48:17::SCWPlatform::DSA directory E:/kevin/myCode/microBlaze1/vitisJson/syncBlaze/hw
TRACE::2025-03-25.17:48:17::SCWPlatform:: Platform Path E:/kevin/myCode/microBlaze1/vitisJson/syncBlaze/hw/design_1_wrapper.xsa
TRACE::2025-03-25.17:48:17::SCWPlatform:: Unique name xilinx:::0.0
TRACE::2025-03-25.17:48:17::SCWPlatform::Trying to set the existing hwdb with name design_1_wrapper_14
TRACE::2025-03-25.17:48:17::SCWPlatform::Opened existing hwdb design_1_wrapper_14
TRACE::2025-03-25.17:48:17::SCWPlatform::Found the Hw Db part of the input DSA
TRACE::2025-03-25.17:48:17::SCWPlatform::Trying to open the hw design at E:/kevin/myCode/microBlaze1/vitisJson/syncBlaze/hw/design_1_wrapper.xsa
TRACE::2025-03-25.17:48:17::SCWPlatform::DSA given E:/kevin/myCode/microBlaze1/vitisJson/syncBlaze/hw/design_1_wrapper.xsa
TRACE::2025-03-25.17:48:17::SCWPlatform::DSA absoulate path E:/kevin/myCode/microBlaze1/vitisJson/syncBlaze/hw/design_1_wrapper.xsa
TRACE::2025-03-25.17:48:17::SCWPlatform::DSA directory E:/kevin/myCode/microBlaze1/vitisJson/syncBlaze/hw
TRACE::2025-03-25.17:48:17::SCWPlatform:: Platform Path E:/kevin/myCode/microBlaze1/vitisJson/syncBlaze/hw/design_1_wrapper.xsa
TRACE::2025-03-25.17:48:17::SCWPlatform:: Unique name xilinx:::0.0
TRACE::2025-03-25.17:48:17::SCWPlatform::Trying to set the existing hwdb with name design_1_wrapper_14
TRACE::2025-03-25.17:48:17::SCWPlatform::Opened existing hwdb design_1_wrapper_14
TRACE::2025-03-25.17:48:17::SCWPlatform::Found the Hw Db part of the input DSA
TRACE::2025-03-25.17:48:17::SCWMssOS::Checking the sw design at  E:/kevin/myCode/microBlaze1/vitisJson/syncBlaze/microblaze_0/standalone_domain/bsp/system.mss
TRACE::2025-03-25.17:48:17::SCWMssOS::DEBUG:  swdes dump  
TRACE::2025-03-25.17:48:17::SCWMssOS::No sw design opened at  E:/kevin/myCode/microBlaze1/vitisJson/syncBlaze/microblaze_0/standalone_domain/bsp/system.mss
TRACE::2025-03-25.17:48:17::SCWMssOS::mss exists loading the mss file  E:/kevin/myCode/microBlaze1/vitisJson/syncBlaze/microblaze_0/standalone_domain/bsp/system.mss
TRACE::2025-03-25.17:48:17::SCWMssOS::Opened the sw design from mss  E:/kevin/myCode/microBlaze1/vitisJson/syncBlaze/microblaze_0/standalone_domain/bsp/system.mss
TRACE::2025-03-25.17:48:17::SCWMssOS::Adding the swdes entry E:/kevin/myCode/microBlaze1/vitisJson/syncBlaze/microblaze_0/standalone_domain/bsp/system.mss with des name system
TRACE::2025-03-25.17:48:17::SCWMssOS::updating the scw layer about changes
TRACE::2025-03-25.17:48:17::SCWMssOS::Opened the sw design.  E:/kevin/myCode/microBlaze1/vitisJson/syncBlaze/microblaze_0/standalone_domain/bsp/system.mss
TRACE::2025-03-25.17:48:17::SCWMssOS::Saving the mss changes E:/kevin/myCode/microBlaze1/vitisJson/syncBlaze/microblaze_0/standalone_domain/bsp/system.mss
TRACE::2025-03-25.17:48:17::SCWMssOS::Found a swdesign opened with the mssfile.
TRACE::2025-03-25.17:48:17::SCWMssOS::Completed writemss as part of save.
TRACE::2025-03-25.17:48:17::SCWMssOS::Commit changes completed.
TRACE::2025-03-25.17:48:17::SCWReader::Adding prebuilt librarypaths as   
TRACE::2025-03-25.17:48:17::SCWReader::Adding prebuilt incpaths  as   
TRACE::2025-03-25.17:48:17::SCWPlatform::Trying to open the hw design at E:/kevin/myCode/microBlaze1/vitisJson/syncBlaze/hw/design_1_wrapper.xsa
TRACE::2025-03-25.17:48:17::SCWPlatform::DSA given E:/kevin/myCode/microBlaze1/vitisJson/syncBlaze/hw/design_1_wrapper.xsa
TRACE::2025-03-25.17:48:17::SCWPlatform::DSA absoulate path E:/kevin/myCode/microBlaze1/vitisJson/syncBlaze/hw/design_1_wrapper.xsa
TRACE::2025-03-25.17:48:17::SCWPlatform::DSA directory E:/kevin/myCode/microBlaze1/vitisJson/syncBlaze/hw
TRACE::2025-03-25.17:48:17::SCWPlatform:: Platform Path E:/kevin/myCode/microBlaze1/vitisJson/syncBlaze/hw/design_1_wrapper.xsa
TRACE::2025-03-25.17:48:17::SCWPlatform:: Unique name xilinx:::0.0
TRACE::2025-03-25.17:48:17::SCWPlatform::Trying to set the existing hwdb with name design_1_wrapper_14
TRACE::2025-03-25.17:48:17::SCWPlatform::Opened existing hwdb design_1_wrapper_14
TRACE::2025-03-25.17:48:17::SCWPlatform::Found the Hw Db part of the input DSA
TRACE::2025-03-25.17:48:17::SCWMssOS::Checking the sw design at  E:/kevin/myCode/microBlaze1/vitisJson/syncBlaze/microblaze_0/standalone_domain/bsp/system.mss
TRACE::2025-03-25.17:48:17::SCWMssOS::DEBUG:  swdes dump  E:/kevin/myCode/microBlaze1/vitisJson/syncBlaze/microblaze_0/standalone_domain/bsp/system.mss|system||

TRACE::2025-03-25.17:48:17::SCWMssOS::Sw design exists and opened at  E:/kevin/myCode/microBlaze1/vitisJson/syncBlaze/microblaze_0/standalone_domain/bsp/system.mss
TRACE::2025-03-25.17:48:17::SCWReader::No isolation master present  
LOG::2025-03-25.17:48:35::SCWPlatform::Started generating the artifacts platform syncBlaze
TRACE::2025-03-25.17:48:35::SCWPlatform::Sanity checking of platform is completed
LOG::2025-03-25.17:48:35::SCWPlatform::Started generating the artifacts for system configuration syncBlaze
LOG::2025-03-25.17:48:35::SCWSystem::Checking the domain standalone_domain
LOG::2025-03-25.17:48:35::SCWSystem::Not a boot domain 
LOG::2025-03-25.17:48:35::SCWSystem::Started Processing the domain standalone_domain
TRACE::2025-03-25.17:48:35::SCWDomain::Generating domain artifcats
TRACE::2025-03-25.17:48:35::SCWMssOS::Generating standalone artifcats
TRACE::2025-03-25.17:48:35::SCWMssOS:: Copying the user libraries. 
TRACE::2025-03-25.17:48:35::SCWPlatform::Trying to open the hw design at E:/kevin/myCode/microBlaze1/vitisJson/syncBlaze/hw/design_1_wrapper.xsa
TRACE::2025-03-25.17:48:35::SCWPlatform::DSA given E:/kevin/myCode/microBlaze1/vitisJson/syncBlaze/hw/design_1_wrapper.xsa
TRACE::2025-03-25.17:48:35::SCWPlatform::DSA absoulate path E:/kevin/myCode/microBlaze1/vitisJson/syncBlaze/hw/design_1_wrapper.xsa
TRACE::2025-03-25.17:48:35::SCWPlatform::DSA directory E:/kevin/myCode/microBlaze1/vitisJson/syncBlaze/hw
TRACE::2025-03-25.17:48:35::SCWPlatform:: Platform Path E:/kevin/myCode/microBlaze1/vitisJson/syncBlaze/hw/design_1_wrapper.xsa
TRACE::2025-03-25.17:48:35::SCWPlatform:: Unique name xilinx:::0.0
TRACE::2025-03-25.17:48:35::SCWPlatform::Trying to set the existing hwdb with name design_1_wrapper_14
TRACE::2025-03-25.17:48:35::SCWPlatform::Could not get the HWDB from existing dbname
TRACE::2025-03-25.17:48:35::SCWPlatform::Do not have an existing db opened. Attempting to open the hwDb. 
TRACE::2025-03-25.17:48:35::SCWPlatform::Opened new HwDB with name design_1_wrapper_15
TRACE::2025-03-25.17:48:35::SCWMssOS::Checking the sw design at  E:/kevin/myCode/microBlaze1/vitisJson/syncBlaze/microblaze_0/standalone_domain/bsp/system.mss
TRACE::2025-03-25.17:48:35::SCWMssOS::DEBUG:  swdes dump  E:/kevin/myCode/microBlaze1/vitisJson/syncBlaze/microblaze_0/standalone_domain/bsp/system.mss|system||

TRACE::2025-03-25.17:48:35::SCWMssOS::Sw design exists and opened at  E:/kevin/myCode/microBlaze1/vitisJson/syncBlaze/microblaze_0/standalone_domain/bsp/system.mss
TRACE::2025-03-25.17:48:35::SCWMssOS::Completed writing the mss file at E:/kevin/myCode/microBlaze1/vitisJson/syncBlaze/microblaze_0/standalone_domain/bsp
TRACE::2025-03-25.17:48:35::SCWMssOS::Mss edits present, copying mssfile into export location E:/kevin/myCode/microBlaze1/vitisJson/syncBlaze/microblaze_0/standalone_domain/bsp/system.mss
TRACE::2025-03-25.17:48:35::SCWMssOS::bsp generated is stale removing and regenerating. 
TRACE::2025-03-25.17:48:36::SCWMssOS::doing bsp build ... 
TRACE::2025-03-25.17:48:36::SCWMssOS::System Command Ran  E: & cd  E:/kevin/myCode/microBlaze1/vitisJson/syncBlaze/microblaze_0/standalone_domain/bsp & make 
TRACE::2025-03-25.17:48:36::SCWMssOS::make --no-print-directory seq_libs

TRACE::2025-03-25.17:48:36::SCWMssOS::'Finished building libraries sequentially.'

TRACE::2025-03-25.17:48:36::SCWMssOS::make -j 14 --no-print-directory par_libs

TRACE::2025-03-25.17:48:36::SCWMssOS::"Running Make include in microblaze_0/libsrc/bram_v4_8/src"

TRACE::2025-03-25.17:48:36::SCWMssOS::make -C microblaze_0/libsrc/bram_v4_8/src -s include  "SHELL=CMD" "COMPILER=mb-gcc" "ASSEMBLER=mb-as" "ARCHIVER=mb-ar" "COMPILE
TRACE::2025-03-25.17:48:36::SCWMssOS::R_FLAGS=  -O2 -c -mcpu=v11.0 -mlittle-endian -mxl-soft-mul" "EXTRA_COMPILER_FLAGS=-g -ffunction-sections -fdata-sections -Wall 
TRACE::2025-03-25.17:48:36::SCWMssOS::-Wextra -fno-tree-loop-distribute-patterns"

TRACE::2025-03-25.17:48:36::SCWMssOS::"Running Make include in microblaze_0/libsrc/cpu_v2_16/src"

TRACE::2025-03-25.17:48:36::SCWMssOS::make -C microblaze_0/libsrc/cpu_v2_16/src -s include  "SHELL=CMD" "COMPILER=mb-gcc" "ASSEMBLER=mb-as" "ARCHIVER=mb-ar" "COMPILE
TRACE::2025-03-25.17:48:36::SCWMssOS::R_FLAGS=  -O2 -c -mcpu=v11.0 -mlittle-endian -mxl-soft-mul" "EXTRA_COMPILER_FLAGS=-g -ffunction-sections -fdata-sections -Wall 
TRACE::2025-03-25.17:48:36::SCWMssOS::-Wextra -fno-tree-loop-distribute-patterns"

TRACE::2025-03-25.17:48:36::SCWMssOS::"Running Make include in microblaze_0/libsrc/gpio_v4_9/src"

TRACE::2025-03-25.17:48:36::SCWMssOS::make -C microblaze_0/libsrc/gpio_v4_9/src -s include  "SHELL=CMD" "COMPILER=mb-gcc" "ASSEMBLER=mb-as" "ARCHIVER=mb-ar" "COMPILE
TRACE::2025-03-25.17:48:36::SCWMssOS::R_FLAGS=  -O2 -c -mcpu=v11.0 -mlittle-endian -mxl-soft-mul" "EXTRA_COMPILER_FLAGS=-g -ffunction-sections -fdata-sections -Wall 
TRACE::2025-03-25.17:48:36::SCWMssOS::-Wextra -fno-tree-loop-distribute-patterns"

TRACE::2025-03-25.17:48:36::SCWMssOS::"Running Make include in microblaze_0/libsrc/intc_v3_15/src"

TRACE::2025-03-25.17:48:36::SCWMssOS::make -C microblaze_0/libsrc/intc_v3_15/src -s include  "SHELL=CMD" "COMPILER=mb-gcc" "ASSEMBLER=mb-as" "ARCHIVER=mb-ar" "COMPIL
TRACE::2025-03-25.17:48:36::SCWMssOS::ER_FLAGS=  -O2 -c -mcpu=v11.0 -mlittle-endian -mxl-soft-mul" "EXTRA_COMPILER_FLAGS=-g -ffunction-sections -fdata-sections -Wall
TRACE::2025-03-25.17:48:36::SCWMssOS:: -Wextra -fno-tree-loop-distribute-patterns"

TRACE::2025-03-25.17:48:36::SCWMssOS::"Running Make include in microblaze_0/libsrc/standalone_v8_0/src"

TRACE::2025-03-25.17:48:36::SCWMssOS::make -C microblaze_0/libsrc/standalone_v8_0/src -s include  "SHELL=CMD" "COMPILER=mb-gcc" "ASSEMBLER=mb-as" "ARCHIVER=mb-ar" "C
TRACE::2025-03-25.17:48:36::SCWMssOS::OMPILER_FLAGS=  -O2 -c -mcpu=v11.0 -mlittle-endian -mxl-soft-mul" "EXTRA_COMPILER_FLAGS=-g -ffunction-sections -fdata-sections 
TRACE::2025-03-25.17:48:36::SCWMssOS::-Wall -Wextra -fno-tree-loop-distribute-patterns"

TRACE::2025-03-25.17:48:36::SCWMssOS::"Running Make include in microblaze_0/libsrc/tmrctr_v4_9/src"

TRACE::2025-03-25.17:48:36::SCWMssOS::make -C microblaze_0/libsrc/tmrctr_v4_9/src -s include  "SHELL=CMD" "COMPILER=mb-gcc" "ASSEMBLER=mb-as" "ARCHIVER=mb-ar" "COMPI
TRACE::2025-03-25.17:48:36::SCWMssOS::LER_FLAGS=  -O2 -c -mcpu=v11.0 -mlittle-endian -mxl-soft-mul" "EXTRA_COMPILER_FLAGS=-g -ffunction-sections -fdata-sections -Wal
TRACE::2025-03-25.17:48:36::SCWMssOS::l -Wextra -fno-tree-loop-distribute-patterns"

TRACE::2025-03-25.17:48:36::SCWMssOS::"Running Make include in microblaze_0/libsrc/uartlite_v3_7/src"

TRACE::2025-03-25.17:48:36::SCWMssOS::make -C microblaze_0/libsrc/uartlite_v3_7/src -s include  "SHELL=CMD" "COMPILER=mb-gcc" "ASSEMBLER=mb-as" "ARCHIVER=mb-ar" "COM
TRACE::2025-03-25.17:48:36::SCWMssOS::PILER_FLAGS=  -O2 -c -mcpu=v11.0 -mlittle-endian -mxl-soft-mul" "EXTRA_COMPILER_FLAGS=-g -ffunction-sections -fdata-sections -W
TRACE::2025-03-25.17:48:36::SCWMssOS::all -Wextra -fno-tree-loop-distribute-patterns"

TRACE::2025-03-25.17:48:36::SCWMssOS::"Running Make libs in microblaze_0/libsrc/bram_v4_8/src"

TRACE::2025-03-25.17:48:36::SCWMssOS::make -C microblaze_0/libsrc/bram_v4_8/src -s libs  "SHELL=CMD" "COMPILER=mb-gcc" "ASSEMBLER=mb-as" "ARCHIVER=mb-ar" "COMPILER_F
TRACE::2025-03-25.17:48:36::SCWMssOS::LAGS=  -O2 -c -mcpu=v11.0 -mlittle-endian -mxl-soft-mul" "EXTRA_COMPILER_FLAGS=-g -ffunction-sections -fdata-sections -Wall -We
TRACE::2025-03-25.17:48:36::SCWMssOS::xtra -fno-tree-loop-distribute-patterns"

TRACE::2025-03-25.17:48:36::SCWMssOS::"Running Make libs in microblaze_0/libsrc/cpu_v2_16/src"

TRACE::2025-03-25.17:48:36::SCWMssOS::make -C microblaze_0/libsrc/cpu_v2_16/src -s libs  "SHELL=CMD" "COMPILER=mb-gcc" "ASSEMBLER=mb-as" "ARCHIVER=mb-ar" "COMPILER_F
TRACE::2025-03-25.17:48:36::SCWMssOS::LAGS=  -O2 -c -mcpu=v11.0 -mlittle-endian -mxl-soft-mul" "EXTRA_COMPILER_FLAGS=-g -ffunction-sections -fdata-sections -Wall -We
TRACE::2025-03-25.17:48:36::SCWMssOS::xtra -fno-tree-loop-distribute-patterns"

TRACE::2025-03-25.17:48:36::SCWMssOS::"Running Make libs in microblaze_0/libsrc/gpio_v4_9/src"

TRACE::2025-03-25.17:48:36::SCWMssOS::make -C microblaze_0/libsrc/gpio_v4_9/src -s libs  "SHELL=CMD" "COMPILER=mb-gcc" "ASSEMBLER=mb-as" "ARCHIVER=mb-ar" "COMPILER_F
TRACE::2025-03-25.17:48:36::SCWMssOS::LAGS=  -O2 -c -mcpu=v11.0 -mlittle-endian -mxl-soft-mul" "EXTRA_COMPILER_FLAGS=-g -ffunction-sections -fdata-sections -Wall -We
TRACE::2025-03-25.17:48:36::SCWMssOS::xtra -fno-tree-loop-distribute-patterns"

TRACE::2025-03-25.17:48:36::SCWMssOS::"Running Make libs in microblaze_0/libsrc/intc_v3_15/src"

TRACE::2025-03-25.17:48:36::SCWMssOS::make -C microblaze_0/libsrc/intc_v3_15/src -s libs  "SHELL=CMD" "COMPILER=mb-gcc" "ASSEMBLER=mb-as" "ARCHIVER=mb-ar" "COMPILER_
TRACE::2025-03-25.17:48:36::SCWMssOS::FLAGS=  -O2 -c -mcpu=v11.0 -mlittle-endian -mxl-soft-mul" "EXTRA_COMPILER_FLAGS=-g -ffunction-sections -fdata-sections -Wall -W
TRACE::2025-03-25.17:48:36::SCWMssOS::extra -fno-tree-loop-distribute-patterns"

TRACE::2025-03-25.17:48:36::SCWMssOS::"Running Make libs in microblaze_0/libsrc/standalone_v8_0/src"

TRACE::2025-03-25.17:48:36::SCWMssOS::make -C microblaze_0/libsrc/standalone_v8_0/src -s libs  "SHELL=CMD" "COMPILER=mb-gcc" "ASSEMBLER=mb-as" "ARCHIVER=mb-ar" "COMP
TRACE::2025-03-25.17:48:36::SCWMssOS::ILER_FLAGS=  -O2 -c -mcpu=v11.0 -mlittle-endian -mxl-soft-mul" "EXTRA_COMPILER_FLAGS=-g -ffunction-sections -fdata-sections -Wa
TRACE::2025-03-25.17:48:36::SCWMssOS::ll -Wextra -fno-tree-loop-distribute-patterns"

TRACE::2025-03-25.17:48:36::SCWMssOS::"Running Make libs in microblaze_0/libsrc/tmrctr_v4_9/src"

TRACE::2025-03-25.17:48:36::SCWMssOS::make -C microblaze_0/libsrc/tmrctr_v4_9/src -s libs  "SHELL=CMD" "COMPILER=mb-gcc" "ASSEMBLER=mb-as" "ARCHIVER=mb-ar" "COMPILER
TRACE::2025-03-25.17:48:36::SCWMssOS::_FLAGS=  -O2 -c -mcpu=v11.0 -mlittle-endian -mxl-soft-mul" "EXTRA_COMPILER_FLAGS=-g -ffunction-sections -fdata-sections -Wall -
TRACE::2025-03-25.17:48:36::SCWMssOS::Wextra -fno-tree-loop-distribute-patterns"

TRACE::2025-03-25.17:48:37::SCWMssOS::"Running Make libs in microblaze_0/libsrc/uartlite_v3_7/src"

TRACE::2025-03-25.17:48:37::SCWMssOS::make -C microblaze_0/libsrc/uartlite_v3_7/src -s libs  "SHELL=CMD" "COMPILER=mb-gcc" "ASSEMBLER=mb-as" "ARCHIVER=mb-ar" "COMPIL
TRACE::2025-03-25.17:48:37::SCWMssOS::ER_FLAGS=  -O2 -c -mcpu=v11.0 -mlittle-endian -mxl-soft-mul" "EXTRA_COMPILER_FLAGS=-g -ffunction-sections -fdata-sections -Wall
TRACE::2025-03-25.17:48:37::SCWMssOS:: -Wextra -fno-tree-loop-distribute-patterns"

TRACE::2025-03-25.17:48:37::SCWMssOS::"DEBUG NON_LTO_OBJECTS is ../../../lib/microblaze_interrupt_handler.o"

TRACE::2025-03-25.17:48:38::SCWMssOS::'Finished building libraries parallelly.'

TRACE::2025-03-25.17:48:38::SCWMssOS::make --no-print-directory archive

TRACE::2025-03-25.17:48:38::SCWMssOS::mb-ar -r  microblaze_0/lib/libxil.a microblaze_0/lib/_exit.o microblaze_0/lib/errno.o microblaze_0/lib/fcntl.o microblaze_0/lib
TRACE::2025-03-25.17:48:38::SCWMssOS::/hw_exception_handler.o microblaze_0/lib/inbyte.o microblaze_0/lib/microblaze_disable_dcache.o microblaze_0/lib/microblaze_disa
TRACE::2025-03-25.17:48:38::SCWMssOS::ble_exceptions.o microblaze_0/lib/microblaze_disable_icache.o microblaze_0/lib/microblaze_disable_interrupts.o microblaze_0/lib
TRACE::2025-03-25.17:48:38::SCWMssOS::/microblaze_enable_dcache.o microblaze_0/lib/microblaze_enable_exceptions.o microblaze_0/lib/microblaze_enable_icache.o microbl
TRACE::2025-03-25.17:48:38::SCWMssOS::aze_0/lib/microblaze_enable_interrupts.o microblaze_0/lib/microblaze_exception_handler.o microblaze_0/lib/microblaze_flush_cach
TRACE::2025-03-25.17:48:38::SCWMssOS::e_ext.o microblaze_0/lib/microblaze_flush_cache_ext_range.o microblaze_0/lib/microblaze_flush_dcache.o microblaze_0/lib/microbl
TRACE::2025-03-25.17:48:38::SCWMssOS::aze_flush_dcache_range.o microblaze_0/lib/microblaze_init_dcache_range.o microblaze_0/lib/microblaze_init_icache_range.o microb
TRACE::2025-03-25.17:48:38::SCWMssOS::laze_0/lib/microblaze_interrupt_handler.o microblaze_0/lib/microblaze_interrupts_g.o microblaze_0/lib/microblaze_invalidate_cac
TRACE::2025-03-25.17:48:38::SCWMssOS::he_ext.o microblaze_0/lib/microblaze_invalidate_cache_ext_range.o microblaze_0/lib/microblaze_invalidate_dcache.o microblaze_0/
TRACE::2025-03-25.17:48:38::SCWMssOS::lib/microblaze_invalidate_dcache_range.o microblaze_0/lib/microblaze_invalidate_icache.o microblaze_0/lib/microblaze_invalidate
TRACE::2025-03-25.17:48:38::SCWMssOS::_icache_range.o microblaze_0/lib/microblaze_scrub.o microblaze_0/lib/microblaze_selftest.o microblaze_0/lib/microblaze_sleep.o 
TRACE::2025-03-25.17:48:38::SCWMssOS::microblaze_0/lib/microblaze_update_dcache.o microblaze_0/lib/microblaze_update_icache.o microblaze_0/lib/outbyte.o microblaze_0
TRACE::2025-03-25.17:48:38::SCWMssOS::/lib/print.o microblaze_0/lib/pvr.o microblaze_0/lib/xbram.o microblaze_0/lib/xbram_g.o microblaze_0/lib/xbram_intr.o microblaz
TRACE::2025-03-25.17:48:38::SCWMssOS::e_0/lib/xbram_selftest.o microblaze_0/lib/xbram_sinit.o microblaze_0/lib/xgpio.o microblaze_0/lib/xgpio_extra.o microblaze_0/li
TRACE::2025-03-25.17:48:38::SCWMssOS::b/xgpio_g.o microblaze_0/lib/xgpio_intr.o microblaze_0/lib/xgpio_selftest.o microblaze_0/lib/xgpio_sinit.o microblaze_0/lib/xil
TRACE::2025-03-25.17:48:38::SCWMssOS::_assert.o microblaze_0/lib/xil_cache.o microblaze_0/lib/xil_clocking.o microblaze_0/lib/xil_exception.o microblaze_0/lib/xil_me
TRACE::2025-03-25.17:48:38::SCWMssOS::m.o microblaze_0/lib/xil_misc_psreset_api.o microblaze_0/lib/xil_printf.o microblaze_0/lib/xil_sleepcommon.o microblaze_0/lib/x
TRACE::2025-03-25.17:48:38::SCWMssOS::il_testcache.o microblaze_0/lib/xil_testio.o microblaze_0/lib/xil_testmem.o microblaze_0/lib/xil_util.o microblaze_0/lib/xintc.
TRACE::2025-03-25.17:48:38::SCWMssOS::o microblaze_0/lib/xintc_g.o microblaze_0/lib/xintc_intr.o microblaze_0/lib/xintc_l.o microblaze_0/lib/xintc_options.o microbla
TRACE::2025-03-25.17:48:38::SCWMssOS::ze_0/lib/xintc_selftest.o microblaze_0/lib/xinterrupt_wrap.o microblaze_0/lib/xio.o microblaze_0/lib/xplatform_info.o microblaz
TRACE::2025-03-25.17:48:38::SCWMssOS::e_0/lib/xtmrctr.o microblaze_0/lib/xtmrctr_g.o microblaze_0/lib/xtmrctr_intr.o microblaze_0/lib/xtmrctr_l.o microblaze_0/lib/xt
TRACE::2025-03-25.17:48:38::SCWMssOS::mrctr_options.o microblaze_0/lib/xtmrctr_selftest.o microblaze_0/lib/xtmrctr_sinit.o microblaze_0/lib/xtmrctr_stats.o microblaz
TRACE::2025-03-25.17:48:38::SCWMssOS::e_0/lib/xuartlite.o microblaze_0/lib/xuartlite_g.o microblaze_0/lib/xuartlite_intr.o microblaze_0/lib/xuartlite_l.o microblaze_
TRACE::2025-03-25.17:48:38::SCWMssOS::0/lib/xuartlite_selftest.o microblaze_0/lib/xuartlite_sinit.o microblaze_0/lib/xuartlite_stats.o

TRACE::2025-03-25.17:48:38::SCWMssOS::'Finished building libraries'

TRACE::2025-03-25.17:48:38::SCWMssOS:: Checking if to create the Supporting Applications
TRACE::2025-03-25.17:48:38::SCWMssOS:: No Linux domain exists, trying to generate FSBL 
LOG::2025-03-25.17:48:38::SCWSystem::Completed Processing the domain standalone_domain
LOG::2025-03-25.17:48:38::SCWSystem::Completed Processing the sysconfig syncBlaze
LOG::2025-03-25.17:48:38::SCWPlatform::Completed generating the artifacts for system configuration syncBlaze
TRACE::2025-03-25.17:48:38::SCWPlatform::Started preparing the platform 
TRACE::2025-03-25.17:48:38::SCWSystem::Writing the bif file for system config syncBlaze
TRACE::2025-03-25.17:48:38::SCWSystem::dir created 
TRACE::2025-03-25.17:48:38::SCWSystem::Writing the bif 
TRACE::2025-03-25.17:48:38::SCWPlatform::Started writing the spfm file 
TRACE::2025-03-25.17:48:38::SCWPlatform::Started writing the xpfm file 
TRACE::2025-03-25.17:48:38::SCWPlatform::Completed generating the platform
TRACE::2025-03-25.17:48:38::SCWMssOS::Saving the mss changes E:/kevin/myCode/microBlaze1/vitisJson/syncBlaze/microblaze_0/standalone_domain/bsp/system.mss
TRACE::2025-03-25.17:48:38::SCWMssOS::Adding the swdes entry, mss present, able to open swdb E:/kevin/myCode/microBlaze1/vitisJson/syncBlaze/microblaze_0/standalone_domain/bsp/system.mss with des name system
TRACE::2025-03-25.17:48:38::SCWMssOS::Writing the mss file completed E:/kevin/myCode/microBlaze1/vitisJson/syncBlaze/microblaze_0/standalone_domain/bsp/system.mss
TRACE::2025-03-25.17:48:38::SCWMssOS::Commit changes completed.
TRACE::2025-03-25.17:48:38::SCWPlatform::Trying to open the hw design at E:/kevin/myCode/microBlaze1/vitisJson/syncBlaze/hw/design_1_wrapper.xsa
TRACE::2025-03-25.17:48:38::SCWPlatform::DSA given E:/kevin/myCode/microBlaze1/vitisJson/syncBlaze/hw/design_1_wrapper.xsa
TRACE::2025-03-25.17:48:38::SCWPlatform::DSA absoulate path E:/kevin/myCode/microBlaze1/vitisJson/syncBlaze/hw/design_1_wrapper.xsa
TRACE::2025-03-25.17:48:38::SCWPlatform::DSA directory E:/kevin/myCode/microBlaze1/vitisJson/syncBlaze/hw
TRACE::2025-03-25.17:48:38::SCWPlatform:: Platform Path E:/kevin/myCode/microBlaze1/vitisJson/syncBlaze/hw/design_1_wrapper.xsa
TRACE::2025-03-25.17:48:38::SCWPlatform:: Unique name xilinx:::0.0
TRACE::2025-03-25.17:48:38::SCWPlatform::Trying to set the existing hwdb with name design_1_wrapper_15
TRACE::2025-03-25.17:48:38::SCWPlatform::Opened existing hwdb design_1_wrapper_15
TRACE::2025-03-25.17:48:38::SCWPlatform::Found the Hw Db part of the input DSA
TRACE::2025-03-25.17:48:38::SCWMssOS::Checking the sw design at  E:/kevin/myCode/microBlaze1/vitisJson/syncBlaze/microblaze_0/standalone_domain/bsp/system.mss
TRACE::2025-03-25.17:48:38::SCWMssOS::DEBUG:  swdes dump  E:/kevin/myCode/microBlaze1/vitisJson/syncBlaze/microblaze_0/standalone_domain/bsp/system.mss|system||

TRACE::2025-03-25.17:48:38::SCWMssOS::Sw design exists and opened at  E:/kevin/myCode/microBlaze1/vitisJson/syncBlaze/microblaze_0/standalone_domain/bsp/system.mss
TRACE::2025-03-25.17:48:38::SCWWriter::formatted JSON is {
	"platformName":	"syncBlaze",
	"sprVersion":	"2.0",
	"mode":	"gui",
	"dsaType":	"Fixed",
	"platformDesc":	"syncBlaze",
	"platHandOff":	"E:/kevin/myCode/microBlaze1/design_1_wrapper.xsa",
	"platIntHandOff":	"<platformDir>/hw/design_1_wrapper.xsa",
	"deviceType":	"FPGA",
	"platIsPrebuiltAutogen":	"false",
	"platIsNoBootBsp":	"false",
	"hasFsblMakeHasChanges":	"false",
	"hasPmufwMakeHasChanges":	"false",
	"platPreBuiltFlag":	false,
	"platformSamplesDir":	"",
	"platActiveSys":	"syncBlaze",
	"systems":	[{
			"systemName":	"syncBlaze",
			"systemDesc":	"syncBlaze",
			"sysIsBootAutoGen":	"true",
			"systemDispName":	"syncBlaze",
			"sysActiveDom":	"standalone_domain",
			"sysDefaultDom":	"standalone_domain",
			"domains":	[{
					"domainName":	"standalone_domain",
					"domainDispName":	"standalone on microblaze_0",
					"domainDesc":	"standalone_domain",
					"processors":	"microblaze_0",
					"os":	"standalone",
					"sdxOs":	"standalone",
					"debugEnable":	"False",
					"domRuntimes":	["cpp"],
					"swRepo":	"",
					"mssOsVer":	"8.0",
					"mssFile":	"",
					"md5Digest":	"e2cdda41e7956801f4f51a65042beca0",
					"compatibleApp":	"",
					"domType":	"mssDomain",
					"arch":	"32-bit",
					"appSettings":	{
						"appCompilerFlags":	"",
						"appLinkerFlags":	""
					},
					"addedLibs":	[],
					"libOptions":	{
						"libsContainingOptions":	[]
					},
					"prebuiltLibs":	{
						"prebuiltIncPath":	[],
						"prebuiltLibPath":	[]
					},
					"isolation":	{
					}
				}]
		}]
}
KEYINFO::2025-03-25.17:48:38::SCWPlatform::updated the xpfm file.
TRACE::2025-03-25.17:48:38::SCWPlatform::Trying to open the hw design at E:/kevin/myCode/microBlaze1/vitisJson/syncBlaze/hw/design_1_wrapper.xsa
TRACE::2025-03-25.17:48:38::SCWPlatform::DSA given E:/kevin/myCode/microBlaze1/vitisJson/syncBlaze/hw/design_1_wrapper.xsa
TRACE::2025-03-25.17:48:38::SCWPlatform::DSA absoulate path E:/kevin/myCode/microBlaze1/vitisJson/syncBlaze/hw/design_1_wrapper.xsa
TRACE::2025-03-25.17:48:38::SCWPlatform::DSA directory E:/kevin/myCode/microBlaze1/vitisJson/syncBlaze/hw
TRACE::2025-03-25.17:48:38::SCWPlatform:: Platform Path E:/kevin/myCode/microBlaze1/vitisJson/syncBlaze/hw/design_1_wrapper.xsa
TRACE::2025-03-25.17:48:38::SCWPlatform:: Unique name xilinx:::0.0
TRACE::2025-03-25.17:48:38::SCWPlatform::Trying to set the existing hwdb with name design_1_wrapper_15
TRACE::2025-03-25.17:48:38::SCWPlatform::Opened existing hwdb design_1_wrapper_15
TRACE::2025-03-25.17:48:38::SCWPlatform::Found the Hw Db part of the input DSA
TRACE::2025-03-25.17:48:38::SCWMssOS::Checking the sw design at  E:/kevin/myCode/microBlaze1/vitisJson/syncBlaze/microblaze_0/standalone_domain/bsp/system.mss
TRACE::2025-03-25.17:48:38::SCWMssOS::DEBUG:  swdes dump  E:/kevin/myCode/microBlaze1/vitisJson/syncBlaze/microblaze_0/standalone_domain/bsp/system.mss|system||

TRACE::2025-03-25.17:48:38::SCWMssOS::Sw design exists and opened at  E:/kevin/myCode/microBlaze1/vitisJson/syncBlaze/microblaze_0/standalone_domain/bsp/system.mss
TRACE::2025-03-28.13:14:40::SCWPlatform::Trying to open the hw design at E:/kevin/myCode/microBlaze1/vitisJson/syncBlaze/hw/design_1_wrapper.xsa
TRACE::2025-03-28.13:14:40::SCWPlatform::DSA given E:/kevin/myCode/microBlaze1/vitisJson/syncBlaze/hw/design_1_wrapper.xsa
TRACE::2025-03-28.13:14:40::SCWPlatform::DSA absoulate path E:/kevin/myCode/microBlaze1/vitisJson/syncBlaze/hw/design_1_wrapper.xsa
TRACE::2025-03-28.13:14:40::SCWPlatform::DSA directory E:/kevin/myCode/microBlaze1/vitisJson/syncBlaze/hw
TRACE::2025-03-28.13:14:40::SCWPlatform:: Platform Path E:/kevin/myCode/microBlaze1/vitisJson/syncBlaze/hw/design_1_wrapper.xsa
TRACE::2025-03-28.13:14:40::SCWPlatform:: Unique name xilinx:::0.0
TRACE::2025-03-28.13:14:40::SCWPlatform::Do not have an existing db opened. 
TRACE::2025-03-28.13:14:41::SCWPlatform::Opened new HwDB with name design_1_wrapper
TRACE::2025-03-28.13:14:41::SCWReader::Active system found as  syncBlaze
TRACE::2025-03-28.13:14:41::SCWReader::Handling sysconfig syncBlaze
TRACE::2025-03-28.13:14:41::SCWDomain::checking for install qemu data   : 
TRACE::2025-03-28.13:14:41::SCWPlatform::Trying to open the hw design at E:/kevin/myCode/microBlaze1/vitisJson/syncBlaze/hw/design_1_wrapper.xsa
TRACE::2025-03-28.13:14:41::SCWPlatform::DSA given E:/kevin/myCode/microBlaze1/vitisJson/syncBlaze/hw/design_1_wrapper.xsa
TRACE::2025-03-28.13:14:41::SCWPlatform::DSA absoulate path E:/kevin/myCode/microBlaze1/vitisJson/syncBlaze/hw/design_1_wrapper.xsa
TRACE::2025-03-28.13:14:41::SCWPlatform::DSA directory E:/kevin/myCode/microBlaze1/vitisJson/syncBlaze/hw
TRACE::2025-03-28.13:14:41::SCWPlatform:: Platform Path E:/kevin/myCode/microBlaze1/vitisJson/syncBlaze/hw/design_1_wrapper.xsa
TRACE::2025-03-28.13:14:41::SCWPlatform:: Unique name xilinx:::0.0
TRACE::2025-03-28.13:14:41::SCWPlatform::Trying to set the existing hwdb with name design_1_wrapper
TRACE::2025-03-28.13:14:41::SCWPlatform::Opened existing hwdb design_1_wrapper
TRACE::2025-03-28.13:14:41::SCWPlatform::Found the Hw Db part of the input DSA
TRACE::2025-03-28.13:14:41::SCWPlatform::Trying to open the hw design at E:/kevin/myCode/microBlaze1/vitisJson/syncBlaze/hw/design_1_wrapper.xsa
TRACE::2025-03-28.13:14:41::SCWPlatform::DSA given E:/kevin/myCode/microBlaze1/vitisJson/syncBlaze/hw/design_1_wrapper.xsa
TRACE::2025-03-28.13:14:41::SCWPlatform::DSA absoulate path E:/kevin/myCode/microBlaze1/vitisJson/syncBlaze/hw/design_1_wrapper.xsa
TRACE::2025-03-28.13:14:41::SCWPlatform::DSA directory E:/kevin/myCode/microBlaze1/vitisJson/syncBlaze/hw
TRACE::2025-03-28.13:14:41::SCWPlatform:: Platform Path E:/kevin/myCode/microBlaze1/vitisJson/syncBlaze/hw/design_1_wrapper.xsa
TRACE::2025-03-28.13:14:41::SCWPlatform:: Unique name xilinx:::0.0
TRACE::2025-03-28.13:14:41::SCWPlatform::Trying to set the existing hwdb with name design_1_wrapper
TRACE::2025-03-28.13:14:41::SCWPlatform::Opened existing hwdb design_1_wrapper
TRACE::2025-03-28.13:14:41::SCWPlatform::Found the Hw Db part of the input DSA
TRACE::2025-03-28.13:14:41::SCWPlatform::Trying to open the hw design at E:/kevin/myCode/microBlaze1/vitisJson/syncBlaze/hw/design_1_wrapper.xsa
TRACE::2025-03-28.13:14:41::SCWPlatform::DSA given E:/kevin/myCode/microBlaze1/vitisJson/syncBlaze/hw/design_1_wrapper.xsa
TRACE::2025-03-28.13:14:41::SCWPlatform::DSA absoulate path E:/kevin/myCode/microBlaze1/vitisJson/syncBlaze/hw/design_1_wrapper.xsa
TRACE::2025-03-28.13:14:41::SCWPlatform::DSA directory E:/kevin/myCode/microBlaze1/vitisJson/syncBlaze/hw
TRACE::2025-03-28.13:14:41::SCWPlatform:: Platform Path E:/kevin/myCode/microBlaze1/vitisJson/syncBlaze/hw/design_1_wrapper.xsa
TRACE::2025-03-28.13:14:41::SCWPlatform:: Unique name xilinx:::0.0
TRACE::2025-03-28.13:14:41::SCWPlatform::Trying to set the existing hwdb with name design_1_wrapper
TRACE::2025-03-28.13:14:41::SCWPlatform::Opened existing hwdb design_1_wrapper
TRACE::2025-03-28.13:14:41::SCWPlatform::Found the Hw Db part of the input DSA
TRACE::2025-03-28.13:14:41::SCWPlatform::Trying to open the hw design at E:/kevin/myCode/microBlaze1/vitisJson/syncBlaze/hw/design_1_wrapper.xsa
TRACE::2025-03-28.13:14:41::SCWPlatform::DSA given E:/kevin/myCode/microBlaze1/vitisJson/syncBlaze/hw/design_1_wrapper.xsa
TRACE::2025-03-28.13:14:41::SCWPlatform::DSA absoulate path E:/kevin/myCode/microBlaze1/vitisJson/syncBlaze/hw/design_1_wrapper.xsa
TRACE::2025-03-28.13:14:41::SCWPlatform::DSA directory E:/kevin/myCode/microBlaze1/vitisJson/syncBlaze/hw
TRACE::2025-03-28.13:14:41::SCWPlatform:: Platform Path E:/kevin/myCode/microBlaze1/vitisJson/syncBlaze/hw/design_1_wrapper.xsa
TRACE::2025-03-28.13:14:41::SCWPlatform:: Unique name xilinx:::0.0
TRACE::2025-03-28.13:14:41::SCWPlatform::Trying to set the existing hwdb with name design_1_wrapper
TRACE::2025-03-28.13:14:41::SCWPlatform::Opened existing hwdb design_1_wrapper
TRACE::2025-03-28.13:14:41::SCWPlatform::Found the Hw Db part of the input DSA
TRACE::2025-03-28.13:14:41::SCWMssOS::Checking the sw design at  E:/kevin/myCode/microBlaze1/vitisJson/syncBlaze/microblaze_0/standalone_domain/bsp/system.mss
TRACE::2025-03-28.13:14:41::SCWMssOS::DEBUG:  swdes dump  
TRACE::2025-03-28.13:14:41::SCWMssOS::No sw design opened at  E:/kevin/myCode/microBlaze1/vitisJson/syncBlaze/microblaze_0/standalone_domain/bsp/system.mss
TRACE::2025-03-28.13:14:41::SCWMssOS::mss exists loading the mss file  E:/kevin/myCode/microBlaze1/vitisJson/syncBlaze/microblaze_0/standalone_domain/bsp/system.mss
TRACE::2025-03-28.13:14:41::SCWMssOS::Opened the sw design from mss  E:/kevin/myCode/microBlaze1/vitisJson/syncBlaze/microblaze_0/standalone_domain/bsp/system.mss
TRACE::2025-03-28.13:14:41::SCWMssOS::Adding the swdes entry E:/kevin/myCode/microBlaze1/vitisJson/syncBlaze/microblaze_0/standalone_domain/bsp/system.mss with des name system
TRACE::2025-03-28.13:14:41::SCWMssOS::updating the scw layer about changes
TRACE::2025-03-28.13:14:41::SCWMssOS::Opened the sw design.  E:/kevin/myCode/microBlaze1/vitisJson/syncBlaze/microblaze_0/standalone_domain/bsp/system.mss
TRACE::2025-03-28.13:14:41::SCWMssOS::Saving the mss changes E:/kevin/myCode/microBlaze1/vitisJson/syncBlaze/microblaze_0/standalone_domain/bsp/system.mss
TRACE::2025-03-28.13:14:41::SCWMssOS::Found a swdesign opened with the mssfile.
TRACE::2025-03-28.13:14:41::SCWMssOS::Completed writemss as part of save.
TRACE::2025-03-28.13:14:41::SCWMssOS::Commit changes completed.
TRACE::2025-03-28.13:14:41::SCWReader::Adding prebuilt librarypaths as   
TRACE::2025-03-28.13:14:41::SCWReader::Adding prebuilt incpaths  as   
TRACE::2025-03-28.13:14:41::SCWPlatform::Trying to open the hw design at E:/kevin/myCode/microBlaze1/vitisJson/syncBlaze/hw/design_1_wrapper.xsa
TRACE::2025-03-28.13:14:41::SCWPlatform::DSA given E:/kevin/myCode/microBlaze1/vitisJson/syncBlaze/hw/design_1_wrapper.xsa
TRACE::2025-03-28.13:14:41::SCWPlatform::DSA absoulate path E:/kevin/myCode/microBlaze1/vitisJson/syncBlaze/hw/design_1_wrapper.xsa
TRACE::2025-03-28.13:14:41::SCWPlatform::DSA directory E:/kevin/myCode/microBlaze1/vitisJson/syncBlaze/hw
TRACE::2025-03-28.13:14:41::SCWPlatform:: Platform Path E:/kevin/myCode/microBlaze1/vitisJson/syncBlaze/hw/design_1_wrapper.xsa
TRACE::2025-03-28.13:14:41::SCWPlatform:: Unique name xilinx:::0.0
TRACE::2025-03-28.13:14:41::SCWPlatform::Trying to set the existing hwdb with name design_1_wrapper
TRACE::2025-03-28.13:14:41::SCWPlatform::Opened existing hwdb design_1_wrapper
TRACE::2025-03-28.13:14:41::SCWPlatform::Found the Hw Db part of the input DSA
TRACE::2025-03-28.13:14:41::SCWMssOS::Checking the sw design at  E:/kevin/myCode/microBlaze1/vitisJson/syncBlaze/microblaze_0/standalone_domain/bsp/system.mss
TRACE::2025-03-28.13:14:41::SCWMssOS::DEBUG:  swdes dump  E:/kevin/myCode/microBlaze1/vitisJson/syncBlaze/microblaze_0/standalone_domain/bsp/system.mss|system||

TRACE::2025-03-28.13:14:41::SCWMssOS::Sw design exists and opened at  E:/kevin/myCode/microBlaze1/vitisJson/syncBlaze/microblaze_0/standalone_domain/bsp/system.mss
TRACE::2025-03-28.13:14:41::SCWReader::No isolation master present  
TRACE::2025-03-28.13:14:44::SCWPlatform::DSA given E:/kevin/myCode/microBlaze1/vitisJson/syncBlaze/tempdsa/design_1_wrapper.xsa
TRACE::2025-03-28.13:14:44::SCWPlatform::DSA absoulate path E:/kevin/myCode/microBlaze1/vitisJson/syncBlaze/tempdsa/design_1_wrapper.xsa
TRACE::2025-03-28.13:14:44::SCWPlatform:: Platform location is E:/kevin/myCode/microBlaze1/vitisJson/syncBlaze/tempdsa
TRACE::2025-03-28.13:14:44::SCWPlatform:: Platform Path E:/kevin/myCode/microBlaze1/vitisJson/syncBlaze/tempdsa/design_1_wrapper.xsa
TRACE::2025-03-28.13:14:44::SCWPlatform:: Unique name xilinx:::0.0
TRACE::2025-03-28.13:14:45::SCWPlatform::Found the Hw Db part of the input DSA
TRACE::2025-03-28.13:14:45::SCWMssOS::Doing hw sync for the mss in domain: standalone_domain
TRACE::2025-03-28.13:14:45::SCWPlatform::Trying to open the hw design at E:/kevin/myCode/microBlaze1/vitisJson/syncBlaze/hw/design_1_wrapper.xsa
TRACE::2025-03-28.13:14:45::SCWPlatform::DSA given E:/kevin/myCode/microBlaze1/vitisJson/syncBlaze/hw/design_1_wrapper.xsa
TRACE::2025-03-28.13:14:45::SCWPlatform::DSA absoulate path E:/kevin/myCode/microBlaze1/vitisJson/syncBlaze/hw/design_1_wrapper.xsa
TRACE::2025-03-28.13:14:45::SCWPlatform::DSA directory E:/kevin/myCode/microBlaze1/vitisJson/syncBlaze/hw
TRACE::2025-03-28.13:14:45::SCWPlatform:: Platform Path E:/kevin/myCode/microBlaze1/vitisJson/syncBlaze/hw/design_1_wrapper.xsa
TRACE::2025-03-28.13:14:45::SCWPlatform:: Unique name xilinx:::0.0
TRACE::2025-03-28.13:14:45::SCWPlatform::Trying to set the existing hwdb with name design_1_wrapper
TRACE::2025-03-28.13:14:45::SCWPlatform::Opened existing hwdb design_1_wrapper
TRACE::2025-03-28.13:14:45::SCWPlatform::Found the Hw Db part of the input DSA
TRACE::2025-03-28.13:14:45::SCWPlatform::Trying to open the hw design at E:/kevin/myCode/microBlaze1/vitisJson/syncBlaze/hw/design_1_wrapper.xsa
TRACE::2025-03-28.13:14:45::SCWPlatform::DSA given E:/kevin/myCode/microBlaze1/vitisJson/syncBlaze/hw/design_1_wrapper.xsa
TRACE::2025-03-28.13:14:45::SCWPlatform::DSA absoulate path E:/kevin/myCode/microBlaze1/vitisJson/syncBlaze/hw/design_1_wrapper.xsa
TRACE::2025-03-28.13:14:45::SCWPlatform::DSA directory E:/kevin/myCode/microBlaze1/vitisJson/syncBlaze/hw
TRACE::2025-03-28.13:14:45::SCWPlatform:: Platform Path E:/kevin/myCode/microBlaze1/vitisJson/syncBlaze/hw/design_1_wrapper.xsa
TRACE::2025-03-28.13:14:45::SCWPlatform:: Unique name xilinx:::0.0
TRACE::2025-03-28.13:14:45::SCWPlatform::Trying to set the existing hwdb with name design_1_wrapper
TRACE::2025-03-28.13:14:45::SCWPlatform::Opened existing hwdb design_1_wrapper
TRACE::2025-03-28.13:14:45::SCWPlatform::Found the Hw Db part of the input DSA
TRACE::2025-03-28.13:14:45::SCWMssOS::Checking the sw design at  E:/kevin/myCode/microBlaze1/vitisJson/syncBlaze/microblaze_0/standalone_domain/bsp/system.mss
TRACE::2025-03-28.13:14:45::SCWMssOS::DEBUG:  swdes dump  E:/kevin/myCode/microBlaze1/vitisJson/syncBlaze/microblaze_0/standalone_domain/bsp/system.mss|system||

TRACE::2025-03-28.13:14:45::SCWMssOS::Sw design exists and opened at  E:/kevin/myCode/microBlaze1/vitisJson/syncBlaze/microblaze_0/standalone_domain/bsp/system.mss
TRACE::2025-03-28.13:14:45::SCWPlatform::Trying to open the hw design at E:/kevin/myCode/microBlaze1/vitisJson/syncBlaze/tempdsa/design_1_wrapper.xsa
TRACE::2025-03-28.13:14:45::SCWPlatform::DSA given E:/kevin/myCode/microBlaze1/vitisJson/syncBlaze/tempdsa/design_1_wrapper.xsa
TRACE::2025-03-28.13:14:45::SCWPlatform::DSA absoulate path E:/kevin/myCode/microBlaze1/vitisJson/syncBlaze/tempdsa/design_1_wrapper.xsa
TRACE::2025-03-28.13:14:45::SCWPlatform::DSA directory E:/kevin/myCode/microBlaze1/vitisJson/syncBlaze/tempdsa
TRACE::2025-03-28.13:14:45::SCWPlatform:: Platform Path E:/kevin/myCode/microBlaze1/vitisJson/syncBlaze/tempdsa/design_1_wrapper.xsa
TRACE::2025-03-28.13:14:45::SCWPlatform:: Unique name xilinx:::0.0
TRACE::2025-03-28.13:14:45::SCWPlatform::update - Opened existing hwdb design_1_wrapper_0
TRACE::2025-03-28.13:14:45::SCWPlatform::Found the Hw Db part of the input DSA
TRACE::2025-03-28.13:14:45::SCWMssOS::Saving the mss changes E:/kevin/myCode/microBlaze1/vitisJson/syncBlaze/microblaze_0/standalone_domain/bsp/system.mss
TRACE::2025-03-28.13:14:45::SCWMssOS::Found a swdesign opened with the mssfile.
TRACE::2025-03-28.13:14:45::SCWMssOS::Completed writemss as part of save.
TRACE::2025-03-28.13:14:45::SCWMssOS::Commit changes completed.
TRACE::2025-03-28.13:14:45::SCWMssOS::Completed hw sync for the mss in domain: standalone_domain
TRACE::2025-03-28.13:14:45::SCWMssOS::Removing the swdes entry for  E:/kevin/myCode/microBlaze1/vitisJson/syncBlaze/microblaze_0/standalone_domain/bsp/system.mss
TRACE::2025-03-28.13:14:45::SCWPlatform::Trying to open the hw design at E:/kevin/myCode/microBlaze1/vitisJson/syncBlaze/hw/design_1_wrapper.xsa
TRACE::2025-03-28.13:14:45::SCWPlatform::DSA given E:/kevin/myCode/microBlaze1/vitisJson/syncBlaze/hw/design_1_wrapper.xsa
TRACE::2025-03-28.13:14:45::SCWPlatform::DSA absoulate path E:/kevin/myCode/microBlaze1/vitisJson/syncBlaze/hw/design_1_wrapper.xsa
TRACE::2025-03-28.13:14:45::SCWPlatform::DSA directory E:/kevin/myCode/microBlaze1/vitisJson/syncBlaze/hw
TRACE::2025-03-28.13:14:45::SCWPlatform:: Platform Path E:/kevin/myCode/microBlaze1/vitisJson/syncBlaze/hw/design_1_wrapper.xsa
TRACE::2025-03-28.13:14:45::SCWPlatform:: Unique name xilinx:::0.0
TRACE::2025-03-28.13:14:45::SCWPlatform::Do not have an existing db opened. 
TRACE::2025-03-28.13:14:45::SCWPlatform::Opened new HwDB with name design_1_wrapper_1
TRACE::2025-03-28.13:14:45::SCWMssOS::Saving the mss changes E:/kevin/myCode/microBlaze1/vitisJson/syncBlaze/microblaze_0/standalone_domain/bsp/system.mss
TRACE::2025-03-28.13:14:45::SCWMssOS::Adding the swdes entry, mss present, able to open swdb E:/kevin/myCode/microBlaze1/vitisJson/syncBlaze/microblaze_0/standalone_domain/bsp/system.mss with des name system
TRACE::2025-03-28.13:14:45::SCWMssOS::Writing the mss file completed E:/kevin/myCode/microBlaze1/vitisJson/syncBlaze/microblaze_0/standalone_domain/bsp/system.mss
TRACE::2025-03-28.13:14:45::SCWMssOS::Commit changes completed.
TRACE::2025-03-28.13:14:45::SCWPlatform::Trying to open the hw design at E:/kevin/myCode/microBlaze1/vitisJson/syncBlaze/hw/design_1_wrapper.xsa
TRACE::2025-03-28.13:14:45::SCWPlatform::DSA given E:/kevin/myCode/microBlaze1/vitisJson/syncBlaze/hw/design_1_wrapper.xsa
TRACE::2025-03-28.13:14:45::SCWPlatform::DSA absoulate path E:/kevin/myCode/microBlaze1/vitisJson/syncBlaze/hw/design_1_wrapper.xsa
TRACE::2025-03-28.13:14:45::SCWPlatform::DSA directory E:/kevin/myCode/microBlaze1/vitisJson/syncBlaze/hw
TRACE::2025-03-28.13:14:45::SCWPlatform:: Platform Path E:/kevin/myCode/microBlaze1/vitisJson/syncBlaze/hw/design_1_wrapper.xsa
TRACE::2025-03-28.13:14:45::SCWPlatform:: Unique name xilinx:::0.0
TRACE::2025-03-28.13:14:45::SCWPlatform::Trying to set the existing hwdb with name design_1_wrapper_1
TRACE::2025-03-28.13:14:45::SCWPlatform::Opened existing hwdb design_1_wrapper_1
TRACE::2025-03-28.13:14:45::SCWPlatform::Found the Hw Db part of the input DSA
TRACE::2025-03-28.13:14:45::SCWMssOS::Checking the sw design at  E:/kevin/myCode/microBlaze1/vitisJson/syncBlaze/microblaze_0/standalone_domain/bsp/system.mss
TRACE::2025-03-28.13:14:45::SCWMssOS::DEBUG:  swdes dump  E:/kevin/myCode/microBlaze1/vitisJson/syncBlaze/microblaze_0/standalone_domain/bsp/system.mss|system||

TRACE::2025-03-28.13:14:45::SCWMssOS::Sw design exists and opened at  E:/kevin/myCode/microBlaze1/vitisJson/syncBlaze/microblaze_0/standalone_domain/bsp/system.mss
TRACE::2025-03-28.13:14:45::SCWWriter::formatted JSON is {
	"platformName":	"syncBlaze",
	"sprVersion":	"2.0",
	"mode":	"gui",
	"dsaType":	"Fixed",
	"platformDesc":	"syncBlaze",
	"platHandOff":	"E:/kevin/myCode/microBlaze1/design_1_wrapper.xsa",
	"platIntHandOff":	"<platformDir>/hw/design_1_wrapper.xsa",
	"deviceType":	"FPGA",
	"platIsPrebuiltAutogen":	"false",
	"platIsNoBootBsp":	"false",
	"hasFsblMakeHasChanges":	"false",
	"hasPmufwMakeHasChanges":	"false",
	"platPreBuiltFlag":	false,
	"platformSamplesDir":	"",
	"platActiveSys":	"syncBlaze",
	"systems":	[{
			"systemName":	"syncBlaze",
			"systemDesc":	"syncBlaze",
			"sysIsBootAutoGen":	"true",
			"systemDispName":	"syncBlaze",
			"sysActiveDom":	"standalone_domain",
			"sysDefaultDom":	"standalone_domain",
			"domains":	[{
					"domainName":	"standalone_domain",
					"domainDispName":	"standalone on microblaze_0",
					"domainDesc":	"standalone_domain",
					"processors":	"microblaze_0",
					"os":	"standalone",
					"sdxOs":	"standalone",
					"debugEnable":	"False",
					"domRuntimes":	["cpp"],
					"swRepo":	"",
					"mssOsVer":	"8.0",
					"mssFile":	"",
					"md5Digest":	"e2cdda41e7956801f4f51a65042beca01",
					"compatibleApp":	"",
					"domType":	"mssDomain",
					"arch":	"32-bit",
					"appSettings":	{
						"appCompilerFlags":	"",
						"appLinkerFlags":	""
					},
					"addedLibs":	[],
					"libOptions":	{
						"libsContainingOptions":	[]
					},
					"prebuiltLibs":	{
						"prebuiltIncPath":	[],
						"prebuiltLibPath":	[]
					},
					"isolation":	{
					}
				}]
		}]
}
LOG::2025-03-28.13:14:56::SCWPlatform::Started generating the artifacts platform syncBlaze
TRACE::2025-03-28.13:14:56::SCWPlatform::Sanity checking of platform is completed
LOG::2025-03-28.13:14:56::SCWPlatform::Started generating the artifacts for system configuration syncBlaze
LOG::2025-03-28.13:14:56::SCWSystem::Checking the domain standalone_domain
LOG::2025-03-28.13:14:56::SCWSystem::Not a boot domain 
LOG::2025-03-28.13:14:56::SCWSystem::Started Processing the domain standalone_domain
TRACE::2025-03-28.13:14:56::SCWDomain::Generating domain artifcats
TRACE::2025-03-28.13:14:56::SCWMssOS::Generating standalone artifcats
TRACE::2025-03-28.13:14:56::SCWMssOS:: Copying the user libraries. 
TRACE::2025-03-28.13:14:56::SCWPlatform::Trying to open the hw design at E:/kevin/myCode/microBlaze1/vitisJson/syncBlaze/hw/design_1_wrapper.xsa
TRACE::2025-03-28.13:14:56::SCWPlatform::DSA given E:/kevin/myCode/microBlaze1/vitisJson/syncBlaze/hw/design_1_wrapper.xsa
TRACE::2025-03-28.13:14:56::SCWPlatform::DSA absoulate path E:/kevin/myCode/microBlaze1/vitisJson/syncBlaze/hw/design_1_wrapper.xsa
TRACE::2025-03-28.13:14:56::SCWPlatform::DSA directory E:/kevin/myCode/microBlaze1/vitisJson/syncBlaze/hw
TRACE::2025-03-28.13:14:56::SCWPlatform:: Platform Path E:/kevin/myCode/microBlaze1/vitisJson/syncBlaze/hw/design_1_wrapper.xsa
TRACE::2025-03-28.13:14:56::SCWPlatform:: Unique name xilinx:::0.0
TRACE::2025-03-28.13:14:56::SCWPlatform::Trying to set the existing hwdb with name design_1_wrapper_1
TRACE::2025-03-28.13:14:56::SCWPlatform::Opened existing hwdb design_1_wrapper_1
TRACE::2025-03-28.13:14:56::SCWPlatform::Found the Hw Db part of the input DSA
TRACE::2025-03-28.13:14:56::SCWMssOS::Checking the sw design at  E:/kevin/myCode/microBlaze1/vitisJson/syncBlaze/microblaze_0/standalone_domain/bsp/system.mss
TRACE::2025-03-28.13:14:56::SCWMssOS::DEBUG:  swdes dump  E:/kevin/myCode/microBlaze1/vitisJson/syncBlaze/microblaze_0/standalone_domain/bsp/system.mss|system||

TRACE::2025-03-28.13:14:56::SCWMssOS::Sw design exists and opened at  E:/kevin/myCode/microBlaze1/vitisJson/syncBlaze/microblaze_0/standalone_domain/bsp/system.mss
TRACE::2025-03-28.13:14:56::SCWMssOS::Completed writing the mss file at E:/kevin/myCode/microBlaze1/vitisJson/syncBlaze/microblaze_0/standalone_domain/bsp
TRACE::2025-03-28.13:14:56::SCWMssOS::Mss edits present, copying mssfile into export location E:/kevin/myCode/microBlaze1/vitisJson/syncBlaze/microblaze_0/standalone_domain/bsp/system.mss
TRACE::2025-03-28.13:14:56::SCWMssOS::bsp generated is stale removing and regenerating. 
TRACE::2025-03-28.13:15:04::SCWMssOS::doing bsp build ... 
TRACE::2025-03-28.13:15:04::SCWMssOS::System Command Ran  E: & cd  E:/kevin/myCode/microBlaze1/vitisJson/syncBlaze/microblaze_0/standalone_domain/bsp & make 
TRACE::2025-03-28.13:15:04::SCWMssOS::make --no-print-directory seq_libs

TRACE::2025-03-28.13:15:04::SCWMssOS::'Finished building libraries sequentially.'

TRACE::2025-03-28.13:15:04::SCWMssOS::make -j 14 --no-print-directory par_libs

TRACE::2025-03-28.13:15:04::SCWMssOS::"Running Make include in microblaze_0/libsrc/bram_v4_8/src"

TRACE::2025-03-28.13:15:04::SCWMssOS::make -C microblaze_0/libsrc/bram_v4_8/src -s include  "SHELL=CMD" "COMPILER=mb-gcc" "ASSEMBLER=mb-as" "ARCHIVER=mb-ar" "COMPILE
TRACE::2025-03-28.13:15:04::SCWMssOS::R_FLAGS=  -O2 -c -mcpu=v11.0 -mlittle-endian -mxl-soft-mul" "EXTRA_COMPILER_FLAGS=-g -ffunction-sections -fdata-sections -Wall 
TRACE::2025-03-28.13:15:04::SCWMssOS::-Wextra -fno-tree-loop-distribute-patterns"

TRACE::2025-03-28.13:15:04::SCWMssOS::"Running Make include in microblaze_0/libsrc/cpu_v2_16/src"

TRACE::2025-03-28.13:15:04::SCWMssOS::make -C microblaze_0/libsrc/cpu_v2_16/src -s include  "SHELL=CMD" "COMPILER=mb-gcc" "ASSEMBLER=mb-as" "ARCHIVER=mb-ar" "COMPILE
TRACE::2025-03-28.13:15:04::SCWMssOS::R_FLAGS=  -O2 -c -mcpu=v11.0 -mlittle-endian -mxl-soft-mul" "EXTRA_COMPILER_FLAGS=-g -ffunction-sections -fdata-sections -Wall 
TRACE::2025-03-28.13:15:04::SCWMssOS::-Wextra -fno-tree-loop-distribute-patterns"

TRACE::2025-03-28.13:15:04::SCWMssOS::"Running Make include in microblaze_0/libsrc/gpio_v4_9/src"

TRACE::2025-03-28.13:15:04::SCWMssOS::make -C microblaze_0/libsrc/gpio_v4_9/src -s include  "SHELL=CMD" "COMPILER=mb-gcc" "ASSEMBLER=mb-as" "ARCHIVER=mb-ar" "COMPILE
TRACE::2025-03-28.13:15:04::SCWMssOS::R_FLAGS=  -O2 -c -mcpu=v11.0 -mlittle-endian -mxl-soft-mul" "EXTRA_COMPILER_FLAGS=-g -ffunction-sections -fdata-sections -Wall 
TRACE::2025-03-28.13:15:04::SCWMssOS::-Wextra -fno-tree-loop-distribute-patterns"

TRACE::2025-03-28.13:15:04::SCWMssOS::"Running Make include in microblaze_0/libsrc/intc_v3_15/src"

TRACE::2025-03-28.13:15:04::SCWMssOS::make -C microblaze_0/libsrc/intc_v3_15/src -s include  "SHELL=CMD" "COMPILER=mb-gcc" "ASSEMBLER=mb-as" "ARCHIVER=mb-ar" "COMPIL
TRACE::2025-03-28.13:15:04::SCWMssOS::ER_FLAGS=  -O2 -c -mcpu=v11.0 -mlittle-endian -mxl-soft-mul" "EXTRA_COMPILER_FLAGS=-g -ffunction-sections -fdata-sections -Wall
TRACE::2025-03-28.13:15:04::SCWMssOS:: -Wextra -fno-tree-loop-distribute-patterns"

TRACE::2025-03-28.13:15:04::SCWMssOS::"Running Make include in microblaze_0/libsrc/standalone_v8_0/src"

TRACE::2025-03-28.13:15:04::SCWMssOS::make -C microblaze_0/libsrc/standalone_v8_0/src -s include  "SHELL=CMD" "COMPILER=mb-gcc" "ASSEMBLER=mb-as" "ARCHIVER=mb-ar" "C
TRACE::2025-03-28.13:15:04::SCWMssOS::OMPILER_FLAGS=  -O2 -c -mcpu=v11.0 -mlittle-endian -mxl-soft-mul" "EXTRA_COMPILER_FLAGS=-g -ffunction-sections -fdata-sections 
TRACE::2025-03-28.13:15:04::SCWMssOS::-Wall -Wextra -fno-tree-loop-distribute-patterns"

TRACE::2025-03-28.13:15:04::SCWMssOS::"Running Make include in microblaze_0/libsrc/tmrctr_v4_9/src"

TRACE::2025-03-28.13:15:04::SCWMssOS::make -C microblaze_0/libsrc/tmrctr_v4_9/src -s include  "SHELL=CMD" "COMPILER=mb-gcc" "ASSEMBLER=mb-as" "ARCHIVER=mb-ar" "COMPI
TRACE::2025-03-28.13:15:04::SCWMssOS::LER_FLAGS=  -O2 -c -mcpu=v11.0 -mlittle-endian -mxl-soft-mul" "EXTRA_COMPILER_FLAGS=-g -ffunction-sections -fdata-sections -Wal
TRACE::2025-03-28.13:15:04::SCWMssOS::l -Wextra -fno-tree-loop-distribute-patterns"

TRACE::2025-03-28.13:15:04::SCWMssOS::"Running Make include in microblaze_0/libsrc/uartlite_v3_7/src"

TRACE::2025-03-28.13:15:04::SCWMssOS::make -C microblaze_0/libsrc/uartlite_v3_7/src -s include  "SHELL=CMD" "COMPILER=mb-gcc" "ASSEMBLER=mb-as" "ARCHIVER=mb-ar" "COM
TRACE::2025-03-28.13:15:04::SCWMssOS::PILER_FLAGS=  -O2 -c -mcpu=v11.0 -mlittle-endian -mxl-soft-mul" "EXTRA_COMPILER_FLAGS=-g -ffunction-sections -fdata-sections -W
TRACE::2025-03-28.13:15:04::SCWMssOS::all -Wextra -fno-tree-loop-distribute-patterns"

TRACE::2025-03-28.13:15:04::SCWMssOS::"Running Make libs in microblaze_0/libsrc/bram_v4_8/src"

TRACE::2025-03-28.13:15:04::SCWMssOS::make -C microblaze_0/libsrc/bram_v4_8/src -s libs  "SHELL=CMD" "COMPILER=mb-gcc" "ASSEMBLER=mb-as" "ARCHIVER=mb-ar" "COMPILER_F
TRACE::2025-03-28.13:15:04::SCWMssOS::LAGS=  -O2 -c -mcpu=v11.0 -mlittle-endian -mxl-soft-mul" "EXTRA_COMPILER_FLAGS=-g -ffunction-sections -fdata-sections -Wall -We
TRACE::2025-03-28.13:15:04::SCWMssOS::xtra -fno-tree-loop-distribute-patterns"

TRACE::2025-03-28.13:15:04::SCWMssOS::"Running Make libs in microblaze_0/libsrc/cpu_v2_16/src"

TRACE::2025-03-28.13:15:04::SCWMssOS::make -C microblaze_0/libsrc/cpu_v2_16/src -s libs  "SHELL=CMD" "COMPILER=mb-gcc" "ASSEMBLER=mb-as" "ARCHIVER=mb-ar" "COMPILER_F
TRACE::2025-03-28.13:15:04::SCWMssOS::LAGS=  -O2 -c -mcpu=v11.0 -mlittle-endian -mxl-soft-mul" "EXTRA_COMPILER_FLAGS=-g -ffunction-sections -fdata-sections -Wall -We
TRACE::2025-03-28.13:15:04::SCWMssOS::xtra -fno-tree-loop-distribute-patterns"

TRACE::2025-03-28.13:15:04::SCWMssOS::"Running Make libs in microblaze_0/libsrc/gpio_v4_9/src"

TRACE::2025-03-28.13:15:04::SCWMssOS::make -C microblaze_0/libsrc/gpio_v4_9/src -s libs  "SHELL=CMD" "COMPILER=mb-gcc" "ASSEMBLER=mb-as" "ARCHIVER=mb-ar" "COMPILER_F
TRACE::2025-03-28.13:15:04::SCWMssOS::LAGS=  -O2 -c -mcpu=v11.0 -mlittle-endian -mxl-soft-mul" "EXTRA_COMPILER_FLAGS=-g -ffunction-sections -fdata-sections -Wall -We
TRACE::2025-03-28.13:15:04::SCWMssOS::xtra -fno-tree-loop-distribute-patterns"

TRACE::2025-03-28.13:15:05::SCWMssOS::"Running Make libs in microblaze_0/libsrc/intc_v3_15/src"

TRACE::2025-03-28.13:15:05::SCWMssOS::make -C microblaze_0/libsrc/intc_v3_15/src -s libs  "SHELL=CMD" "COMPILER=mb-gcc" "ASSEMBLER=mb-as" "ARCHIVER=mb-ar" "COMPILER_
TRACE::2025-03-28.13:15:05::SCWMssOS::FLAGS=  -O2 -c -mcpu=v11.0 -mlittle-endian -mxl-soft-mul" "EXTRA_COMPILER_FLAGS=-g -ffunction-sections -fdata-sections -Wall -W
TRACE::2025-03-28.13:15:05::SCWMssOS::extra -fno-tree-loop-distribute-patterns"

TRACE::2025-03-28.13:15:05::SCWMssOS::"Running Make libs in microblaze_0/libsrc/standalone_v8_0/src"

TRACE::2025-03-28.13:15:05::SCWMssOS::make -C microblaze_0/libsrc/standalone_v8_0/src -s libs  "SHELL=CMD" "COMPILER=mb-gcc" "ASSEMBLER=mb-as" "ARCHIVER=mb-ar" "COMP
TRACE::2025-03-28.13:15:05::SCWMssOS::ILER_FLAGS=  -O2 -c -mcpu=v11.0 -mlittle-endian -mxl-soft-mul" "EXTRA_COMPILER_FLAGS=-g -ffunction-sections -fdata-sections -Wa
TRACE::2025-03-28.13:15:05::SCWMssOS::ll -Wextra -fno-tree-loop-distribute-patterns"

TRACE::2025-03-28.13:15:06::SCWMssOS::"Running Make libs in microblaze_0/libsrc/tmrctr_v4_9/src"

TRACE::2025-03-28.13:15:06::SCWMssOS::make -C microblaze_0/libsrc/tmrctr_v4_9/src -s libs  "SHELL=CMD" "COMPILER=mb-gcc" "ASSEMBLER=mb-as" "ARCHIVER=mb-ar" "COMPILER
TRACE::2025-03-28.13:15:06::SCWMssOS::_FLAGS=  -O2 -c -mcpu=v11.0 -mlittle-endian -mxl-soft-mul" "EXTRA_COMPILER_FLAGS=-g -ffunction-sections -fdata-sections -Wall -
TRACE::2025-03-28.13:15:06::SCWMssOS::Wextra -fno-tree-loop-distribute-patterns"

TRACE::2025-03-28.13:15:06::SCWMssOS::"Running Make libs in microblaze_0/libsrc/uartlite_v3_7/src"

TRACE::2025-03-28.13:15:06::SCWMssOS::make -C microblaze_0/libsrc/uartlite_v3_7/src -s libs  "SHELL=CMD" "COMPILER=mb-gcc" "ASSEMBLER=mb-as" "ARCHIVER=mb-ar" "COMPIL
TRACE::2025-03-28.13:15:06::SCWMssOS::ER_FLAGS=  -O2 -c -mcpu=v11.0 -mlittle-endian -mxl-soft-mul" "EXTRA_COMPILER_FLAGS=-g -ffunction-sections -fdata-sections -Wall
TRACE::2025-03-28.13:15:06::SCWMssOS:: -Wextra -fno-tree-loop-distribute-patterns"

TRACE::2025-03-28.13:15:07::SCWMssOS::"DEBUG NON_LTO_OBJECTS is ../../../lib/microblaze_interrupt_handler.o"

TRACE::2025-03-28.13:15:07::SCWMssOS::'Finished building libraries parallelly.'

TRACE::2025-03-28.13:15:07::SCWMssOS::make --no-print-directory archive

TRACE::2025-03-28.13:15:07::SCWMssOS::mb-ar -r  microblaze_0/lib/libxil.a microblaze_0/lib/_exit.o microblaze_0/lib/errno.o microblaze_0/lib/fcntl.o microblaze_0/lib
TRACE::2025-03-28.13:15:07::SCWMssOS::/hw_exception_handler.o microblaze_0/lib/inbyte.o microblaze_0/lib/microblaze_disable_dcache.o microblaze_0/lib/microblaze_disa
TRACE::2025-03-28.13:15:07::SCWMssOS::ble_exceptions.o microblaze_0/lib/microblaze_disable_icache.o microblaze_0/lib/microblaze_disable_interrupts.o microblaze_0/lib
TRACE::2025-03-28.13:15:07::SCWMssOS::/microblaze_enable_dcache.o microblaze_0/lib/microblaze_enable_exceptions.o microblaze_0/lib/microblaze_enable_icache.o microbl
TRACE::2025-03-28.13:15:07::SCWMssOS::aze_0/lib/microblaze_enable_interrupts.o microblaze_0/lib/microblaze_exception_handler.o microblaze_0/lib/microblaze_flush_cach
TRACE::2025-03-28.13:15:07::SCWMssOS::e_ext.o microblaze_0/lib/microblaze_flush_cache_ext_range.o microblaze_0/lib/microblaze_flush_dcache.o microblaze_0/lib/microbl
TRACE::2025-03-28.13:15:07::SCWMssOS::aze_flush_dcache_range.o microblaze_0/lib/microblaze_init_dcache_range.o microblaze_0/lib/microblaze_init_icache_range.o microb
TRACE::2025-03-28.13:15:07::SCWMssOS::laze_0/lib/microblaze_interrupt_handler.o microblaze_0/lib/microblaze_interrupts_g.o microblaze_0/lib/microblaze_invalidate_cac
TRACE::2025-03-28.13:15:07::SCWMssOS::he_ext.o microblaze_0/lib/microblaze_invalidate_cache_ext_range.o microblaze_0/lib/microblaze_invalidate_dcache.o microblaze_0/
TRACE::2025-03-28.13:15:07::SCWMssOS::lib/microblaze_invalidate_dcache_range.o microblaze_0/lib/microblaze_invalidate_icache.o microblaze_0/lib/microblaze_invalidate
TRACE::2025-03-28.13:15:07::SCWMssOS::_icache_range.o microblaze_0/lib/microblaze_scrub.o microblaze_0/lib/microblaze_selftest.o microblaze_0/lib/microblaze_sleep.o 
TRACE::2025-03-28.13:15:07::SCWMssOS::microblaze_0/lib/microblaze_update_dcache.o microblaze_0/lib/microblaze_update_icache.o microblaze_0/lib/outbyte.o microblaze_0
TRACE::2025-03-28.13:15:07::SCWMssOS::/lib/print.o microblaze_0/lib/pvr.o microblaze_0/lib/xbram.o microblaze_0/lib/xbram_g.o microblaze_0/lib/xbram_intr.o microblaz
TRACE::2025-03-28.13:15:07::SCWMssOS::e_0/lib/xbram_selftest.o microblaze_0/lib/xbram_sinit.o microblaze_0/lib/xgpio.o microblaze_0/lib/xgpio_extra.o microblaze_0/li
TRACE::2025-03-28.13:15:07::SCWMssOS::b/xgpio_g.o microblaze_0/lib/xgpio_intr.o microblaze_0/lib/xgpio_selftest.o microblaze_0/lib/xgpio_sinit.o microblaze_0/lib/xil
TRACE::2025-03-28.13:15:07::SCWMssOS::_assert.o microblaze_0/lib/xil_cache.o microblaze_0/lib/xil_clocking.o microblaze_0/lib/xil_exception.o microblaze_0/lib/xil_me
TRACE::2025-03-28.13:15:07::SCWMssOS::m.o microblaze_0/lib/xil_misc_psreset_api.o microblaze_0/lib/xil_printf.o microblaze_0/lib/xil_sleepcommon.o microblaze_0/lib/x
TRACE::2025-03-28.13:15:07::SCWMssOS::il_testcache.o microblaze_0/lib/xil_testio.o microblaze_0/lib/xil_testmem.o microblaze_0/lib/xil_util.o microblaze_0/lib/xintc.
TRACE::2025-03-28.13:15:07::SCWMssOS::o microblaze_0/lib/xintc_g.o microblaze_0/lib/xintc_intr.o microblaze_0/lib/xintc_l.o microblaze_0/lib/xintc_options.o microbla
TRACE::2025-03-28.13:15:07::SCWMssOS::ze_0/lib/xintc_selftest.o microblaze_0/lib/xinterrupt_wrap.o microblaze_0/lib/xio.o microblaze_0/lib/xplatform_info.o microblaz
TRACE::2025-03-28.13:15:07::SCWMssOS::e_0/lib/xtmrctr.o microblaze_0/lib/xtmrctr_g.o microblaze_0/lib/xtmrctr_intr.o microblaze_0/lib/xtmrctr_l.o microblaze_0/lib/xt
TRACE::2025-03-28.13:15:07::SCWMssOS::mrctr_options.o microblaze_0/lib/xtmrctr_selftest.o microblaze_0/lib/xtmrctr_sinit.o microblaze_0/lib/xtmrctr_stats.o microblaz
TRACE::2025-03-28.13:15:07::SCWMssOS::e_0/lib/xuartlite.o microblaze_0/lib/xuartlite_g.o microblaze_0/lib/xuartlite_intr.o microblaze_0/lib/xuartlite_l.o microblaze_
TRACE::2025-03-28.13:15:07::SCWMssOS::0/lib/xuartlite_selftest.o microblaze_0/lib/xuartlite_sinit.o microblaze_0/lib/xuartlite_stats.o

TRACE::2025-03-28.13:15:07::SCWMssOS::'Finished building libraries'

TRACE::2025-03-28.13:15:07::SCWMssOS:: Checking if to create the Supporting Applications
TRACE::2025-03-28.13:15:07::SCWMssOS:: No Linux domain exists, trying to generate FSBL 
LOG::2025-03-28.13:15:07::SCWSystem::Completed Processing the domain standalone_domain
LOG::2025-03-28.13:15:07::SCWSystem::Completed Processing the sysconfig syncBlaze
LOG::2025-03-28.13:15:07::SCWPlatform::Completed generating the artifacts for system configuration syncBlaze
TRACE::2025-03-28.13:15:07::SCWPlatform::Started preparing the platform 
TRACE::2025-03-28.13:15:07::SCWSystem::Writing the bif file for system config syncBlaze
TRACE::2025-03-28.13:15:07::SCWSystem::dir created 
TRACE::2025-03-28.13:15:07::SCWSystem::Writing the bif 
TRACE::2025-03-28.13:15:07::SCWPlatform::Started writing the spfm file 
TRACE::2025-03-28.13:15:07::SCWPlatform::Started writing the xpfm file 
TRACE::2025-03-28.13:15:07::SCWPlatform::Completed generating the platform
TRACE::2025-03-28.13:15:07::SCWMssOS::Saving the mss changes E:/kevin/myCode/microBlaze1/vitisJson/syncBlaze/microblaze_0/standalone_domain/bsp/system.mss
TRACE::2025-03-28.13:15:07::SCWMssOS::Adding the swdes entry, mss present, able to open swdb E:/kevin/myCode/microBlaze1/vitisJson/syncBlaze/microblaze_0/standalone_domain/bsp/system.mss with des name system
TRACE::2025-03-28.13:15:07::SCWMssOS::Writing the mss file completed E:/kevin/myCode/microBlaze1/vitisJson/syncBlaze/microblaze_0/standalone_domain/bsp/system.mss
TRACE::2025-03-28.13:15:07::SCWMssOS::Commit changes completed.
TRACE::2025-03-28.13:15:07::SCWPlatform::Trying to open the hw design at E:/kevin/myCode/microBlaze1/vitisJson/syncBlaze/hw/design_1_wrapper.xsa
TRACE::2025-03-28.13:15:07::SCWPlatform::DSA given E:/kevin/myCode/microBlaze1/vitisJson/syncBlaze/hw/design_1_wrapper.xsa
TRACE::2025-03-28.13:15:07::SCWPlatform::DSA absoulate path E:/kevin/myCode/microBlaze1/vitisJson/syncBlaze/hw/design_1_wrapper.xsa
TRACE::2025-03-28.13:15:07::SCWPlatform::DSA directory E:/kevin/myCode/microBlaze1/vitisJson/syncBlaze/hw
TRACE::2025-03-28.13:15:07::SCWPlatform:: Platform Path E:/kevin/myCode/microBlaze1/vitisJson/syncBlaze/hw/design_1_wrapper.xsa
TRACE::2025-03-28.13:15:07::SCWPlatform:: Unique name xilinx:::0.0
TRACE::2025-03-28.13:15:07::SCWPlatform::Trying to set the existing hwdb with name design_1_wrapper_1
TRACE::2025-03-28.13:15:07::SCWPlatform::Opened existing hwdb design_1_wrapper_1
TRACE::2025-03-28.13:15:07::SCWPlatform::Found the Hw Db part of the input DSA
TRACE::2025-03-28.13:15:07::SCWMssOS::Checking the sw design at  E:/kevin/myCode/microBlaze1/vitisJson/syncBlaze/microblaze_0/standalone_domain/bsp/system.mss
TRACE::2025-03-28.13:15:07::SCWMssOS::DEBUG:  swdes dump  E:/kevin/myCode/microBlaze1/vitisJson/syncBlaze/microblaze_0/standalone_domain/bsp/system.mss|system||

TRACE::2025-03-28.13:15:07::SCWMssOS::Sw design exists and opened at  E:/kevin/myCode/microBlaze1/vitisJson/syncBlaze/microblaze_0/standalone_domain/bsp/system.mss
TRACE::2025-03-28.13:15:07::SCWWriter::formatted JSON is {
	"platformName":	"syncBlaze",
	"sprVersion":	"2.0",
	"mode":	"gui",
	"dsaType":	"Fixed",
	"platformDesc":	"syncBlaze",
	"platHandOff":	"E:/kevin/myCode/microBlaze1/design_1_wrapper.xsa",
	"platIntHandOff":	"<platformDir>/hw/design_1_wrapper.xsa",
	"deviceType":	"FPGA",
	"platIsPrebuiltAutogen":	"false",
	"platIsNoBootBsp":	"false",
	"hasFsblMakeHasChanges":	"false",
	"hasPmufwMakeHasChanges":	"false",
	"platPreBuiltFlag":	false,
	"platformSamplesDir":	"",
	"platActiveSys":	"syncBlaze",
	"systems":	[{
			"systemName":	"syncBlaze",
			"systemDesc":	"syncBlaze",
			"sysIsBootAutoGen":	"true",
			"systemDispName":	"syncBlaze",
			"sysActiveDom":	"standalone_domain",
			"sysDefaultDom":	"standalone_domain",
			"domains":	[{
					"domainName":	"standalone_domain",
					"domainDispName":	"standalone on microblaze_0",
					"domainDesc":	"standalone_domain",
					"processors":	"microblaze_0",
					"os":	"standalone",
					"sdxOs":	"standalone",
					"debugEnable":	"False",
					"domRuntimes":	["cpp"],
					"swRepo":	"",
					"mssOsVer":	"8.0",
					"mssFile":	"",
					"md5Digest":	"e2cdda41e7956801f4f51a65042beca0",
					"compatibleApp":	"",
					"domType":	"mssDomain",
					"arch":	"32-bit",
					"appSettings":	{
						"appCompilerFlags":	"",
						"appLinkerFlags":	""
					},
					"addedLibs":	[],
					"libOptions":	{
						"libsContainingOptions":	[]
					},
					"prebuiltLibs":	{
						"prebuiltIncPath":	[],
						"prebuiltLibPath":	[]
					},
					"isolation":	{
					}
				}]
		}]
}
KEYINFO::2025-03-28.13:15:07::SCWPlatform::updated the xpfm file.
TRACE::2025-03-28.13:15:08::SCWPlatform::Trying to open the hw design at E:/kevin/myCode/microBlaze1/vitisJson/syncBlaze/hw/design_1_wrapper.xsa
TRACE::2025-03-28.13:15:08::SCWPlatform::DSA given E:/kevin/myCode/microBlaze1/vitisJson/syncBlaze/hw/design_1_wrapper.xsa
TRACE::2025-03-28.13:15:08::SCWPlatform::DSA absoulate path E:/kevin/myCode/microBlaze1/vitisJson/syncBlaze/hw/design_1_wrapper.xsa
TRACE::2025-03-28.13:15:08::SCWPlatform::DSA directory E:/kevin/myCode/microBlaze1/vitisJson/syncBlaze/hw
TRACE::2025-03-28.13:15:08::SCWPlatform:: Platform Path E:/kevin/myCode/microBlaze1/vitisJson/syncBlaze/hw/design_1_wrapper.xsa
TRACE::2025-03-28.13:15:08::SCWPlatform:: Unique name xilinx:::0.0
TRACE::2025-03-28.13:15:08::SCWPlatform::Trying to set the existing hwdb with name design_1_wrapper_1
TRACE::2025-03-28.13:15:08::SCWPlatform::Opened existing hwdb design_1_wrapper_1
TRACE::2025-03-28.13:15:08::SCWPlatform::Found the Hw Db part of the input DSA
TRACE::2025-03-28.13:15:08::SCWMssOS::Checking the sw design at  E:/kevin/myCode/microBlaze1/vitisJson/syncBlaze/microblaze_0/standalone_domain/bsp/system.mss
TRACE::2025-03-28.13:15:08::SCWMssOS::DEBUG:  swdes dump  E:/kevin/myCode/microBlaze1/vitisJson/syncBlaze/microblaze_0/standalone_domain/bsp/system.mss|system||

TRACE::2025-03-28.13:15:08::SCWMssOS::Sw design exists and opened at  E:/kevin/myCode/microBlaze1/vitisJson/syncBlaze/microblaze_0/standalone_domain/bsp/system.mss
TRACE::2025-03-28.14:43:08::SCWPlatform::Clearing the existing platform
TRACE::2025-03-28.14:43:08::SCWSystem::Clearing the existing sysconfig
TRACE::2025-03-28.14:43:08::SCWMssOS::Removing the swdes entry for  E:/kevin/myCode/microBlaze1/vitisJson/syncBlaze/microblaze_0/standalone_domain/bsp/system.mss
TRACE::2025-03-28.14:43:08::SCWSystem::Clearing the domains completed.
TRACE::2025-03-28.14:43:08::SCWPlatform::Clearing the opened hw db.
TRACE::2025-03-28.14:43:08::SCWPlatform::DSA given E:/kevin/myCode/microBlaze1/vitisJson/syncBlaze/hw/design_1_wrapper.xsa
TRACE::2025-03-28.14:43:08::SCWPlatform::DSA absoulate path E:/kevin/myCode/microBlaze1/vitisJson/syncBlaze/hw/design_1_wrapper.xsa
TRACE::2025-03-28.14:43:08::SCWPlatform:: Platform location is E:/kevin/myCode/microBlaze1/vitisJson/syncBlaze/hw
TRACE::2025-03-28.14:43:08::SCWPlatform:: Platform Path E:/kevin/myCode/microBlaze1/vitisJson/syncBlaze/hw/design_1_wrapper.xsa
TRACE::2025-03-28.14:43:08::SCWPlatform:: Unique name xilinx:::0.0
TRACE::2025-03-28.14:43:08::SCWPlatform::Removing the HwDB with name E:/kevin/myCode/microBlaze1/vitisJson/syncBlaze/hw/design_1_wrapper.xsa
TRACE::2025-03-28.14:43:08::SCWPlatform::Trying to open the hw design at E:/kevin/myCode/microBlaze1/vitisJson/syncBlaze/hw/design_1_wrapper.xsa
TRACE::2025-03-28.14:43:08::SCWPlatform::DSA given E:/kevin/myCode/microBlaze1/vitisJson/syncBlaze/hw/design_1_wrapper.xsa
TRACE::2025-03-28.14:43:08::SCWPlatform::DSA absoulate path E:/kevin/myCode/microBlaze1/vitisJson/syncBlaze/hw/design_1_wrapper.xsa
TRACE::2025-03-28.14:43:08::SCWPlatform::DSA directory E:/kevin/myCode/microBlaze1/vitisJson/syncBlaze/hw
TRACE::2025-03-28.14:43:08::SCWPlatform:: Platform Path E:/kevin/myCode/microBlaze1/vitisJson/syncBlaze/hw/design_1_wrapper.xsa
TRACE::2025-03-28.14:43:08::SCWPlatform:: Unique name xilinx:::0.0
TRACE::2025-03-28.14:43:08::SCWPlatform::Do not have an existing db opened. 
TRACE::2025-03-28.14:43:08::SCWPlatform::Opened new HwDB with name design_1_wrapper_3
TRACE::2025-03-28.14:43:08::SCWReader::Active system found as  syncBlaze
TRACE::2025-03-28.14:43:08::SCWReader::Handling sysconfig syncBlaze
TRACE::2025-03-28.14:43:09::SCWDomain::checking for install qemu data   : 
TRACE::2025-03-28.14:43:09::SCWPlatform::Trying to open the hw design at E:/kevin/myCode/microBlaze1/vitisJson/syncBlaze/hw/design_1_wrapper.xsa
TRACE::2025-03-28.14:43:09::SCWPlatform::DSA given E:/kevin/myCode/microBlaze1/vitisJson/syncBlaze/hw/design_1_wrapper.xsa
TRACE::2025-03-28.14:43:09::SCWPlatform::DSA absoulate path E:/kevin/myCode/microBlaze1/vitisJson/syncBlaze/hw/design_1_wrapper.xsa
TRACE::2025-03-28.14:43:09::SCWPlatform::DSA directory E:/kevin/myCode/microBlaze1/vitisJson/syncBlaze/hw
TRACE::2025-03-28.14:43:09::SCWPlatform:: Platform Path E:/kevin/myCode/microBlaze1/vitisJson/syncBlaze/hw/design_1_wrapper.xsa
TRACE::2025-03-28.14:43:09::SCWPlatform:: Unique name xilinx:::0.0
TRACE::2025-03-28.14:43:09::SCWPlatform::Trying to set the existing hwdb with name design_1_wrapper_3
TRACE::2025-03-28.14:43:09::SCWPlatform::Opened existing hwdb design_1_wrapper_3
TRACE::2025-03-28.14:43:09::SCWPlatform::Found the Hw Db part of the input DSA
TRACE::2025-03-28.14:43:09::SCWPlatform::Trying to open the hw design at E:/kevin/myCode/microBlaze1/vitisJson/syncBlaze/hw/design_1_wrapper.xsa
TRACE::2025-03-28.14:43:09::SCWPlatform::DSA given E:/kevin/myCode/microBlaze1/vitisJson/syncBlaze/hw/design_1_wrapper.xsa
TRACE::2025-03-28.14:43:09::SCWPlatform::DSA absoulate path E:/kevin/myCode/microBlaze1/vitisJson/syncBlaze/hw/design_1_wrapper.xsa
TRACE::2025-03-28.14:43:09::SCWPlatform::DSA directory E:/kevin/myCode/microBlaze1/vitisJson/syncBlaze/hw
TRACE::2025-03-28.14:43:09::SCWPlatform:: Platform Path E:/kevin/myCode/microBlaze1/vitisJson/syncBlaze/hw/design_1_wrapper.xsa
TRACE::2025-03-28.14:43:09::SCWPlatform:: Unique name xilinx:::0.0
TRACE::2025-03-28.14:43:09::SCWPlatform::Trying to set the existing hwdb with name design_1_wrapper_3
TRACE::2025-03-28.14:43:09::SCWPlatform::Opened existing hwdb design_1_wrapper_3
TRACE::2025-03-28.14:43:09::SCWPlatform::Found the Hw Db part of the input DSA
TRACE::2025-03-28.14:43:09::SCWPlatform::Trying to open the hw design at E:/kevin/myCode/microBlaze1/vitisJson/syncBlaze/hw/design_1_wrapper.xsa
TRACE::2025-03-28.14:43:09::SCWPlatform::DSA given E:/kevin/myCode/microBlaze1/vitisJson/syncBlaze/hw/design_1_wrapper.xsa
TRACE::2025-03-28.14:43:09::SCWPlatform::DSA absoulate path E:/kevin/myCode/microBlaze1/vitisJson/syncBlaze/hw/design_1_wrapper.xsa
TRACE::2025-03-28.14:43:09::SCWPlatform::DSA directory E:/kevin/myCode/microBlaze1/vitisJson/syncBlaze/hw
TRACE::2025-03-28.14:43:09::SCWPlatform:: Platform Path E:/kevin/myCode/microBlaze1/vitisJson/syncBlaze/hw/design_1_wrapper.xsa
TRACE::2025-03-28.14:43:09::SCWPlatform:: Unique name xilinx:::0.0
TRACE::2025-03-28.14:43:09::SCWPlatform::Trying to set the existing hwdb with name design_1_wrapper_3
TRACE::2025-03-28.14:43:09::SCWPlatform::Opened existing hwdb design_1_wrapper_3
TRACE::2025-03-28.14:43:09::SCWPlatform::Found the Hw Db part of the input DSA
TRACE::2025-03-28.14:43:09::SCWPlatform::Trying to open the hw design at E:/kevin/myCode/microBlaze1/vitisJson/syncBlaze/hw/design_1_wrapper.xsa
TRACE::2025-03-28.14:43:09::SCWPlatform::DSA given E:/kevin/myCode/microBlaze1/vitisJson/syncBlaze/hw/design_1_wrapper.xsa
TRACE::2025-03-28.14:43:09::SCWPlatform::DSA absoulate path E:/kevin/myCode/microBlaze1/vitisJson/syncBlaze/hw/design_1_wrapper.xsa
TRACE::2025-03-28.14:43:09::SCWPlatform::DSA directory E:/kevin/myCode/microBlaze1/vitisJson/syncBlaze/hw
TRACE::2025-03-28.14:43:09::SCWPlatform:: Platform Path E:/kevin/myCode/microBlaze1/vitisJson/syncBlaze/hw/design_1_wrapper.xsa
TRACE::2025-03-28.14:43:09::SCWPlatform:: Unique name xilinx:::0.0
TRACE::2025-03-28.14:43:09::SCWPlatform::Trying to set the existing hwdb with name design_1_wrapper_3
TRACE::2025-03-28.14:43:09::SCWPlatform::Opened existing hwdb design_1_wrapper_3
TRACE::2025-03-28.14:43:09::SCWPlatform::Found the Hw Db part of the input DSA
TRACE::2025-03-28.14:43:09::SCWMssOS::Checking the sw design at  E:/kevin/myCode/microBlaze1/vitisJson/syncBlaze/microblaze_0/standalone_domain/bsp/system.mss
TRACE::2025-03-28.14:43:09::SCWMssOS::DEBUG:  swdes dump  
TRACE::2025-03-28.14:43:09::SCWMssOS::No sw design opened at  E:/kevin/myCode/microBlaze1/vitisJson/syncBlaze/microblaze_0/standalone_domain/bsp/system.mss
TRACE::2025-03-28.14:43:09::SCWMssOS::mss exists loading the mss file  E:/kevin/myCode/microBlaze1/vitisJson/syncBlaze/microblaze_0/standalone_domain/bsp/system.mss
TRACE::2025-03-28.14:43:09::SCWMssOS::Opened the sw design from mss  E:/kevin/myCode/microBlaze1/vitisJson/syncBlaze/microblaze_0/standalone_domain/bsp/system.mss
TRACE::2025-03-28.14:43:09::SCWMssOS::Adding the swdes entry E:/kevin/myCode/microBlaze1/vitisJson/syncBlaze/microblaze_0/standalone_domain/bsp/system.mss with des name system
TRACE::2025-03-28.14:43:09::SCWMssOS::updating the scw layer about changes
TRACE::2025-03-28.14:43:09::SCWMssOS::Opened the sw design.  E:/kevin/myCode/microBlaze1/vitisJson/syncBlaze/microblaze_0/standalone_domain/bsp/system.mss
TRACE::2025-03-28.14:43:09::SCWMssOS::Saving the mss changes E:/kevin/myCode/microBlaze1/vitisJson/syncBlaze/microblaze_0/standalone_domain/bsp/system.mss
TRACE::2025-03-28.14:43:09::SCWMssOS::Found a swdesign opened with the mssfile.
TRACE::2025-03-28.14:43:09::SCWMssOS::Completed writemss as part of save.
TRACE::2025-03-28.14:43:09::SCWMssOS::Commit changes completed.
TRACE::2025-03-28.14:43:09::SCWReader::Adding prebuilt librarypaths as   
TRACE::2025-03-28.14:43:09::SCWReader::Adding prebuilt incpaths  as   
TRACE::2025-03-28.14:43:09::SCWPlatform::Trying to open the hw design at E:/kevin/myCode/microBlaze1/vitisJson/syncBlaze/hw/design_1_wrapper.xsa
TRACE::2025-03-28.14:43:09::SCWPlatform::DSA given E:/kevin/myCode/microBlaze1/vitisJson/syncBlaze/hw/design_1_wrapper.xsa
TRACE::2025-03-28.14:43:09::SCWPlatform::DSA absoulate path E:/kevin/myCode/microBlaze1/vitisJson/syncBlaze/hw/design_1_wrapper.xsa
TRACE::2025-03-28.14:43:09::SCWPlatform::DSA directory E:/kevin/myCode/microBlaze1/vitisJson/syncBlaze/hw
TRACE::2025-03-28.14:43:09::SCWPlatform:: Platform Path E:/kevin/myCode/microBlaze1/vitisJson/syncBlaze/hw/design_1_wrapper.xsa
TRACE::2025-03-28.14:43:09::SCWPlatform:: Unique name xilinx:::0.0
TRACE::2025-03-28.14:43:09::SCWPlatform::Trying to set the existing hwdb with name design_1_wrapper_3
TRACE::2025-03-28.14:43:09::SCWPlatform::Opened existing hwdb design_1_wrapper_3
TRACE::2025-03-28.14:43:09::SCWPlatform::Found the Hw Db part of the input DSA
TRACE::2025-03-28.14:43:09::SCWMssOS::Checking the sw design at  E:/kevin/myCode/microBlaze1/vitisJson/syncBlaze/microblaze_0/standalone_domain/bsp/system.mss
TRACE::2025-03-28.14:43:09::SCWMssOS::DEBUG:  swdes dump  E:/kevin/myCode/microBlaze1/vitisJson/syncBlaze/microblaze_0/standalone_domain/bsp/system.mss|system||

TRACE::2025-03-28.14:43:09::SCWMssOS::Sw design exists and opened at  E:/kevin/myCode/microBlaze1/vitisJson/syncBlaze/microblaze_0/standalone_domain/bsp/system.mss
TRACE::2025-03-28.14:43:09::SCWReader::No isolation master present  
TRACE::2025-03-28.14:43:12::SCWPlatform::DSA given E:/kevin/myCode/microBlaze1/vitisJson/syncBlaze/tempdsa/design_1_wrapper.xsa
TRACE::2025-03-28.14:43:12::SCWPlatform::DSA absoulate path E:/kevin/myCode/microBlaze1/vitisJson/syncBlaze/tempdsa/design_1_wrapper.xsa
TRACE::2025-03-28.14:43:12::SCWPlatform:: Platform location is E:/kevin/myCode/microBlaze1/vitisJson/syncBlaze/tempdsa
TRACE::2025-03-28.14:43:12::SCWPlatform:: Platform Path E:/kevin/myCode/microBlaze1/vitisJson/syncBlaze/tempdsa/design_1_wrapper.xsa
TRACE::2025-03-28.14:43:12::SCWPlatform:: Unique name xilinx:::0.0
TRACE::2025-03-28.14:43:12::SCWPlatform::Found the Hw Db part of the input DSA
TRACE::2025-03-28.14:43:12::SCWMssOS::Doing hw sync for the mss in domain: standalone_domain
TRACE::2025-03-28.14:43:12::SCWPlatform::Trying to open the hw design at E:/kevin/myCode/microBlaze1/vitisJson/syncBlaze/hw/design_1_wrapper.xsa
TRACE::2025-03-28.14:43:12::SCWPlatform::DSA given E:/kevin/myCode/microBlaze1/vitisJson/syncBlaze/hw/design_1_wrapper.xsa
TRACE::2025-03-28.14:43:12::SCWPlatform::DSA absoulate path E:/kevin/myCode/microBlaze1/vitisJson/syncBlaze/hw/design_1_wrapper.xsa
TRACE::2025-03-28.14:43:12::SCWPlatform::DSA directory E:/kevin/myCode/microBlaze1/vitisJson/syncBlaze/hw
TRACE::2025-03-28.14:43:12::SCWPlatform:: Platform Path E:/kevin/myCode/microBlaze1/vitisJson/syncBlaze/hw/design_1_wrapper.xsa
TRACE::2025-03-28.14:43:12::SCWPlatform:: Unique name xilinx:::0.0
TRACE::2025-03-28.14:43:12::SCWPlatform::Trying to set the existing hwdb with name design_1_wrapper_3
TRACE::2025-03-28.14:43:12::SCWPlatform::Opened existing hwdb design_1_wrapper_3
TRACE::2025-03-28.14:43:12::SCWPlatform::Found the Hw Db part of the input DSA
TRACE::2025-03-28.14:43:12::SCWPlatform::Trying to open the hw design at E:/kevin/myCode/microBlaze1/vitisJson/syncBlaze/hw/design_1_wrapper.xsa
TRACE::2025-03-28.14:43:12::SCWPlatform::DSA given E:/kevin/myCode/microBlaze1/vitisJson/syncBlaze/hw/design_1_wrapper.xsa
TRACE::2025-03-28.14:43:12::SCWPlatform::DSA absoulate path E:/kevin/myCode/microBlaze1/vitisJson/syncBlaze/hw/design_1_wrapper.xsa
TRACE::2025-03-28.14:43:12::SCWPlatform::DSA directory E:/kevin/myCode/microBlaze1/vitisJson/syncBlaze/hw
TRACE::2025-03-28.14:43:12::SCWPlatform:: Platform Path E:/kevin/myCode/microBlaze1/vitisJson/syncBlaze/hw/design_1_wrapper.xsa
TRACE::2025-03-28.14:43:12::SCWPlatform:: Unique name xilinx:::0.0
TRACE::2025-03-28.14:43:12::SCWPlatform::Trying to set the existing hwdb with name design_1_wrapper_3
TRACE::2025-03-28.14:43:12::SCWPlatform::Opened existing hwdb design_1_wrapper_3
TRACE::2025-03-28.14:43:12::SCWPlatform::Found the Hw Db part of the input DSA
TRACE::2025-03-28.14:43:12::SCWMssOS::Checking the sw design at  E:/kevin/myCode/microBlaze1/vitisJson/syncBlaze/microblaze_0/standalone_domain/bsp/system.mss
TRACE::2025-03-28.14:43:12::SCWMssOS::DEBUG:  swdes dump  E:/kevin/myCode/microBlaze1/vitisJson/syncBlaze/microblaze_0/standalone_domain/bsp/system.mss|system||

TRACE::2025-03-28.14:43:12::SCWMssOS::Sw design exists and opened at  E:/kevin/myCode/microBlaze1/vitisJson/syncBlaze/microblaze_0/standalone_domain/bsp/system.mss
TRACE::2025-03-28.14:43:12::SCWPlatform::Trying to open the hw design at E:/kevin/myCode/microBlaze1/vitisJson/syncBlaze/tempdsa/design_1_wrapper.xsa
TRACE::2025-03-28.14:43:12::SCWPlatform::DSA given E:/kevin/myCode/microBlaze1/vitisJson/syncBlaze/tempdsa/design_1_wrapper.xsa
TRACE::2025-03-28.14:43:12::SCWPlatform::DSA absoulate path E:/kevin/myCode/microBlaze1/vitisJson/syncBlaze/tempdsa/design_1_wrapper.xsa
TRACE::2025-03-28.14:43:12::SCWPlatform::DSA directory E:/kevin/myCode/microBlaze1/vitisJson/syncBlaze/tempdsa
TRACE::2025-03-28.14:43:12::SCWPlatform:: Platform Path E:/kevin/myCode/microBlaze1/vitisJson/syncBlaze/tempdsa/design_1_wrapper.xsa
TRACE::2025-03-28.14:43:12::SCWPlatform:: Unique name xilinx:::0.0
TRACE::2025-03-28.14:43:12::SCWPlatform::update - Opened existing hwdb design_1_wrapper_4
TRACE::2025-03-28.14:43:12::SCWPlatform::Found the Hw Db part of the input DSA
TRACE::2025-03-28.14:43:12::SCWMssOS::Saving the mss changes E:/kevin/myCode/microBlaze1/vitisJson/syncBlaze/microblaze_0/standalone_domain/bsp/system.mss
TRACE::2025-03-28.14:43:12::SCWMssOS::Found a swdesign opened with the mssfile.
TRACE::2025-03-28.14:43:12::SCWMssOS::Completed writemss as part of save.
TRACE::2025-03-28.14:43:12::SCWMssOS::Commit changes completed.
TRACE::2025-03-28.14:43:12::SCWMssOS::Completed hw sync for the mss in domain: standalone_domain
TRACE::2025-03-28.14:43:12::SCWMssOS::Removing the swdes entry for  E:/kevin/myCode/microBlaze1/vitisJson/syncBlaze/microblaze_0/standalone_domain/bsp/system.mss
TRACE::2025-03-28.14:43:12::SCWPlatform::Trying to open the hw design at E:/kevin/myCode/microBlaze1/vitisJson/syncBlaze/hw/design_1_wrapper.xsa
TRACE::2025-03-28.14:43:12::SCWPlatform::DSA given E:/kevin/myCode/microBlaze1/vitisJson/syncBlaze/hw/design_1_wrapper.xsa
TRACE::2025-03-28.14:43:12::SCWPlatform::DSA absoulate path E:/kevin/myCode/microBlaze1/vitisJson/syncBlaze/hw/design_1_wrapper.xsa
TRACE::2025-03-28.14:43:12::SCWPlatform::DSA directory E:/kevin/myCode/microBlaze1/vitisJson/syncBlaze/hw
TRACE::2025-03-28.14:43:12::SCWPlatform:: Platform Path E:/kevin/myCode/microBlaze1/vitisJson/syncBlaze/hw/design_1_wrapper.xsa
TRACE::2025-03-28.14:43:12::SCWPlatform:: Unique name xilinx:::0.0
TRACE::2025-03-28.14:43:12::SCWPlatform::Do not have an existing db opened. 
TRACE::2025-03-28.14:43:12::SCWPlatform::Opened new HwDB with name design_1_wrapper_5
TRACE::2025-03-28.14:43:12::SCWMssOS::Saving the mss changes E:/kevin/myCode/microBlaze1/vitisJson/syncBlaze/microblaze_0/standalone_domain/bsp/system.mss
TRACE::2025-03-28.14:43:12::SCWMssOS::Adding the swdes entry, mss present, able to open swdb E:/kevin/myCode/microBlaze1/vitisJson/syncBlaze/microblaze_0/standalone_domain/bsp/system.mss with des name system
TRACE::2025-03-28.14:43:12::SCWMssOS::Writing the mss file completed E:/kevin/myCode/microBlaze1/vitisJson/syncBlaze/microblaze_0/standalone_domain/bsp/system.mss
TRACE::2025-03-28.14:43:12::SCWMssOS::Commit changes completed.
TRACE::2025-03-28.14:43:12::SCWPlatform::Trying to open the hw design at E:/kevin/myCode/microBlaze1/vitisJson/syncBlaze/hw/design_1_wrapper.xsa
TRACE::2025-03-28.14:43:12::SCWPlatform::DSA given E:/kevin/myCode/microBlaze1/vitisJson/syncBlaze/hw/design_1_wrapper.xsa
TRACE::2025-03-28.14:43:12::SCWPlatform::DSA absoulate path E:/kevin/myCode/microBlaze1/vitisJson/syncBlaze/hw/design_1_wrapper.xsa
TRACE::2025-03-28.14:43:12::SCWPlatform::DSA directory E:/kevin/myCode/microBlaze1/vitisJson/syncBlaze/hw
TRACE::2025-03-28.14:43:12::SCWPlatform:: Platform Path E:/kevin/myCode/microBlaze1/vitisJson/syncBlaze/hw/design_1_wrapper.xsa
TRACE::2025-03-28.14:43:12::SCWPlatform:: Unique name xilinx:::0.0
TRACE::2025-03-28.14:43:12::SCWPlatform::Trying to set the existing hwdb with name design_1_wrapper_5
TRACE::2025-03-28.14:43:12::SCWPlatform::Opened existing hwdb design_1_wrapper_5
TRACE::2025-03-28.14:43:12::SCWPlatform::Found the Hw Db part of the input DSA
TRACE::2025-03-28.14:43:12::SCWMssOS::Checking the sw design at  E:/kevin/myCode/microBlaze1/vitisJson/syncBlaze/microblaze_0/standalone_domain/bsp/system.mss
TRACE::2025-03-28.14:43:12::SCWMssOS::DEBUG:  swdes dump  E:/kevin/myCode/microBlaze1/vitisJson/syncBlaze/microblaze_0/standalone_domain/bsp/system.mss|system||

TRACE::2025-03-28.14:43:12::SCWMssOS::Sw design exists and opened at  E:/kevin/myCode/microBlaze1/vitisJson/syncBlaze/microblaze_0/standalone_domain/bsp/system.mss
TRACE::2025-03-28.14:43:12::SCWWriter::formatted JSON is {
	"platformName":	"syncBlaze",
	"sprVersion":	"2.0",
	"mode":	"gui",
	"dsaType":	"Fixed",
	"platformDesc":	"syncBlaze",
	"platHandOff":	"E:/kevin/myCode/microBlaze1/design_1_wrapper.xsa",
	"platIntHandOff":	"<platformDir>/hw/design_1_wrapper.xsa",
	"deviceType":	"FPGA",
	"platIsPrebuiltAutogen":	"false",
	"platIsNoBootBsp":	"false",
	"hasFsblMakeHasChanges":	"false",
	"hasPmufwMakeHasChanges":	"false",
	"platPreBuiltFlag":	false,
	"platformSamplesDir":	"",
	"platActiveSys":	"syncBlaze",
	"systems":	[{
			"systemName":	"syncBlaze",
			"systemDesc":	"syncBlaze",
			"sysIsBootAutoGen":	"true",
			"systemDispName":	"syncBlaze",
			"sysActiveDom":	"standalone_domain",
			"sysDefaultDom":	"standalone_domain",
			"domains":	[{
					"domainName":	"standalone_domain",
					"domainDispName":	"standalone on microblaze_0",
					"domainDesc":	"standalone_domain",
					"processors":	"microblaze_0",
					"os":	"standalone",
					"sdxOs":	"standalone",
					"debugEnable":	"False",
					"domRuntimes":	["cpp"],
					"swRepo":	"",
					"mssOsVer":	"8.0",
					"mssFile":	"",
					"md5Digest":	"e2cdda41e7956801f4f51a65042beca01",
					"compatibleApp":	"",
					"domType":	"mssDomain",
					"arch":	"32-bit",
					"appSettings":	{
						"appCompilerFlags":	"",
						"appLinkerFlags":	""
					},
					"addedLibs":	[],
					"libOptions":	{
						"libsContainingOptions":	[]
					},
					"prebuiltLibs":	{
						"prebuiltIncPath":	[],
						"prebuiltLibPath":	[]
					},
					"isolation":	{
					}
				}]
		}]
}
TRACE::2025-03-28.14:44:16::SCWPlatform::Clearing the existing platform
TRACE::2025-03-28.14:44:16::SCWSystem::Clearing the existing sysconfig
TRACE::2025-03-28.14:44:16::SCWMssOS::Removing the swdes entry for  E:/kevin/myCode/microBlaze1/vitisJson/syncBlaze/microblaze_0/standalone_domain/bsp/system.mss
TRACE::2025-03-28.14:44:16::SCWSystem::Clearing the domains completed.
TRACE::2025-03-28.14:44:16::SCWPlatform::Clearing the opened hw db.
TRACE::2025-03-28.14:44:16::SCWPlatform::DSA given E:/kevin/myCode/microBlaze1/vitisJson/syncBlaze/hw/design_1_wrapper.xsa
TRACE::2025-03-28.14:44:16::SCWPlatform::DSA absoulate path E:/kevin/myCode/microBlaze1/vitisJson/syncBlaze/hw/design_1_wrapper.xsa
TRACE::2025-03-28.14:44:16::SCWPlatform:: Platform location is E:/kevin/myCode/microBlaze1/vitisJson/syncBlaze/hw
TRACE::2025-03-28.14:44:16::SCWPlatform:: Platform Path E:/kevin/myCode/microBlaze1/vitisJson/syncBlaze/hw/design_1_wrapper.xsa
TRACE::2025-03-28.14:44:16::SCWPlatform:: Unique name xilinx:::0.0
TRACE::2025-03-28.14:44:16::SCWPlatform::Removing the HwDB with name E:/kevin/myCode/microBlaze1/vitisJson/syncBlaze/hw/design_1_wrapper.xsa
TRACE::2025-03-28.14:44:16::SCWPlatform::Trying to open the hw design at E:/kevin/myCode/microBlaze1/vitisJson/syncBlaze/hw/design_1_wrapper.xsa
TRACE::2025-03-28.14:44:16::SCWPlatform::DSA given E:/kevin/myCode/microBlaze1/vitisJson/syncBlaze/hw/design_1_wrapper.xsa
TRACE::2025-03-28.14:44:16::SCWPlatform::DSA absoulate path E:/kevin/myCode/microBlaze1/vitisJson/syncBlaze/hw/design_1_wrapper.xsa
TRACE::2025-03-28.14:44:16::SCWPlatform::DSA directory E:/kevin/myCode/microBlaze1/vitisJson/syncBlaze/hw
TRACE::2025-03-28.14:44:16::SCWPlatform:: Platform Path E:/kevin/myCode/microBlaze1/vitisJson/syncBlaze/hw/design_1_wrapper.xsa
TRACE::2025-03-28.14:44:16::SCWPlatform:: Unique name xilinx:::0.0
TRACE::2025-03-28.14:44:16::SCWPlatform::Do not have an existing db opened. 
TRACE::2025-03-28.14:44:17::SCWPlatform::Opened new HwDB with name design_1_wrapper_6
TRACE::2025-03-28.14:44:17::SCWReader::Active system found as  syncBlaze
TRACE::2025-03-28.14:44:17::SCWReader::Handling sysconfig syncBlaze
TRACE::2025-03-28.14:44:17::SCWDomain::checking for install qemu data   : 
TRACE::2025-03-28.14:44:17::SCWPlatform::Trying to open the hw design at E:/kevin/myCode/microBlaze1/vitisJson/syncBlaze/hw/design_1_wrapper.xsa
TRACE::2025-03-28.14:44:17::SCWPlatform::DSA given E:/kevin/myCode/microBlaze1/vitisJson/syncBlaze/hw/design_1_wrapper.xsa
TRACE::2025-03-28.14:44:17::SCWPlatform::DSA absoulate path E:/kevin/myCode/microBlaze1/vitisJson/syncBlaze/hw/design_1_wrapper.xsa
TRACE::2025-03-28.14:44:17::SCWPlatform::DSA directory E:/kevin/myCode/microBlaze1/vitisJson/syncBlaze/hw
TRACE::2025-03-28.14:44:17::SCWPlatform:: Platform Path E:/kevin/myCode/microBlaze1/vitisJson/syncBlaze/hw/design_1_wrapper.xsa
TRACE::2025-03-28.14:44:17::SCWPlatform:: Unique name xilinx:::0.0
TRACE::2025-03-28.14:44:17::SCWPlatform::Trying to set the existing hwdb with name design_1_wrapper_6
TRACE::2025-03-28.14:44:17::SCWPlatform::Opened existing hwdb design_1_wrapper_6
TRACE::2025-03-28.14:44:17::SCWPlatform::Found the Hw Db part of the input DSA
TRACE::2025-03-28.14:44:17::SCWPlatform::Trying to open the hw design at E:/kevin/myCode/microBlaze1/vitisJson/syncBlaze/hw/design_1_wrapper.xsa
TRACE::2025-03-28.14:44:17::SCWPlatform::DSA given E:/kevin/myCode/microBlaze1/vitisJson/syncBlaze/hw/design_1_wrapper.xsa
TRACE::2025-03-28.14:44:17::SCWPlatform::DSA absoulate path E:/kevin/myCode/microBlaze1/vitisJson/syncBlaze/hw/design_1_wrapper.xsa
TRACE::2025-03-28.14:44:17::SCWPlatform::DSA directory E:/kevin/myCode/microBlaze1/vitisJson/syncBlaze/hw
TRACE::2025-03-28.14:44:17::SCWPlatform:: Platform Path E:/kevin/myCode/microBlaze1/vitisJson/syncBlaze/hw/design_1_wrapper.xsa
TRACE::2025-03-28.14:44:17::SCWPlatform:: Unique name xilinx:::0.0
TRACE::2025-03-28.14:44:17::SCWPlatform::Trying to set the existing hwdb with name design_1_wrapper_6
TRACE::2025-03-28.14:44:17::SCWPlatform::Opened existing hwdb design_1_wrapper_6
TRACE::2025-03-28.14:44:17::SCWPlatform::Found the Hw Db part of the input DSA
TRACE::2025-03-28.14:44:17::SCWPlatform::Trying to open the hw design at E:/kevin/myCode/microBlaze1/vitisJson/syncBlaze/hw/design_1_wrapper.xsa
TRACE::2025-03-28.14:44:17::SCWPlatform::DSA given E:/kevin/myCode/microBlaze1/vitisJson/syncBlaze/hw/design_1_wrapper.xsa
TRACE::2025-03-28.14:44:17::SCWPlatform::DSA absoulate path E:/kevin/myCode/microBlaze1/vitisJson/syncBlaze/hw/design_1_wrapper.xsa
TRACE::2025-03-28.14:44:17::SCWPlatform::DSA directory E:/kevin/myCode/microBlaze1/vitisJson/syncBlaze/hw
TRACE::2025-03-28.14:44:17::SCWPlatform:: Platform Path E:/kevin/myCode/microBlaze1/vitisJson/syncBlaze/hw/design_1_wrapper.xsa
TRACE::2025-03-28.14:44:17::SCWPlatform:: Unique name xilinx:::0.0
TRACE::2025-03-28.14:44:17::SCWPlatform::Trying to set the existing hwdb with name design_1_wrapper_6
TRACE::2025-03-28.14:44:17::SCWPlatform::Opened existing hwdb design_1_wrapper_6
TRACE::2025-03-28.14:44:17::SCWPlatform::Found the Hw Db part of the input DSA
TRACE::2025-03-28.14:44:17::SCWPlatform::Trying to open the hw design at E:/kevin/myCode/microBlaze1/vitisJson/syncBlaze/hw/design_1_wrapper.xsa
TRACE::2025-03-28.14:44:17::SCWPlatform::DSA given E:/kevin/myCode/microBlaze1/vitisJson/syncBlaze/hw/design_1_wrapper.xsa
TRACE::2025-03-28.14:44:17::SCWPlatform::DSA absoulate path E:/kevin/myCode/microBlaze1/vitisJson/syncBlaze/hw/design_1_wrapper.xsa
TRACE::2025-03-28.14:44:17::SCWPlatform::DSA directory E:/kevin/myCode/microBlaze1/vitisJson/syncBlaze/hw
TRACE::2025-03-28.14:44:17::SCWPlatform:: Platform Path E:/kevin/myCode/microBlaze1/vitisJson/syncBlaze/hw/design_1_wrapper.xsa
TRACE::2025-03-28.14:44:17::SCWPlatform:: Unique name xilinx:::0.0
TRACE::2025-03-28.14:44:17::SCWPlatform::Trying to set the existing hwdb with name design_1_wrapper_6
TRACE::2025-03-28.14:44:17::SCWPlatform::Opened existing hwdb design_1_wrapper_6
TRACE::2025-03-28.14:44:17::SCWPlatform::Found the Hw Db part of the input DSA
TRACE::2025-03-28.14:44:17::SCWMssOS::Checking the sw design at  E:/kevin/myCode/microBlaze1/vitisJson/syncBlaze/microblaze_0/standalone_domain/bsp/system.mss
TRACE::2025-03-28.14:44:17::SCWMssOS::DEBUG:  swdes dump  
TRACE::2025-03-28.14:44:17::SCWMssOS::No sw design opened at  E:/kevin/myCode/microBlaze1/vitisJson/syncBlaze/microblaze_0/standalone_domain/bsp/system.mss
TRACE::2025-03-28.14:44:17::SCWMssOS::mss exists loading the mss file  E:/kevin/myCode/microBlaze1/vitisJson/syncBlaze/microblaze_0/standalone_domain/bsp/system.mss
TRACE::2025-03-28.14:44:17::SCWMssOS::Opened the sw design from mss  E:/kevin/myCode/microBlaze1/vitisJson/syncBlaze/microblaze_0/standalone_domain/bsp/system.mss
TRACE::2025-03-28.14:44:17::SCWMssOS::Adding the swdes entry E:/kevin/myCode/microBlaze1/vitisJson/syncBlaze/microblaze_0/standalone_domain/bsp/system.mss with des name system
TRACE::2025-03-28.14:44:17::SCWMssOS::updating the scw layer about changes
TRACE::2025-03-28.14:44:17::SCWMssOS::Opened the sw design.  E:/kevin/myCode/microBlaze1/vitisJson/syncBlaze/microblaze_0/standalone_domain/bsp/system.mss
TRACE::2025-03-28.14:44:17::SCWMssOS::Saving the mss changes E:/kevin/myCode/microBlaze1/vitisJson/syncBlaze/microblaze_0/standalone_domain/bsp/system.mss
TRACE::2025-03-28.14:44:17::SCWMssOS::Found a swdesign opened with the mssfile.
TRACE::2025-03-28.14:44:17::SCWMssOS::Completed writemss as part of save.
TRACE::2025-03-28.14:44:17::SCWMssOS::Commit changes completed.
TRACE::2025-03-28.14:44:17::SCWReader::Adding prebuilt librarypaths as   
TRACE::2025-03-28.14:44:17::SCWReader::Adding prebuilt incpaths  as   
TRACE::2025-03-28.14:44:17::SCWPlatform::Trying to open the hw design at E:/kevin/myCode/microBlaze1/vitisJson/syncBlaze/hw/design_1_wrapper.xsa
TRACE::2025-03-28.14:44:17::SCWPlatform::DSA given E:/kevin/myCode/microBlaze1/vitisJson/syncBlaze/hw/design_1_wrapper.xsa
TRACE::2025-03-28.14:44:17::SCWPlatform::DSA absoulate path E:/kevin/myCode/microBlaze1/vitisJson/syncBlaze/hw/design_1_wrapper.xsa
TRACE::2025-03-28.14:44:17::SCWPlatform::DSA directory E:/kevin/myCode/microBlaze1/vitisJson/syncBlaze/hw
TRACE::2025-03-28.14:44:17::SCWPlatform:: Platform Path E:/kevin/myCode/microBlaze1/vitisJson/syncBlaze/hw/design_1_wrapper.xsa
TRACE::2025-03-28.14:44:17::SCWPlatform:: Unique name xilinx:::0.0
TRACE::2025-03-28.14:44:17::SCWPlatform::Trying to set the existing hwdb with name design_1_wrapper_6
TRACE::2025-03-28.14:44:17::SCWPlatform::Opened existing hwdb design_1_wrapper_6
TRACE::2025-03-28.14:44:17::SCWPlatform::Found the Hw Db part of the input DSA
TRACE::2025-03-28.14:44:17::SCWMssOS::Checking the sw design at  E:/kevin/myCode/microBlaze1/vitisJson/syncBlaze/microblaze_0/standalone_domain/bsp/system.mss
TRACE::2025-03-28.14:44:17::SCWMssOS::DEBUG:  swdes dump  E:/kevin/myCode/microBlaze1/vitisJson/syncBlaze/microblaze_0/standalone_domain/bsp/system.mss|system||

TRACE::2025-03-28.14:44:17::SCWMssOS::Sw design exists and opened at  E:/kevin/myCode/microBlaze1/vitisJson/syncBlaze/microblaze_0/standalone_domain/bsp/system.mss
TRACE::2025-03-28.14:44:17::SCWReader::No isolation master present  
TRACE::2025-03-28.14:44:19::SCWPlatform::DSA given E:/kevin/myCode/microBlaze1/vitisJson/syncBlaze/tempdsa/design_1_wrapper.xsa
TRACE::2025-03-28.14:44:19::SCWPlatform::DSA absoulate path E:/kevin/myCode/microBlaze1/vitisJson/syncBlaze/tempdsa/design_1_wrapper.xsa
TRACE::2025-03-28.14:44:19::SCWPlatform:: Platform location is E:/kevin/myCode/microBlaze1/vitisJson/syncBlaze/tempdsa
TRACE::2025-03-28.14:44:19::SCWPlatform:: Platform Path E:/kevin/myCode/microBlaze1/vitisJson/syncBlaze/tempdsa/design_1_wrapper.xsa
TRACE::2025-03-28.14:44:19::SCWPlatform:: Unique name xilinx:::0.0
TRACE::2025-03-28.14:44:19::SCWPlatform::Found the Hw Db part of the input DSA
TRACE::2025-03-28.14:44:19::SCWMssOS::Doing hw sync for the mss in domain: standalone_domain
TRACE::2025-03-28.14:44:19::SCWPlatform::Trying to open the hw design at E:/kevin/myCode/microBlaze1/vitisJson/syncBlaze/hw/design_1_wrapper.xsa
TRACE::2025-03-28.14:44:19::SCWPlatform::DSA given E:/kevin/myCode/microBlaze1/vitisJson/syncBlaze/hw/design_1_wrapper.xsa
TRACE::2025-03-28.14:44:19::SCWPlatform::DSA absoulate path E:/kevin/myCode/microBlaze1/vitisJson/syncBlaze/hw/design_1_wrapper.xsa
TRACE::2025-03-28.14:44:19::SCWPlatform::DSA directory E:/kevin/myCode/microBlaze1/vitisJson/syncBlaze/hw
TRACE::2025-03-28.14:44:19::SCWPlatform:: Platform Path E:/kevin/myCode/microBlaze1/vitisJson/syncBlaze/hw/design_1_wrapper.xsa
TRACE::2025-03-28.14:44:19::SCWPlatform:: Unique name xilinx:::0.0
TRACE::2025-03-28.14:44:19::SCWPlatform::Trying to set the existing hwdb with name design_1_wrapper_6
TRACE::2025-03-28.14:44:19::SCWPlatform::Opened existing hwdb design_1_wrapper_6
TRACE::2025-03-28.14:44:19::SCWPlatform::Found the Hw Db part of the input DSA
TRACE::2025-03-28.14:44:19::SCWPlatform::Trying to open the hw design at E:/kevin/myCode/microBlaze1/vitisJson/syncBlaze/hw/design_1_wrapper.xsa
TRACE::2025-03-28.14:44:19::SCWPlatform::DSA given E:/kevin/myCode/microBlaze1/vitisJson/syncBlaze/hw/design_1_wrapper.xsa
TRACE::2025-03-28.14:44:19::SCWPlatform::DSA absoulate path E:/kevin/myCode/microBlaze1/vitisJson/syncBlaze/hw/design_1_wrapper.xsa
TRACE::2025-03-28.14:44:19::SCWPlatform::DSA directory E:/kevin/myCode/microBlaze1/vitisJson/syncBlaze/hw
TRACE::2025-03-28.14:44:19::SCWPlatform:: Platform Path E:/kevin/myCode/microBlaze1/vitisJson/syncBlaze/hw/design_1_wrapper.xsa
TRACE::2025-03-28.14:44:19::SCWPlatform:: Unique name xilinx:::0.0
TRACE::2025-03-28.14:44:19::SCWPlatform::Trying to set the existing hwdb with name design_1_wrapper_6
TRACE::2025-03-28.14:44:19::SCWPlatform::Opened existing hwdb design_1_wrapper_6
TRACE::2025-03-28.14:44:19::SCWPlatform::Found the Hw Db part of the input DSA
TRACE::2025-03-28.14:44:19::SCWMssOS::Checking the sw design at  E:/kevin/myCode/microBlaze1/vitisJson/syncBlaze/microblaze_0/standalone_domain/bsp/system.mss
TRACE::2025-03-28.14:44:19::SCWMssOS::DEBUG:  swdes dump  E:/kevin/myCode/microBlaze1/vitisJson/syncBlaze/microblaze_0/standalone_domain/bsp/system.mss|system||

TRACE::2025-03-28.14:44:19::SCWMssOS::Sw design exists and opened at  E:/kevin/myCode/microBlaze1/vitisJson/syncBlaze/microblaze_0/standalone_domain/bsp/system.mss
TRACE::2025-03-28.14:44:19::SCWPlatform::Trying to open the hw design at E:/kevin/myCode/microBlaze1/vitisJson/syncBlaze/tempdsa/design_1_wrapper.xsa
TRACE::2025-03-28.14:44:19::SCWPlatform::DSA given E:/kevin/myCode/microBlaze1/vitisJson/syncBlaze/tempdsa/design_1_wrapper.xsa
TRACE::2025-03-28.14:44:19::SCWPlatform::DSA absoulate path E:/kevin/myCode/microBlaze1/vitisJson/syncBlaze/tempdsa/design_1_wrapper.xsa
TRACE::2025-03-28.14:44:19::SCWPlatform::DSA directory E:/kevin/myCode/microBlaze1/vitisJson/syncBlaze/tempdsa
TRACE::2025-03-28.14:44:19::SCWPlatform:: Platform Path E:/kevin/myCode/microBlaze1/vitisJson/syncBlaze/tempdsa/design_1_wrapper.xsa
TRACE::2025-03-28.14:44:19::SCWPlatform:: Unique name xilinx:::0.0
TRACE::2025-03-28.14:44:19::SCWPlatform::update - Opened existing hwdb design_1_wrapper_7
TRACE::2025-03-28.14:44:19::SCWPlatform::Found the Hw Db part of the input DSA
TRACE::2025-03-28.14:44:19::SCWMssOS::Saving the mss changes E:/kevin/myCode/microBlaze1/vitisJson/syncBlaze/microblaze_0/standalone_domain/bsp/system.mss
TRACE::2025-03-28.14:44:19::SCWMssOS::Found a swdesign opened with the mssfile.
TRACE::2025-03-28.14:44:19::SCWMssOS::Completed writemss as part of save.
TRACE::2025-03-28.14:44:19::SCWMssOS::Commit changes completed.
TRACE::2025-03-28.14:44:19::SCWMssOS::Completed hw sync for the mss in domain: standalone_domain
TRACE::2025-03-28.14:44:19::SCWMssOS::Removing the swdes entry for  E:/kevin/myCode/microBlaze1/vitisJson/syncBlaze/microblaze_0/standalone_domain/bsp/system.mss
TRACE::2025-03-28.14:44:19::SCWPlatform::Trying to open the hw design at E:/kevin/myCode/microBlaze1/vitisJson/syncBlaze/hw/design_1_wrapper.xsa
TRACE::2025-03-28.14:44:19::SCWPlatform::DSA given E:/kevin/myCode/microBlaze1/vitisJson/syncBlaze/hw/design_1_wrapper.xsa
TRACE::2025-03-28.14:44:19::SCWPlatform::DSA absoulate path E:/kevin/myCode/microBlaze1/vitisJson/syncBlaze/hw/design_1_wrapper.xsa
TRACE::2025-03-28.14:44:19::SCWPlatform::DSA directory E:/kevin/myCode/microBlaze1/vitisJson/syncBlaze/hw
TRACE::2025-03-28.14:44:19::SCWPlatform:: Platform Path E:/kevin/myCode/microBlaze1/vitisJson/syncBlaze/hw/design_1_wrapper.xsa
TRACE::2025-03-28.14:44:19::SCWPlatform:: Unique name xilinx:::0.0
TRACE::2025-03-28.14:44:19::SCWPlatform::Do not have an existing db opened. 
TRACE::2025-03-28.14:44:20::SCWPlatform::Opened new HwDB with name design_1_wrapper_8
TRACE::2025-03-28.14:44:20::SCWMssOS::Saving the mss changes E:/kevin/myCode/microBlaze1/vitisJson/syncBlaze/microblaze_0/standalone_domain/bsp/system.mss
TRACE::2025-03-28.14:44:20::SCWMssOS::Adding the swdes entry, mss present, able to open swdb E:/kevin/myCode/microBlaze1/vitisJson/syncBlaze/microblaze_0/standalone_domain/bsp/system.mss with des name system
TRACE::2025-03-28.14:44:20::SCWMssOS::Writing the mss file completed E:/kevin/myCode/microBlaze1/vitisJson/syncBlaze/microblaze_0/standalone_domain/bsp/system.mss
TRACE::2025-03-28.14:44:20::SCWMssOS::Commit changes completed.
TRACE::2025-03-28.14:44:20::SCWPlatform::Trying to open the hw design at E:/kevin/myCode/microBlaze1/vitisJson/syncBlaze/hw/design_1_wrapper.xsa
TRACE::2025-03-28.14:44:20::SCWPlatform::DSA given E:/kevin/myCode/microBlaze1/vitisJson/syncBlaze/hw/design_1_wrapper.xsa
TRACE::2025-03-28.14:44:20::SCWPlatform::DSA absoulate path E:/kevin/myCode/microBlaze1/vitisJson/syncBlaze/hw/design_1_wrapper.xsa
TRACE::2025-03-28.14:44:20::SCWPlatform::DSA directory E:/kevin/myCode/microBlaze1/vitisJson/syncBlaze/hw
TRACE::2025-03-28.14:44:20::SCWPlatform:: Platform Path E:/kevin/myCode/microBlaze1/vitisJson/syncBlaze/hw/design_1_wrapper.xsa
TRACE::2025-03-28.14:44:20::SCWPlatform:: Unique name xilinx:::0.0
TRACE::2025-03-28.14:44:20::SCWPlatform::Trying to set the existing hwdb with name design_1_wrapper_8
TRACE::2025-03-28.14:44:20::SCWPlatform::Opened existing hwdb design_1_wrapper_8
TRACE::2025-03-28.14:44:20::SCWPlatform::Found the Hw Db part of the input DSA
TRACE::2025-03-28.14:44:20::SCWMssOS::Checking the sw design at  E:/kevin/myCode/microBlaze1/vitisJson/syncBlaze/microblaze_0/standalone_domain/bsp/system.mss
TRACE::2025-03-28.14:44:20::SCWMssOS::DEBUG:  swdes dump  E:/kevin/myCode/microBlaze1/vitisJson/syncBlaze/microblaze_0/standalone_domain/bsp/system.mss|system||

TRACE::2025-03-28.14:44:20::SCWMssOS::Sw design exists and opened at  E:/kevin/myCode/microBlaze1/vitisJson/syncBlaze/microblaze_0/standalone_domain/bsp/system.mss
TRACE::2025-03-28.14:44:20::SCWWriter::formatted JSON is {
	"platformName":	"syncBlaze",
	"sprVersion":	"2.0",
	"mode":	"gui",
	"dsaType":	"Fixed",
	"platformDesc":	"syncBlaze",
	"platHandOff":	"E:/kevin/myCode/microBlaze1/design_1_wrapper.xsa",
	"platIntHandOff":	"<platformDir>/hw/design_1_wrapper.xsa",
	"deviceType":	"FPGA",
	"platIsPrebuiltAutogen":	"false",
	"platIsNoBootBsp":	"false",
	"hasFsblMakeHasChanges":	"false",
	"hasPmufwMakeHasChanges":	"false",
	"platPreBuiltFlag":	false,
	"platformSamplesDir":	"",
	"platActiveSys":	"syncBlaze",
	"systems":	[{
			"systemName":	"syncBlaze",
			"systemDesc":	"syncBlaze",
			"sysIsBootAutoGen":	"true",
			"systemDispName":	"syncBlaze",
			"sysActiveDom":	"standalone_domain",
			"sysDefaultDom":	"standalone_domain",
			"domains":	[{
					"domainName":	"standalone_domain",
					"domainDispName":	"standalone on microblaze_0",
					"domainDesc":	"standalone_domain",
					"processors":	"microblaze_0",
					"os":	"standalone",
					"sdxOs":	"standalone",
					"debugEnable":	"False",
					"domRuntimes":	["cpp"],
					"swRepo":	"",
					"mssOsVer":	"8.0",
					"mssFile":	"",
					"md5Digest":	"e2cdda41e7956801f4f51a65042beca01",
					"compatibleApp":	"",
					"domType":	"mssDomain",
					"arch":	"32-bit",
					"appSettings":	{
						"appCompilerFlags":	"",
						"appLinkerFlags":	""
					},
					"addedLibs":	[],
					"libOptions":	{
						"libsContainingOptions":	[]
					},
					"prebuiltLibs":	{
						"prebuiltIncPath":	[],
						"prebuiltLibPath":	[]
					},
					"isolation":	{
					}
				}]
		}]
}
LOG::2025-03-28.14:44:32::SCWPlatform::Started generating the artifacts platform syncBlaze
TRACE::2025-03-28.14:44:32::SCWPlatform::Sanity checking of platform is completed
LOG::2025-03-28.14:44:32::SCWPlatform::Started generating the artifacts for system configuration syncBlaze
LOG::2025-03-28.14:44:32::SCWSystem::Checking the domain standalone_domain
LOG::2025-03-28.14:44:32::SCWSystem::Not a boot domain 
LOG::2025-03-28.14:44:32::SCWSystem::Started Processing the domain standalone_domain
TRACE::2025-03-28.14:44:32::SCWDomain::Generating domain artifcats
TRACE::2025-03-28.14:44:32::SCWMssOS::Generating standalone artifcats
TRACE::2025-03-28.14:44:32::SCWMssOS:: Copying the user libraries. 
TRACE::2025-03-28.14:44:32::SCWPlatform::Trying to open the hw design at E:/kevin/myCode/microBlaze1/vitisJson/syncBlaze/hw/design_1_wrapper.xsa
TRACE::2025-03-28.14:44:32::SCWPlatform::DSA given E:/kevin/myCode/microBlaze1/vitisJson/syncBlaze/hw/design_1_wrapper.xsa
TRACE::2025-03-28.14:44:32::SCWPlatform::DSA absoulate path E:/kevin/myCode/microBlaze1/vitisJson/syncBlaze/hw/design_1_wrapper.xsa
TRACE::2025-03-28.14:44:32::SCWPlatform::DSA directory E:/kevin/myCode/microBlaze1/vitisJson/syncBlaze/hw
TRACE::2025-03-28.14:44:32::SCWPlatform:: Platform Path E:/kevin/myCode/microBlaze1/vitisJson/syncBlaze/hw/design_1_wrapper.xsa
TRACE::2025-03-28.14:44:32::SCWPlatform:: Unique name xilinx:::0.0
TRACE::2025-03-28.14:44:32::SCWPlatform::Trying to set the existing hwdb with name design_1_wrapper_8
TRACE::2025-03-28.14:44:32::SCWPlatform::Opened existing hwdb design_1_wrapper_8
TRACE::2025-03-28.14:44:32::SCWPlatform::Found the Hw Db part of the input DSA
TRACE::2025-03-28.14:44:32::SCWMssOS::Checking the sw design at  E:/kevin/myCode/microBlaze1/vitisJson/syncBlaze/microblaze_0/standalone_domain/bsp/system.mss
TRACE::2025-03-28.14:44:32::SCWMssOS::DEBUG:  swdes dump  E:/kevin/myCode/microBlaze1/vitisJson/syncBlaze/microblaze_0/standalone_domain/bsp/system.mss|system||

TRACE::2025-03-28.14:44:32::SCWMssOS::Sw design exists and opened at  E:/kevin/myCode/microBlaze1/vitisJson/syncBlaze/microblaze_0/standalone_domain/bsp/system.mss
TRACE::2025-03-28.14:44:32::SCWMssOS::Completed writing the mss file at E:/kevin/myCode/microBlaze1/vitisJson/syncBlaze/microblaze_0/standalone_domain/bsp
TRACE::2025-03-28.14:44:32::SCWMssOS::Mss edits present, copying mssfile into export location E:/kevin/myCode/microBlaze1/vitisJson/syncBlaze/microblaze_0/standalone_domain/bsp/system.mss
TRACE::2025-03-28.14:44:32::SCWMssOS::bsp generated is stale removing and regenerating. 
TRACE::2025-03-28.14:44:37::SCWMssOS::doing bsp build ... 
TRACE::2025-03-28.14:44:37::SCWMssOS::System Command Ran  E: & cd  E:/kevin/myCode/microBlaze1/vitisJson/syncBlaze/microblaze_0/standalone_domain/bsp & make 
TRACE::2025-03-28.14:44:38::SCWMssOS::make --no-print-directory seq_libs

TRACE::2025-03-28.14:44:38::SCWMssOS::'Finished building libraries sequentially.'

TRACE::2025-03-28.14:44:38::SCWMssOS::make -j 14 --no-print-directory par_libs

TRACE::2025-03-28.14:44:38::SCWMssOS::"Running Make include in microblaze_0/libsrc/bram_v4_8/src"

TRACE::2025-03-28.14:44:38::SCWMssOS::make -C microblaze_0/libsrc/bram_v4_8/src -s include  "SHELL=CMD" "COMPILER=mb-gcc" "ASSEMBLER=mb-as" "ARCHIVER=mb-ar" "COMPILE
TRACE::2025-03-28.14:44:38::SCWMssOS::R_FLAGS=  -O2 -c -mcpu=v11.0 -mlittle-endian -mxl-soft-mul" "EXTRA_COMPILER_FLAGS=-g -ffunction-sections -fdata-sections -Wall 
TRACE::2025-03-28.14:44:38::SCWMssOS::-Wextra -fno-tree-loop-distribute-patterns"

TRACE::2025-03-28.14:44:38::SCWMssOS::"Running Make include in microblaze_0/libsrc/cpu_v2_16/src"

TRACE::2025-03-28.14:44:38::SCWMssOS::make -C microblaze_0/libsrc/cpu_v2_16/src -s include  "SHELL=CMD" "COMPILER=mb-gcc" "ASSEMBLER=mb-as" "ARCHIVER=mb-ar" "COMPILE
TRACE::2025-03-28.14:44:38::SCWMssOS::R_FLAGS=  -O2 -c -mcpu=v11.0 -mlittle-endian -mxl-soft-mul" "EXTRA_COMPILER_FLAGS=-g -ffunction-sections -fdata-sections -Wall 
TRACE::2025-03-28.14:44:38::SCWMssOS::-Wextra -fno-tree-loop-distribute-patterns"

TRACE::2025-03-28.14:44:38::SCWMssOS::"Running Make include in microblaze_0/libsrc/gpio_v4_9/src"

TRACE::2025-03-28.14:44:38::SCWMssOS::make -C microblaze_0/libsrc/gpio_v4_9/src -s include  "SHELL=CMD" "COMPILER=mb-gcc" "ASSEMBLER=mb-as" "ARCHIVER=mb-ar" "COMPILE
TRACE::2025-03-28.14:44:38::SCWMssOS::R_FLAGS=  -O2 -c -mcpu=v11.0 -mlittle-endian -mxl-soft-mul" "EXTRA_COMPILER_FLAGS=-g -ffunction-sections -fdata-sections -Wall 
TRACE::2025-03-28.14:44:38::SCWMssOS::-Wextra -fno-tree-loop-distribute-patterns"

TRACE::2025-03-28.14:44:38::SCWMssOS::"Running Make include in microblaze_0/libsrc/intc_v3_15/src"

TRACE::2025-03-28.14:44:38::SCWMssOS::make -C microblaze_0/libsrc/intc_v3_15/src -s include  "SHELL=CMD" "COMPILER=mb-gcc" "ASSEMBLER=mb-as" "ARCHIVER=mb-ar" "COMPIL
TRACE::2025-03-28.14:44:38::SCWMssOS::ER_FLAGS=  -O2 -c -mcpu=v11.0 -mlittle-endian -mxl-soft-mul" "EXTRA_COMPILER_FLAGS=-g -ffunction-sections -fdata-sections -Wall
TRACE::2025-03-28.14:44:38::SCWMssOS:: -Wextra -fno-tree-loop-distribute-patterns"

TRACE::2025-03-28.14:44:38::SCWMssOS::"Running Make include in microblaze_0/libsrc/standalone_v8_0/src"

TRACE::2025-03-28.14:44:38::SCWMssOS::make -C microblaze_0/libsrc/standalone_v8_0/src -s include  "SHELL=CMD" "COMPILER=mb-gcc" "ASSEMBLER=mb-as" "ARCHIVER=mb-ar" "C
TRACE::2025-03-28.14:44:38::SCWMssOS::OMPILER_FLAGS=  -O2 -c -mcpu=v11.0 -mlittle-endian -mxl-soft-mul" "EXTRA_COMPILER_FLAGS=-g -ffunction-sections -fdata-sections 
TRACE::2025-03-28.14:44:38::SCWMssOS::-Wall -Wextra -fno-tree-loop-distribute-patterns"

TRACE::2025-03-28.14:44:38::SCWMssOS::"Running Make include in microblaze_0/libsrc/tmrctr_v4_9/src"

TRACE::2025-03-28.14:44:38::SCWMssOS::make -C microblaze_0/libsrc/tmrctr_v4_9/src -s include  "SHELL=CMD" "COMPILER=mb-gcc" "ASSEMBLER=mb-as" "ARCHIVER=mb-ar" "COMPI
TRACE::2025-03-28.14:44:38::SCWMssOS::LER_FLAGS=  -O2 -c -mcpu=v11.0 -mlittle-endian -mxl-soft-mul" "EXTRA_COMPILER_FLAGS=-g -ffunction-sections -fdata-sections -Wal
TRACE::2025-03-28.14:44:38::SCWMssOS::l -Wextra -fno-tree-loop-distribute-patterns"

TRACE::2025-03-28.14:44:38::SCWMssOS::"Running Make include in microblaze_0/libsrc/uartlite_v3_7/src"

TRACE::2025-03-28.14:44:38::SCWMssOS::make -C microblaze_0/libsrc/uartlite_v3_7/src -s include  "SHELL=CMD" "COMPILER=mb-gcc" "ASSEMBLER=mb-as" "ARCHIVER=mb-ar" "COM
TRACE::2025-03-28.14:44:38::SCWMssOS::PILER_FLAGS=  -O2 -c -mcpu=v11.0 -mlittle-endian -mxl-soft-mul" "EXTRA_COMPILER_FLAGS=-g -ffunction-sections -fdata-sections -W
TRACE::2025-03-28.14:44:38::SCWMssOS::all -Wextra -fno-tree-loop-distribute-patterns"

TRACE::2025-03-28.14:44:38::SCWMssOS::"Running Make libs in microblaze_0/libsrc/bram_v4_8/src"

TRACE::2025-03-28.14:44:38::SCWMssOS::make -C microblaze_0/libsrc/bram_v4_8/src -s libs  "SHELL=CMD" "COMPILER=mb-gcc" "ASSEMBLER=mb-as" "ARCHIVER=mb-ar" "COMPILER_F
TRACE::2025-03-28.14:44:38::SCWMssOS::LAGS=  -O2 -c -mcpu=v11.0 -mlittle-endian -mxl-soft-mul" "EXTRA_COMPILER_FLAGS=-g -ffunction-sections -fdata-sections -Wall -We
TRACE::2025-03-28.14:44:38::SCWMssOS::xtra -fno-tree-loop-distribute-patterns"

TRACE::2025-03-28.14:44:38::SCWMssOS::"Running Make libs in microblaze_0/libsrc/cpu_v2_16/src"

TRACE::2025-03-28.14:44:38::SCWMssOS::make -C microblaze_0/libsrc/cpu_v2_16/src -s libs  "SHELL=CMD" "COMPILER=mb-gcc" "ASSEMBLER=mb-as" "ARCHIVER=mb-ar" "COMPILER_F
TRACE::2025-03-28.14:44:38::SCWMssOS::LAGS=  -O2 -c -mcpu=v11.0 -mlittle-endian -mxl-soft-mul" "EXTRA_COMPILER_FLAGS=-g -ffunction-sections -fdata-sections -Wall -We
TRACE::2025-03-28.14:44:38::SCWMssOS::xtra -fno-tree-loop-distribute-patterns"

TRACE::2025-03-28.14:44:38::SCWMssOS::"Running Make libs in microblaze_0/libsrc/gpio_v4_9/src"

TRACE::2025-03-28.14:44:38::SCWMssOS::make -C microblaze_0/libsrc/gpio_v4_9/src -s libs  "SHELL=CMD" "COMPILER=mb-gcc" "ASSEMBLER=mb-as" "ARCHIVER=mb-ar" "COMPILER_F
TRACE::2025-03-28.14:44:38::SCWMssOS::LAGS=  -O2 -c -mcpu=v11.0 -mlittle-endian -mxl-soft-mul" "EXTRA_COMPILER_FLAGS=-g -ffunction-sections -fdata-sections -Wall -We
TRACE::2025-03-28.14:44:38::SCWMssOS::xtra -fno-tree-loop-distribute-patterns"

TRACE::2025-03-28.14:44:38::SCWMssOS::"Running Make libs in microblaze_0/libsrc/intc_v3_15/src"

TRACE::2025-03-28.14:44:38::SCWMssOS::make -C microblaze_0/libsrc/intc_v3_15/src -s libs  "SHELL=CMD" "COMPILER=mb-gcc" "ASSEMBLER=mb-as" "ARCHIVER=mb-ar" "COMPILER_
TRACE::2025-03-28.14:44:38::SCWMssOS::FLAGS=  -O2 -c -mcpu=v11.0 -mlittle-endian -mxl-soft-mul" "EXTRA_COMPILER_FLAGS=-g -ffunction-sections -fdata-sections -Wall -W
TRACE::2025-03-28.14:44:38::SCWMssOS::extra -fno-tree-loop-distribute-patterns"

TRACE::2025-03-28.14:44:38::SCWMssOS::"Running Make libs in microblaze_0/libsrc/standalone_v8_0/src"

TRACE::2025-03-28.14:44:38::SCWMssOS::make -C microblaze_0/libsrc/standalone_v8_0/src -s libs  "SHELL=CMD" "COMPILER=mb-gcc" "ASSEMBLER=mb-as" "ARCHIVER=mb-ar" "COMP
TRACE::2025-03-28.14:44:38::SCWMssOS::ILER_FLAGS=  -O2 -c -mcpu=v11.0 -mlittle-endian -mxl-soft-mul" "EXTRA_COMPILER_FLAGS=-g -ffunction-sections -fdata-sections -Wa
TRACE::2025-03-28.14:44:38::SCWMssOS::ll -Wextra -fno-tree-loop-distribute-patterns"

TRACE::2025-03-28.14:44:38::SCWMssOS::"Running Make libs in microblaze_0/libsrc/tmrctr_v4_9/src"

TRACE::2025-03-28.14:44:38::SCWMssOS::make -C microblaze_0/libsrc/tmrctr_v4_9/src -s libs  "SHELL=CMD" "COMPILER=mb-gcc" "ASSEMBLER=mb-as" "ARCHIVER=mb-ar" "COMPILER
TRACE::2025-03-28.14:44:38::SCWMssOS::_FLAGS=  -O2 -c -mcpu=v11.0 -mlittle-endian -mxl-soft-mul" "EXTRA_COMPILER_FLAGS=-g -ffunction-sections -fdata-sections -Wall -
TRACE::2025-03-28.14:44:38::SCWMssOS::Wextra -fno-tree-loop-distribute-patterns"

TRACE::2025-03-28.14:44:39::SCWMssOS::"Running Make libs in microblaze_0/libsrc/uartlite_v3_7/src"

TRACE::2025-03-28.14:44:39::SCWMssOS::make -C microblaze_0/libsrc/uartlite_v3_7/src -s libs  "SHELL=CMD" "COMPILER=mb-gcc" "ASSEMBLER=mb-as" "ARCHIVER=mb-ar" "COMPIL
TRACE::2025-03-28.14:44:39::SCWMssOS::ER_FLAGS=  -O2 -c -mcpu=v11.0 -mlittle-endian -mxl-soft-mul" "EXTRA_COMPILER_FLAGS=-g -ffunction-sections -fdata-sections -Wall
TRACE::2025-03-28.14:44:39::SCWMssOS:: -Wextra -fno-tree-loop-distribute-patterns"

TRACE::2025-03-28.14:44:39::SCWMssOS::"DEBUG NON_LTO_OBJECTS is ../../../lib/microblaze_interrupt_handler.o"

TRACE::2025-03-28.14:44:40::SCWMssOS::'Finished building libraries parallelly.'

TRACE::2025-03-28.14:44:40::SCWMssOS::make --no-print-directory archive

TRACE::2025-03-28.14:44:40::SCWMssOS::mb-ar -r  microblaze_0/lib/libxil.a microblaze_0/lib/_exit.o microblaze_0/lib/errno.o microblaze_0/lib/fcntl.o microblaze_0/lib
TRACE::2025-03-28.14:44:40::SCWMssOS::/hw_exception_handler.o microblaze_0/lib/inbyte.o microblaze_0/lib/microblaze_disable_dcache.o microblaze_0/lib/microblaze_disa
TRACE::2025-03-28.14:44:40::SCWMssOS::ble_exceptions.o microblaze_0/lib/microblaze_disable_icache.o microblaze_0/lib/microblaze_disable_interrupts.o microblaze_0/lib
TRACE::2025-03-28.14:44:40::SCWMssOS::/microblaze_enable_dcache.o microblaze_0/lib/microblaze_enable_exceptions.o microblaze_0/lib/microblaze_enable_icache.o microbl
TRACE::2025-03-28.14:44:40::SCWMssOS::aze_0/lib/microblaze_enable_interrupts.o microblaze_0/lib/microblaze_exception_handler.o microblaze_0/lib/microblaze_flush_cach
TRACE::2025-03-28.14:44:40::SCWMssOS::e_ext.o microblaze_0/lib/microblaze_flush_cache_ext_range.o microblaze_0/lib/microblaze_flush_dcache.o microblaze_0/lib/microbl
TRACE::2025-03-28.14:44:40::SCWMssOS::aze_flush_dcache_range.o microblaze_0/lib/microblaze_init_dcache_range.o microblaze_0/lib/microblaze_init_icache_range.o microb
TRACE::2025-03-28.14:44:40::SCWMssOS::laze_0/lib/microblaze_interrupt_handler.o microblaze_0/lib/microblaze_interrupts_g.o microblaze_0/lib/microblaze_invalidate_cac
TRACE::2025-03-28.14:44:40::SCWMssOS::he_ext.o microblaze_0/lib/microblaze_invalidate_cache_ext_range.o microblaze_0/lib/microblaze_invalidate_dcache.o microblaze_0/
TRACE::2025-03-28.14:44:40::SCWMssOS::lib/microblaze_invalidate_dcache_range.o microblaze_0/lib/microblaze_invalidate_icache.o microblaze_0/lib/microblaze_invalidate
TRACE::2025-03-28.14:44:40::SCWMssOS::_icache_range.o microblaze_0/lib/microblaze_scrub.o microblaze_0/lib/microblaze_selftest.o microblaze_0/lib/microblaze_sleep.o 
TRACE::2025-03-28.14:44:40::SCWMssOS::microblaze_0/lib/microblaze_update_dcache.o microblaze_0/lib/microblaze_update_icache.o microblaze_0/lib/outbyte.o microblaze_0
TRACE::2025-03-28.14:44:40::SCWMssOS::/lib/print.o microblaze_0/lib/pvr.o microblaze_0/lib/xbram.o microblaze_0/lib/xbram_g.o microblaze_0/lib/xbram_intr.o microblaz
TRACE::2025-03-28.14:44:40::SCWMssOS::e_0/lib/xbram_selftest.o microblaze_0/lib/xbram_sinit.o microblaze_0/lib/xgpio.o microblaze_0/lib/xgpio_extra.o microblaze_0/li
TRACE::2025-03-28.14:44:40::SCWMssOS::b/xgpio_g.o microblaze_0/lib/xgpio_intr.o microblaze_0/lib/xgpio_selftest.o microblaze_0/lib/xgpio_sinit.o microblaze_0/lib/xil
TRACE::2025-03-28.14:44:40::SCWMssOS::_assert.o microblaze_0/lib/xil_cache.o microblaze_0/lib/xil_clocking.o microblaze_0/lib/xil_exception.o microblaze_0/lib/xil_me
TRACE::2025-03-28.14:44:40::SCWMssOS::m.o microblaze_0/lib/xil_misc_psreset_api.o microblaze_0/lib/xil_printf.o microblaze_0/lib/xil_sleepcommon.o microblaze_0/lib/x
TRACE::2025-03-28.14:44:40::SCWMssOS::il_testcache.o microblaze_0/lib/xil_testio.o microblaze_0/lib/xil_testmem.o microblaze_0/lib/xil_util.o microblaze_0/lib/xintc.
TRACE::2025-03-28.14:44:40::SCWMssOS::o microblaze_0/lib/xintc_g.o microblaze_0/lib/xintc_intr.o microblaze_0/lib/xintc_l.o microblaze_0/lib/xintc_options.o microbla
TRACE::2025-03-28.14:44:40::SCWMssOS::ze_0/lib/xintc_selftest.o microblaze_0/lib/xinterrupt_wrap.o microblaze_0/lib/xio.o microblaze_0/lib/xplatform_info.o microblaz
TRACE::2025-03-28.14:44:40::SCWMssOS::e_0/lib/xtmrctr.o microblaze_0/lib/xtmrctr_g.o microblaze_0/lib/xtmrctr_intr.o microblaze_0/lib/xtmrctr_l.o microblaze_0/lib/xt
TRACE::2025-03-28.14:44:40::SCWMssOS::mrctr_options.o microblaze_0/lib/xtmrctr_selftest.o microblaze_0/lib/xtmrctr_sinit.o microblaze_0/lib/xtmrctr_stats.o microblaz
TRACE::2025-03-28.14:44:40::SCWMssOS::e_0/lib/xuartlite.o microblaze_0/lib/xuartlite_g.o microblaze_0/lib/xuartlite_intr.o microblaze_0/lib/xuartlite_l.o microblaze_
TRACE::2025-03-28.14:44:40::SCWMssOS::0/lib/xuartlite_selftest.o microblaze_0/lib/xuartlite_sinit.o microblaze_0/lib/xuartlite_stats.o

TRACE::2025-03-28.14:44:40::SCWMssOS::'Finished building libraries'

TRACE::2025-03-28.14:44:40::SCWMssOS:: Checking if to create the Supporting Applications
TRACE::2025-03-28.14:44:40::SCWMssOS:: No Linux domain exists, trying to generate FSBL 
LOG::2025-03-28.14:44:40::SCWSystem::Completed Processing the domain standalone_domain
LOG::2025-03-28.14:44:40::SCWSystem::Completed Processing the sysconfig syncBlaze
LOG::2025-03-28.14:44:40::SCWPlatform::Completed generating the artifacts for system configuration syncBlaze
TRACE::2025-03-28.14:44:40::SCWPlatform::Started preparing the platform 
TRACE::2025-03-28.14:44:40::SCWSystem::Writing the bif file for system config syncBlaze
TRACE::2025-03-28.14:44:40::SCWSystem::dir created 
TRACE::2025-03-28.14:44:40::SCWSystem::Writing the bif 
TRACE::2025-03-28.14:44:40::SCWPlatform::Started writing the spfm file 
TRACE::2025-03-28.14:44:40::SCWPlatform::Started writing the xpfm file 
TRACE::2025-03-28.14:44:40::SCWPlatform::Completed generating the platform
TRACE::2025-03-28.14:44:40::SCWMssOS::Saving the mss changes E:/kevin/myCode/microBlaze1/vitisJson/syncBlaze/microblaze_0/standalone_domain/bsp/system.mss
TRACE::2025-03-28.14:44:40::SCWMssOS::Adding the swdes entry, mss present, able to open swdb E:/kevin/myCode/microBlaze1/vitisJson/syncBlaze/microblaze_0/standalone_domain/bsp/system.mss with des name system
TRACE::2025-03-28.14:44:40::SCWMssOS::Writing the mss file completed E:/kevin/myCode/microBlaze1/vitisJson/syncBlaze/microblaze_0/standalone_domain/bsp/system.mss
TRACE::2025-03-28.14:44:40::SCWMssOS::Commit changes completed.
TRACE::2025-03-28.14:44:40::SCWPlatform::Trying to open the hw design at E:/kevin/myCode/microBlaze1/vitisJson/syncBlaze/hw/design_1_wrapper.xsa
TRACE::2025-03-28.14:44:40::SCWPlatform::DSA given E:/kevin/myCode/microBlaze1/vitisJson/syncBlaze/hw/design_1_wrapper.xsa
TRACE::2025-03-28.14:44:40::SCWPlatform::DSA absoulate path E:/kevin/myCode/microBlaze1/vitisJson/syncBlaze/hw/design_1_wrapper.xsa
TRACE::2025-03-28.14:44:40::SCWPlatform::DSA directory E:/kevin/myCode/microBlaze1/vitisJson/syncBlaze/hw
TRACE::2025-03-28.14:44:40::SCWPlatform:: Platform Path E:/kevin/myCode/microBlaze1/vitisJson/syncBlaze/hw/design_1_wrapper.xsa
TRACE::2025-03-28.14:44:40::SCWPlatform:: Unique name xilinx:::0.0
TRACE::2025-03-28.14:44:40::SCWPlatform::Trying to set the existing hwdb with name design_1_wrapper_8
TRACE::2025-03-28.14:44:40::SCWPlatform::Opened existing hwdb design_1_wrapper_8
TRACE::2025-03-28.14:44:40::SCWPlatform::Found the Hw Db part of the input DSA
TRACE::2025-03-28.14:44:40::SCWMssOS::Checking the sw design at  E:/kevin/myCode/microBlaze1/vitisJson/syncBlaze/microblaze_0/standalone_domain/bsp/system.mss
TRACE::2025-03-28.14:44:40::SCWMssOS::DEBUG:  swdes dump  E:/kevin/myCode/microBlaze1/vitisJson/syncBlaze/microblaze_0/standalone_domain/bsp/system.mss|system||

TRACE::2025-03-28.14:44:40::SCWMssOS::Sw design exists and opened at  E:/kevin/myCode/microBlaze1/vitisJson/syncBlaze/microblaze_0/standalone_domain/bsp/system.mss
TRACE::2025-03-28.14:44:40::SCWWriter::formatted JSON is {
	"platformName":	"syncBlaze",
	"sprVersion":	"2.0",
	"mode":	"gui",
	"dsaType":	"Fixed",
	"platformDesc":	"syncBlaze",
	"platHandOff":	"E:/kevin/myCode/microBlaze1/design_1_wrapper.xsa",
	"platIntHandOff":	"<platformDir>/hw/design_1_wrapper.xsa",
	"deviceType":	"FPGA",
	"platIsPrebuiltAutogen":	"false",
	"platIsNoBootBsp":	"false",
	"hasFsblMakeHasChanges":	"false",
	"hasPmufwMakeHasChanges":	"false",
	"platPreBuiltFlag":	false,
	"platformSamplesDir":	"",
	"platActiveSys":	"syncBlaze",
	"systems":	[{
			"systemName":	"syncBlaze",
			"systemDesc":	"syncBlaze",
			"sysIsBootAutoGen":	"true",
			"systemDispName":	"syncBlaze",
			"sysActiveDom":	"standalone_domain",
			"sysDefaultDom":	"standalone_domain",
			"domains":	[{
					"domainName":	"standalone_domain",
					"domainDispName":	"standalone on microblaze_0",
					"domainDesc":	"standalone_domain",
					"processors":	"microblaze_0",
					"os":	"standalone",
					"sdxOs":	"standalone",
					"debugEnable":	"False",
					"domRuntimes":	["cpp"],
					"swRepo":	"",
					"mssOsVer":	"8.0",
					"mssFile":	"",
					"md5Digest":	"e2cdda41e7956801f4f51a65042beca0",
					"compatibleApp":	"",
					"domType":	"mssDomain",
					"arch":	"32-bit",
					"appSettings":	{
						"appCompilerFlags":	"",
						"appLinkerFlags":	""
					},
					"addedLibs":	[],
					"libOptions":	{
						"libsContainingOptions":	[]
					},
					"prebuiltLibs":	{
						"prebuiltIncPath":	[],
						"prebuiltLibPath":	[]
					},
					"isolation":	{
					}
				}]
		}]
}
KEYINFO::2025-03-28.14:44:40::SCWPlatform::updated the xpfm file.
TRACE::2025-03-28.14:44:41::SCWPlatform::Trying to open the hw design at E:/kevin/myCode/microBlaze1/vitisJson/syncBlaze/hw/design_1_wrapper.xsa
TRACE::2025-03-28.14:44:41::SCWPlatform::DSA given E:/kevin/myCode/microBlaze1/vitisJson/syncBlaze/hw/design_1_wrapper.xsa
TRACE::2025-03-28.14:44:41::SCWPlatform::DSA absoulate path E:/kevin/myCode/microBlaze1/vitisJson/syncBlaze/hw/design_1_wrapper.xsa
TRACE::2025-03-28.14:44:41::SCWPlatform::DSA directory E:/kevin/myCode/microBlaze1/vitisJson/syncBlaze/hw
TRACE::2025-03-28.14:44:41::SCWPlatform:: Platform Path E:/kevin/myCode/microBlaze1/vitisJson/syncBlaze/hw/design_1_wrapper.xsa
TRACE::2025-03-28.14:44:41::SCWPlatform:: Unique name xilinx:::0.0
TRACE::2025-03-28.14:44:41::SCWPlatform::Trying to set the existing hwdb with name design_1_wrapper_8
TRACE::2025-03-28.14:44:41::SCWPlatform::Opened existing hwdb design_1_wrapper_8
TRACE::2025-03-28.14:44:41::SCWPlatform::Found the Hw Db part of the input DSA
TRACE::2025-03-28.14:44:41::SCWMssOS::Checking the sw design at  E:/kevin/myCode/microBlaze1/vitisJson/syncBlaze/microblaze_0/standalone_domain/bsp/system.mss
TRACE::2025-03-28.14:44:41::SCWMssOS::DEBUG:  swdes dump  E:/kevin/myCode/microBlaze1/vitisJson/syncBlaze/microblaze_0/standalone_domain/bsp/system.mss|system||

TRACE::2025-03-28.14:44:41::SCWMssOS::Sw design exists and opened at  E:/kevin/myCode/microBlaze1/vitisJson/syncBlaze/microblaze_0/standalone_domain/bsp/system.mss
TRACE::2025-03-28.15:34:54::SCWPlatform::Clearing the existing platform
TRACE::2025-03-28.15:34:54::SCWSystem::Clearing the existing sysconfig
TRACE::2025-03-28.15:34:54::SCWMssOS::Removing the swdes entry for  E:/kevin/myCode/microBlaze1/vitisJson/syncBlaze/microblaze_0/standalone_domain/bsp/system.mss
TRACE::2025-03-28.15:34:54::SCWSystem::Clearing the domains completed.
TRACE::2025-03-28.15:34:54::SCWPlatform::Clearing the opened hw db.
TRACE::2025-03-28.15:34:54::SCWPlatform::DSA given E:/kevin/myCode/microBlaze1/vitisJson/syncBlaze/hw/design_1_wrapper.xsa
TRACE::2025-03-28.15:34:54::SCWPlatform::DSA absoulate path E:/kevin/myCode/microBlaze1/vitisJson/syncBlaze/hw/design_1_wrapper.xsa
TRACE::2025-03-28.15:34:54::SCWPlatform:: Platform location is E:/kevin/myCode/microBlaze1/vitisJson/syncBlaze/hw
TRACE::2025-03-28.15:34:54::SCWPlatform:: Platform Path E:/kevin/myCode/microBlaze1/vitisJson/syncBlaze/hw/design_1_wrapper.xsa
TRACE::2025-03-28.15:34:54::SCWPlatform:: Unique name xilinx:::0.0
TRACE::2025-03-28.15:34:54::SCWPlatform::Removing the HwDB with name E:/kevin/myCode/microBlaze1/vitisJson/syncBlaze/hw/design_1_wrapper.xsa
TRACE::2025-03-28.15:34:54::SCWPlatform::Trying to open the hw design at E:/kevin/myCode/microBlaze1/vitisJson/syncBlaze/hw/design_1_wrapper.xsa
TRACE::2025-03-28.15:34:54::SCWPlatform::DSA given E:/kevin/myCode/microBlaze1/vitisJson/syncBlaze/hw/design_1_wrapper.xsa
TRACE::2025-03-28.15:34:54::SCWPlatform::DSA absoulate path E:/kevin/myCode/microBlaze1/vitisJson/syncBlaze/hw/design_1_wrapper.xsa
TRACE::2025-03-28.15:34:54::SCWPlatform::DSA directory E:/kevin/myCode/microBlaze1/vitisJson/syncBlaze/hw
TRACE::2025-03-28.15:34:54::SCWPlatform:: Platform Path E:/kevin/myCode/microBlaze1/vitisJson/syncBlaze/hw/design_1_wrapper.xsa
TRACE::2025-03-28.15:34:54::SCWPlatform:: Unique name xilinx:::0.0
TRACE::2025-03-28.15:34:54::SCWPlatform::Do not have an existing db opened. 
TRACE::2025-03-28.15:34:55::SCWPlatform::Opened new HwDB with name design_1_wrapper_10
TRACE::2025-03-28.15:34:55::SCWReader::Active system found as  syncBlaze
TRACE::2025-03-28.15:34:55::SCWReader::Handling sysconfig syncBlaze
TRACE::2025-03-28.15:34:55::SCWDomain::checking for install qemu data   : 
TRACE::2025-03-28.15:34:55::SCWPlatform::Trying to open the hw design at E:/kevin/myCode/microBlaze1/vitisJson/syncBlaze/hw/design_1_wrapper.xsa
TRACE::2025-03-28.15:34:55::SCWPlatform::DSA given E:/kevin/myCode/microBlaze1/vitisJson/syncBlaze/hw/design_1_wrapper.xsa
TRACE::2025-03-28.15:34:55::SCWPlatform::DSA absoulate path E:/kevin/myCode/microBlaze1/vitisJson/syncBlaze/hw/design_1_wrapper.xsa
TRACE::2025-03-28.15:34:55::SCWPlatform::DSA directory E:/kevin/myCode/microBlaze1/vitisJson/syncBlaze/hw
TRACE::2025-03-28.15:34:55::SCWPlatform:: Platform Path E:/kevin/myCode/microBlaze1/vitisJson/syncBlaze/hw/design_1_wrapper.xsa
TRACE::2025-03-28.15:34:55::SCWPlatform:: Unique name xilinx:::0.0
TRACE::2025-03-28.15:34:55::SCWPlatform::Trying to set the existing hwdb with name design_1_wrapper_10
TRACE::2025-03-28.15:34:55::SCWPlatform::Opened existing hwdb design_1_wrapper_10
TRACE::2025-03-28.15:34:55::SCWPlatform::Found the Hw Db part of the input DSA
TRACE::2025-03-28.15:34:55::SCWPlatform::Trying to open the hw design at E:/kevin/myCode/microBlaze1/vitisJson/syncBlaze/hw/design_1_wrapper.xsa
TRACE::2025-03-28.15:34:55::SCWPlatform::DSA given E:/kevin/myCode/microBlaze1/vitisJson/syncBlaze/hw/design_1_wrapper.xsa
TRACE::2025-03-28.15:34:55::SCWPlatform::DSA absoulate path E:/kevin/myCode/microBlaze1/vitisJson/syncBlaze/hw/design_1_wrapper.xsa
TRACE::2025-03-28.15:34:55::SCWPlatform::DSA directory E:/kevin/myCode/microBlaze1/vitisJson/syncBlaze/hw
TRACE::2025-03-28.15:34:55::SCWPlatform:: Platform Path E:/kevin/myCode/microBlaze1/vitisJson/syncBlaze/hw/design_1_wrapper.xsa
TRACE::2025-03-28.15:34:55::SCWPlatform:: Unique name xilinx:::0.0
TRACE::2025-03-28.15:34:55::SCWPlatform::Trying to set the existing hwdb with name design_1_wrapper_10
TRACE::2025-03-28.15:34:55::SCWPlatform::Opened existing hwdb design_1_wrapper_10
TRACE::2025-03-28.15:34:55::SCWPlatform::Found the Hw Db part of the input DSA
TRACE::2025-03-28.15:34:55::SCWPlatform::Trying to open the hw design at E:/kevin/myCode/microBlaze1/vitisJson/syncBlaze/hw/design_1_wrapper.xsa
TRACE::2025-03-28.15:34:55::SCWPlatform::DSA given E:/kevin/myCode/microBlaze1/vitisJson/syncBlaze/hw/design_1_wrapper.xsa
TRACE::2025-03-28.15:34:55::SCWPlatform::DSA absoulate path E:/kevin/myCode/microBlaze1/vitisJson/syncBlaze/hw/design_1_wrapper.xsa
TRACE::2025-03-28.15:34:55::SCWPlatform::DSA directory E:/kevin/myCode/microBlaze1/vitisJson/syncBlaze/hw
TRACE::2025-03-28.15:34:55::SCWPlatform:: Platform Path E:/kevin/myCode/microBlaze1/vitisJson/syncBlaze/hw/design_1_wrapper.xsa
TRACE::2025-03-28.15:34:55::SCWPlatform:: Unique name xilinx:::0.0
TRACE::2025-03-28.15:34:55::SCWPlatform::Trying to set the existing hwdb with name design_1_wrapper_10
TRACE::2025-03-28.15:34:55::SCWPlatform::Opened existing hwdb design_1_wrapper_10
TRACE::2025-03-28.15:34:55::SCWPlatform::Found the Hw Db part of the input DSA
TRACE::2025-03-28.15:34:55::SCWPlatform::Trying to open the hw design at E:/kevin/myCode/microBlaze1/vitisJson/syncBlaze/hw/design_1_wrapper.xsa
TRACE::2025-03-28.15:34:55::SCWPlatform::DSA given E:/kevin/myCode/microBlaze1/vitisJson/syncBlaze/hw/design_1_wrapper.xsa
TRACE::2025-03-28.15:34:55::SCWPlatform::DSA absoulate path E:/kevin/myCode/microBlaze1/vitisJson/syncBlaze/hw/design_1_wrapper.xsa
TRACE::2025-03-28.15:34:55::SCWPlatform::DSA directory E:/kevin/myCode/microBlaze1/vitisJson/syncBlaze/hw
TRACE::2025-03-28.15:34:55::SCWPlatform:: Platform Path E:/kevin/myCode/microBlaze1/vitisJson/syncBlaze/hw/design_1_wrapper.xsa
TRACE::2025-03-28.15:34:55::SCWPlatform:: Unique name xilinx:::0.0
TRACE::2025-03-28.15:34:55::SCWPlatform::Trying to set the existing hwdb with name design_1_wrapper_10
TRACE::2025-03-28.15:34:55::SCWPlatform::Opened existing hwdb design_1_wrapper_10
TRACE::2025-03-28.15:34:55::SCWPlatform::Found the Hw Db part of the input DSA
TRACE::2025-03-28.15:34:55::SCWMssOS::Checking the sw design at  E:/kevin/myCode/microBlaze1/vitisJson/syncBlaze/microblaze_0/standalone_domain/bsp/system.mss
TRACE::2025-03-28.15:34:55::SCWMssOS::DEBUG:  swdes dump  
TRACE::2025-03-28.15:34:55::SCWMssOS::No sw design opened at  E:/kevin/myCode/microBlaze1/vitisJson/syncBlaze/microblaze_0/standalone_domain/bsp/system.mss
TRACE::2025-03-28.15:34:55::SCWMssOS::mss exists loading the mss file  E:/kevin/myCode/microBlaze1/vitisJson/syncBlaze/microblaze_0/standalone_domain/bsp/system.mss
TRACE::2025-03-28.15:34:55::SCWMssOS::Opened the sw design from mss  E:/kevin/myCode/microBlaze1/vitisJson/syncBlaze/microblaze_0/standalone_domain/bsp/system.mss
TRACE::2025-03-28.15:34:55::SCWMssOS::Adding the swdes entry E:/kevin/myCode/microBlaze1/vitisJson/syncBlaze/microblaze_0/standalone_domain/bsp/system.mss with des name system
TRACE::2025-03-28.15:34:55::SCWMssOS::updating the scw layer about changes
TRACE::2025-03-28.15:34:55::SCWMssOS::Opened the sw design.  E:/kevin/myCode/microBlaze1/vitisJson/syncBlaze/microblaze_0/standalone_domain/bsp/system.mss
TRACE::2025-03-28.15:34:55::SCWMssOS::Saving the mss changes E:/kevin/myCode/microBlaze1/vitisJson/syncBlaze/microblaze_0/standalone_domain/bsp/system.mss
TRACE::2025-03-28.15:34:55::SCWMssOS::Found a swdesign opened with the mssfile.
TRACE::2025-03-28.15:34:55::SCWMssOS::Completed writemss as part of save.
TRACE::2025-03-28.15:34:55::SCWMssOS::Commit changes completed.
TRACE::2025-03-28.15:34:55::SCWReader::Adding prebuilt librarypaths as   
TRACE::2025-03-28.15:34:55::SCWReader::Adding prebuilt incpaths  as   
TRACE::2025-03-28.15:34:55::SCWPlatform::Trying to open the hw design at E:/kevin/myCode/microBlaze1/vitisJson/syncBlaze/hw/design_1_wrapper.xsa
TRACE::2025-03-28.15:34:55::SCWPlatform::DSA given E:/kevin/myCode/microBlaze1/vitisJson/syncBlaze/hw/design_1_wrapper.xsa
TRACE::2025-03-28.15:34:55::SCWPlatform::DSA absoulate path E:/kevin/myCode/microBlaze1/vitisJson/syncBlaze/hw/design_1_wrapper.xsa
TRACE::2025-03-28.15:34:55::SCWPlatform::DSA directory E:/kevin/myCode/microBlaze1/vitisJson/syncBlaze/hw
TRACE::2025-03-28.15:34:55::SCWPlatform:: Platform Path E:/kevin/myCode/microBlaze1/vitisJson/syncBlaze/hw/design_1_wrapper.xsa
TRACE::2025-03-28.15:34:55::SCWPlatform:: Unique name xilinx:::0.0
TRACE::2025-03-28.15:34:55::SCWPlatform::Trying to set the existing hwdb with name design_1_wrapper_10
TRACE::2025-03-28.15:34:55::SCWPlatform::Opened existing hwdb design_1_wrapper_10
TRACE::2025-03-28.15:34:55::SCWPlatform::Found the Hw Db part of the input DSA
TRACE::2025-03-28.15:34:55::SCWMssOS::Checking the sw design at  E:/kevin/myCode/microBlaze1/vitisJson/syncBlaze/microblaze_0/standalone_domain/bsp/system.mss
TRACE::2025-03-28.15:34:55::SCWMssOS::DEBUG:  swdes dump  E:/kevin/myCode/microBlaze1/vitisJson/syncBlaze/microblaze_0/standalone_domain/bsp/system.mss|system||

TRACE::2025-03-28.15:34:55::SCWMssOS::Sw design exists and opened at  E:/kevin/myCode/microBlaze1/vitisJson/syncBlaze/microblaze_0/standalone_domain/bsp/system.mss
TRACE::2025-03-28.15:34:55::SCWReader::No isolation master present  
TRACE::2025-03-28.15:34:57::SCWPlatform::DSA given E:/kevin/myCode/microBlaze1/vitisJson/syncBlaze/tempdsa/design_1_wrapper.xsa
TRACE::2025-03-28.15:34:57::SCWPlatform::DSA absoulate path E:/kevin/myCode/microBlaze1/vitisJson/syncBlaze/tempdsa/design_1_wrapper.xsa
TRACE::2025-03-28.15:34:57::SCWPlatform:: Platform location is E:/kevin/myCode/microBlaze1/vitisJson/syncBlaze/tempdsa
TRACE::2025-03-28.15:34:57::SCWPlatform:: Platform Path E:/kevin/myCode/microBlaze1/vitisJson/syncBlaze/tempdsa/design_1_wrapper.xsa
TRACE::2025-03-28.15:34:57::SCWPlatform:: Unique name xilinx:::0.0
TRACE::2025-03-28.15:34:57::SCWPlatform::Found the Hw Db part of the input DSA
TRACE::2025-03-28.15:34:57::SCWMssOS::Doing hw sync for the mss in domain: standalone_domain
TRACE::2025-03-28.15:34:57::SCWPlatform::Trying to open the hw design at E:/kevin/myCode/microBlaze1/vitisJson/syncBlaze/hw/design_1_wrapper.xsa
TRACE::2025-03-28.15:34:57::SCWPlatform::DSA given E:/kevin/myCode/microBlaze1/vitisJson/syncBlaze/hw/design_1_wrapper.xsa
TRACE::2025-03-28.15:34:57::SCWPlatform::DSA absoulate path E:/kevin/myCode/microBlaze1/vitisJson/syncBlaze/hw/design_1_wrapper.xsa
TRACE::2025-03-28.15:34:57::SCWPlatform::DSA directory E:/kevin/myCode/microBlaze1/vitisJson/syncBlaze/hw
TRACE::2025-03-28.15:34:57::SCWPlatform:: Platform Path E:/kevin/myCode/microBlaze1/vitisJson/syncBlaze/hw/design_1_wrapper.xsa
TRACE::2025-03-28.15:34:57::SCWPlatform:: Unique name xilinx:::0.0
TRACE::2025-03-28.15:34:57::SCWPlatform::Trying to set the existing hwdb with name design_1_wrapper_10
TRACE::2025-03-28.15:34:57::SCWPlatform::Opened existing hwdb design_1_wrapper_10
TRACE::2025-03-28.15:34:57::SCWPlatform::Found the Hw Db part of the input DSA
TRACE::2025-03-28.15:34:57::SCWPlatform::Trying to open the hw design at E:/kevin/myCode/microBlaze1/vitisJson/syncBlaze/hw/design_1_wrapper.xsa
TRACE::2025-03-28.15:34:57::SCWPlatform::DSA given E:/kevin/myCode/microBlaze1/vitisJson/syncBlaze/hw/design_1_wrapper.xsa
TRACE::2025-03-28.15:34:57::SCWPlatform::DSA absoulate path E:/kevin/myCode/microBlaze1/vitisJson/syncBlaze/hw/design_1_wrapper.xsa
TRACE::2025-03-28.15:34:57::SCWPlatform::DSA directory E:/kevin/myCode/microBlaze1/vitisJson/syncBlaze/hw
TRACE::2025-03-28.15:34:57::SCWPlatform:: Platform Path E:/kevin/myCode/microBlaze1/vitisJson/syncBlaze/hw/design_1_wrapper.xsa
TRACE::2025-03-28.15:34:57::SCWPlatform:: Unique name xilinx:::0.0
TRACE::2025-03-28.15:34:57::SCWPlatform::Trying to set the existing hwdb with name design_1_wrapper_10
TRACE::2025-03-28.15:34:57::SCWPlatform::Opened existing hwdb design_1_wrapper_10
TRACE::2025-03-28.15:34:57::SCWPlatform::Found the Hw Db part of the input DSA
TRACE::2025-03-28.15:34:57::SCWMssOS::Checking the sw design at  E:/kevin/myCode/microBlaze1/vitisJson/syncBlaze/microblaze_0/standalone_domain/bsp/system.mss
TRACE::2025-03-28.15:34:57::SCWMssOS::DEBUG:  swdes dump  E:/kevin/myCode/microBlaze1/vitisJson/syncBlaze/microblaze_0/standalone_domain/bsp/system.mss|system||

TRACE::2025-03-28.15:34:57::SCWMssOS::Sw design exists and opened at  E:/kevin/myCode/microBlaze1/vitisJson/syncBlaze/microblaze_0/standalone_domain/bsp/system.mss
TRACE::2025-03-28.15:34:57::SCWPlatform::Trying to open the hw design at E:/kevin/myCode/microBlaze1/vitisJson/syncBlaze/tempdsa/design_1_wrapper.xsa
TRACE::2025-03-28.15:34:57::SCWPlatform::DSA given E:/kevin/myCode/microBlaze1/vitisJson/syncBlaze/tempdsa/design_1_wrapper.xsa
TRACE::2025-03-28.15:34:57::SCWPlatform::DSA absoulate path E:/kevin/myCode/microBlaze1/vitisJson/syncBlaze/tempdsa/design_1_wrapper.xsa
TRACE::2025-03-28.15:34:57::SCWPlatform::DSA directory E:/kevin/myCode/microBlaze1/vitisJson/syncBlaze/tempdsa
TRACE::2025-03-28.15:34:57::SCWPlatform:: Platform Path E:/kevin/myCode/microBlaze1/vitisJson/syncBlaze/tempdsa/design_1_wrapper.xsa
TRACE::2025-03-28.15:34:57::SCWPlatform:: Unique name xilinx:::0.0
TRACE::2025-03-28.15:34:57::SCWPlatform::update - Opened existing hwdb design_1_wrapper_11
TRACE::2025-03-28.15:34:57::SCWPlatform::Found the Hw Db part of the input DSA
TRACE::2025-03-28.15:34:57::SCWMssOS::Saving the mss changes E:/kevin/myCode/microBlaze1/vitisJson/syncBlaze/microblaze_0/standalone_domain/bsp/system.mss
TRACE::2025-03-28.15:34:57::SCWMssOS::Found a swdesign opened with the mssfile.
TRACE::2025-03-28.15:34:57::SCWMssOS::Completed writemss as part of save.
TRACE::2025-03-28.15:34:57::SCWMssOS::Commit changes completed.
TRACE::2025-03-28.15:34:57::SCWMssOS::Completed hw sync for the mss in domain: standalone_domain
TRACE::2025-03-28.15:34:57::SCWMssOS::Removing the swdes entry for  E:/kevin/myCode/microBlaze1/vitisJson/syncBlaze/microblaze_0/standalone_domain/bsp/system.mss
TRACE::2025-03-28.15:34:57::SCWPlatform::Trying to open the hw design at E:/kevin/myCode/microBlaze1/vitisJson/syncBlaze/hw/design_1_wrapper.xsa
TRACE::2025-03-28.15:34:57::SCWPlatform::DSA given E:/kevin/myCode/microBlaze1/vitisJson/syncBlaze/hw/design_1_wrapper.xsa
TRACE::2025-03-28.15:34:57::SCWPlatform::DSA absoulate path E:/kevin/myCode/microBlaze1/vitisJson/syncBlaze/hw/design_1_wrapper.xsa
TRACE::2025-03-28.15:34:57::SCWPlatform::DSA directory E:/kevin/myCode/microBlaze1/vitisJson/syncBlaze/hw
TRACE::2025-03-28.15:34:57::SCWPlatform:: Platform Path E:/kevin/myCode/microBlaze1/vitisJson/syncBlaze/hw/design_1_wrapper.xsa
TRACE::2025-03-28.15:34:57::SCWPlatform:: Unique name xilinx:::0.0
TRACE::2025-03-28.15:34:57::SCWPlatform::Do not have an existing db opened. 
TRACE::2025-03-28.15:34:58::SCWPlatform::Opened new HwDB with name design_1_wrapper_12
TRACE::2025-03-28.15:34:58::SCWMssOS::Saving the mss changes E:/kevin/myCode/microBlaze1/vitisJson/syncBlaze/microblaze_0/standalone_domain/bsp/system.mss
TRACE::2025-03-28.15:34:58::SCWMssOS::Adding the swdes entry, mss present, able to open swdb E:/kevin/myCode/microBlaze1/vitisJson/syncBlaze/microblaze_0/standalone_domain/bsp/system.mss with des name system
TRACE::2025-03-28.15:34:58::SCWMssOS::Writing the mss file completed E:/kevin/myCode/microBlaze1/vitisJson/syncBlaze/microblaze_0/standalone_domain/bsp/system.mss
TRACE::2025-03-28.15:34:58::SCWMssOS::Commit changes completed.
TRACE::2025-03-28.15:34:58::SCWPlatform::Trying to open the hw design at E:/kevin/myCode/microBlaze1/vitisJson/syncBlaze/hw/design_1_wrapper.xsa
TRACE::2025-03-28.15:34:58::SCWPlatform::DSA given E:/kevin/myCode/microBlaze1/vitisJson/syncBlaze/hw/design_1_wrapper.xsa
TRACE::2025-03-28.15:34:58::SCWPlatform::DSA absoulate path E:/kevin/myCode/microBlaze1/vitisJson/syncBlaze/hw/design_1_wrapper.xsa
TRACE::2025-03-28.15:34:58::SCWPlatform::DSA directory E:/kevin/myCode/microBlaze1/vitisJson/syncBlaze/hw
TRACE::2025-03-28.15:34:58::SCWPlatform:: Platform Path E:/kevin/myCode/microBlaze1/vitisJson/syncBlaze/hw/design_1_wrapper.xsa
TRACE::2025-03-28.15:34:58::SCWPlatform:: Unique name xilinx:::0.0
TRACE::2025-03-28.15:34:58::SCWPlatform::Trying to set the existing hwdb with name design_1_wrapper_12
TRACE::2025-03-28.15:34:58::SCWPlatform::Opened existing hwdb design_1_wrapper_12
TRACE::2025-03-28.15:34:58::SCWPlatform::Found the Hw Db part of the input DSA
TRACE::2025-03-28.15:34:58::SCWMssOS::Checking the sw design at  E:/kevin/myCode/microBlaze1/vitisJson/syncBlaze/microblaze_0/standalone_domain/bsp/system.mss
TRACE::2025-03-28.15:34:58::SCWMssOS::DEBUG:  swdes dump  E:/kevin/myCode/microBlaze1/vitisJson/syncBlaze/microblaze_0/standalone_domain/bsp/system.mss|system||

TRACE::2025-03-28.15:34:58::SCWMssOS::Sw design exists and opened at  E:/kevin/myCode/microBlaze1/vitisJson/syncBlaze/microblaze_0/standalone_domain/bsp/system.mss
TRACE::2025-03-28.15:34:58::SCWWriter::formatted JSON is {
	"platformName":	"syncBlaze",
	"sprVersion":	"2.0",
	"mode":	"gui",
	"dsaType":	"Fixed",
	"platformDesc":	"syncBlaze",
	"platHandOff":	"E:/kevin/myCode/microBlaze1/design_1_wrapper.xsa",
	"platIntHandOff":	"<platformDir>/hw/design_1_wrapper.xsa",
	"deviceType":	"FPGA",
	"platIsPrebuiltAutogen":	"false",
	"platIsNoBootBsp":	"false",
	"hasFsblMakeHasChanges":	"false",
	"hasPmufwMakeHasChanges":	"false",
	"platPreBuiltFlag":	false,
	"platformSamplesDir":	"",
	"platActiveSys":	"syncBlaze",
	"systems":	[{
			"systemName":	"syncBlaze",
			"systemDesc":	"syncBlaze",
			"sysIsBootAutoGen":	"true",
			"systemDispName":	"syncBlaze",
			"sysActiveDom":	"standalone_domain",
			"sysDefaultDom":	"standalone_domain",
			"domains":	[{
					"domainName":	"standalone_domain",
					"domainDispName":	"standalone on microblaze_0",
					"domainDesc":	"standalone_domain",
					"processors":	"microblaze_0",
					"os":	"standalone",
					"sdxOs":	"standalone",
					"debugEnable":	"False",
					"domRuntimes":	["cpp"],
					"swRepo":	"",
					"mssOsVer":	"8.0",
					"mssFile":	"",
					"md5Digest":	"e2cdda41e7956801f4f51a65042beca01",
					"compatibleApp":	"",
					"domType":	"mssDomain",
					"arch":	"32-bit",
					"appSettings":	{
						"appCompilerFlags":	"",
						"appLinkerFlags":	""
					},
					"addedLibs":	[],
					"libOptions":	{
						"libsContainingOptions":	[]
					},
					"prebuiltLibs":	{
						"prebuiltIncPath":	[],
						"prebuiltLibPath":	[]
					},
					"isolation":	{
					}
				}]
		}]
}
LOG::2025-03-28.15:35:07::SCWPlatform::Started generating the artifacts platform syncBlaze
TRACE::2025-03-28.15:35:07::SCWPlatform::Sanity checking of platform is completed
LOG::2025-03-28.15:35:07::SCWPlatform::Started generating the artifacts for system configuration syncBlaze
LOG::2025-03-28.15:35:07::SCWSystem::Checking the domain standalone_domain
LOG::2025-03-28.15:35:07::SCWSystem::Not a boot domain 
LOG::2025-03-28.15:35:07::SCWSystem::Started Processing the domain standalone_domain
TRACE::2025-03-28.15:35:07::SCWDomain::Generating domain artifcats
TRACE::2025-03-28.15:35:07::SCWMssOS::Generating standalone artifcats
TRACE::2025-03-28.15:35:07::SCWMssOS:: Copying the user libraries. 
TRACE::2025-03-28.15:35:07::SCWPlatform::Trying to open the hw design at E:/kevin/myCode/microBlaze1/vitisJson/syncBlaze/hw/design_1_wrapper.xsa
TRACE::2025-03-28.15:35:07::SCWPlatform::DSA given E:/kevin/myCode/microBlaze1/vitisJson/syncBlaze/hw/design_1_wrapper.xsa
TRACE::2025-03-28.15:35:07::SCWPlatform::DSA absoulate path E:/kevin/myCode/microBlaze1/vitisJson/syncBlaze/hw/design_1_wrapper.xsa
TRACE::2025-03-28.15:35:07::SCWPlatform::DSA directory E:/kevin/myCode/microBlaze1/vitisJson/syncBlaze/hw
TRACE::2025-03-28.15:35:07::SCWPlatform:: Platform Path E:/kevin/myCode/microBlaze1/vitisJson/syncBlaze/hw/design_1_wrapper.xsa
TRACE::2025-03-28.15:35:07::SCWPlatform:: Unique name xilinx:::0.0
TRACE::2025-03-28.15:35:07::SCWPlatform::Trying to set the existing hwdb with name design_1_wrapper_12
TRACE::2025-03-28.15:35:07::SCWPlatform::Opened existing hwdb design_1_wrapper_12
TRACE::2025-03-28.15:35:07::SCWPlatform::Found the Hw Db part of the input DSA
TRACE::2025-03-28.15:35:07::SCWMssOS::Checking the sw design at  E:/kevin/myCode/microBlaze1/vitisJson/syncBlaze/microblaze_0/standalone_domain/bsp/system.mss
TRACE::2025-03-28.15:35:07::SCWMssOS::DEBUG:  swdes dump  E:/kevin/myCode/microBlaze1/vitisJson/syncBlaze/microblaze_0/standalone_domain/bsp/system.mss|system||

TRACE::2025-03-28.15:35:07::SCWMssOS::Sw design exists and opened at  E:/kevin/myCode/microBlaze1/vitisJson/syncBlaze/microblaze_0/standalone_domain/bsp/system.mss
TRACE::2025-03-28.15:35:07::SCWMssOS::Completed writing the mss file at E:/kevin/myCode/microBlaze1/vitisJson/syncBlaze/microblaze_0/standalone_domain/bsp
TRACE::2025-03-28.15:35:07::SCWMssOS::Mss edits present, copying mssfile into export location E:/kevin/myCode/microBlaze1/vitisJson/syncBlaze/microblaze_0/standalone_domain/bsp/system.mss
TRACE::2025-03-28.15:35:07::SCWMssOS::bsp generated is stale removing and regenerating. 
TRACE::2025-03-28.15:35:13::SCWMssOS::doing bsp build ... 
TRACE::2025-03-28.15:35:13::SCWMssOS::System Command Ran  E: & cd  E:/kevin/myCode/microBlaze1/vitisJson/syncBlaze/microblaze_0/standalone_domain/bsp & make 
TRACE::2025-03-28.15:35:13::SCWMssOS::make --no-print-directory seq_libs

TRACE::2025-03-28.15:35:13::SCWMssOS::'Finished building libraries sequentially.'

TRACE::2025-03-28.15:35:13::SCWMssOS::make -j 14 --no-print-directory par_libs

TRACE::2025-03-28.15:35:13::SCWMssOS::"Running Make include in microblaze_0/libsrc/bram_v4_8/src"

TRACE::2025-03-28.15:35:13::SCWMssOS::make -C microblaze_0/libsrc/bram_v4_8/src -s include  "SHELL=CMD" "COMPILER=mb-gcc" "ASSEMBLER=mb-as" "ARCHIVER=mb-ar" "COMPILE
TRACE::2025-03-28.15:35:13::SCWMssOS::R_FLAGS=  -O2 -c -mcpu=v11.0 -mlittle-endian -mxl-soft-mul" "EXTRA_COMPILER_FLAGS=-g -ffunction-sections -fdata-sections -Wall 
TRACE::2025-03-28.15:35:13::SCWMssOS::-Wextra -fno-tree-loop-distribute-patterns"

TRACE::2025-03-28.15:35:13::SCWMssOS::"Running Make include in microblaze_0/libsrc/cpu_v2_16/src"

TRACE::2025-03-28.15:35:13::SCWMssOS::make -C microblaze_0/libsrc/cpu_v2_16/src -s include  "SHELL=CMD" "COMPILER=mb-gcc" "ASSEMBLER=mb-as" "ARCHIVER=mb-ar" "COMPILE
TRACE::2025-03-28.15:35:13::SCWMssOS::R_FLAGS=  -O2 -c -mcpu=v11.0 -mlittle-endian -mxl-soft-mul" "EXTRA_COMPILER_FLAGS=-g -ffunction-sections -fdata-sections -Wall 
TRACE::2025-03-28.15:35:13::SCWMssOS::-Wextra -fno-tree-loop-distribute-patterns"

TRACE::2025-03-28.15:35:13::SCWMssOS::"Running Make include in microblaze_0/libsrc/gpio_v4_9/src"

TRACE::2025-03-28.15:35:13::SCWMssOS::make -C microblaze_0/libsrc/gpio_v4_9/src -s include  "SHELL=CMD" "COMPILER=mb-gcc" "ASSEMBLER=mb-as" "ARCHIVER=mb-ar" "COMPILE
TRACE::2025-03-28.15:35:13::SCWMssOS::R_FLAGS=  -O2 -c -mcpu=v11.0 -mlittle-endian -mxl-soft-mul" "EXTRA_COMPILER_FLAGS=-g -ffunction-sections -fdata-sections -Wall 
TRACE::2025-03-28.15:35:13::SCWMssOS::-Wextra -fno-tree-loop-distribute-patterns"

TRACE::2025-03-28.15:35:13::SCWMssOS::"Running Make include in microblaze_0/libsrc/intc_v3_15/src"

TRACE::2025-03-28.15:35:13::SCWMssOS::make -C microblaze_0/libsrc/intc_v3_15/src -s include  "SHELL=CMD" "COMPILER=mb-gcc" "ASSEMBLER=mb-as" "ARCHIVER=mb-ar" "COMPIL
TRACE::2025-03-28.15:35:13::SCWMssOS::ER_FLAGS=  -O2 -c -mcpu=v11.0 -mlittle-endian -mxl-soft-mul" "EXTRA_COMPILER_FLAGS=-g -ffunction-sections -fdata-sections -Wall
TRACE::2025-03-28.15:35:13::SCWMssOS:: -Wextra -fno-tree-loop-distribute-patterns"

TRACE::2025-03-28.15:35:13::SCWMssOS::"Running Make include in microblaze_0/libsrc/standalone_v8_0/src"

TRACE::2025-03-28.15:35:13::SCWMssOS::make -C microblaze_0/libsrc/standalone_v8_0/src -s include  "SHELL=CMD" "COMPILER=mb-gcc" "ASSEMBLER=mb-as" "ARCHIVER=mb-ar" "C
TRACE::2025-03-28.15:35:13::SCWMssOS::OMPILER_FLAGS=  -O2 -c -mcpu=v11.0 -mlittle-endian -mxl-soft-mul" "EXTRA_COMPILER_FLAGS=-g -ffunction-sections -fdata-sections 
TRACE::2025-03-28.15:35:13::SCWMssOS::-Wall -Wextra -fno-tree-loop-distribute-patterns"

TRACE::2025-03-28.15:35:13::SCWMssOS::"Running Make include in microblaze_0/libsrc/tmrctr_v4_9/src"

TRACE::2025-03-28.15:35:13::SCWMssOS::make -C microblaze_0/libsrc/tmrctr_v4_9/src -s include  "SHELL=CMD" "COMPILER=mb-gcc" "ASSEMBLER=mb-as" "ARCHIVER=mb-ar" "COMPI
TRACE::2025-03-28.15:35:13::SCWMssOS::LER_FLAGS=  -O2 -c -mcpu=v11.0 -mlittle-endian -mxl-soft-mul" "EXTRA_COMPILER_FLAGS=-g -ffunction-sections -fdata-sections -Wal
TRACE::2025-03-28.15:35:13::SCWMssOS::l -Wextra -fno-tree-loop-distribute-patterns"

TRACE::2025-03-28.15:35:13::SCWMssOS::"Running Make include in microblaze_0/libsrc/uartlite_v3_7/src"

TRACE::2025-03-28.15:35:13::SCWMssOS::make -C microblaze_0/libsrc/uartlite_v3_7/src -s include  "SHELL=CMD" "COMPILER=mb-gcc" "ASSEMBLER=mb-as" "ARCHIVER=mb-ar" "COM
TRACE::2025-03-28.15:35:13::SCWMssOS::PILER_FLAGS=  -O2 -c -mcpu=v11.0 -mlittle-endian -mxl-soft-mul" "EXTRA_COMPILER_FLAGS=-g -ffunction-sections -fdata-sections -W
TRACE::2025-03-28.15:35:13::SCWMssOS::all -Wextra -fno-tree-loop-distribute-patterns"

TRACE::2025-03-28.15:35:13::SCWMssOS::"Running Make libs in microblaze_0/libsrc/bram_v4_8/src"

TRACE::2025-03-28.15:35:13::SCWMssOS::make -C microblaze_0/libsrc/bram_v4_8/src -s libs  "SHELL=CMD" "COMPILER=mb-gcc" "ASSEMBLER=mb-as" "ARCHIVER=mb-ar" "COMPILER_F
TRACE::2025-03-28.15:35:13::SCWMssOS::LAGS=  -O2 -c -mcpu=v11.0 -mlittle-endian -mxl-soft-mul" "EXTRA_COMPILER_FLAGS=-g -ffunction-sections -fdata-sections -Wall -We
TRACE::2025-03-28.15:35:13::SCWMssOS::xtra -fno-tree-loop-distribute-patterns"

TRACE::2025-03-28.15:35:13::SCWMssOS::"Running Make libs in microblaze_0/libsrc/cpu_v2_16/src"

TRACE::2025-03-28.15:35:13::SCWMssOS::make -C microblaze_0/libsrc/cpu_v2_16/src -s libs  "SHELL=CMD" "COMPILER=mb-gcc" "ASSEMBLER=mb-as" "ARCHIVER=mb-ar" "COMPILER_F
TRACE::2025-03-28.15:35:13::SCWMssOS::LAGS=  -O2 -c -mcpu=v11.0 -mlittle-endian -mxl-soft-mul" "EXTRA_COMPILER_FLAGS=-g -ffunction-sections -fdata-sections -Wall -We
TRACE::2025-03-28.15:35:13::SCWMssOS::xtra -fno-tree-loop-distribute-patterns"

TRACE::2025-03-28.15:35:13::SCWMssOS::"Running Make libs in microblaze_0/libsrc/gpio_v4_9/src"

TRACE::2025-03-28.15:35:13::SCWMssOS::make -C microblaze_0/libsrc/gpio_v4_9/src -s libs  "SHELL=CMD" "COMPILER=mb-gcc" "ASSEMBLER=mb-as" "ARCHIVER=mb-ar" "COMPILER_F
TRACE::2025-03-28.15:35:13::SCWMssOS::LAGS=  -O2 -c -mcpu=v11.0 -mlittle-endian -mxl-soft-mul" "EXTRA_COMPILER_FLAGS=-g -ffunction-sections -fdata-sections -Wall -We
TRACE::2025-03-28.15:35:13::SCWMssOS::xtra -fno-tree-loop-distribute-patterns"

TRACE::2025-03-28.15:35:13::SCWMssOS::"Running Make libs in microblaze_0/libsrc/intc_v3_15/src"

TRACE::2025-03-28.15:35:13::SCWMssOS::make -C microblaze_0/libsrc/intc_v3_15/src -s libs  "SHELL=CMD" "COMPILER=mb-gcc" "ASSEMBLER=mb-as" "ARCHIVER=mb-ar" "COMPILER_
TRACE::2025-03-28.15:35:13::SCWMssOS::FLAGS=  -O2 -c -mcpu=v11.0 -mlittle-endian -mxl-soft-mul" "EXTRA_COMPILER_FLAGS=-g -ffunction-sections -fdata-sections -Wall -W
TRACE::2025-03-28.15:35:13::SCWMssOS::extra -fno-tree-loop-distribute-patterns"

TRACE::2025-03-28.15:35:13::SCWMssOS::"Running Make libs in microblaze_0/libsrc/standalone_v8_0/src"

TRACE::2025-03-28.15:35:13::SCWMssOS::make -C microblaze_0/libsrc/standalone_v8_0/src -s libs  "SHELL=CMD" "COMPILER=mb-gcc" "ASSEMBLER=mb-as" "ARCHIVER=mb-ar" "COMP
TRACE::2025-03-28.15:35:13::SCWMssOS::ILER_FLAGS=  -O2 -c -mcpu=v11.0 -mlittle-endian -mxl-soft-mul" "EXTRA_COMPILER_FLAGS=-g -ffunction-sections -fdata-sections -Wa
TRACE::2025-03-28.15:35:13::SCWMssOS::ll -Wextra -fno-tree-loop-distribute-patterns"

TRACE::2025-03-28.15:35:13::SCWMssOS::"Running Make libs in microblaze_0/libsrc/tmrctr_v4_9/src"

TRACE::2025-03-28.15:35:13::SCWMssOS::make -C microblaze_0/libsrc/tmrctr_v4_9/src -s libs  "SHELL=CMD" "COMPILER=mb-gcc" "ASSEMBLER=mb-as" "ARCHIVER=mb-ar" "COMPILER
TRACE::2025-03-28.15:35:13::SCWMssOS::_FLAGS=  -O2 -c -mcpu=v11.0 -mlittle-endian -mxl-soft-mul" "EXTRA_COMPILER_FLAGS=-g -ffunction-sections -fdata-sections -Wall -
TRACE::2025-03-28.15:35:13::SCWMssOS::Wextra -fno-tree-loop-distribute-patterns"

TRACE::2025-03-28.15:35:14::SCWMssOS::"Running Make libs in microblaze_0/libsrc/uartlite_v3_7/src"

TRACE::2025-03-28.15:35:14::SCWMssOS::make -C microblaze_0/libsrc/uartlite_v3_7/src -s libs  "SHELL=CMD" "COMPILER=mb-gcc" "ASSEMBLER=mb-as" "ARCHIVER=mb-ar" "COMPIL
TRACE::2025-03-28.15:35:14::SCWMssOS::ER_FLAGS=  -O2 -c -mcpu=v11.0 -mlittle-endian -mxl-soft-mul" "EXTRA_COMPILER_FLAGS=-g -ffunction-sections -fdata-sections -Wall
TRACE::2025-03-28.15:35:14::SCWMssOS:: -Wextra -fno-tree-loop-distribute-patterns"

TRACE::2025-03-28.15:35:15::SCWMssOS::"DEBUG NON_LTO_OBJECTS is ../../../lib/microblaze_interrupt_handler.o"

TRACE::2025-03-28.15:35:15::SCWMssOS::'Finished building libraries parallelly.'

TRACE::2025-03-28.15:35:15::SCWMssOS::make --no-print-directory archive

TRACE::2025-03-28.15:35:15::SCWMssOS::mb-ar -r  microblaze_0/lib/libxil.a microblaze_0/lib/_exit.o microblaze_0/lib/errno.o microblaze_0/lib/fcntl.o microblaze_0/lib
TRACE::2025-03-28.15:35:15::SCWMssOS::/hw_exception_handler.o microblaze_0/lib/inbyte.o microblaze_0/lib/microblaze_disable_dcache.o microblaze_0/lib/microblaze_disa
TRACE::2025-03-28.15:35:15::SCWMssOS::ble_exceptions.o microblaze_0/lib/microblaze_disable_icache.o microblaze_0/lib/microblaze_disable_interrupts.o microblaze_0/lib
TRACE::2025-03-28.15:35:15::SCWMssOS::/microblaze_enable_dcache.o microblaze_0/lib/microblaze_enable_exceptions.o microblaze_0/lib/microblaze_enable_icache.o microbl
TRACE::2025-03-28.15:35:15::SCWMssOS::aze_0/lib/microblaze_enable_interrupts.o microblaze_0/lib/microblaze_exception_handler.o microblaze_0/lib/microblaze_flush_cach
TRACE::2025-03-28.15:35:15::SCWMssOS::e_ext.o microblaze_0/lib/microblaze_flush_cache_ext_range.o microblaze_0/lib/microblaze_flush_dcache.o microblaze_0/lib/microbl
TRACE::2025-03-28.15:35:15::SCWMssOS::aze_flush_dcache_range.o microblaze_0/lib/microblaze_init_dcache_range.o microblaze_0/lib/microblaze_init_icache_range.o microb
TRACE::2025-03-28.15:35:15::SCWMssOS::laze_0/lib/microblaze_interrupt_handler.o microblaze_0/lib/microblaze_interrupts_g.o microblaze_0/lib/microblaze_invalidate_cac
TRACE::2025-03-28.15:35:15::SCWMssOS::he_ext.o microblaze_0/lib/microblaze_invalidate_cache_ext_range.o microblaze_0/lib/microblaze_invalidate_dcache.o microblaze_0/
TRACE::2025-03-28.15:35:15::SCWMssOS::lib/microblaze_invalidate_dcache_range.o microblaze_0/lib/microblaze_invalidate_icache.o microblaze_0/lib/microblaze_invalidate
TRACE::2025-03-28.15:35:15::SCWMssOS::_icache_range.o microblaze_0/lib/microblaze_scrub.o microblaze_0/lib/microblaze_selftest.o microblaze_0/lib/microblaze_sleep.o 
TRACE::2025-03-28.15:35:15::SCWMssOS::microblaze_0/lib/microblaze_update_dcache.o microblaze_0/lib/microblaze_update_icache.o microblaze_0/lib/outbyte.o microblaze_0
TRACE::2025-03-28.15:35:15::SCWMssOS::/lib/print.o microblaze_0/lib/pvr.o microblaze_0/lib/xbram.o microblaze_0/lib/xbram_g.o microblaze_0/lib/xbram_intr.o microblaz
TRACE::2025-03-28.15:35:15::SCWMssOS::e_0/lib/xbram_selftest.o microblaze_0/lib/xbram_sinit.o microblaze_0/lib/xgpio.o microblaze_0/lib/xgpio_extra.o microblaze_0/li
TRACE::2025-03-28.15:35:15::SCWMssOS::b/xgpio_g.o microblaze_0/lib/xgpio_intr.o microblaze_0/lib/xgpio_selftest.o microblaze_0/lib/xgpio_sinit.o microblaze_0/lib/xil
TRACE::2025-03-28.15:35:15::SCWMssOS::_assert.o microblaze_0/lib/xil_cache.o microblaze_0/lib/xil_clocking.o microblaze_0/lib/xil_exception.o microblaze_0/lib/xil_me
TRACE::2025-03-28.15:35:15::SCWMssOS::m.o microblaze_0/lib/xil_misc_psreset_api.o microblaze_0/lib/xil_printf.o microblaze_0/lib/xil_sleepcommon.o microblaze_0/lib/x
TRACE::2025-03-28.15:35:15::SCWMssOS::il_testcache.o microblaze_0/lib/xil_testio.o microblaze_0/lib/xil_testmem.o microblaze_0/lib/xil_util.o microblaze_0/lib/xintc.
TRACE::2025-03-28.15:35:15::SCWMssOS::o microblaze_0/lib/xintc_g.o microblaze_0/lib/xintc_intr.o microblaze_0/lib/xintc_l.o microblaze_0/lib/xintc_options.o microbla
TRACE::2025-03-28.15:35:15::SCWMssOS::ze_0/lib/xintc_selftest.o microblaze_0/lib/xinterrupt_wrap.o microblaze_0/lib/xio.o microblaze_0/lib/xplatform_info.o microblaz
TRACE::2025-03-28.15:35:15::SCWMssOS::e_0/lib/xtmrctr.o microblaze_0/lib/xtmrctr_g.o microblaze_0/lib/xtmrctr_intr.o microblaze_0/lib/xtmrctr_l.o microblaze_0/lib/xt
TRACE::2025-03-28.15:35:15::SCWMssOS::mrctr_options.o microblaze_0/lib/xtmrctr_selftest.o microblaze_0/lib/xtmrctr_sinit.o microblaze_0/lib/xtmrctr_stats.o microblaz
TRACE::2025-03-28.15:35:15::SCWMssOS::e_0/lib/xuartlite.o microblaze_0/lib/xuartlite_g.o microblaze_0/lib/xuartlite_intr.o microblaze_0/lib/xuartlite_l.o microblaze_
TRACE::2025-03-28.15:35:15::SCWMssOS::0/lib/xuartlite_selftest.o microblaze_0/lib/xuartlite_sinit.o microblaze_0/lib/xuartlite_stats.o

TRACE::2025-03-28.15:35:15::SCWMssOS::'Finished building libraries'

TRACE::2025-03-28.15:35:15::SCWMssOS:: Checking if to create the Supporting Applications
TRACE::2025-03-28.15:35:15::SCWMssOS:: No Linux domain exists, trying to generate FSBL 
LOG::2025-03-28.15:35:15::SCWSystem::Completed Processing the domain standalone_domain
LOG::2025-03-28.15:35:15::SCWSystem::Completed Processing the sysconfig syncBlaze
LOG::2025-03-28.15:35:15::SCWPlatform::Completed generating the artifacts for system configuration syncBlaze
TRACE::2025-03-28.15:35:15::SCWPlatform::Started preparing the platform 
TRACE::2025-03-28.15:35:15::SCWSystem::Writing the bif file for system config syncBlaze
TRACE::2025-03-28.15:35:15::SCWSystem::dir created 
TRACE::2025-03-28.15:35:15::SCWSystem::Writing the bif 
TRACE::2025-03-28.15:35:15::SCWPlatform::Started writing the spfm file 
TRACE::2025-03-28.15:35:15::SCWPlatform::Started writing the xpfm file 
TRACE::2025-03-28.15:35:15::SCWPlatform::Completed generating the platform
TRACE::2025-03-28.15:35:15::SCWMssOS::Saving the mss changes E:/kevin/myCode/microBlaze1/vitisJson/syncBlaze/microblaze_0/standalone_domain/bsp/system.mss
TRACE::2025-03-28.15:35:15::SCWMssOS::Adding the swdes entry, mss present, able to open swdb E:/kevin/myCode/microBlaze1/vitisJson/syncBlaze/microblaze_0/standalone_domain/bsp/system.mss with des name system
TRACE::2025-03-28.15:35:15::SCWMssOS::Writing the mss file completed E:/kevin/myCode/microBlaze1/vitisJson/syncBlaze/microblaze_0/standalone_domain/bsp/system.mss
TRACE::2025-03-28.15:35:15::SCWMssOS::Commit changes completed.
TRACE::2025-03-28.15:35:15::SCWPlatform::Trying to open the hw design at E:/kevin/myCode/microBlaze1/vitisJson/syncBlaze/hw/design_1_wrapper.xsa
TRACE::2025-03-28.15:35:15::SCWPlatform::DSA given E:/kevin/myCode/microBlaze1/vitisJson/syncBlaze/hw/design_1_wrapper.xsa
TRACE::2025-03-28.15:35:15::SCWPlatform::DSA absoulate path E:/kevin/myCode/microBlaze1/vitisJson/syncBlaze/hw/design_1_wrapper.xsa
TRACE::2025-03-28.15:35:15::SCWPlatform::DSA directory E:/kevin/myCode/microBlaze1/vitisJson/syncBlaze/hw
TRACE::2025-03-28.15:35:15::SCWPlatform:: Platform Path E:/kevin/myCode/microBlaze1/vitisJson/syncBlaze/hw/design_1_wrapper.xsa
TRACE::2025-03-28.15:35:15::SCWPlatform:: Unique name xilinx:::0.0
TRACE::2025-03-28.15:35:15::SCWPlatform::Trying to set the existing hwdb with name design_1_wrapper_12
TRACE::2025-03-28.15:35:15::SCWPlatform::Opened existing hwdb design_1_wrapper_12
TRACE::2025-03-28.15:35:15::SCWPlatform::Found the Hw Db part of the input DSA
TRACE::2025-03-28.15:35:15::SCWMssOS::Checking the sw design at  E:/kevin/myCode/microBlaze1/vitisJson/syncBlaze/microblaze_0/standalone_domain/bsp/system.mss
TRACE::2025-03-28.15:35:15::SCWMssOS::DEBUG:  swdes dump  E:/kevin/myCode/microBlaze1/vitisJson/syncBlaze/microblaze_0/standalone_domain/bsp/system.mss|system||

TRACE::2025-03-28.15:35:15::SCWMssOS::Sw design exists and opened at  E:/kevin/myCode/microBlaze1/vitisJson/syncBlaze/microblaze_0/standalone_domain/bsp/system.mss
TRACE::2025-03-28.15:35:15::SCWWriter::formatted JSON is {
	"platformName":	"syncBlaze",
	"sprVersion":	"2.0",
	"mode":	"gui",
	"dsaType":	"Fixed",
	"platformDesc":	"syncBlaze",
	"platHandOff":	"E:/kevin/myCode/microBlaze1/design_1_wrapper.xsa",
	"platIntHandOff":	"<platformDir>/hw/design_1_wrapper.xsa",
	"deviceType":	"FPGA",
	"platIsPrebuiltAutogen":	"false",
	"platIsNoBootBsp":	"false",
	"hasFsblMakeHasChanges":	"false",
	"hasPmufwMakeHasChanges":	"false",
	"platPreBuiltFlag":	false,
	"platformSamplesDir":	"",
	"platActiveSys":	"syncBlaze",
	"systems":	[{
			"systemName":	"syncBlaze",
			"systemDesc":	"syncBlaze",
			"sysIsBootAutoGen":	"true",
			"systemDispName":	"syncBlaze",
			"sysActiveDom":	"standalone_domain",
			"sysDefaultDom":	"standalone_domain",
			"domains":	[{
					"domainName":	"standalone_domain",
					"domainDispName":	"standalone on microblaze_0",
					"domainDesc":	"standalone_domain",
					"processors":	"microblaze_0",
					"os":	"standalone",
					"sdxOs":	"standalone",
					"debugEnable":	"False",
					"domRuntimes":	["cpp"],
					"swRepo":	"",
					"mssOsVer":	"8.0",
					"mssFile":	"",
					"md5Digest":	"e2cdda41e7956801f4f51a65042beca0",
					"compatibleApp":	"",
					"domType":	"mssDomain",
					"arch":	"32-bit",
					"appSettings":	{
						"appCompilerFlags":	"",
						"appLinkerFlags":	""
					},
					"addedLibs":	[],
					"libOptions":	{
						"libsContainingOptions":	[]
					},
					"prebuiltLibs":	{
						"prebuiltIncPath":	[],
						"prebuiltLibPath":	[]
					},
					"isolation":	{
					}
				}]
		}]
}
KEYINFO::2025-03-28.15:35:15::SCWPlatform::updated the xpfm file.
TRACE::2025-03-28.15:35:16::SCWPlatform::Trying to open the hw design at E:/kevin/myCode/microBlaze1/vitisJson/syncBlaze/hw/design_1_wrapper.xsa
TRACE::2025-03-28.15:35:16::SCWPlatform::DSA given E:/kevin/myCode/microBlaze1/vitisJson/syncBlaze/hw/design_1_wrapper.xsa
TRACE::2025-03-28.15:35:16::SCWPlatform::DSA absoulate path E:/kevin/myCode/microBlaze1/vitisJson/syncBlaze/hw/design_1_wrapper.xsa
TRACE::2025-03-28.15:35:16::SCWPlatform::DSA directory E:/kevin/myCode/microBlaze1/vitisJson/syncBlaze/hw
TRACE::2025-03-28.15:35:16::SCWPlatform:: Platform Path E:/kevin/myCode/microBlaze1/vitisJson/syncBlaze/hw/design_1_wrapper.xsa
TRACE::2025-03-28.15:35:16::SCWPlatform:: Unique name xilinx:::0.0
TRACE::2025-03-28.15:35:16::SCWPlatform::Trying to set the existing hwdb with name design_1_wrapper_12
TRACE::2025-03-28.15:35:16::SCWPlatform::Opened existing hwdb design_1_wrapper_12
TRACE::2025-03-28.15:35:16::SCWPlatform::Found the Hw Db part of the input DSA
TRACE::2025-03-28.15:35:16::SCWMssOS::Checking the sw design at  E:/kevin/myCode/microBlaze1/vitisJson/syncBlaze/microblaze_0/standalone_domain/bsp/system.mss
TRACE::2025-03-28.15:35:16::SCWMssOS::DEBUG:  swdes dump  E:/kevin/myCode/microBlaze1/vitisJson/syncBlaze/microblaze_0/standalone_domain/bsp/system.mss|system||

TRACE::2025-03-28.15:35:16::SCWMssOS::Sw design exists and opened at  E:/kevin/myCode/microBlaze1/vitisJson/syncBlaze/microblaze_0/standalone_domain/bsp/system.mss
TRACE::2025-03-28.16:11:45::SCWPlatform::Clearing the existing platform
TRACE::2025-03-28.16:11:45::SCWSystem::Clearing the existing sysconfig
TRACE::2025-03-28.16:11:45::SCWMssOS::Removing the swdes entry for  E:/kevin/myCode/microBlaze1/vitisJson/syncBlaze/microblaze_0/standalone_domain/bsp/system.mss
TRACE::2025-03-28.16:11:45::SCWSystem::Clearing the domains completed.
TRACE::2025-03-28.16:11:45::SCWPlatform::Clearing the opened hw db.
TRACE::2025-03-28.16:11:45::SCWPlatform::DSA given E:/kevin/myCode/microBlaze1/vitisJson/syncBlaze/hw/design_1_wrapper.xsa
TRACE::2025-03-28.16:11:45::SCWPlatform::DSA absoulate path E:/kevin/myCode/microBlaze1/vitisJson/syncBlaze/hw/design_1_wrapper.xsa
TRACE::2025-03-28.16:11:45::SCWPlatform:: Platform location is E:/kevin/myCode/microBlaze1/vitisJson/syncBlaze/hw
TRACE::2025-03-28.16:11:45::SCWPlatform:: Platform Path E:/kevin/myCode/microBlaze1/vitisJson/syncBlaze/hw/design_1_wrapper.xsa
TRACE::2025-03-28.16:11:45::SCWPlatform:: Unique name xilinx:::0.0
TRACE::2025-03-28.16:11:45::SCWPlatform::Removing the HwDB with name E:/kevin/myCode/microBlaze1/vitisJson/syncBlaze/hw/design_1_wrapper.xsa
TRACE::2025-03-28.16:11:45::SCWPlatform::Trying to open the hw design at E:/kevin/myCode/microBlaze1/vitisJson/syncBlaze/hw/design_1_wrapper.xsa
TRACE::2025-03-28.16:11:45::SCWPlatform::DSA given E:/kevin/myCode/microBlaze1/vitisJson/syncBlaze/hw/design_1_wrapper.xsa
TRACE::2025-03-28.16:11:45::SCWPlatform::DSA absoulate path E:/kevin/myCode/microBlaze1/vitisJson/syncBlaze/hw/design_1_wrapper.xsa
TRACE::2025-03-28.16:11:45::SCWPlatform::DSA directory E:/kevin/myCode/microBlaze1/vitisJson/syncBlaze/hw
TRACE::2025-03-28.16:11:45::SCWPlatform:: Platform Path E:/kevin/myCode/microBlaze1/vitisJson/syncBlaze/hw/design_1_wrapper.xsa
TRACE::2025-03-28.16:11:45::SCWPlatform:: Unique name xilinx:::0.0
TRACE::2025-03-28.16:11:45::SCWPlatform::Do not have an existing db opened. 
TRACE::2025-03-28.16:11:46::SCWPlatform::Opened new HwDB with name design_1_wrapper_14
TRACE::2025-03-28.16:11:46::SCWReader::Active system found as  syncBlaze
TRACE::2025-03-28.16:11:46::SCWReader::Handling sysconfig syncBlaze
TRACE::2025-03-28.16:11:46::SCWDomain::checking for install qemu data   : 
TRACE::2025-03-28.16:11:46::SCWPlatform::Trying to open the hw design at E:/kevin/myCode/microBlaze1/vitisJson/syncBlaze/hw/design_1_wrapper.xsa
TRACE::2025-03-28.16:11:46::SCWPlatform::DSA given E:/kevin/myCode/microBlaze1/vitisJson/syncBlaze/hw/design_1_wrapper.xsa
TRACE::2025-03-28.16:11:46::SCWPlatform::DSA absoulate path E:/kevin/myCode/microBlaze1/vitisJson/syncBlaze/hw/design_1_wrapper.xsa
TRACE::2025-03-28.16:11:46::SCWPlatform::DSA directory E:/kevin/myCode/microBlaze1/vitisJson/syncBlaze/hw
TRACE::2025-03-28.16:11:46::SCWPlatform:: Platform Path E:/kevin/myCode/microBlaze1/vitisJson/syncBlaze/hw/design_1_wrapper.xsa
TRACE::2025-03-28.16:11:46::SCWPlatform:: Unique name xilinx:::0.0
TRACE::2025-03-28.16:11:46::SCWPlatform::Trying to set the existing hwdb with name design_1_wrapper_14
TRACE::2025-03-28.16:11:46::SCWPlatform::Opened existing hwdb design_1_wrapper_14
TRACE::2025-03-28.16:11:46::SCWPlatform::Found the Hw Db part of the input DSA
TRACE::2025-03-28.16:11:46::SCWPlatform::Trying to open the hw design at E:/kevin/myCode/microBlaze1/vitisJson/syncBlaze/hw/design_1_wrapper.xsa
TRACE::2025-03-28.16:11:46::SCWPlatform::DSA given E:/kevin/myCode/microBlaze1/vitisJson/syncBlaze/hw/design_1_wrapper.xsa
TRACE::2025-03-28.16:11:46::SCWPlatform::DSA absoulate path E:/kevin/myCode/microBlaze1/vitisJson/syncBlaze/hw/design_1_wrapper.xsa
TRACE::2025-03-28.16:11:46::SCWPlatform::DSA directory E:/kevin/myCode/microBlaze1/vitisJson/syncBlaze/hw
TRACE::2025-03-28.16:11:46::SCWPlatform:: Platform Path E:/kevin/myCode/microBlaze1/vitisJson/syncBlaze/hw/design_1_wrapper.xsa
TRACE::2025-03-28.16:11:46::SCWPlatform:: Unique name xilinx:::0.0
TRACE::2025-03-28.16:11:46::SCWPlatform::Trying to set the existing hwdb with name design_1_wrapper_14
TRACE::2025-03-28.16:11:46::SCWPlatform::Opened existing hwdb design_1_wrapper_14
TRACE::2025-03-28.16:11:46::SCWPlatform::Found the Hw Db part of the input DSA
TRACE::2025-03-28.16:11:46::SCWPlatform::Trying to open the hw design at E:/kevin/myCode/microBlaze1/vitisJson/syncBlaze/hw/design_1_wrapper.xsa
TRACE::2025-03-28.16:11:46::SCWPlatform::DSA given E:/kevin/myCode/microBlaze1/vitisJson/syncBlaze/hw/design_1_wrapper.xsa
TRACE::2025-03-28.16:11:46::SCWPlatform::DSA absoulate path E:/kevin/myCode/microBlaze1/vitisJson/syncBlaze/hw/design_1_wrapper.xsa
TRACE::2025-03-28.16:11:46::SCWPlatform::DSA directory E:/kevin/myCode/microBlaze1/vitisJson/syncBlaze/hw
TRACE::2025-03-28.16:11:46::SCWPlatform:: Platform Path E:/kevin/myCode/microBlaze1/vitisJson/syncBlaze/hw/design_1_wrapper.xsa
TRACE::2025-03-28.16:11:46::SCWPlatform:: Unique name xilinx:::0.0
TRACE::2025-03-28.16:11:46::SCWPlatform::Trying to set the existing hwdb with name design_1_wrapper_14
TRACE::2025-03-28.16:11:46::SCWPlatform::Opened existing hwdb design_1_wrapper_14
TRACE::2025-03-28.16:11:46::SCWPlatform::Found the Hw Db part of the input DSA
TRACE::2025-03-28.16:11:46::SCWPlatform::Trying to open the hw design at E:/kevin/myCode/microBlaze1/vitisJson/syncBlaze/hw/design_1_wrapper.xsa
TRACE::2025-03-28.16:11:46::SCWPlatform::DSA given E:/kevin/myCode/microBlaze1/vitisJson/syncBlaze/hw/design_1_wrapper.xsa
TRACE::2025-03-28.16:11:46::SCWPlatform::DSA absoulate path E:/kevin/myCode/microBlaze1/vitisJson/syncBlaze/hw/design_1_wrapper.xsa
TRACE::2025-03-28.16:11:46::SCWPlatform::DSA directory E:/kevin/myCode/microBlaze1/vitisJson/syncBlaze/hw
TRACE::2025-03-28.16:11:46::SCWPlatform:: Platform Path E:/kevin/myCode/microBlaze1/vitisJson/syncBlaze/hw/design_1_wrapper.xsa
TRACE::2025-03-28.16:11:46::SCWPlatform:: Unique name xilinx:::0.0
TRACE::2025-03-28.16:11:46::SCWPlatform::Trying to set the existing hwdb with name design_1_wrapper_14
TRACE::2025-03-28.16:11:46::SCWPlatform::Opened existing hwdb design_1_wrapper_14
TRACE::2025-03-28.16:11:46::SCWPlatform::Found the Hw Db part of the input DSA
TRACE::2025-03-28.16:11:46::SCWMssOS::Checking the sw design at  E:/kevin/myCode/microBlaze1/vitisJson/syncBlaze/microblaze_0/standalone_domain/bsp/system.mss
TRACE::2025-03-28.16:11:46::SCWMssOS::DEBUG:  swdes dump  
TRACE::2025-03-28.16:11:46::SCWMssOS::No sw design opened at  E:/kevin/myCode/microBlaze1/vitisJson/syncBlaze/microblaze_0/standalone_domain/bsp/system.mss
TRACE::2025-03-28.16:11:46::SCWMssOS::mss exists loading the mss file  E:/kevin/myCode/microBlaze1/vitisJson/syncBlaze/microblaze_0/standalone_domain/bsp/system.mss
TRACE::2025-03-28.16:11:46::SCWMssOS::Opened the sw design from mss  E:/kevin/myCode/microBlaze1/vitisJson/syncBlaze/microblaze_0/standalone_domain/bsp/system.mss
TRACE::2025-03-28.16:11:46::SCWMssOS::Adding the swdes entry E:/kevin/myCode/microBlaze1/vitisJson/syncBlaze/microblaze_0/standalone_domain/bsp/system.mss with des name system
TRACE::2025-03-28.16:11:46::SCWMssOS::updating the scw layer about changes
TRACE::2025-03-28.16:11:46::SCWMssOS::Opened the sw design.  E:/kevin/myCode/microBlaze1/vitisJson/syncBlaze/microblaze_0/standalone_domain/bsp/system.mss
TRACE::2025-03-28.16:11:46::SCWMssOS::Saving the mss changes E:/kevin/myCode/microBlaze1/vitisJson/syncBlaze/microblaze_0/standalone_domain/bsp/system.mss
TRACE::2025-03-28.16:11:46::SCWMssOS::Found a swdesign opened with the mssfile.
TRACE::2025-03-28.16:11:46::SCWMssOS::Completed writemss as part of save.
TRACE::2025-03-28.16:11:46::SCWMssOS::Commit changes completed.
TRACE::2025-03-28.16:11:46::SCWReader::Adding prebuilt librarypaths as   
TRACE::2025-03-28.16:11:46::SCWReader::Adding prebuilt incpaths  as   
TRACE::2025-03-28.16:11:46::SCWPlatform::Trying to open the hw design at E:/kevin/myCode/microBlaze1/vitisJson/syncBlaze/hw/design_1_wrapper.xsa
TRACE::2025-03-28.16:11:46::SCWPlatform::DSA given E:/kevin/myCode/microBlaze1/vitisJson/syncBlaze/hw/design_1_wrapper.xsa
TRACE::2025-03-28.16:11:46::SCWPlatform::DSA absoulate path E:/kevin/myCode/microBlaze1/vitisJson/syncBlaze/hw/design_1_wrapper.xsa
TRACE::2025-03-28.16:11:46::SCWPlatform::DSA directory E:/kevin/myCode/microBlaze1/vitisJson/syncBlaze/hw
TRACE::2025-03-28.16:11:46::SCWPlatform:: Platform Path E:/kevin/myCode/microBlaze1/vitisJson/syncBlaze/hw/design_1_wrapper.xsa
TRACE::2025-03-28.16:11:46::SCWPlatform:: Unique name xilinx:::0.0
TRACE::2025-03-28.16:11:46::SCWPlatform::Trying to set the existing hwdb with name design_1_wrapper_14
TRACE::2025-03-28.16:11:46::SCWPlatform::Opened existing hwdb design_1_wrapper_14
TRACE::2025-03-28.16:11:46::SCWPlatform::Found the Hw Db part of the input DSA
TRACE::2025-03-28.16:11:46::SCWMssOS::Checking the sw design at  E:/kevin/myCode/microBlaze1/vitisJson/syncBlaze/microblaze_0/standalone_domain/bsp/system.mss
TRACE::2025-03-28.16:11:46::SCWMssOS::DEBUG:  swdes dump  E:/kevin/myCode/microBlaze1/vitisJson/syncBlaze/microblaze_0/standalone_domain/bsp/system.mss|system||

TRACE::2025-03-28.16:11:46::SCWMssOS::Sw design exists and opened at  E:/kevin/myCode/microBlaze1/vitisJson/syncBlaze/microblaze_0/standalone_domain/bsp/system.mss
TRACE::2025-03-28.16:11:46::SCWReader::No isolation master present  
TRACE::2025-03-28.16:11:49::SCWPlatform::DSA given E:/kevin/myCode/microBlaze1/vitisJson/syncBlaze/tempdsa/design_1_wrapper.xsa
TRACE::2025-03-28.16:11:49::SCWPlatform::DSA absoulate path E:/kevin/myCode/microBlaze1/vitisJson/syncBlaze/tempdsa/design_1_wrapper.xsa
TRACE::2025-03-28.16:11:49::SCWPlatform:: Platform location is E:/kevin/myCode/microBlaze1/vitisJson/syncBlaze/tempdsa
TRACE::2025-03-28.16:11:49::SCWPlatform:: Platform Path E:/kevin/myCode/microBlaze1/vitisJson/syncBlaze/tempdsa/design_1_wrapper.xsa
TRACE::2025-03-28.16:11:49::SCWPlatform:: Unique name xilinx:::0.0
TRACE::2025-03-28.16:11:49::SCWPlatform::Found the Hw Db part of the input DSA
TRACE::2025-03-28.16:11:49::SCWMssOS::Doing hw sync for the mss in domain: standalone_domain
TRACE::2025-03-28.16:11:49::SCWPlatform::Trying to open the hw design at E:/kevin/myCode/microBlaze1/vitisJson/syncBlaze/hw/design_1_wrapper.xsa
TRACE::2025-03-28.16:11:49::SCWPlatform::DSA given E:/kevin/myCode/microBlaze1/vitisJson/syncBlaze/hw/design_1_wrapper.xsa
TRACE::2025-03-28.16:11:49::SCWPlatform::DSA absoulate path E:/kevin/myCode/microBlaze1/vitisJson/syncBlaze/hw/design_1_wrapper.xsa
TRACE::2025-03-28.16:11:49::SCWPlatform::DSA directory E:/kevin/myCode/microBlaze1/vitisJson/syncBlaze/hw
TRACE::2025-03-28.16:11:49::SCWPlatform:: Platform Path E:/kevin/myCode/microBlaze1/vitisJson/syncBlaze/hw/design_1_wrapper.xsa
TRACE::2025-03-28.16:11:49::SCWPlatform:: Unique name xilinx:::0.0
TRACE::2025-03-28.16:11:49::SCWPlatform::Trying to set the existing hwdb with name design_1_wrapper_14
TRACE::2025-03-28.16:11:49::SCWPlatform::Opened existing hwdb design_1_wrapper_14
TRACE::2025-03-28.16:11:49::SCWPlatform::Found the Hw Db part of the input DSA
TRACE::2025-03-28.16:11:49::SCWPlatform::Trying to open the hw design at E:/kevin/myCode/microBlaze1/vitisJson/syncBlaze/hw/design_1_wrapper.xsa
TRACE::2025-03-28.16:11:49::SCWPlatform::DSA given E:/kevin/myCode/microBlaze1/vitisJson/syncBlaze/hw/design_1_wrapper.xsa
TRACE::2025-03-28.16:11:49::SCWPlatform::DSA absoulate path E:/kevin/myCode/microBlaze1/vitisJson/syncBlaze/hw/design_1_wrapper.xsa
TRACE::2025-03-28.16:11:49::SCWPlatform::DSA directory E:/kevin/myCode/microBlaze1/vitisJson/syncBlaze/hw
TRACE::2025-03-28.16:11:49::SCWPlatform:: Platform Path E:/kevin/myCode/microBlaze1/vitisJson/syncBlaze/hw/design_1_wrapper.xsa
TRACE::2025-03-28.16:11:49::SCWPlatform:: Unique name xilinx:::0.0
TRACE::2025-03-28.16:11:49::SCWPlatform::Trying to set the existing hwdb with name design_1_wrapper_14
TRACE::2025-03-28.16:11:49::SCWPlatform::Opened existing hwdb design_1_wrapper_14
TRACE::2025-03-28.16:11:49::SCWPlatform::Found the Hw Db part of the input DSA
TRACE::2025-03-28.16:11:49::SCWMssOS::Checking the sw design at  E:/kevin/myCode/microBlaze1/vitisJson/syncBlaze/microblaze_0/standalone_domain/bsp/system.mss
TRACE::2025-03-28.16:11:49::SCWMssOS::DEBUG:  swdes dump  E:/kevin/myCode/microBlaze1/vitisJson/syncBlaze/microblaze_0/standalone_domain/bsp/system.mss|system||

TRACE::2025-03-28.16:11:49::SCWMssOS::Sw design exists and opened at  E:/kevin/myCode/microBlaze1/vitisJson/syncBlaze/microblaze_0/standalone_domain/bsp/system.mss
TRACE::2025-03-28.16:11:49::SCWPlatform::Trying to open the hw design at E:/kevin/myCode/microBlaze1/vitisJson/syncBlaze/tempdsa/design_1_wrapper.xsa
TRACE::2025-03-28.16:11:49::SCWPlatform::DSA given E:/kevin/myCode/microBlaze1/vitisJson/syncBlaze/tempdsa/design_1_wrapper.xsa
TRACE::2025-03-28.16:11:49::SCWPlatform::DSA absoulate path E:/kevin/myCode/microBlaze1/vitisJson/syncBlaze/tempdsa/design_1_wrapper.xsa
TRACE::2025-03-28.16:11:49::SCWPlatform::DSA directory E:/kevin/myCode/microBlaze1/vitisJson/syncBlaze/tempdsa
TRACE::2025-03-28.16:11:49::SCWPlatform:: Platform Path E:/kevin/myCode/microBlaze1/vitisJson/syncBlaze/tempdsa/design_1_wrapper.xsa
TRACE::2025-03-28.16:11:49::SCWPlatform:: Unique name xilinx:::0.0
TRACE::2025-03-28.16:11:49::SCWPlatform::update - Opened existing hwdb design_1_wrapper_15
TRACE::2025-03-28.16:11:49::SCWPlatform::Found the Hw Db part of the input DSA
TRACE::2025-03-28.16:11:49::SCWMssOS::Saving the mss changes E:/kevin/myCode/microBlaze1/vitisJson/syncBlaze/microblaze_0/standalone_domain/bsp/system.mss
TRACE::2025-03-28.16:11:49::SCWMssOS::Found a swdesign opened with the mssfile.
TRACE::2025-03-28.16:11:49::SCWMssOS::Completed writemss as part of save.
TRACE::2025-03-28.16:11:49::SCWMssOS::Commit changes completed.
TRACE::2025-03-28.16:11:49::SCWMssOS::Completed hw sync for the mss in domain: standalone_domain
TRACE::2025-03-28.16:11:49::SCWMssOS::Removing the swdes entry for  E:/kevin/myCode/microBlaze1/vitisJson/syncBlaze/microblaze_0/standalone_domain/bsp/system.mss
TRACE::2025-03-28.16:11:49::SCWPlatform::Trying to open the hw design at E:/kevin/myCode/microBlaze1/vitisJson/syncBlaze/hw/design_1_wrapper.xsa
TRACE::2025-03-28.16:11:49::SCWPlatform::DSA given E:/kevin/myCode/microBlaze1/vitisJson/syncBlaze/hw/design_1_wrapper.xsa
TRACE::2025-03-28.16:11:49::SCWPlatform::DSA absoulate path E:/kevin/myCode/microBlaze1/vitisJson/syncBlaze/hw/design_1_wrapper.xsa
TRACE::2025-03-28.16:11:49::SCWPlatform::DSA directory E:/kevin/myCode/microBlaze1/vitisJson/syncBlaze/hw
TRACE::2025-03-28.16:11:49::SCWPlatform:: Platform Path E:/kevin/myCode/microBlaze1/vitisJson/syncBlaze/hw/design_1_wrapper.xsa
TRACE::2025-03-28.16:11:49::SCWPlatform:: Unique name xilinx:::0.0
TRACE::2025-03-28.16:11:49::SCWPlatform::Do not have an existing db opened. 
TRACE::2025-03-28.16:11:49::SCWPlatform::Opened new HwDB with name design_1_wrapper_16
TRACE::2025-03-28.16:11:49::SCWMssOS::Saving the mss changes E:/kevin/myCode/microBlaze1/vitisJson/syncBlaze/microblaze_0/standalone_domain/bsp/system.mss
TRACE::2025-03-28.16:11:49::SCWMssOS::Adding the swdes entry, mss present, able to open swdb E:/kevin/myCode/microBlaze1/vitisJson/syncBlaze/microblaze_0/standalone_domain/bsp/system.mss with des name system
TRACE::2025-03-28.16:11:49::SCWMssOS::Writing the mss file completed E:/kevin/myCode/microBlaze1/vitisJson/syncBlaze/microblaze_0/standalone_domain/bsp/system.mss
TRACE::2025-03-28.16:11:49::SCWMssOS::Commit changes completed.
TRACE::2025-03-28.16:11:49::SCWPlatform::Trying to open the hw design at E:/kevin/myCode/microBlaze1/vitisJson/syncBlaze/hw/design_1_wrapper.xsa
TRACE::2025-03-28.16:11:49::SCWPlatform::DSA given E:/kevin/myCode/microBlaze1/vitisJson/syncBlaze/hw/design_1_wrapper.xsa
TRACE::2025-03-28.16:11:49::SCWPlatform::DSA absoulate path E:/kevin/myCode/microBlaze1/vitisJson/syncBlaze/hw/design_1_wrapper.xsa
TRACE::2025-03-28.16:11:49::SCWPlatform::DSA directory E:/kevin/myCode/microBlaze1/vitisJson/syncBlaze/hw
TRACE::2025-03-28.16:11:49::SCWPlatform:: Platform Path E:/kevin/myCode/microBlaze1/vitisJson/syncBlaze/hw/design_1_wrapper.xsa
TRACE::2025-03-28.16:11:49::SCWPlatform:: Unique name xilinx:::0.0
TRACE::2025-03-28.16:11:49::SCWPlatform::Trying to set the existing hwdb with name design_1_wrapper_16
TRACE::2025-03-28.16:11:49::SCWPlatform::Opened existing hwdb design_1_wrapper_16
TRACE::2025-03-28.16:11:49::SCWPlatform::Found the Hw Db part of the input DSA
TRACE::2025-03-28.16:11:49::SCWMssOS::Checking the sw design at  E:/kevin/myCode/microBlaze1/vitisJson/syncBlaze/microblaze_0/standalone_domain/bsp/system.mss
TRACE::2025-03-28.16:11:49::SCWMssOS::DEBUG:  swdes dump  E:/kevin/myCode/microBlaze1/vitisJson/syncBlaze/microblaze_0/standalone_domain/bsp/system.mss|system||

TRACE::2025-03-28.16:11:49::SCWMssOS::Sw design exists and opened at  E:/kevin/myCode/microBlaze1/vitisJson/syncBlaze/microblaze_0/standalone_domain/bsp/system.mss
TRACE::2025-03-28.16:11:49::SCWWriter::formatted JSON is {
	"platformName":	"syncBlaze",
	"sprVersion":	"2.0",
	"mode":	"gui",
	"dsaType":	"Fixed",
	"platformDesc":	"syncBlaze",
	"platHandOff":	"E:/kevin/myCode/microBlaze1/design_1_wrapper.xsa",
	"platIntHandOff":	"<platformDir>/hw/design_1_wrapper.xsa",
	"deviceType":	"FPGA",
	"platIsPrebuiltAutogen":	"false",
	"platIsNoBootBsp":	"false",
	"hasFsblMakeHasChanges":	"false",
	"hasPmufwMakeHasChanges":	"false",
	"platPreBuiltFlag":	false,
	"platformSamplesDir":	"",
	"platActiveSys":	"syncBlaze",
	"systems":	[{
			"systemName":	"syncBlaze",
			"systemDesc":	"syncBlaze",
			"sysIsBootAutoGen":	"true",
			"systemDispName":	"syncBlaze",
			"sysActiveDom":	"standalone_domain",
			"sysDefaultDom":	"standalone_domain",
			"domains":	[{
					"domainName":	"standalone_domain",
					"domainDispName":	"standalone on microblaze_0",
					"domainDesc":	"standalone_domain",
					"processors":	"microblaze_0",
					"os":	"standalone",
					"sdxOs":	"standalone",
					"debugEnable":	"False",
					"domRuntimes":	["cpp"],
					"swRepo":	"",
					"mssOsVer":	"8.0",
					"mssFile":	"",
					"md5Digest":	"e2cdda41e7956801f4f51a65042beca01",
					"compatibleApp":	"",
					"domType":	"mssDomain",
					"arch":	"32-bit",
					"appSettings":	{
						"appCompilerFlags":	"",
						"appLinkerFlags":	""
					},
					"addedLibs":	[],
					"libOptions":	{
						"libsContainingOptions":	[]
					},
					"prebuiltLibs":	{
						"prebuiltIncPath":	[],
						"prebuiltLibPath":	[]
					},
					"isolation":	{
					}
				}]
		}]
}
LOG::2025-03-28.16:12:00::SCWPlatform::Started generating the artifacts platform syncBlaze
TRACE::2025-03-28.16:12:00::SCWPlatform::Sanity checking of platform is completed
LOG::2025-03-28.16:12:00::SCWPlatform::Started generating the artifacts for system configuration syncBlaze
LOG::2025-03-28.16:12:00::SCWSystem::Checking the domain standalone_domain
LOG::2025-03-28.16:12:00::SCWSystem::Not a boot domain 
LOG::2025-03-28.16:12:00::SCWSystem::Started Processing the domain standalone_domain
TRACE::2025-03-28.16:12:00::SCWDomain::Generating domain artifcats
TRACE::2025-03-28.16:12:00::SCWMssOS::Generating standalone artifcats
TRACE::2025-03-28.16:12:00::SCWMssOS:: Copying the user libraries. 
TRACE::2025-03-28.16:12:00::SCWPlatform::Trying to open the hw design at E:/kevin/myCode/microBlaze1/vitisJson/syncBlaze/hw/design_1_wrapper.xsa
TRACE::2025-03-28.16:12:00::SCWPlatform::DSA given E:/kevin/myCode/microBlaze1/vitisJson/syncBlaze/hw/design_1_wrapper.xsa
TRACE::2025-03-28.16:12:00::SCWPlatform::DSA absoulate path E:/kevin/myCode/microBlaze1/vitisJson/syncBlaze/hw/design_1_wrapper.xsa
TRACE::2025-03-28.16:12:00::SCWPlatform::DSA directory E:/kevin/myCode/microBlaze1/vitisJson/syncBlaze/hw
TRACE::2025-03-28.16:12:00::SCWPlatform:: Platform Path E:/kevin/myCode/microBlaze1/vitisJson/syncBlaze/hw/design_1_wrapper.xsa
TRACE::2025-03-28.16:12:00::SCWPlatform:: Unique name xilinx:::0.0
TRACE::2025-03-28.16:12:00::SCWPlatform::Trying to set the existing hwdb with name design_1_wrapper_16
TRACE::2025-03-28.16:12:00::SCWPlatform::Opened existing hwdb design_1_wrapper_16
TRACE::2025-03-28.16:12:00::SCWPlatform::Found the Hw Db part of the input DSA
TRACE::2025-03-28.16:12:00::SCWMssOS::Checking the sw design at  E:/kevin/myCode/microBlaze1/vitisJson/syncBlaze/microblaze_0/standalone_domain/bsp/system.mss
TRACE::2025-03-28.16:12:00::SCWMssOS::DEBUG:  swdes dump  E:/kevin/myCode/microBlaze1/vitisJson/syncBlaze/microblaze_0/standalone_domain/bsp/system.mss|system||

TRACE::2025-03-28.16:12:00::SCWMssOS::Sw design exists and opened at  E:/kevin/myCode/microBlaze1/vitisJson/syncBlaze/microblaze_0/standalone_domain/bsp/system.mss
TRACE::2025-03-28.16:12:00::SCWMssOS::Completed writing the mss file at E:/kevin/myCode/microBlaze1/vitisJson/syncBlaze/microblaze_0/standalone_domain/bsp
TRACE::2025-03-28.16:12:00::SCWMssOS::Mss edits present, copying mssfile into export location E:/kevin/myCode/microBlaze1/vitisJson/syncBlaze/microblaze_0/standalone_domain/bsp/system.mss
TRACE::2025-03-28.16:12:00::SCWMssOS::bsp generated is stale removing and regenerating. 
TRACE::2025-03-28.16:12:04::SCWMssOS::doing bsp build ... 
TRACE::2025-03-28.16:12:04::SCWMssOS::System Command Ran  E: & cd  E:/kevin/myCode/microBlaze1/vitisJson/syncBlaze/microblaze_0/standalone_domain/bsp & make 
TRACE::2025-03-28.16:12:04::SCWMssOS::make --no-print-directory seq_libs

TRACE::2025-03-28.16:12:04::SCWMssOS::'Finished building libraries sequentially.'

TRACE::2025-03-28.16:12:04::SCWMssOS::make -j 14 --no-print-directory par_libs

TRACE::2025-03-28.16:12:04::SCWMssOS::"Running Make include in microblaze_0/libsrc/bram_v4_8/src"

TRACE::2025-03-28.16:12:04::SCWMssOS::make -C microblaze_0/libsrc/bram_v4_8/src -s include  "SHELL=CMD" "COMPILER=mb-gcc" "ASSEMBLER=mb-as" "ARCHIVER=mb-ar" "COMPILE
TRACE::2025-03-28.16:12:04::SCWMssOS::R_FLAGS=  -O2 -c -mcpu=v11.0 -mlittle-endian -mxl-soft-mul" "EXTRA_COMPILER_FLAGS=-g -ffunction-sections -fdata-sections -Wall 
TRACE::2025-03-28.16:12:04::SCWMssOS::-Wextra -fno-tree-loop-distribute-patterns"

TRACE::2025-03-28.16:12:04::SCWMssOS::"Running Make include in microblaze_0/libsrc/cpu_v2_16/src"

TRACE::2025-03-28.16:12:04::SCWMssOS::make -C microblaze_0/libsrc/cpu_v2_16/src -s include  "SHELL=CMD" "COMPILER=mb-gcc" "ASSEMBLER=mb-as" "ARCHIVER=mb-ar" "COMPILE
TRACE::2025-03-28.16:12:04::SCWMssOS::R_FLAGS=  -O2 -c -mcpu=v11.0 -mlittle-endian -mxl-soft-mul" "EXTRA_COMPILER_FLAGS=-g -ffunction-sections -fdata-sections -Wall 
TRACE::2025-03-28.16:12:04::SCWMssOS::-Wextra -fno-tree-loop-distribute-patterns"

TRACE::2025-03-28.16:12:04::SCWMssOS::"Running Make include in microblaze_0/libsrc/gpio_v4_9/src"

TRACE::2025-03-28.16:12:04::SCWMssOS::make -C microblaze_0/libsrc/gpio_v4_9/src -s include  "SHELL=CMD" "COMPILER=mb-gcc" "ASSEMBLER=mb-as" "ARCHIVER=mb-ar" "COMPILE
TRACE::2025-03-28.16:12:04::SCWMssOS::R_FLAGS=  -O2 -c -mcpu=v11.0 -mlittle-endian -mxl-soft-mul" "EXTRA_COMPILER_FLAGS=-g -ffunction-sections -fdata-sections -Wall 
TRACE::2025-03-28.16:12:04::SCWMssOS::-Wextra -fno-tree-loop-distribute-patterns"

TRACE::2025-03-28.16:12:04::SCWMssOS::"Running Make include in microblaze_0/libsrc/intc_v3_15/src"

TRACE::2025-03-28.16:12:04::SCWMssOS::make -C microblaze_0/libsrc/intc_v3_15/src -s include  "SHELL=CMD" "COMPILER=mb-gcc" "ASSEMBLER=mb-as" "ARCHIVER=mb-ar" "COMPIL
TRACE::2025-03-28.16:12:04::SCWMssOS::ER_FLAGS=  -O2 -c -mcpu=v11.0 -mlittle-endian -mxl-soft-mul" "EXTRA_COMPILER_FLAGS=-g -ffunction-sections -fdata-sections -Wall
TRACE::2025-03-28.16:12:04::SCWMssOS:: -Wextra -fno-tree-loop-distribute-patterns"

TRACE::2025-03-28.16:12:04::SCWMssOS::"Running Make include in microblaze_0/libsrc/standalone_v8_0/src"

TRACE::2025-03-28.16:12:04::SCWMssOS::make -C microblaze_0/libsrc/standalone_v8_0/src -s include  "SHELL=CMD" "COMPILER=mb-gcc" "ASSEMBLER=mb-as" "ARCHIVER=mb-ar" "C
TRACE::2025-03-28.16:12:04::SCWMssOS::OMPILER_FLAGS=  -O2 -c -mcpu=v11.0 -mlittle-endian -mxl-soft-mul" "EXTRA_COMPILER_FLAGS=-g -ffunction-sections -fdata-sections 
TRACE::2025-03-28.16:12:04::SCWMssOS::-Wall -Wextra -fno-tree-loop-distribute-patterns"

TRACE::2025-03-28.16:12:04::SCWMssOS::"Running Make include in microblaze_0/libsrc/tmrctr_v4_9/src"

TRACE::2025-03-28.16:12:04::SCWMssOS::make -C microblaze_0/libsrc/tmrctr_v4_9/src -s include  "SHELL=CMD" "COMPILER=mb-gcc" "ASSEMBLER=mb-as" "ARCHIVER=mb-ar" "COMPI
TRACE::2025-03-28.16:12:04::SCWMssOS::LER_FLAGS=  -O2 -c -mcpu=v11.0 -mlittle-endian -mxl-soft-mul" "EXTRA_COMPILER_FLAGS=-g -ffunction-sections -fdata-sections -Wal
TRACE::2025-03-28.16:12:04::SCWMssOS::l -Wextra -fno-tree-loop-distribute-patterns"

TRACE::2025-03-28.16:12:04::SCWMssOS::"Running Make include in microblaze_0/libsrc/uartlite_v3_7/src"

TRACE::2025-03-28.16:12:04::SCWMssOS::make -C microblaze_0/libsrc/uartlite_v3_7/src -s include  "SHELL=CMD" "COMPILER=mb-gcc" "ASSEMBLER=mb-as" "ARCHIVER=mb-ar" "COM
TRACE::2025-03-28.16:12:04::SCWMssOS::PILER_FLAGS=  -O2 -c -mcpu=v11.0 -mlittle-endian -mxl-soft-mul" "EXTRA_COMPILER_FLAGS=-g -ffunction-sections -fdata-sections -W
TRACE::2025-03-28.16:12:04::SCWMssOS::all -Wextra -fno-tree-loop-distribute-patterns"

TRACE::2025-03-28.16:12:04::SCWMssOS::"Running Make libs in microblaze_0/libsrc/bram_v4_8/src"

TRACE::2025-03-28.16:12:04::SCWMssOS::make -C microblaze_0/libsrc/bram_v4_8/src -s libs  "SHELL=CMD" "COMPILER=mb-gcc" "ASSEMBLER=mb-as" "ARCHIVER=mb-ar" "COMPILER_F
TRACE::2025-03-28.16:12:04::SCWMssOS::LAGS=  -O2 -c -mcpu=v11.0 -mlittle-endian -mxl-soft-mul" "EXTRA_COMPILER_FLAGS=-g -ffunction-sections -fdata-sections -Wall -We
TRACE::2025-03-28.16:12:04::SCWMssOS::xtra -fno-tree-loop-distribute-patterns"

TRACE::2025-03-28.16:12:04::SCWMssOS::"Running Make libs in microblaze_0/libsrc/cpu_v2_16/src"

TRACE::2025-03-28.16:12:04::SCWMssOS::make -C microblaze_0/libsrc/cpu_v2_16/src -s libs  "SHELL=CMD" "COMPILER=mb-gcc" "ASSEMBLER=mb-as" "ARCHIVER=mb-ar" "COMPILER_F
TRACE::2025-03-28.16:12:04::SCWMssOS::LAGS=  -O2 -c -mcpu=v11.0 -mlittle-endian -mxl-soft-mul" "EXTRA_COMPILER_FLAGS=-g -ffunction-sections -fdata-sections -Wall -We
TRACE::2025-03-28.16:12:04::SCWMssOS::xtra -fno-tree-loop-distribute-patterns"

TRACE::2025-03-28.16:12:04::SCWMssOS::"Running Make libs in microblaze_0/libsrc/gpio_v4_9/src"

TRACE::2025-03-28.16:12:04::SCWMssOS::make -C microblaze_0/libsrc/gpio_v4_9/src -s libs  "SHELL=CMD" "COMPILER=mb-gcc" "ASSEMBLER=mb-as" "ARCHIVER=mb-ar" "COMPILER_F
TRACE::2025-03-28.16:12:04::SCWMssOS::LAGS=  -O2 -c -mcpu=v11.0 -mlittle-endian -mxl-soft-mul" "EXTRA_COMPILER_FLAGS=-g -ffunction-sections -fdata-sections -Wall -We
TRACE::2025-03-28.16:12:04::SCWMssOS::xtra -fno-tree-loop-distribute-patterns"

TRACE::2025-03-28.16:12:04::SCWMssOS::"Running Make libs in microblaze_0/libsrc/intc_v3_15/src"

TRACE::2025-03-28.16:12:04::SCWMssOS::make -C microblaze_0/libsrc/intc_v3_15/src -s libs  "SHELL=CMD" "COMPILER=mb-gcc" "ASSEMBLER=mb-as" "ARCHIVER=mb-ar" "COMPILER_
TRACE::2025-03-28.16:12:04::SCWMssOS::FLAGS=  -O2 -c -mcpu=v11.0 -mlittle-endian -mxl-soft-mul" "EXTRA_COMPILER_FLAGS=-g -ffunction-sections -fdata-sections -Wall -W
TRACE::2025-03-28.16:12:04::SCWMssOS::extra -fno-tree-loop-distribute-patterns"

TRACE::2025-03-28.16:12:04::SCWMssOS::"Running Make libs in microblaze_0/libsrc/standalone_v8_0/src"

TRACE::2025-03-28.16:12:04::SCWMssOS::make -C microblaze_0/libsrc/standalone_v8_0/src -s libs  "SHELL=CMD" "COMPILER=mb-gcc" "ASSEMBLER=mb-as" "ARCHIVER=mb-ar" "COMP
TRACE::2025-03-28.16:12:04::SCWMssOS::ILER_FLAGS=  -O2 -c -mcpu=v11.0 -mlittle-endian -mxl-soft-mul" "EXTRA_COMPILER_FLAGS=-g -ffunction-sections -fdata-sections -Wa
TRACE::2025-03-28.16:12:04::SCWMssOS::ll -Wextra -fno-tree-loop-distribute-patterns"

TRACE::2025-03-28.16:12:04::SCWMssOS::"Running Make libs in microblaze_0/libsrc/tmrctr_v4_9/src"

TRACE::2025-03-28.16:12:04::SCWMssOS::make -C microblaze_0/libsrc/tmrctr_v4_9/src -s libs  "SHELL=CMD" "COMPILER=mb-gcc" "ASSEMBLER=mb-as" "ARCHIVER=mb-ar" "COMPILER
TRACE::2025-03-28.16:12:04::SCWMssOS::_FLAGS=  -O2 -c -mcpu=v11.0 -mlittle-endian -mxl-soft-mul" "EXTRA_COMPILER_FLAGS=-g -ffunction-sections -fdata-sections -Wall -
TRACE::2025-03-28.16:12:04::SCWMssOS::Wextra -fno-tree-loop-distribute-patterns"

TRACE::2025-03-28.16:12:05::SCWMssOS::"Running Make libs in microblaze_0/libsrc/uartlite_v3_7/src"

TRACE::2025-03-28.16:12:05::SCWMssOS::make -C microblaze_0/libsrc/uartlite_v3_7/src -s libs  "SHELL=CMD" "COMPILER=mb-gcc" "ASSEMBLER=mb-as" "ARCHIVER=mb-ar" "COMPIL
TRACE::2025-03-28.16:12:05::SCWMssOS::ER_FLAGS=  -O2 -c -mcpu=v11.0 -mlittle-endian -mxl-soft-mul" "EXTRA_COMPILER_FLAGS=-g -ffunction-sections -fdata-sections -Wall
TRACE::2025-03-28.16:12:05::SCWMssOS:: -Wextra -fno-tree-loop-distribute-patterns"

TRACE::2025-03-28.16:12:06::SCWMssOS::"DEBUG NON_LTO_OBJECTS is ../../../lib/microblaze_interrupt_handler.o"

TRACE::2025-03-28.16:12:06::SCWMssOS::'Finished building libraries parallelly.'

TRACE::2025-03-28.16:12:06::SCWMssOS::make --no-print-directory archive

TRACE::2025-03-28.16:12:06::SCWMssOS::mb-ar -r  microblaze_0/lib/libxil.a microblaze_0/lib/_exit.o microblaze_0/lib/errno.o microblaze_0/lib/fcntl.o microblaze_0/lib
TRACE::2025-03-28.16:12:06::SCWMssOS::/hw_exception_handler.o microblaze_0/lib/inbyte.o microblaze_0/lib/microblaze_disable_dcache.o microblaze_0/lib/microblaze_disa
TRACE::2025-03-28.16:12:06::SCWMssOS::ble_exceptions.o microblaze_0/lib/microblaze_disable_icache.o microblaze_0/lib/microblaze_disable_interrupts.o microblaze_0/lib
TRACE::2025-03-28.16:12:06::SCWMssOS::/microblaze_enable_dcache.o microblaze_0/lib/microblaze_enable_exceptions.o microblaze_0/lib/microblaze_enable_icache.o microbl
TRACE::2025-03-28.16:12:06::SCWMssOS::aze_0/lib/microblaze_enable_interrupts.o microblaze_0/lib/microblaze_exception_handler.o microblaze_0/lib/microblaze_flush_cach
TRACE::2025-03-28.16:12:06::SCWMssOS::e_ext.o microblaze_0/lib/microblaze_flush_cache_ext_range.o microblaze_0/lib/microblaze_flush_dcache.o microblaze_0/lib/microbl
TRACE::2025-03-28.16:12:06::SCWMssOS::aze_flush_dcache_range.o microblaze_0/lib/microblaze_init_dcache_range.o microblaze_0/lib/microblaze_init_icache_range.o microb
TRACE::2025-03-28.16:12:06::SCWMssOS::laze_0/lib/microblaze_interrupt_handler.o microblaze_0/lib/microblaze_interrupts_g.o microblaze_0/lib/microblaze_invalidate_cac
TRACE::2025-03-28.16:12:06::SCWMssOS::he_ext.o microblaze_0/lib/microblaze_invalidate_cache_ext_range.o microblaze_0/lib/microblaze_invalidate_dcache.o microblaze_0/
TRACE::2025-03-28.16:12:06::SCWMssOS::lib/microblaze_invalidate_dcache_range.o microblaze_0/lib/microblaze_invalidate_icache.o microblaze_0/lib/microblaze_invalidate
TRACE::2025-03-28.16:12:06::SCWMssOS::_icache_range.o microblaze_0/lib/microblaze_scrub.o microblaze_0/lib/microblaze_selftest.o microblaze_0/lib/microblaze_sleep.o 
TRACE::2025-03-28.16:12:06::SCWMssOS::microblaze_0/lib/microblaze_update_dcache.o microblaze_0/lib/microblaze_update_icache.o microblaze_0/lib/outbyte.o microblaze_0
TRACE::2025-03-28.16:12:06::SCWMssOS::/lib/print.o microblaze_0/lib/pvr.o microblaze_0/lib/xbram.o microblaze_0/lib/xbram_g.o microblaze_0/lib/xbram_intr.o microblaz
TRACE::2025-03-28.16:12:06::SCWMssOS::e_0/lib/xbram_selftest.o microblaze_0/lib/xbram_sinit.o microblaze_0/lib/xgpio.o microblaze_0/lib/xgpio_extra.o microblaze_0/li
TRACE::2025-03-28.16:12:06::SCWMssOS::b/xgpio_g.o microblaze_0/lib/xgpio_intr.o microblaze_0/lib/xgpio_selftest.o microblaze_0/lib/xgpio_sinit.o microblaze_0/lib/xil
TRACE::2025-03-28.16:12:06::SCWMssOS::_assert.o microblaze_0/lib/xil_cache.o microblaze_0/lib/xil_clocking.o microblaze_0/lib/xil_exception.o microblaze_0/lib/xil_me
TRACE::2025-03-28.16:12:06::SCWMssOS::m.o microblaze_0/lib/xil_misc_psreset_api.o microblaze_0/lib/xil_printf.o microblaze_0/lib/xil_sleepcommon.o microblaze_0/lib/x
TRACE::2025-03-28.16:12:06::SCWMssOS::il_testcache.o microblaze_0/lib/xil_testio.o microblaze_0/lib/xil_testmem.o microblaze_0/lib/xil_util.o microblaze_0/lib/xintc.
TRACE::2025-03-28.16:12:06::SCWMssOS::o microblaze_0/lib/xintc_g.o microblaze_0/lib/xintc_intr.o microblaze_0/lib/xintc_l.o microblaze_0/lib/xintc_options.o microbla
TRACE::2025-03-28.16:12:06::SCWMssOS::ze_0/lib/xintc_selftest.o microblaze_0/lib/xinterrupt_wrap.o microblaze_0/lib/xio.o microblaze_0/lib/xplatform_info.o microblaz
TRACE::2025-03-28.16:12:06::SCWMssOS::e_0/lib/xtmrctr.o microblaze_0/lib/xtmrctr_g.o microblaze_0/lib/xtmrctr_intr.o microblaze_0/lib/xtmrctr_l.o microblaze_0/lib/xt
TRACE::2025-03-28.16:12:06::SCWMssOS::mrctr_options.o microblaze_0/lib/xtmrctr_selftest.o microblaze_0/lib/xtmrctr_sinit.o microblaze_0/lib/xtmrctr_stats.o microblaz
TRACE::2025-03-28.16:12:06::SCWMssOS::e_0/lib/xuartlite.o microblaze_0/lib/xuartlite_g.o microblaze_0/lib/xuartlite_intr.o microblaze_0/lib/xuartlite_l.o microblaze_
TRACE::2025-03-28.16:12:06::SCWMssOS::0/lib/xuartlite_selftest.o microblaze_0/lib/xuartlite_sinit.o microblaze_0/lib/xuartlite_stats.o

TRACE::2025-03-28.16:12:06::SCWMssOS::'Finished building libraries'

TRACE::2025-03-28.16:12:06::SCWMssOS:: Checking if to create the Supporting Applications
TRACE::2025-03-28.16:12:06::SCWMssOS:: No Linux domain exists, trying to generate FSBL 
LOG::2025-03-28.16:12:06::SCWSystem::Completed Processing the domain standalone_domain
LOG::2025-03-28.16:12:06::SCWSystem::Completed Processing the sysconfig syncBlaze
LOG::2025-03-28.16:12:06::SCWPlatform::Completed generating the artifacts for system configuration syncBlaze
TRACE::2025-03-28.16:12:06::SCWPlatform::Started preparing the platform 
TRACE::2025-03-28.16:12:06::SCWSystem::Writing the bif file for system config syncBlaze
TRACE::2025-03-28.16:12:06::SCWSystem::dir created 
TRACE::2025-03-28.16:12:06::SCWSystem::Writing the bif 
TRACE::2025-03-28.16:12:06::SCWPlatform::Started writing the spfm file 
TRACE::2025-03-28.16:12:06::SCWPlatform::Started writing the xpfm file 
TRACE::2025-03-28.16:12:06::SCWPlatform::Completed generating the platform
TRACE::2025-03-28.16:12:06::SCWMssOS::Saving the mss changes E:/kevin/myCode/microBlaze1/vitisJson/syncBlaze/microblaze_0/standalone_domain/bsp/system.mss
TRACE::2025-03-28.16:12:06::SCWMssOS::Adding the swdes entry, mss present, able to open swdb E:/kevin/myCode/microBlaze1/vitisJson/syncBlaze/microblaze_0/standalone_domain/bsp/system.mss with des name system
TRACE::2025-03-28.16:12:06::SCWMssOS::Writing the mss file completed E:/kevin/myCode/microBlaze1/vitisJson/syncBlaze/microblaze_0/standalone_domain/bsp/system.mss
TRACE::2025-03-28.16:12:06::SCWMssOS::Commit changes completed.
TRACE::2025-03-28.16:12:06::SCWPlatform::Trying to open the hw design at E:/kevin/myCode/microBlaze1/vitisJson/syncBlaze/hw/design_1_wrapper.xsa
TRACE::2025-03-28.16:12:06::SCWPlatform::DSA given E:/kevin/myCode/microBlaze1/vitisJson/syncBlaze/hw/design_1_wrapper.xsa
TRACE::2025-03-28.16:12:06::SCWPlatform::DSA absoulate path E:/kevin/myCode/microBlaze1/vitisJson/syncBlaze/hw/design_1_wrapper.xsa
TRACE::2025-03-28.16:12:06::SCWPlatform::DSA directory E:/kevin/myCode/microBlaze1/vitisJson/syncBlaze/hw
TRACE::2025-03-28.16:12:06::SCWPlatform:: Platform Path E:/kevin/myCode/microBlaze1/vitisJson/syncBlaze/hw/design_1_wrapper.xsa
TRACE::2025-03-28.16:12:06::SCWPlatform:: Unique name xilinx:::0.0
TRACE::2025-03-28.16:12:06::SCWPlatform::Trying to set the existing hwdb with name design_1_wrapper_16
TRACE::2025-03-28.16:12:06::SCWPlatform::Opened existing hwdb design_1_wrapper_16
TRACE::2025-03-28.16:12:06::SCWPlatform::Found the Hw Db part of the input DSA
TRACE::2025-03-28.16:12:06::SCWMssOS::Checking the sw design at  E:/kevin/myCode/microBlaze1/vitisJson/syncBlaze/microblaze_0/standalone_domain/bsp/system.mss
TRACE::2025-03-28.16:12:06::SCWMssOS::DEBUG:  swdes dump  E:/kevin/myCode/microBlaze1/vitisJson/syncBlaze/microblaze_0/standalone_domain/bsp/system.mss|system||

TRACE::2025-03-28.16:12:06::SCWMssOS::Sw design exists and opened at  E:/kevin/myCode/microBlaze1/vitisJson/syncBlaze/microblaze_0/standalone_domain/bsp/system.mss
TRACE::2025-03-28.16:12:06::SCWWriter::formatted JSON is {
	"platformName":	"syncBlaze",
	"sprVersion":	"2.0",
	"mode":	"gui",
	"dsaType":	"Fixed",
	"platformDesc":	"syncBlaze",
	"platHandOff":	"E:/kevin/myCode/microBlaze1/design_1_wrapper.xsa",
	"platIntHandOff":	"<platformDir>/hw/design_1_wrapper.xsa",
	"deviceType":	"FPGA",
	"platIsPrebuiltAutogen":	"false",
	"platIsNoBootBsp":	"false",
	"hasFsblMakeHasChanges":	"false",
	"hasPmufwMakeHasChanges":	"false",
	"platPreBuiltFlag":	false,
	"platformSamplesDir":	"",
	"platActiveSys":	"syncBlaze",
	"systems":	[{
			"systemName":	"syncBlaze",
			"systemDesc":	"syncBlaze",
			"sysIsBootAutoGen":	"true",
			"systemDispName":	"syncBlaze",
			"sysActiveDom":	"standalone_domain",
			"sysDefaultDom":	"standalone_domain",
			"domains":	[{
					"domainName":	"standalone_domain",
					"domainDispName":	"standalone on microblaze_0",
					"domainDesc":	"standalone_domain",
					"processors":	"microblaze_0",
					"os":	"standalone",
					"sdxOs":	"standalone",
					"debugEnable":	"False",
					"domRuntimes":	["cpp"],
					"swRepo":	"",
					"mssOsVer":	"8.0",
					"mssFile":	"",
					"md5Digest":	"e2cdda41e7956801f4f51a65042beca0",
					"compatibleApp":	"",
					"domType":	"mssDomain",
					"arch":	"32-bit",
					"appSettings":	{
						"appCompilerFlags":	"",
						"appLinkerFlags":	""
					},
					"addedLibs":	[],
					"libOptions":	{
						"libsContainingOptions":	[]
					},
					"prebuiltLibs":	{
						"prebuiltIncPath":	[],
						"prebuiltLibPath":	[]
					},
					"isolation":	{
					}
				}]
		}]
}
KEYINFO::2025-03-28.16:12:06::SCWPlatform::updated the xpfm file.
TRACE::2025-03-28.16:12:07::SCWPlatform::Trying to open the hw design at E:/kevin/myCode/microBlaze1/vitisJson/syncBlaze/hw/design_1_wrapper.xsa
TRACE::2025-03-28.16:12:07::SCWPlatform::DSA given E:/kevin/myCode/microBlaze1/vitisJson/syncBlaze/hw/design_1_wrapper.xsa
TRACE::2025-03-28.16:12:07::SCWPlatform::DSA absoulate path E:/kevin/myCode/microBlaze1/vitisJson/syncBlaze/hw/design_1_wrapper.xsa
TRACE::2025-03-28.16:12:07::SCWPlatform::DSA directory E:/kevin/myCode/microBlaze1/vitisJson/syncBlaze/hw
TRACE::2025-03-28.16:12:07::SCWPlatform:: Platform Path E:/kevin/myCode/microBlaze1/vitisJson/syncBlaze/hw/design_1_wrapper.xsa
TRACE::2025-03-28.16:12:07::SCWPlatform:: Unique name xilinx:::0.0
TRACE::2025-03-28.16:12:07::SCWPlatform::Trying to set the existing hwdb with name design_1_wrapper_16
TRACE::2025-03-28.16:12:07::SCWPlatform::Opened existing hwdb design_1_wrapper_16
TRACE::2025-03-28.16:12:07::SCWPlatform::Found the Hw Db part of the input DSA
TRACE::2025-03-28.16:12:07::SCWMssOS::Checking the sw design at  E:/kevin/myCode/microBlaze1/vitisJson/syncBlaze/microblaze_0/standalone_domain/bsp/system.mss
TRACE::2025-03-28.16:12:07::SCWMssOS::DEBUG:  swdes dump  E:/kevin/myCode/microBlaze1/vitisJson/syncBlaze/microblaze_0/standalone_domain/bsp/system.mss|system||

TRACE::2025-03-28.16:12:07::SCWMssOS::Sw design exists and opened at  E:/kevin/myCode/microBlaze1/vitisJson/syncBlaze/microblaze_0/standalone_domain/bsp/system.mss
TRACE::2025-03-28.16:55:28::SCWPlatform::Clearing the existing platform
TRACE::2025-03-28.16:55:28::SCWSystem::Clearing the existing sysconfig
TRACE::2025-03-28.16:55:28::SCWMssOS::Removing the swdes entry for  E:/kevin/myCode/microBlaze1/vitisJson/syncBlaze/microblaze_0/standalone_domain/bsp/system.mss
TRACE::2025-03-28.16:55:28::SCWSystem::Clearing the domains completed.
TRACE::2025-03-28.16:55:28::SCWPlatform::Clearing the opened hw db.
TRACE::2025-03-28.16:55:28::SCWPlatform::DSA given E:/kevin/myCode/microBlaze1/vitisJson/syncBlaze/hw/design_1_wrapper.xsa
TRACE::2025-03-28.16:55:28::SCWPlatform::DSA absoulate path E:/kevin/myCode/microBlaze1/vitisJson/syncBlaze/hw/design_1_wrapper.xsa
TRACE::2025-03-28.16:55:28::SCWPlatform:: Platform location is E:/kevin/myCode/microBlaze1/vitisJson/syncBlaze/hw
TRACE::2025-03-28.16:55:28::SCWPlatform:: Platform Path E:/kevin/myCode/microBlaze1/vitisJson/syncBlaze/hw/design_1_wrapper.xsa
TRACE::2025-03-28.16:55:28::SCWPlatform:: Unique name xilinx:::0.0
TRACE::2025-03-28.16:55:28::SCWPlatform::Removing the HwDB with name E:/kevin/myCode/microBlaze1/vitisJson/syncBlaze/hw/design_1_wrapper.xsa
TRACE::2025-03-28.16:55:28::SCWPlatform::Trying to open the hw design at E:/kevin/myCode/microBlaze1/vitisJson/syncBlaze/hw/design_1_wrapper.xsa
TRACE::2025-03-28.16:55:28::SCWPlatform::DSA given E:/kevin/myCode/microBlaze1/vitisJson/syncBlaze/hw/design_1_wrapper.xsa
TRACE::2025-03-28.16:55:28::SCWPlatform::DSA absoulate path E:/kevin/myCode/microBlaze1/vitisJson/syncBlaze/hw/design_1_wrapper.xsa
TRACE::2025-03-28.16:55:28::SCWPlatform::DSA directory E:/kevin/myCode/microBlaze1/vitisJson/syncBlaze/hw
TRACE::2025-03-28.16:55:28::SCWPlatform:: Platform Path E:/kevin/myCode/microBlaze1/vitisJson/syncBlaze/hw/design_1_wrapper.xsa
TRACE::2025-03-28.16:55:28::SCWPlatform:: Unique name xilinx:::0.0
TRACE::2025-03-28.16:55:28::SCWPlatform::Do not have an existing db opened. 
TRACE::2025-03-28.16:55:29::SCWPlatform::Opened new HwDB with name design_1_wrapper_18
TRACE::2025-03-28.16:55:29::SCWReader::Active system found as  syncBlaze
TRACE::2025-03-28.16:55:29::SCWReader::Handling sysconfig syncBlaze
TRACE::2025-03-28.16:55:29::SCWDomain::checking for install qemu data   : 
TRACE::2025-03-28.16:55:29::SCWPlatform::Trying to open the hw design at E:/kevin/myCode/microBlaze1/vitisJson/syncBlaze/hw/design_1_wrapper.xsa
TRACE::2025-03-28.16:55:29::SCWPlatform::DSA given E:/kevin/myCode/microBlaze1/vitisJson/syncBlaze/hw/design_1_wrapper.xsa
TRACE::2025-03-28.16:55:29::SCWPlatform::DSA absoulate path E:/kevin/myCode/microBlaze1/vitisJson/syncBlaze/hw/design_1_wrapper.xsa
TRACE::2025-03-28.16:55:29::SCWPlatform::DSA directory E:/kevin/myCode/microBlaze1/vitisJson/syncBlaze/hw
TRACE::2025-03-28.16:55:29::SCWPlatform:: Platform Path E:/kevin/myCode/microBlaze1/vitisJson/syncBlaze/hw/design_1_wrapper.xsa
TRACE::2025-03-28.16:55:29::SCWPlatform:: Unique name xilinx:::0.0
TRACE::2025-03-28.16:55:29::SCWPlatform::Trying to set the existing hwdb with name design_1_wrapper_18
TRACE::2025-03-28.16:55:29::SCWPlatform::Opened existing hwdb design_1_wrapper_18
TRACE::2025-03-28.16:55:29::SCWPlatform::Found the Hw Db part of the input DSA
TRACE::2025-03-28.16:55:29::SCWPlatform::Trying to open the hw design at E:/kevin/myCode/microBlaze1/vitisJson/syncBlaze/hw/design_1_wrapper.xsa
TRACE::2025-03-28.16:55:29::SCWPlatform::DSA given E:/kevin/myCode/microBlaze1/vitisJson/syncBlaze/hw/design_1_wrapper.xsa
TRACE::2025-03-28.16:55:29::SCWPlatform::DSA absoulate path E:/kevin/myCode/microBlaze1/vitisJson/syncBlaze/hw/design_1_wrapper.xsa
TRACE::2025-03-28.16:55:29::SCWPlatform::DSA directory E:/kevin/myCode/microBlaze1/vitisJson/syncBlaze/hw
TRACE::2025-03-28.16:55:29::SCWPlatform:: Platform Path E:/kevin/myCode/microBlaze1/vitisJson/syncBlaze/hw/design_1_wrapper.xsa
TRACE::2025-03-28.16:55:29::SCWPlatform:: Unique name xilinx:::0.0
TRACE::2025-03-28.16:55:29::SCWPlatform::Trying to set the existing hwdb with name design_1_wrapper_18
TRACE::2025-03-28.16:55:29::SCWPlatform::Opened existing hwdb design_1_wrapper_18
TRACE::2025-03-28.16:55:29::SCWPlatform::Found the Hw Db part of the input DSA
TRACE::2025-03-28.16:55:29::SCWPlatform::Trying to open the hw design at E:/kevin/myCode/microBlaze1/vitisJson/syncBlaze/hw/design_1_wrapper.xsa
TRACE::2025-03-28.16:55:29::SCWPlatform::DSA given E:/kevin/myCode/microBlaze1/vitisJson/syncBlaze/hw/design_1_wrapper.xsa
TRACE::2025-03-28.16:55:29::SCWPlatform::DSA absoulate path E:/kevin/myCode/microBlaze1/vitisJson/syncBlaze/hw/design_1_wrapper.xsa
TRACE::2025-03-28.16:55:29::SCWPlatform::DSA directory E:/kevin/myCode/microBlaze1/vitisJson/syncBlaze/hw
TRACE::2025-03-28.16:55:29::SCWPlatform:: Platform Path E:/kevin/myCode/microBlaze1/vitisJson/syncBlaze/hw/design_1_wrapper.xsa
TRACE::2025-03-28.16:55:29::SCWPlatform:: Unique name xilinx:::0.0
TRACE::2025-03-28.16:55:29::SCWPlatform::Trying to set the existing hwdb with name design_1_wrapper_18
TRACE::2025-03-28.16:55:29::SCWPlatform::Opened existing hwdb design_1_wrapper_18
TRACE::2025-03-28.16:55:29::SCWPlatform::Found the Hw Db part of the input DSA
TRACE::2025-03-28.16:55:29::SCWPlatform::Trying to open the hw design at E:/kevin/myCode/microBlaze1/vitisJson/syncBlaze/hw/design_1_wrapper.xsa
TRACE::2025-03-28.16:55:29::SCWPlatform::DSA given E:/kevin/myCode/microBlaze1/vitisJson/syncBlaze/hw/design_1_wrapper.xsa
TRACE::2025-03-28.16:55:29::SCWPlatform::DSA absoulate path E:/kevin/myCode/microBlaze1/vitisJson/syncBlaze/hw/design_1_wrapper.xsa
TRACE::2025-03-28.16:55:29::SCWPlatform::DSA directory E:/kevin/myCode/microBlaze1/vitisJson/syncBlaze/hw
TRACE::2025-03-28.16:55:29::SCWPlatform:: Platform Path E:/kevin/myCode/microBlaze1/vitisJson/syncBlaze/hw/design_1_wrapper.xsa
TRACE::2025-03-28.16:55:29::SCWPlatform:: Unique name xilinx:::0.0
TRACE::2025-03-28.16:55:29::SCWPlatform::Trying to set the existing hwdb with name design_1_wrapper_18
TRACE::2025-03-28.16:55:29::SCWPlatform::Opened existing hwdb design_1_wrapper_18
TRACE::2025-03-28.16:55:29::SCWPlatform::Found the Hw Db part of the input DSA
TRACE::2025-03-28.16:55:29::SCWMssOS::Checking the sw design at  E:/kevin/myCode/microBlaze1/vitisJson/syncBlaze/microblaze_0/standalone_domain/bsp/system.mss
TRACE::2025-03-28.16:55:29::SCWMssOS::DEBUG:  swdes dump  
TRACE::2025-03-28.16:55:29::SCWMssOS::No sw design opened at  E:/kevin/myCode/microBlaze1/vitisJson/syncBlaze/microblaze_0/standalone_domain/bsp/system.mss
TRACE::2025-03-28.16:55:29::SCWMssOS::mss exists loading the mss file  E:/kevin/myCode/microBlaze1/vitisJson/syncBlaze/microblaze_0/standalone_domain/bsp/system.mss
TRACE::2025-03-28.16:55:29::SCWMssOS::Opened the sw design from mss  E:/kevin/myCode/microBlaze1/vitisJson/syncBlaze/microblaze_0/standalone_domain/bsp/system.mss
TRACE::2025-03-28.16:55:29::SCWMssOS::Adding the swdes entry E:/kevin/myCode/microBlaze1/vitisJson/syncBlaze/microblaze_0/standalone_domain/bsp/system.mss with des name system
TRACE::2025-03-28.16:55:29::SCWMssOS::updating the scw layer about changes
TRACE::2025-03-28.16:55:29::SCWMssOS::Opened the sw design.  E:/kevin/myCode/microBlaze1/vitisJson/syncBlaze/microblaze_0/standalone_domain/bsp/system.mss
TRACE::2025-03-28.16:55:29::SCWMssOS::Saving the mss changes E:/kevin/myCode/microBlaze1/vitisJson/syncBlaze/microblaze_0/standalone_domain/bsp/system.mss
TRACE::2025-03-28.16:55:29::SCWMssOS::Found a swdesign opened with the mssfile.
TRACE::2025-03-28.16:55:29::SCWMssOS::Completed writemss as part of save.
TRACE::2025-03-28.16:55:29::SCWMssOS::Commit changes completed.
TRACE::2025-03-28.16:55:29::SCWReader::Adding prebuilt librarypaths as   
TRACE::2025-03-28.16:55:29::SCWReader::Adding prebuilt incpaths  as   
TRACE::2025-03-28.16:55:29::SCWPlatform::Trying to open the hw design at E:/kevin/myCode/microBlaze1/vitisJson/syncBlaze/hw/design_1_wrapper.xsa
TRACE::2025-03-28.16:55:29::SCWPlatform::DSA given E:/kevin/myCode/microBlaze1/vitisJson/syncBlaze/hw/design_1_wrapper.xsa
TRACE::2025-03-28.16:55:29::SCWPlatform::DSA absoulate path E:/kevin/myCode/microBlaze1/vitisJson/syncBlaze/hw/design_1_wrapper.xsa
TRACE::2025-03-28.16:55:29::SCWPlatform::DSA directory E:/kevin/myCode/microBlaze1/vitisJson/syncBlaze/hw
TRACE::2025-03-28.16:55:29::SCWPlatform:: Platform Path E:/kevin/myCode/microBlaze1/vitisJson/syncBlaze/hw/design_1_wrapper.xsa
TRACE::2025-03-28.16:55:29::SCWPlatform:: Unique name xilinx:::0.0
TRACE::2025-03-28.16:55:29::SCWPlatform::Trying to set the existing hwdb with name design_1_wrapper_18
TRACE::2025-03-28.16:55:29::SCWPlatform::Opened existing hwdb design_1_wrapper_18
TRACE::2025-03-28.16:55:29::SCWPlatform::Found the Hw Db part of the input DSA
TRACE::2025-03-28.16:55:29::SCWMssOS::Checking the sw design at  E:/kevin/myCode/microBlaze1/vitisJson/syncBlaze/microblaze_0/standalone_domain/bsp/system.mss
TRACE::2025-03-28.16:55:29::SCWMssOS::DEBUG:  swdes dump  E:/kevin/myCode/microBlaze1/vitisJson/syncBlaze/microblaze_0/standalone_domain/bsp/system.mss|system||

TRACE::2025-03-28.16:55:29::SCWMssOS::Sw design exists and opened at  E:/kevin/myCode/microBlaze1/vitisJson/syncBlaze/microblaze_0/standalone_domain/bsp/system.mss
TRACE::2025-03-28.16:55:29::SCWReader::No isolation master present  
TRACE::2025-03-28.16:55:31::SCWPlatform::DSA given E:/kevin/myCode/microBlaze1/vitisJson/syncBlaze/tempdsa/design_1_wrapper.xsa
TRACE::2025-03-28.16:55:31::SCWPlatform::DSA absoulate path E:/kevin/myCode/microBlaze1/vitisJson/syncBlaze/tempdsa/design_1_wrapper.xsa
TRACE::2025-03-28.16:55:31::SCWPlatform:: Platform location is E:/kevin/myCode/microBlaze1/vitisJson/syncBlaze/tempdsa
TRACE::2025-03-28.16:55:31::SCWPlatform:: Platform Path E:/kevin/myCode/microBlaze1/vitisJson/syncBlaze/tempdsa/design_1_wrapper.xsa
TRACE::2025-03-28.16:55:31::SCWPlatform:: Unique name xilinx:::0.0
TRACE::2025-03-28.16:55:32::SCWPlatform::Found the Hw Db part of the input DSA
TRACE::2025-03-28.16:55:32::SCWMssOS::Doing hw sync for the mss in domain: standalone_domain
TRACE::2025-03-28.16:55:32::SCWPlatform::Trying to open the hw design at E:/kevin/myCode/microBlaze1/vitisJson/syncBlaze/hw/design_1_wrapper.xsa
TRACE::2025-03-28.16:55:32::SCWPlatform::DSA given E:/kevin/myCode/microBlaze1/vitisJson/syncBlaze/hw/design_1_wrapper.xsa
TRACE::2025-03-28.16:55:32::SCWPlatform::DSA absoulate path E:/kevin/myCode/microBlaze1/vitisJson/syncBlaze/hw/design_1_wrapper.xsa
TRACE::2025-03-28.16:55:32::SCWPlatform::DSA directory E:/kevin/myCode/microBlaze1/vitisJson/syncBlaze/hw
TRACE::2025-03-28.16:55:32::SCWPlatform:: Platform Path E:/kevin/myCode/microBlaze1/vitisJson/syncBlaze/hw/design_1_wrapper.xsa
TRACE::2025-03-28.16:55:32::SCWPlatform:: Unique name xilinx:::0.0
TRACE::2025-03-28.16:55:32::SCWPlatform::Trying to set the existing hwdb with name design_1_wrapper_18
TRACE::2025-03-28.16:55:32::SCWPlatform::Opened existing hwdb design_1_wrapper_18
TRACE::2025-03-28.16:55:32::SCWPlatform::Found the Hw Db part of the input DSA
TRACE::2025-03-28.16:55:32::SCWPlatform::Trying to open the hw design at E:/kevin/myCode/microBlaze1/vitisJson/syncBlaze/hw/design_1_wrapper.xsa
TRACE::2025-03-28.16:55:32::SCWPlatform::DSA given E:/kevin/myCode/microBlaze1/vitisJson/syncBlaze/hw/design_1_wrapper.xsa
TRACE::2025-03-28.16:55:32::SCWPlatform::DSA absoulate path E:/kevin/myCode/microBlaze1/vitisJson/syncBlaze/hw/design_1_wrapper.xsa
TRACE::2025-03-28.16:55:32::SCWPlatform::DSA directory E:/kevin/myCode/microBlaze1/vitisJson/syncBlaze/hw
TRACE::2025-03-28.16:55:32::SCWPlatform:: Platform Path E:/kevin/myCode/microBlaze1/vitisJson/syncBlaze/hw/design_1_wrapper.xsa
TRACE::2025-03-28.16:55:32::SCWPlatform:: Unique name xilinx:::0.0
TRACE::2025-03-28.16:55:32::SCWPlatform::Trying to set the existing hwdb with name design_1_wrapper_18
TRACE::2025-03-28.16:55:32::SCWPlatform::Opened existing hwdb design_1_wrapper_18
TRACE::2025-03-28.16:55:32::SCWPlatform::Found the Hw Db part of the input DSA
TRACE::2025-03-28.16:55:32::SCWMssOS::Checking the sw design at  E:/kevin/myCode/microBlaze1/vitisJson/syncBlaze/microblaze_0/standalone_domain/bsp/system.mss
TRACE::2025-03-28.16:55:32::SCWMssOS::DEBUG:  swdes dump  E:/kevin/myCode/microBlaze1/vitisJson/syncBlaze/microblaze_0/standalone_domain/bsp/system.mss|system||

TRACE::2025-03-28.16:55:32::SCWMssOS::Sw design exists and opened at  E:/kevin/myCode/microBlaze1/vitisJson/syncBlaze/microblaze_0/standalone_domain/bsp/system.mss
TRACE::2025-03-28.16:55:32::SCWPlatform::Trying to open the hw design at E:/kevin/myCode/microBlaze1/vitisJson/syncBlaze/tempdsa/design_1_wrapper.xsa
TRACE::2025-03-28.16:55:32::SCWPlatform::DSA given E:/kevin/myCode/microBlaze1/vitisJson/syncBlaze/tempdsa/design_1_wrapper.xsa
TRACE::2025-03-28.16:55:32::SCWPlatform::DSA absoulate path E:/kevin/myCode/microBlaze1/vitisJson/syncBlaze/tempdsa/design_1_wrapper.xsa
TRACE::2025-03-28.16:55:32::SCWPlatform::DSA directory E:/kevin/myCode/microBlaze1/vitisJson/syncBlaze/tempdsa
TRACE::2025-03-28.16:55:32::SCWPlatform:: Platform Path E:/kevin/myCode/microBlaze1/vitisJson/syncBlaze/tempdsa/design_1_wrapper.xsa
TRACE::2025-03-28.16:55:32::SCWPlatform:: Unique name xilinx:::0.0
TRACE::2025-03-28.16:55:32::SCWPlatform::update - Opened existing hwdb design_1_wrapper_19
TRACE::2025-03-28.16:55:32::SCWPlatform::Found the Hw Db part of the input DSA
TRACE::2025-03-28.16:55:32::SCWMssOS::Saving the mss changes E:/kevin/myCode/microBlaze1/vitisJson/syncBlaze/microblaze_0/standalone_domain/bsp/system.mss
TRACE::2025-03-28.16:55:32::SCWMssOS::Found a swdesign opened with the mssfile.
TRACE::2025-03-28.16:55:32::SCWMssOS::Completed writemss as part of save.
TRACE::2025-03-28.16:55:32::SCWMssOS::Commit changes completed.
TRACE::2025-03-28.16:55:32::SCWMssOS::Completed hw sync for the mss in domain: standalone_domain
TRACE::2025-03-28.16:55:32::SCWMssOS::Removing the swdes entry for  E:/kevin/myCode/microBlaze1/vitisJson/syncBlaze/microblaze_0/standalone_domain/bsp/system.mss
TRACE::2025-03-28.16:55:32::SCWPlatform::Trying to open the hw design at E:/kevin/myCode/microBlaze1/vitisJson/syncBlaze/hw/design_1_wrapper.xsa
TRACE::2025-03-28.16:55:32::SCWPlatform::DSA given E:/kevin/myCode/microBlaze1/vitisJson/syncBlaze/hw/design_1_wrapper.xsa
TRACE::2025-03-28.16:55:32::SCWPlatform::DSA absoulate path E:/kevin/myCode/microBlaze1/vitisJson/syncBlaze/hw/design_1_wrapper.xsa
TRACE::2025-03-28.16:55:32::SCWPlatform::DSA directory E:/kevin/myCode/microBlaze1/vitisJson/syncBlaze/hw
TRACE::2025-03-28.16:55:32::SCWPlatform:: Platform Path E:/kevin/myCode/microBlaze1/vitisJson/syncBlaze/hw/design_1_wrapper.xsa
TRACE::2025-03-28.16:55:32::SCWPlatform:: Unique name xilinx:::0.0
TRACE::2025-03-28.16:55:32::SCWPlatform::Do not have an existing db opened. 
TRACE::2025-03-28.16:55:32::SCWPlatform::Opened new HwDB with name design_1_wrapper_20
TRACE::2025-03-28.16:55:32::SCWMssOS::Saving the mss changes E:/kevin/myCode/microBlaze1/vitisJson/syncBlaze/microblaze_0/standalone_domain/bsp/system.mss
TRACE::2025-03-28.16:55:32::SCWMssOS::Adding the swdes entry, mss present, able to open swdb E:/kevin/myCode/microBlaze1/vitisJson/syncBlaze/microblaze_0/standalone_domain/bsp/system.mss with des name system
TRACE::2025-03-28.16:55:32::SCWMssOS::Writing the mss file completed E:/kevin/myCode/microBlaze1/vitisJson/syncBlaze/microblaze_0/standalone_domain/bsp/system.mss
TRACE::2025-03-28.16:55:32::SCWMssOS::Commit changes completed.
TRACE::2025-03-28.16:55:32::SCWPlatform::Trying to open the hw design at E:/kevin/myCode/microBlaze1/vitisJson/syncBlaze/hw/design_1_wrapper.xsa
TRACE::2025-03-28.16:55:32::SCWPlatform::DSA given E:/kevin/myCode/microBlaze1/vitisJson/syncBlaze/hw/design_1_wrapper.xsa
TRACE::2025-03-28.16:55:32::SCWPlatform::DSA absoulate path E:/kevin/myCode/microBlaze1/vitisJson/syncBlaze/hw/design_1_wrapper.xsa
TRACE::2025-03-28.16:55:32::SCWPlatform::DSA directory E:/kevin/myCode/microBlaze1/vitisJson/syncBlaze/hw
TRACE::2025-03-28.16:55:32::SCWPlatform:: Platform Path E:/kevin/myCode/microBlaze1/vitisJson/syncBlaze/hw/design_1_wrapper.xsa
TRACE::2025-03-28.16:55:32::SCWPlatform:: Unique name xilinx:::0.0
TRACE::2025-03-28.16:55:32::SCWPlatform::Trying to set the existing hwdb with name design_1_wrapper_20
TRACE::2025-03-28.16:55:32::SCWPlatform::Opened existing hwdb design_1_wrapper_20
TRACE::2025-03-28.16:55:32::SCWPlatform::Found the Hw Db part of the input DSA
TRACE::2025-03-28.16:55:32::SCWMssOS::Checking the sw design at  E:/kevin/myCode/microBlaze1/vitisJson/syncBlaze/microblaze_0/standalone_domain/bsp/system.mss
TRACE::2025-03-28.16:55:32::SCWMssOS::DEBUG:  swdes dump  E:/kevin/myCode/microBlaze1/vitisJson/syncBlaze/microblaze_0/standalone_domain/bsp/system.mss|system||

TRACE::2025-03-28.16:55:32::SCWMssOS::Sw design exists and opened at  E:/kevin/myCode/microBlaze1/vitisJson/syncBlaze/microblaze_0/standalone_domain/bsp/system.mss
TRACE::2025-03-28.16:55:32::SCWWriter::formatted JSON is {
	"platformName":	"syncBlaze",
	"sprVersion":	"2.0",
	"mode":	"gui",
	"dsaType":	"Fixed",
	"platformDesc":	"syncBlaze",
	"platHandOff":	"E:/kevin/myCode/microBlaze1/design_1_wrapper.xsa",
	"platIntHandOff":	"<platformDir>/hw/design_1_wrapper.xsa",
	"deviceType":	"FPGA",
	"platIsPrebuiltAutogen":	"false",
	"platIsNoBootBsp":	"false",
	"hasFsblMakeHasChanges":	"false",
	"hasPmufwMakeHasChanges":	"false",
	"platPreBuiltFlag":	false,
	"platformSamplesDir":	"",
	"platActiveSys":	"syncBlaze",
	"systems":	[{
			"systemName":	"syncBlaze",
			"systemDesc":	"syncBlaze",
			"sysIsBootAutoGen":	"true",
			"systemDispName":	"syncBlaze",
			"sysActiveDom":	"standalone_domain",
			"sysDefaultDom":	"standalone_domain",
			"domains":	[{
					"domainName":	"standalone_domain",
					"domainDispName":	"standalone on microblaze_0",
					"domainDesc":	"standalone_domain",
					"processors":	"microblaze_0",
					"os":	"standalone",
					"sdxOs":	"standalone",
					"debugEnable":	"False",
					"domRuntimes":	["cpp"],
					"swRepo":	"",
					"mssOsVer":	"8.0",
					"mssFile":	"",
					"md5Digest":	"e2cdda41e7956801f4f51a65042beca01",
					"compatibleApp":	"",
					"domType":	"mssDomain",
					"arch":	"32-bit",
					"appSettings":	{
						"appCompilerFlags":	"",
						"appLinkerFlags":	""
					},
					"addedLibs":	[],
					"libOptions":	{
						"libsContainingOptions":	[]
					},
					"prebuiltLibs":	{
						"prebuiltIncPath":	[],
						"prebuiltLibPath":	[]
					},
					"isolation":	{
					}
				}]
		}]
}
LOG::2025-03-28.16:55:42::SCWPlatform::Started generating the artifacts platform syncBlaze
TRACE::2025-03-28.16:55:42::SCWPlatform::Sanity checking of platform is completed
LOG::2025-03-28.16:55:43::SCWPlatform::Started generating the artifacts for system configuration syncBlaze
LOG::2025-03-28.16:55:43::SCWSystem::Checking the domain standalone_domain
LOG::2025-03-28.16:55:43::SCWSystem::Not a boot domain 
LOG::2025-03-28.16:55:43::SCWSystem::Started Processing the domain standalone_domain
TRACE::2025-03-28.16:55:43::SCWDomain::Generating domain artifcats
TRACE::2025-03-28.16:55:43::SCWMssOS::Generating standalone artifcats
TRACE::2025-03-28.16:55:43::SCWMssOS:: Copying the user libraries. 
TRACE::2025-03-28.16:55:43::SCWPlatform::Trying to open the hw design at E:/kevin/myCode/microBlaze1/vitisJson/syncBlaze/hw/design_1_wrapper.xsa
TRACE::2025-03-28.16:55:43::SCWPlatform::DSA given E:/kevin/myCode/microBlaze1/vitisJson/syncBlaze/hw/design_1_wrapper.xsa
TRACE::2025-03-28.16:55:43::SCWPlatform::DSA absoulate path E:/kevin/myCode/microBlaze1/vitisJson/syncBlaze/hw/design_1_wrapper.xsa
TRACE::2025-03-28.16:55:43::SCWPlatform::DSA directory E:/kevin/myCode/microBlaze1/vitisJson/syncBlaze/hw
TRACE::2025-03-28.16:55:43::SCWPlatform:: Platform Path E:/kevin/myCode/microBlaze1/vitisJson/syncBlaze/hw/design_1_wrapper.xsa
TRACE::2025-03-28.16:55:43::SCWPlatform:: Unique name xilinx:::0.0
TRACE::2025-03-28.16:55:43::SCWPlatform::Trying to set the existing hwdb with name design_1_wrapper_20
TRACE::2025-03-28.16:55:43::SCWPlatform::Opened existing hwdb design_1_wrapper_20
TRACE::2025-03-28.16:55:43::SCWPlatform::Found the Hw Db part of the input DSA
TRACE::2025-03-28.16:55:43::SCWMssOS::Checking the sw design at  E:/kevin/myCode/microBlaze1/vitisJson/syncBlaze/microblaze_0/standalone_domain/bsp/system.mss
TRACE::2025-03-28.16:55:43::SCWMssOS::DEBUG:  swdes dump  E:/kevin/myCode/microBlaze1/vitisJson/syncBlaze/microblaze_0/standalone_domain/bsp/system.mss|system||

TRACE::2025-03-28.16:55:43::SCWMssOS::Sw design exists and opened at  E:/kevin/myCode/microBlaze1/vitisJson/syncBlaze/microblaze_0/standalone_domain/bsp/system.mss
TRACE::2025-03-28.16:55:43::SCWMssOS::Completed writing the mss file at E:/kevin/myCode/microBlaze1/vitisJson/syncBlaze/microblaze_0/standalone_domain/bsp
TRACE::2025-03-28.16:55:43::SCWMssOS::Mss edits present, copying mssfile into export location E:/kevin/myCode/microBlaze1/vitisJson/syncBlaze/microblaze_0/standalone_domain/bsp/system.mss
TRACE::2025-03-28.16:55:43::SCWMssOS::bsp generated is stale removing and regenerating. 
TRACE::2025-03-28.16:55:46::SCWMssOS::doing bsp build ... 
TRACE::2025-03-28.16:55:46::SCWMssOS::System Command Ran  E: & cd  E:/kevin/myCode/microBlaze1/vitisJson/syncBlaze/microblaze_0/standalone_domain/bsp & make 
TRACE::2025-03-28.16:55:46::SCWMssOS::make --no-print-directory seq_libs

TRACE::2025-03-28.16:55:46::SCWMssOS::'Finished building libraries sequentially.'

TRACE::2025-03-28.16:55:46::SCWMssOS::make -j 14 --no-print-directory par_libs

TRACE::2025-03-28.16:55:46::SCWMssOS::"Running Make include in microblaze_0/libsrc/bram_v4_8/src"

TRACE::2025-03-28.16:55:46::SCWMssOS::make -C microblaze_0/libsrc/bram_v4_8/src -s include  "SHELL=CMD" "COMPILER=mb-gcc" "ASSEMBLER=mb-as" "ARCHIVER=mb-ar" "COMPILE
TRACE::2025-03-28.16:55:46::SCWMssOS::R_FLAGS=  -O2 -c -mcpu=v11.0 -mlittle-endian -mxl-soft-mul" "EXTRA_COMPILER_FLAGS=-g -ffunction-sections -fdata-sections -Wall 
TRACE::2025-03-28.16:55:46::SCWMssOS::-Wextra -fno-tree-loop-distribute-patterns"

TRACE::2025-03-28.16:55:46::SCWMssOS::"Running Make include in microblaze_0/libsrc/cpu_v2_16/src"

TRACE::2025-03-28.16:55:46::SCWMssOS::make -C microblaze_0/libsrc/cpu_v2_16/src -s include  "SHELL=CMD" "COMPILER=mb-gcc" "ASSEMBLER=mb-as" "ARCHIVER=mb-ar" "COMPILE
TRACE::2025-03-28.16:55:46::SCWMssOS::R_FLAGS=  -O2 -c -mcpu=v11.0 -mlittle-endian -mxl-soft-mul" "EXTRA_COMPILER_FLAGS=-g -ffunction-sections -fdata-sections -Wall 
TRACE::2025-03-28.16:55:46::SCWMssOS::-Wextra -fno-tree-loop-distribute-patterns"

TRACE::2025-03-28.16:55:46::SCWMssOS::"Running Make include in microblaze_0/libsrc/gpio_v4_9/src"

TRACE::2025-03-28.16:55:46::SCWMssOS::make -C microblaze_0/libsrc/gpio_v4_9/src -s include  "SHELL=CMD" "COMPILER=mb-gcc" "ASSEMBLER=mb-as" "ARCHIVER=mb-ar" "COMPILE
TRACE::2025-03-28.16:55:46::SCWMssOS::R_FLAGS=  -O2 -c -mcpu=v11.0 -mlittle-endian -mxl-soft-mul" "EXTRA_COMPILER_FLAGS=-g -ffunction-sections -fdata-sections -Wall 
TRACE::2025-03-28.16:55:46::SCWMssOS::-Wextra -fno-tree-loop-distribute-patterns"

TRACE::2025-03-28.16:55:46::SCWMssOS::"Running Make include in microblaze_0/libsrc/intc_v3_15/src"

TRACE::2025-03-28.16:55:46::SCWMssOS::make -C microblaze_0/libsrc/intc_v3_15/src -s include  "SHELL=CMD" "COMPILER=mb-gcc" "ASSEMBLER=mb-as" "ARCHIVER=mb-ar" "COMPIL
TRACE::2025-03-28.16:55:46::SCWMssOS::ER_FLAGS=  -O2 -c -mcpu=v11.0 -mlittle-endian -mxl-soft-mul" "EXTRA_COMPILER_FLAGS=-g -ffunction-sections -fdata-sections -Wall
TRACE::2025-03-28.16:55:46::SCWMssOS:: -Wextra -fno-tree-loop-distribute-patterns"

TRACE::2025-03-28.16:55:46::SCWMssOS::"Running Make include in microblaze_0/libsrc/standalone_v8_0/src"

TRACE::2025-03-28.16:55:46::SCWMssOS::make -C microblaze_0/libsrc/standalone_v8_0/src -s include  "SHELL=CMD" "COMPILER=mb-gcc" "ASSEMBLER=mb-as" "ARCHIVER=mb-ar" "C
TRACE::2025-03-28.16:55:46::SCWMssOS::OMPILER_FLAGS=  -O2 -c -mcpu=v11.0 -mlittle-endian -mxl-soft-mul" "EXTRA_COMPILER_FLAGS=-g -ffunction-sections -fdata-sections 
TRACE::2025-03-28.16:55:46::SCWMssOS::-Wall -Wextra -fno-tree-loop-distribute-patterns"

TRACE::2025-03-28.16:55:47::SCWMssOS::"Running Make include in microblaze_0/libsrc/tmrctr_v4_9/src"

TRACE::2025-03-28.16:55:47::SCWMssOS::make -C microblaze_0/libsrc/tmrctr_v4_9/src -s include  "SHELL=CMD" "COMPILER=mb-gcc" "ASSEMBLER=mb-as" "ARCHIVER=mb-ar" "COMPI
TRACE::2025-03-28.16:55:47::SCWMssOS::LER_FLAGS=  -O2 -c -mcpu=v11.0 -mlittle-endian -mxl-soft-mul" "EXTRA_COMPILER_FLAGS=-g -ffunction-sections -fdata-sections -Wal
TRACE::2025-03-28.16:55:47::SCWMssOS::l -Wextra -fno-tree-loop-distribute-patterns"

TRACE::2025-03-28.16:55:47::SCWMssOS::"Running Make include in microblaze_0/libsrc/uartlite_v3_7/src"

TRACE::2025-03-28.16:55:47::SCWMssOS::make -C microblaze_0/libsrc/uartlite_v3_7/src -s include  "SHELL=CMD" "COMPILER=mb-gcc" "ASSEMBLER=mb-as" "ARCHIVER=mb-ar" "COM
TRACE::2025-03-28.16:55:47::SCWMssOS::PILER_FLAGS=  -O2 -c -mcpu=v11.0 -mlittle-endian -mxl-soft-mul" "EXTRA_COMPILER_FLAGS=-g -ffunction-sections -fdata-sections -W
TRACE::2025-03-28.16:55:47::SCWMssOS::all -Wextra -fno-tree-loop-distribute-patterns"

TRACE::2025-03-28.16:55:47::SCWMssOS::"Running Make libs in microblaze_0/libsrc/bram_v4_8/src"

TRACE::2025-03-28.16:55:47::SCWMssOS::make -C microblaze_0/libsrc/bram_v4_8/src -s libs  "SHELL=CMD" "COMPILER=mb-gcc" "ASSEMBLER=mb-as" "ARCHIVER=mb-ar" "COMPILER_F
TRACE::2025-03-28.16:55:47::SCWMssOS::LAGS=  -O2 -c -mcpu=v11.0 -mlittle-endian -mxl-soft-mul" "EXTRA_COMPILER_FLAGS=-g -ffunction-sections -fdata-sections -Wall -We
TRACE::2025-03-28.16:55:47::SCWMssOS::xtra -fno-tree-loop-distribute-patterns"

TRACE::2025-03-28.16:55:47::SCWMssOS::"Running Make libs in microblaze_0/libsrc/cpu_v2_16/src"

TRACE::2025-03-28.16:55:47::SCWMssOS::make -C microblaze_0/libsrc/cpu_v2_16/src -s libs  "SHELL=CMD" "COMPILER=mb-gcc" "ASSEMBLER=mb-as" "ARCHIVER=mb-ar" "COMPILER_F
TRACE::2025-03-28.16:55:47::SCWMssOS::LAGS=  -O2 -c -mcpu=v11.0 -mlittle-endian -mxl-soft-mul" "EXTRA_COMPILER_FLAGS=-g -ffunction-sections -fdata-sections -Wall -We
TRACE::2025-03-28.16:55:47::SCWMssOS::xtra -fno-tree-loop-distribute-patterns"

TRACE::2025-03-28.16:55:47::SCWMssOS::"Running Make libs in microblaze_0/libsrc/gpio_v4_9/src"

TRACE::2025-03-28.16:55:47::SCWMssOS::make -C microblaze_0/libsrc/gpio_v4_9/src -s libs  "SHELL=CMD" "COMPILER=mb-gcc" "ASSEMBLER=mb-as" "ARCHIVER=mb-ar" "COMPILER_F
TRACE::2025-03-28.16:55:47::SCWMssOS::LAGS=  -O2 -c -mcpu=v11.0 -mlittle-endian -mxl-soft-mul" "EXTRA_COMPILER_FLAGS=-g -ffunction-sections -fdata-sections -Wall -We
TRACE::2025-03-28.16:55:47::SCWMssOS::xtra -fno-tree-loop-distribute-patterns"

TRACE::2025-03-28.16:55:47::SCWMssOS::"Running Make libs in microblaze_0/libsrc/intc_v3_15/src"

TRACE::2025-03-28.16:55:47::SCWMssOS::make -C microblaze_0/libsrc/intc_v3_15/src -s libs  "SHELL=CMD" "COMPILER=mb-gcc" "ASSEMBLER=mb-as" "ARCHIVER=mb-ar" "COMPILER_
TRACE::2025-03-28.16:55:47::SCWMssOS::FLAGS=  -O2 -c -mcpu=v11.0 -mlittle-endian -mxl-soft-mul" "EXTRA_COMPILER_FLAGS=-g -ffunction-sections -fdata-sections -Wall -W
TRACE::2025-03-28.16:55:47::SCWMssOS::extra -fno-tree-loop-distribute-patterns"

TRACE::2025-03-28.16:55:47::SCWMssOS::"Running Make libs in microblaze_0/libsrc/standalone_v8_0/src"

TRACE::2025-03-28.16:55:47::SCWMssOS::make -C microblaze_0/libsrc/standalone_v8_0/src -s libs  "SHELL=CMD" "COMPILER=mb-gcc" "ASSEMBLER=mb-as" "ARCHIVER=mb-ar" "COMP
TRACE::2025-03-28.16:55:47::SCWMssOS::ILER_FLAGS=  -O2 -c -mcpu=v11.0 -mlittle-endian -mxl-soft-mul" "EXTRA_COMPILER_FLAGS=-g -ffunction-sections -fdata-sections -Wa
TRACE::2025-03-28.16:55:47::SCWMssOS::ll -Wextra -fno-tree-loop-distribute-patterns"

TRACE::2025-03-28.16:55:47::SCWMssOS::"Running Make libs in microblaze_0/libsrc/tmrctr_v4_9/src"

TRACE::2025-03-28.16:55:47::SCWMssOS::make -C microblaze_0/libsrc/tmrctr_v4_9/src -s libs  "SHELL=CMD" "COMPILER=mb-gcc" "ASSEMBLER=mb-as" "ARCHIVER=mb-ar" "COMPILER
TRACE::2025-03-28.16:55:47::SCWMssOS::_FLAGS=  -O2 -c -mcpu=v11.0 -mlittle-endian -mxl-soft-mul" "EXTRA_COMPILER_FLAGS=-g -ffunction-sections -fdata-sections -Wall -
TRACE::2025-03-28.16:55:47::SCWMssOS::Wextra -fno-tree-loop-distribute-patterns"

TRACE::2025-03-28.16:55:47::SCWMssOS::"Running Make libs in microblaze_0/libsrc/uartlite_v3_7/src"

TRACE::2025-03-28.16:55:47::SCWMssOS::make -C microblaze_0/libsrc/uartlite_v3_7/src -s libs  "SHELL=CMD" "COMPILER=mb-gcc" "ASSEMBLER=mb-as" "ARCHIVER=mb-ar" "COMPIL
TRACE::2025-03-28.16:55:47::SCWMssOS::ER_FLAGS=  -O2 -c -mcpu=v11.0 -mlittle-endian -mxl-soft-mul" "EXTRA_COMPILER_FLAGS=-g -ffunction-sections -fdata-sections -Wall
TRACE::2025-03-28.16:55:47::SCWMssOS:: -Wextra -fno-tree-loop-distribute-patterns"

TRACE::2025-03-28.16:55:48::SCWMssOS::"DEBUG NON_LTO_OBJECTS is ../../../lib/microblaze_interrupt_handler.o"

TRACE::2025-03-28.16:55:48::SCWMssOS::'Finished building libraries parallelly.'

TRACE::2025-03-28.16:55:48::SCWMssOS::make --no-print-directory archive

TRACE::2025-03-28.16:55:48::SCWMssOS::mb-ar -r  microblaze_0/lib/libxil.a microblaze_0/lib/_exit.o microblaze_0/lib/errno.o microblaze_0/lib/fcntl.o microblaze_0/lib
TRACE::2025-03-28.16:55:48::SCWMssOS::/hw_exception_handler.o microblaze_0/lib/inbyte.o microblaze_0/lib/microblaze_disable_dcache.o microblaze_0/lib/microblaze_disa
TRACE::2025-03-28.16:55:48::SCWMssOS::ble_exceptions.o microblaze_0/lib/microblaze_disable_icache.o microblaze_0/lib/microblaze_disable_interrupts.o microblaze_0/lib
TRACE::2025-03-28.16:55:48::SCWMssOS::/microblaze_enable_dcache.o microblaze_0/lib/microblaze_enable_exceptions.o microblaze_0/lib/microblaze_enable_icache.o microbl
TRACE::2025-03-28.16:55:48::SCWMssOS::aze_0/lib/microblaze_enable_interrupts.o microblaze_0/lib/microblaze_exception_handler.o microblaze_0/lib/microblaze_flush_cach
TRACE::2025-03-28.16:55:48::SCWMssOS::e_ext.o microblaze_0/lib/microblaze_flush_cache_ext_range.o microblaze_0/lib/microblaze_flush_dcache.o microblaze_0/lib/microbl
TRACE::2025-03-28.16:55:48::SCWMssOS::aze_flush_dcache_range.o microblaze_0/lib/microblaze_init_dcache_range.o microblaze_0/lib/microblaze_init_icache_range.o microb
TRACE::2025-03-28.16:55:48::SCWMssOS::laze_0/lib/microblaze_interrupt_handler.o microblaze_0/lib/microblaze_interrupts_g.o microblaze_0/lib/microblaze_invalidate_cac
TRACE::2025-03-28.16:55:48::SCWMssOS::he_ext.o microblaze_0/lib/microblaze_invalidate_cache_ext_range.o microblaze_0/lib/microblaze_invalidate_dcache.o microblaze_0/
TRACE::2025-03-28.16:55:48::SCWMssOS::lib/microblaze_invalidate_dcache_range.o microblaze_0/lib/microblaze_invalidate_icache.o microblaze_0/lib/microblaze_invalidate
TRACE::2025-03-28.16:55:48::SCWMssOS::_icache_range.o microblaze_0/lib/microblaze_scrub.o microblaze_0/lib/microblaze_selftest.o microblaze_0/lib/microblaze_sleep.o 
TRACE::2025-03-28.16:55:48::SCWMssOS::microblaze_0/lib/microblaze_update_dcache.o microblaze_0/lib/microblaze_update_icache.o microblaze_0/lib/outbyte.o microblaze_0
TRACE::2025-03-28.16:55:48::SCWMssOS::/lib/print.o microblaze_0/lib/pvr.o microblaze_0/lib/xbram.o microblaze_0/lib/xbram_g.o microblaze_0/lib/xbram_intr.o microblaz
TRACE::2025-03-28.16:55:48::SCWMssOS::e_0/lib/xbram_selftest.o microblaze_0/lib/xbram_sinit.o microblaze_0/lib/xgpio.o microblaze_0/lib/xgpio_extra.o microblaze_0/li
TRACE::2025-03-28.16:55:48::SCWMssOS::b/xgpio_g.o microblaze_0/lib/xgpio_intr.o microblaze_0/lib/xgpio_selftest.o microblaze_0/lib/xgpio_sinit.o microblaze_0/lib/xil
TRACE::2025-03-28.16:55:48::SCWMssOS::_assert.o microblaze_0/lib/xil_cache.o microblaze_0/lib/xil_clocking.o microblaze_0/lib/xil_exception.o microblaze_0/lib/xil_me
TRACE::2025-03-28.16:55:48::SCWMssOS::m.o microblaze_0/lib/xil_misc_psreset_api.o microblaze_0/lib/xil_printf.o microblaze_0/lib/xil_sleepcommon.o microblaze_0/lib/x
TRACE::2025-03-28.16:55:48::SCWMssOS::il_testcache.o microblaze_0/lib/xil_testio.o microblaze_0/lib/xil_testmem.o microblaze_0/lib/xil_util.o microblaze_0/lib/xintc.
TRACE::2025-03-28.16:55:48::SCWMssOS::o microblaze_0/lib/xintc_g.o microblaze_0/lib/xintc_intr.o microblaze_0/lib/xintc_l.o microblaze_0/lib/xintc_options.o microbla
TRACE::2025-03-28.16:55:48::SCWMssOS::ze_0/lib/xintc_selftest.o microblaze_0/lib/xinterrupt_wrap.o microblaze_0/lib/xio.o microblaze_0/lib/xplatform_info.o microblaz
TRACE::2025-03-28.16:55:48::SCWMssOS::e_0/lib/xtmrctr.o microblaze_0/lib/xtmrctr_g.o microblaze_0/lib/xtmrctr_intr.o microblaze_0/lib/xtmrctr_l.o microblaze_0/lib/xt
TRACE::2025-03-28.16:55:48::SCWMssOS::mrctr_options.o microblaze_0/lib/xtmrctr_selftest.o microblaze_0/lib/xtmrctr_sinit.o microblaze_0/lib/xtmrctr_stats.o microblaz
TRACE::2025-03-28.16:55:48::SCWMssOS::e_0/lib/xuartlite.o microblaze_0/lib/xuartlite_g.o microblaze_0/lib/xuartlite_intr.o microblaze_0/lib/xuartlite_l.o microblaze_
TRACE::2025-03-28.16:55:48::SCWMssOS::0/lib/xuartlite_selftest.o microblaze_0/lib/xuartlite_sinit.o microblaze_0/lib/xuartlite_stats.o

TRACE::2025-03-28.16:55:48::SCWMssOS::'Finished building libraries'

TRACE::2025-03-28.16:55:49::SCWMssOS:: Checking if to create the Supporting Applications
TRACE::2025-03-28.16:55:49::SCWMssOS:: No Linux domain exists, trying to generate FSBL 
LOG::2025-03-28.16:55:49::SCWSystem::Completed Processing the domain standalone_domain
LOG::2025-03-28.16:55:49::SCWSystem::Completed Processing the sysconfig syncBlaze
LOG::2025-03-28.16:55:49::SCWPlatform::Completed generating the artifacts for system configuration syncBlaze
TRACE::2025-03-28.16:55:49::SCWPlatform::Started preparing the platform 
TRACE::2025-03-28.16:55:49::SCWSystem::Writing the bif file for system config syncBlaze
TRACE::2025-03-28.16:55:49::SCWSystem::dir created 
TRACE::2025-03-28.16:55:49::SCWSystem::Writing the bif 
TRACE::2025-03-28.16:55:49::SCWPlatform::Started writing the spfm file 
TRACE::2025-03-28.16:55:49::SCWPlatform::Started writing the xpfm file 
TRACE::2025-03-28.16:55:49::SCWPlatform::Completed generating the platform
TRACE::2025-03-28.16:55:49::SCWMssOS::Saving the mss changes E:/kevin/myCode/microBlaze1/vitisJson/syncBlaze/microblaze_0/standalone_domain/bsp/system.mss
TRACE::2025-03-28.16:55:49::SCWMssOS::Adding the swdes entry, mss present, able to open swdb E:/kevin/myCode/microBlaze1/vitisJson/syncBlaze/microblaze_0/standalone_domain/bsp/system.mss with des name system
TRACE::2025-03-28.16:55:49::SCWMssOS::Writing the mss file completed E:/kevin/myCode/microBlaze1/vitisJson/syncBlaze/microblaze_0/standalone_domain/bsp/system.mss
TRACE::2025-03-28.16:55:49::SCWMssOS::Commit changes completed.
TRACE::2025-03-28.16:55:49::SCWPlatform::Trying to open the hw design at E:/kevin/myCode/microBlaze1/vitisJson/syncBlaze/hw/design_1_wrapper.xsa
TRACE::2025-03-28.16:55:49::SCWPlatform::DSA given E:/kevin/myCode/microBlaze1/vitisJson/syncBlaze/hw/design_1_wrapper.xsa
TRACE::2025-03-28.16:55:49::SCWPlatform::DSA absoulate path E:/kevin/myCode/microBlaze1/vitisJson/syncBlaze/hw/design_1_wrapper.xsa
TRACE::2025-03-28.16:55:49::SCWPlatform::DSA directory E:/kevin/myCode/microBlaze1/vitisJson/syncBlaze/hw
TRACE::2025-03-28.16:55:49::SCWPlatform:: Platform Path E:/kevin/myCode/microBlaze1/vitisJson/syncBlaze/hw/design_1_wrapper.xsa
TRACE::2025-03-28.16:55:49::SCWPlatform:: Unique name xilinx:::0.0
TRACE::2025-03-28.16:55:49::SCWPlatform::Trying to set the existing hwdb with name design_1_wrapper_20
TRACE::2025-03-28.16:55:49::SCWPlatform::Opened existing hwdb design_1_wrapper_20
TRACE::2025-03-28.16:55:49::SCWPlatform::Found the Hw Db part of the input DSA
TRACE::2025-03-28.16:55:49::SCWMssOS::Checking the sw design at  E:/kevin/myCode/microBlaze1/vitisJson/syncBlaze/microblaze_0/standalone_domain/bsp/system.mss
TRACE::2025-03-28.16:55:49::SCWMssOS::DEBUG:  swdes dump  E:/kevin/myCode/microBlaze1/vitisJson/syncBlaze/microblaze_0/standalone_domain/bsp/system.mss|system||

TRACE::2025-03-28.16:55:49::SCWMssOS::Sw design exists and opened at  E:/kevin/myCode/microBlaze1/vitisJson/syncBlaze/microblaze_0/standalone_domain/bsp/system.mss
TRACE::2025-03-28.16:55:49::SCWWriter::formatted JSON is {
	"platformName":	"syncBlaze",
	"sprVersion":	"2.0",
	"mode":	"gui",
	"dsaType":	"Fixed",
	"platformDesc":	"syncBlaze",
	"platHandOff":	"E:/kevin/myCode/microBlaze1/design_1_wrapper.xsa",
	"platIntHandOff":	"<platformDir>/hw/design_1_wrapper.xsa",
	"deviceType":	"FPGA",
	"platIsPrebuiltAutogen":	"false",
	"platIsNoBootBsp":	"false",
	"hasFsblMakeHasChanges":	"false",
	"hasPmufwMakeHasChanges":	"false",
	"platPreBuiltFlag":	false,
	"platformSamplesDir":	"",
	"platActiveSys":	"syncBlaze",
	"systems":	[{
			"systemName":	"syncBlaze",
			"systemDesc":	"syncBlaze",
			"sysIsBootAutoGen":	"true",
			"systemDispName":	"syncBlaze",
			"sysActiveDom":	"standalone_domain",
			"sysDefaultDom":	"standalone_domain",
			"domains":	[{
					"domainName":	"standalone_domain",
					"domainDispName":	"standalone on microblaze_0",
					"domainDesc":	"standalone_domain",
					"processors":	"microblaze_0",
					"os":	"standalone",
					"sdxOs":	"standalone",
					"debugEnable":	"False",
					"domRuntimes":	["cpp"],
					"swRepo":	"",
					"mssOsVer":	"8.0",
					"mssFile":	"",
					"md5Digest":	"e2cdda41e7956801f4f51a65042beca0",
					"compatibleApp":	"",
					"domType":	"mssDomain",
					"arch":	"32-bit",
					"appSettings":	{
						"appCompilerFlags":	"",
						"appLinkerFlags":	""
					},
					"addedLibs":	[],
					"libOptions":	{
						"libsContainingOptions":	[]
					},
					"prebuiltLibs":	{
						"prebuiltIncPath":	[],
						"prebuiltLibPath":	[]
					},
					"isolation":	{
					}
				}]
		}]
}
KEYINFO::2025-03-28.16:55:49::SCWPlatform::updated the xpfm file.
TRACE::2025-03-28.16:55:50::SCWPlatform::Trying to open the hw design at E:/kevin/myCode/microBlaze1/vitisJson/syncBlaze/hw/design_1_wrapper.xsa
TRACE::2025-03-28.16:55:50::SCWPlatform::DSA given E:/kevin/myCode/microBlaze1/vitisJson/syncBlaze/hw/design_1_wrapper.xsa
TRACE::2025-03-28.16:55:50::SCWPlatform::DSA absoulate path E:/kevin/myCode/microBlaze1/vitisJson/syncBlaze/hw/design_1_wrapper.xsa
TRACE::2025-03-28.16:55:50::SCWPlatform::DSA directory E:/kevin/myCode/microBlaze1/vitisJson/syncBlaze/hw
TRACE::2025-03-28.16:55:50::SCWPlatform:: Platform Path E:/kevin/myCode/microBlaze1/vitisJson/syncBlaze/hw/design_1_wrapper.xsa
TRACE::2025-03-28.16:55:50::SCWPlatform:: Unique name xilinx:::0.0
TRACE::2025-03-28.16:55:50::SCWPlatform::Trying to set the existing hwdb with name design_1_wrapper_20
TRACE::2025-03-28.16:55:50::SCWPlatform::Opened existing hwdb design_1_wrapper_20
TRACE::2025-03-28.16:55:50::SCWPlatform::Found the Hw Db part of the input DSA
TRACE::2025-03-28.16:55:50::SCWMssOS::Checking the sw design at  E:/kevin/myCode/microBlaze1/vitisJson/syncBlaze/microblaze_0/standalone_domain/bsp/system.mss
TRACE::2025-03-28.16:55:50::SCWMssOS::DEBUG:  swdes dump  E:/kevin/myCode/microBlaze1/vitisJson/syncBlaze/microblaze_0/standalone_domain/bsp/system.mss|system||

TRACE::2025-03-28.16:55:50::SCWMssOS::Sw design exists and opened at  E:/kevin/myCode/microBlaze1/vitisJson/syncBlaze/microblaze_0/standalone_domain/bsp/system.mss
TRACE::2025-03-28.17:19:22::SCWPlatform::Clearing the existing platform
TRACE::2025-03-28.17:19:22::SCWSystem::Clearing the existing sysconfig
TRACE::2025-03-28.17:19:22::SCWMssOS::Removing the swdes entry for  E:/kevin/myCode/microBlaze1/vitisJson/syncBlaze/microblaze_0/standalone_domain/bsp/system.mss
TRACE::2025-03-28.17:19:22::SCWSystem::Clearing the domains completed.
TRACE::2025-03-28.17:19:22::SCWPlatform::Clearing the opened hw db.
TRACE::2025-03-28.17:19:22::SCWPlatform::DSA given E:/kevin/myCode/microBlaze1/vitisJson/syncBlaze/hw/design_1_wrapper.xsa
TRACE::2025-03-28.17:19:22::SCWPlatform::DSA absoulate path E:/kevin/myCode/microBlaze1/vitisJson/syncBlaze/hw/design_1_wrapper.xsa
TRACE::2025-03-28.17:19:22::SCWPlatform:: Platform location is E:/kevin/myCode/microBlaze1/vitisJson/syncBlaze/hw
TRACE::2025-03-28.17:19:22::SCWPlatform:: Platform Path E:/kevin/myCode/microBlaze1/vitisJson/syncBlaze/hw/design_1_wrapper.xsa
TRACE::2025-03-28.17:19:22::SCWPlatform:: Unique name xilinx:::0.0
TRACE::2025-03-28.17:19:22::SCWPlatform::Removing the HwDB with name E:/kevin/myCode/microBlaze1/vitisJson/syncBlaze/hw/design_1_wrapper.xsa
TRACE::2025-03-28.17:19:22::SCWPlatform::Trying to open the hw design at E:/kevin/myCode/microBlaze1/vitisJson/syncBlaze/hw/design_1_wrapper.xsa
TRACE::2025-03-28.17:19:22::SCWPlatform::DSA given E:/kevin/myCode/microBlaze1/vitisJson/syncBlaze/hw/design_1_wrapper.xsa
TRACE::2025-03-28.17:19:22::SCWPlatform::DSA absoulate path E:/kevin/myCode/microBlaze1/vitisJson/syncBlaze/hw/design_1_wrapper.xsa
TRACE::2025-03-28.17:19:22::SCWPlatform::DSA directory E:/kevin/myCode/microBlaze1/vitisJson/syncBlaze/hw
TRACE::2025-03-28.17:19:22::SCWPlatform:: Platform Path E:/kevin/myCode/microBlaze1/vitisJson/syncBlaze/hw/design_1_wrapper.xsa
TRACE::2025-03-28.17:19:22::SCWPlatform:: Unique name xilinx:::0.0
TRACE::2025-03-28.17:19:22::SCWPlatform::Do not have an existing db opened. 
TRACE::2025-03-28.17:19:22::SCWPlatform::Opened new HwDB with name design_1_wrapper_22
TRACE::2025-03-28.17:19:22::SCWReader::Active system found as  syncBlaze
TRACE::2025-03-28.17:19:22::SCWReader::Handling sysconfig syncBlaze
TRACE::2025-03-28.17:19:22::SCWDomain::checking for install qemu data   : 
TRACE::2025-03-28.17:19:22::SCWPlatform::Trying to open the hw design at E:/kevin/myCode/microBlaze1/vitisJson/syncBlaze/hw/design_1_wrapper.xsa
TRACE::2025-03-28.17:19:22::SCWPlatform::DSA given E:/kevin/myCode/microBlaze1/vitisJson/syncBlaze/hw/design_1_wrapper.xsa
TRACE::2025-03-28.17:19:22::SCWPlatform::DSA absoulate path E:/kevin/myCode/microBlaze1/vitisJson/syncBlaze/hw/design_1_wrapper.xsa
TRACE::2025-03-28.17:19:22::SCWPlatform::DSA directory E:/kevin/myCode/microBlaze1/vitisJson/syncBlaze/hw
TRACE::2025-03-28.17:19:22::SCWPlatform:: Platform Path E:/kevin/myCode/microBlaze1/vitisJson/syncBlaze/hw/design_1_wrapper.xsa
TRACE::2025-03-28.17:19:22::SCWPlatform:: Unique name xilinx:::0.0
TRACE::2025-03-28.17:19:22::SCWPlatform::Trying to set the existing hwdb with name design_1_wrapper_22
TRACE::2025-03-28.17:19:22::SCWPlatform::Opened existing hwdb design_1_wrapper_22
TRACE::2025-03-28.17:19:22::SCWPlatform::Found the Hw Db part of the input DSA
TRACE::2025-03-28.17:19:22::SCWPlatform::Trying to open the hw design at E:/kevin/myCode/microBlaze1/vitisJson/syncBlaze/hw/design_1_wrapper.xsa
TRACE::2025-03-28.17:19:22::SCWPlatform::DSA given E:/kevin/myCode/microBlaze1/vitisJson/syncBlaze/hw/design_1_wrapper.xsa
TRACE::2025-03-28.17:19:22::SCWPlatform::DSA absoulate path E:/kevin/myCode/microBlaze1/vitisJson/syncBlaze/hw/design_1_wrapper.xsa
TRACE::2025-03-28.17:19:22::SCWPlatform::DSA directory E:/kevin/myCode/microBlaze1/vitisJson/syncBlaze/hw
TRACE::2025-03-28.17:19:22::SCWPlatform:: Platform Path E:/kevin/myCode/microBlaze1/vitisJson/syncBlaze/hw/design_1_wrapper.xsa
TRACE::2025-03-28.17:19:22::SCWPlatform:: Unique name xilinx:::0.0
TRACE::2025-03-28.17:19:22::SCWPlatform::Trying to set the existing hwdb with name design_1_wrapper_22
TRACE::2025-03-28.17:19:22::SCWPlatform::Opened existing hwdb design_1_wrapper_22
TRACE::2025-03-28.17:19:22::SCWPlatform::Found the Hw Db part of the input DSA
TRACE::2025-03-28.17:19:22::SCWPlatform::Trying to open the hw design at E:/kevin/myCode/microBlaze1/vitisJson/syncBlaze/hw/design_1_wrapper.xsa
TRACE::2025-03-28.17:19:22::SCWPlatform::DSA given E:/kevin/myCode/microBlaze1/vitisJson/syncBlaze/hw/design_1_wrapper.xsa
TRACE::2025-03-28.17:19:22::SCWPlatform::DSA absoulate path E:/kevin/myCode/microBlaze1/vitisJson/syncBlaze/hw/design_1_wrapper.xsa
TRACE::2025-03-28.17:19:22::SCWPlatform::DSA directory E:/kevin/myCode/microBlaze1/vitisJson/syncBlaze/hw
TRACE::2025-03-28.17:19:22::SCWPlatform:: Platform Path E:/kevin/myCode/microBlaze1/vitisJson/syncBlaze/hw/design_1_wrapper.xsa
TRACE::2025-03-28.17:19:22::SCWPlatform:: Unique name xilinx:::0.0
TRACE::2025-03-28.17:19:22::SCWPlatform::Trying to set the existing hwdb with name design_1_wrapper_22
TRACE::2025-03-28.17:19:22::SCWPlatform::Opened existing hwdb design_1_wrapper_22
TRACE::2025-03-28.17:19:22::SCWPlatform::Found the Hw Db part of the input DSA
TRACE::2025-03-28.17:19:22::SCWPlatform::Trying to open the hw design at E:/kevin/myCode/microBlaze1/vitisJson/syncBlaze/hw/design_1_wrapper.xsa
TRACE::2025-03-28.17:19:22::SCWPlatform::DSA given E:/kevin/myCode/microBlaze1/vitisJson/syncBlaze/hw/design_1_wrapper.xsa
TRACE::2025-03-28.17:19:22::SCWPlatform::DSA absoulate path E:/kevin/myCode/microBlaze1/vitisJson/syncBlaze/hw/design_1_wrapper.xsa
TRACE::2025-03-28.17:19:22::SCWPlatform::DSA directory E:/kevin/myCode/microBlaze1/vitisJson/syncBlaze/hw
TRACE::2025-03-28.17:19:22::SCWPlatform:: Platform Path E:/kevin/myCode/microBlaze1/vitisJson/syncBlaze/hw/design_1_wrapper.xsa
TRACE::2025-03-28.17:19:22::SCWPlatform:: Unique name xilinx:::0.0
TRACE::2025-03-28.17:19:22::SCWPlatform::Trying to set the existing hwdb with name design_1_wrapper_22
TRACE::2025-03-28.17:19:22::SCWPlatform::Opened existing hwdb design_1_wrapper_22
TRACE::2025-03-28.17:19:22::SCWPlatform::Found the Hw Db part of the input DSA
TRACE::2025-03-28.17:19:22::SCWMssOS::Checking the sw design at  E:/kevin/myCode/microBlaze1/vitisJson/syncBlaze/microblaze_0/standalone_domain/bsp/system.mss
TRACE::2025-03-28.17:19:22::SCWMssOS::DEBUG:  swdes dump  
TRACE::2025-03-28.17:19:22::SCWMssOS::No sw design opened at  E:/kevin/myCode/microBlaze1/vitisJson/syncBlaze/microblaze_0/standalone_domain/bsp/system.mss
TRACE::2025-03-28.17:19:22::SCWMssOS::mss exists loading the mss file  E:/kevin/myCode/microBlaze1/vitisJson/syncBlaze/microblaze_0/standalone_domain/bsp/system.mss
TRACE::2025-03-28.17:19:22::SCWMssOS::Opened the sw design from mss  E:/kevin/myCode/microBlaze1/vitisJson/syncBlaze/microblaze_0/standalone_domain/bsp/system.mss
TRACE::2025-03-28.17:19:22::SCWMssOS::Adding the swdes entry E:/kevin/myCode/microBlaze1/vitisJson/syncBlaze/microblaze_0/standalone_domain/bsp/system.mss with des name system
TRACE::2025-03-28.17:19:22::SCWMssOS::updating the scw layer about changes
TRACE::2025-03-28.17:19:22::SCWMssOS::Opened the sw design.  E:/kevin/myCode/microBlaze1/vitisJson/syncBlaze/microblaze_0/standalone_domain/bsp/system.mss
TRACE::2025-03-28.17:19:22::SCWMssOS::Saving the mss changes E:/kevin/myCode/microBlaze1/vitisJson/syncBlaze/microblaze_0/standalone_domain/bsp/system.mss
TRACE::2025-03-28.17:19:22::SCWMssOS::Found a swdesign opened with the mssfile.
TRACE::2025-03-28.17:19:22::SCWMssOS::Completed writemss as part of save.
TRACE::2025-03-28.17:19:22::SCWMssOS::Commit changes completed.
TRACE::2025-03-28.17:19:22::SCWReader::Adding prebuilt librarypaths as   
TRACE::2025-03-28.17:19:22::SCWReader::Adding prebuilt incpaths  as   
TRACE::2025-03-28.17:19:22::SCWPlatform::Trying to open the hw design at E:/kevin/myCode/microBlaze1/vitisJson/syncBlaze/hw/design_1_wrapper.xsa
TRACE::2025-03-28.17:19:22::SCWPlatform::DSA given E:/kevin/myCode/microBlaze1/vitisJson/syncBlaze/hw/design_1_wrapper.xsa
TRACE::2025-03-28.17:19:22::SCWPlatform::DSA absoulate path E:/kevin/myCode/microBlaze1/vitisJson/syncBlaze/hw/design_1_wrapper.xsa
TRACE::2025-03-28.17:19:22::SCWPlatform::DSA directory E:/kevin/myCode/microBlaze1/vitisJson/syncBlaze/hw
TRACE::2025-03-28.17:19:22::SCWPlatform:: Platform Path E:/kevin/myCode/microBlaze1/vitisJson/syncBlaze/hw/design_1_wrapper.xsa
TRACE::2025-03-28.17:19:22::SCWPlatform:: Unique name xilinx:::0.0
TRACE::2025-03-28.17:19:22::SCWPlatform::Trying to set the existing hwdb with name design_1_wrapper_22
TRACE::2025-03-28.17:19:22::SCWPlatform::Opened existing hwdb design_1_wrapper_22
TRACE::2025-03-28.17:19:22::SCWPlatform::Found the Hw Db part of the input DSA
TRACE::2025-03-28.17:19:22::SCWMssOS::Checking the sw design at  E:/kevin/myCode/microBlaze1/vitisJson/syncBlaze/microblaze_0/standalone_domain/bsp/system.mss
TRACE::2025-03-28.17:19:22::SCWMssOS::DEBUG:  swdes dump  E:/kevin/myCode/microBlaze1/vitisJson/syncBlaze/microblaze_0/standalone_domain/bsp/system.mss|system||

TRACE::2025-03-28.17:19:22::SCWMssOS::Sw design exists and opened at  E:/kevin/myCode/microBlaze1/vitisJson/syncBlaze/microblaze_0/standalone_domain/bsp/system.mss
TRACE::2025-03-28.17:19:22::SCWReader::No isolation master present  
TRACE::2025-03-28.17:19:25::SCWPlatform::DSA given E:/kevin/myCode/microBlaze1/vitisJson/syncBlaze/tempdsa/design_1_wrapper.xsa
TRACE::2025-03-28.17:19:25::SCWPlatform::DSA absoulate path E:/kevin/myCode/microBlaze1/vitisJson/syncBlaze/tempdsa/design_1_wrapper.xsa
TRACE::2025-03-28.17:19:25::SCWPlatform:: Platform location is E:/kevin/myCode/microBlaze1/vitisJson/syncBlaze/tempdsa
TRACE::2025-03-28.17:19:25::SCWPlatform:: Platform Path E:/kevin/myCode/microBlaze1/vitisJson/syncBlaze/tempdsa/design_1_wrapper.xsa
TRACE::2025-03-28.17:19:25::SCWPlatform:: Unique name xilinx:::0.0
TRACE::2025-03-28.17:19:25::SCWPlatform::Found the Hw Db part of the input DSA
TRACE::2025-03-28.17:19:25::SCWMssOS::Doing hw sync for the mss in domain: standalone_domain
TRACE::2025-03-28.17:19:25::SCWPlatform::Trying to open the hw design at E:/kevin/myCode/microBlaze1/vitisJson/syncBlaze/hw/design_1_wrapper.xsa
TRACE::2025-03-28.17:19:25::SCWPlatform::DSA given E:/kevin/myCode/microBlaze1/vitisJson/syncBlaze/hw/design_1_wrapper.xsa
TRACE::2025-03-28.17:19:25::SCWPlatform::DSA absoulate path E:/kevin/myCode/microBlaze1/vitisJson/syncBlaze/hw/design_1_wrapper.xsa
TRACE::2025-03-28.17:19:25::SCWPlatform::DSA directory E:/kevin/myCode/microBlaze1/vitisJson/syncBlaze/hw
TRACE::2025-03-28.17:19:25::SCWPlatform:: Platform Path E:/kevin/myCode/microBlaze1/vitisJson/syncBlaze/hw/design_1_wrapper.xsa
TRACE::2025-03-28.17:19:25::SCWPlatform:: Unique name xilinx:::0.0
TRACE::2025-03-28.17:19:25::SCWPlatform::Trying to set the existing hwdb with name design_1_wrapper_22
TRACE::2025-03-28.17:19:25::SCWPlatform::Opened existing hwdb design_1_wrapper_22
TRACE::2025-03-28.17:19:25::SCWPlatform::Found the Hw Db part of the input DSA
TRACE::2025-03-28.17:19:25::SCWPlatform::Trying to open the hw design at E:/kevin/myCode/microBlaze1/vitisJson/syncBlaze/hw/design_1_wrapper.xsa
TRACE::2025-03-28.17:19:25::SCWPlatform::DSA given E:/kevin/myCode/microBlaze1/vitisJson/syncBlaze/hw/design_1_wrapper.xsa
TRACE::2025-03-28.17:19:25::SCWPlatform::DSA absoulate path E:/kevin/myCode/microBlaze1/vitisJson/syncBlaze/hw/design_1_wrapper.xsa
TRACE::2025-03-28.17:19:25::SCWPlatform::DSA directory E:/kevin/myCode/microBlaze1/vitisJson/syncBlaze/hw
TRACE::2025-03-28.17:19:25::SCWPlatform:: Platform Path E:/kevin/myCode/microBlaze1/vitisJson/syncBlaze/hw/design_1_wrapper.xsa
TRACE::2025-03-28.17:19:25::SCWPlatform:: Unique name xilinx:::0.0
TRACE::2025-03-28.17:19:25::SCWPlatform::Trying to set the existing hwdb with name design_1_wrapper_22
TRACE::2025-03-28.17:19:25::SCWPlatform::Opened existing hwdb design_1_wrapper_22
TRACE::2025-03-28.17:19:25::SCWPlatform::Found the Hw Db part of the input DSA
TRACE::2025-03-28.17:19:25::SCWMssOS::Checking the sw design at  E:/kevin/myCode/microBlaze1/vitisJson/syncBlaze/microblaze_0/standalone_domain/bsp/system.mss
TRACE::2025-03-28.17:19:25::SCWMssOS::DEBUG:  swdes dump  E:/kevin/myCode/microBlaze1/vitisJson/syncBlaze/microblaze_0/standalone_domain/bsp/system.mss|system||

TRACE::2025-03-28.17:19:25::SCWMssOS::Sw design exists and opened at  E:/kevin/myCode/microBlaze1/vitisJson/syncBlaze/microblaze_0/standalone_domain/bsp/system.mss
TRACE::2025-03-28.17:19:25::SCWPlatform::Trying to open the hw design at E:/kevin/myCode/microBlaze1/vitisJson/syncBlaze/tempdsa/design_1_wrapper.xsa
TRACE::2025-03-28.17:19:25::SCWPlatform::DSA given E:/kevin/myCode/microBlaze1/vitisJson/syncBlaze/tempdsa/design_1_wrapper.xsa
TRACE::2025-03-28.17:19:25::SCWPlatform::DSA absoulate path E:/kevin/myCode/microBlaze1/vitisJson/syncBlaze/tempdsa/design_1_wrapper.xsa
TRACE::2025-03-28.17:19:25::SCWPlatform::DSA directory E:/kevin/myCode/microBlaze1/vitisJson/syncBlaze/tempdsa
TRACE::2025-03-28.17:19:25::SCWPlatform:: Platform Path E:/kevin/myCode/microBlaze1/vitisJson/syncBlaze/tempdsa/design_1_wrapper.xsa
TRACE::2025-03-28.17:19:25::SCWPlatform:: Unique name xilinx:::0.0
TRACE::2025-03-28.17:19:25::SCWPlatform::update - Opened existing hwdb design_1_wrapper_23
TRACE::2025-03-28.17:19:25::SCWPlatform::Found the Hw Db part of the input DSA
TRACE::2025-03-28.17:19:25::SCWMssOS::Saving the mss changes E:/kevin/myCode/microBlaze1/vitisJson/syncBlaze/microblaze_0/standalone_domain/bsp/system.mss
TRACE::2025-03-28.17:19:25::SCWMssOS::Found a swdesign opened with the mssfile.
TRACE::2025-03-28.17:19:25::SCWMssOS::Completed writemss as part of save.
TRACE::2025-03-28.17:19:25::SCWMssOS::Commit changes completed.
TRACE::2025-03-28.17:19:25::SCWMssOS::Completed hw sync for the mss in domain: standalone_domain
TRACE::2025-03-28.17:19:25::SCWMssOS::Removing the swdes entry for  E:/kevin/myCode/microBlaze1/vitisJson/syncBlaze/microblaze_0/standalone_domain/bsp/system.mss
TRACE::2025-03-28.17:19:25::SCWPlatform::Trying to open the hw design at E:/kevin/myCode/microBlaze1/vitisJson/syncBlaze/hw/design_1_wrapper.xsa
TRACE::2025-03-28.17:19:25::SCWPlatform::DSA given E:/kevin/myCode/microBlaze1/vitisJson/syncBlaze/hw/design_1_wrapper.xsa
TRACE::2025-03-28.17:19:25::SCWPlatform::DSA absoulate path E:/kevin/myCode/microBlaze1/vitisJson/syncBlaze/hw/design_1_wrapper.xsa
TRACE::2025-03-28.17:19:25::SCWPlatform::DSA directory E:/kevin/myCode/microBlaze1/vitisJson/syncBlaze/hw
TRACE::2025-03-28.17:19:25::SCWPlatform:: Platform Path E:/kevin/myCode/microBlaze1/vitisJson/syncBlaze/hw/design_1_wrapper.xsa
TRACE::2025-03-28.17:19:25::SCWPlatform:: Unique name xilinx:::0.0
TRACE::2025-03-28.17:19:25::SCWPlatform::Do not have an existing db opened. 
TRACE::2025-03-28.17:19:25::SCWPlatform::Opened new HwDB with name design_1_wrapper_24
TRACE::2025-03-28.17:19:25::SCWMssOS::Saving the mss changes E:/kevin/myCode/microBlaze1/vitisJson/syncBlaze/microblaze_0/standalone_domain/bsp/system.mss
TRACE::2025-03-28.17:19:25::SCWMssOS::Adding the swdes entry, mss present, able to open swdb E:/kevin/myCode/microBlaze1/vitisJson/syncBlaze/microblaze_0/standalone_domain/bsp/system.mss with des name system
TRACE::2025-03-28.17:19:25::SCWMssOS::Writing the mss file completed E:/kevin/myCode/microBlaze1/vitisJson/syncBlaze/microblaze_0/standalone_domain/bsp/system.mss
TRACE::2025-03-28.17:19:25::SCWMssOS::Commit changes completed.
TRACE::2025-03-28.17:19:25::SCWPlatform::Trying to open the hw design at E:/kevin/myCode/microBlaze1/vitisJson/syncBlaze/hw/design_1_wrapper.xsa
TRACE::2025-03-28.17:19:25::SCWPlatform::DSA given E:/kevin/myCode/microBlaze1/vitisJson/syncBlaze/hw/design_1_wrapper.xsa
TRACE::2025-03-28.17:19:25::SCWPlatform::DSA absoulate path E:/kevin/myCode/microBlaze1/vitisJson/syncBlaze/hw/design_1_wrapper.xsa
TRACE::2025-03-28.17:19:25::SCWPlatform::DSA directory E:/kevin/myCode/microBlaze1/vitisJson/syncBlaze/hw
TRACE::2025-03-28.17:19:25::SCWPlatform:: Platform Path E:/kevin/myCode/microBlaze1/vitisJson/syncBlaze/hw/design_1_wrapper.xsa
TRACE::2025-03-28.17:19:25::SCWPlatform:: Unique name xilinx:::0.0
TRACE::2025-03-28.17:19:25::SCWPlatform::Trying to set the existing hwdb with name design_1_wrapper_24
TRACE::2025-03-28.17:19:25::SCWPlatform::Opened existing hwdb design_1_wrapper_24
TRACE::2025-03-28.17:19:25::SCWPlatform::Found the Hw Db part of the input DSA
TRACE::2025-03-28.17:19:25::SCWMssOS::Checking the sw design at  E:/kevin/myCode/microBlaze1/vitisJson/syncBlaze/microblaze_0/standalone_domain/bsp/system.mss
TRACE::2025-03-28.17:19:25::SCWMssOS::DEBUG:  swdes dump  E:/kevin/myCode/microBlaze1/vitisJson/syncBlaze/microblaze_0/standalone_domain/bsp/system.mss|system||

TRACE::2025-03-28.17:19:25::SCWMssOS::Sw design exists and opened at  E:/kevin/myCode/microBlaze1/vitisJson/syncBlaze/microblaze_0/standalone_domain/bsp/system.mss
TRACE::2025-03-28.17:19:25::SCWWriter::formatted JSON is {
	"platformName":	"syncBlaze",
	"sprVersion":	"2.0",
	"mode":	"gui",
	"dsaType":	"Fixed",
	"platformDesc":	"syncBlaze",
	"platHandOff":	"E:/kevin/myCode/microBlaze1/design_1_wrapper.xsa",
	"platIntHandOff":	"<platformDir>/hw/design_1_wrapper.xsa",
	"deviceType":	"FPGA",
	"platIsPrebuiltAutogen":	"false",
	"platIsNoBootBsp":	"false",
	"hasFsblMakeHasChanges":	"false",
	"hasPmufwMakeHasChanges":	"false",
	"platPreBuiltFlag":	false,
	"platformSamplesDir":	"",
	"platActiveSys":	"syncBlaze",
	"systems":	[{
			"systemName":	"syncBlaze",
			"systemDesc":	"syncBlaze",
			"sysIsBootAutoGen":	"true",
			"systemDispName":	"syncBlaze",
			"sysActiveDom":	"standalone_domain",
			"sysDefaultDom":	"standalone_domain",
			"domains":	[{
					"domainName":	"standalone_domain",
					"domainDispName":	"standalone on microblaze_0",
					"domainDesc":	"standalone_domain",
					"processors":	"microblaze_0",
					"os":	"standalone",
					"sdxOs":	"standalone",
					"debugEnable":	"False",
					"domRuntimes":	["cpp"],
					"swRepo":	"",
					"mssOsVer":	"8.0",
					"mssFile":	"",
					"md5Digest":	"e2cdda41e7956801f4f51a65042beca01",
					"compatibleApp":	"",
					"domType":	"mssDomain",
					"arch":	"32-bit",
					"appSettings":	{
						"appCompilerFlags":	"",
						"appLinkerFlags":	""
					},
					"addedLibs":	[],
					"libOptions":	{
						"libsContainingOptions":	[]
					},
					"prebuiltLibs":	{
						"prebuiltIncPath":	[],
						"prebuiltLibPath":	[]
					},
					"isolation":	{
					}
				}]
		}]
}
LOG::2025-03-28.17:19:37::SCWPlatform::Started generating the artifacts platform syncBlaze
TRACE::2025-03-28.17:19:37::SCWPlatform::Sanity checking of platform is completed
LOG::2025-03-28.17:19:37::SCWPlatform::Started generating the artifacts for system configuration syncBlaze
LOG::2025-03-28.17:19:37::SCWSystem::Checking the domain standalone_domain
LOG::2025-03-28.17:19:37::SCWSystem::Not a boot domain 
LOG::2025-03-28.17:19:37::SCWSystem::Started Processing the domain standalone_domain
TRACE::2025-03-28.17:19:37::SCWDomain::Generating domain artifcats
TRACE::2025-03-28.17:19:37::SCWMssOS::Generating standalone artifcats
TRACE::2025-03-28.17:19:37::SCWMssOS:: Copying the user libraries. 
TRACE::2025-03-28.17:19:37::SCWPlatform::Trying to open the hw design at E:/kevin/myCode/microBlaze1/vitisJson/syncBlaze/hw/design_1_wrapper.xsa
TRACE::2025-03-28.17:19:37::SCWPlatform::DSA given E:/kevin/myCode/microBlaze1/vitisJson/syncBlaze/hw/design_1_wrapper.xsa
TRACE::2025-03-28.17:19:37::SCWPlatform::DSA absoulate path E:/kevin/myCode/microBlaze1/vitisJson/syncBlaze/hw/design_1_wrapper.xsa
TRACE::2025-03-28.17:19:37::SCWPlatform::DSA directory E:/kevin/myCode/microBlaze1/vitisJson/syncBlaze/hw
TRACE::2025-03-28.17:19:37::SCWPlatform:: Platform Path E:/kevin/myCode/microBlaze1/vitisJson/syncBlaze/hw/design_1_wrapper.xsa
TRACE::2025-03-28.17:19:37::SCWPlatform:: Unique name xilinx:::0.0
TRACE::2025-03-28.17:19:37::SCWPlatform::Trying to set the existing hwdb with name design_1_wrapper_24
TRACE::2025-03-28.17:19:37::SCWPlatform::Opened existing hwdb design_1_wrapper_24
TRACE::2025-03-28.17:19:37::SCWPlatform::Found the Hw Db part of the input DSA
TRACE::2025-03-28.17:19:37::SCWMssOS::Checking the sw design at  E:/kevin/myCode/microBlaze1/vitisJson/syncBlaze/microblaze_0/standalone_domain/bsp/system.mss
TRACE::2025-03-28.17:19:37::SCWMssOS::DEBUG:  swdes dump  E:/kevin/myCode/microBlaze1/vitisJson/syncBlaze/microblaze_0/standalone_domain/bsp/system.mss|system||

TRACE::2025-03-28.17:19:37::SCWMssOS::Sw design exists and opened at  E:/kevin/myCode/microBlaze1/vitisJson/syncBlaze/microblaze_0/standalone_domain/bsp/system.mss
TRACE::2025-03-28.17:19:37::SCWMssOS::Completed writing the mss file at E:/kevin/myCode/microBlaze1/vitisJson/syncBlaze/microblaze_0/standalone_domain/bsp
TRACE::2025-03-28.17:19:37::SCWMssOS::Mss edits present, copying mssfile into export location E:/kevin/myCode/microBlaze1/vitisJson/syncBlaze/microblaze_0/standalone_domain/bsp/system.mss
TRACE::2025-03-28.17:19:37::SCWMssOS::bsp generated is stale removing and regenerating. 
TRACE::2025-03-28.17:19:41::SCWMssOS::doing bsp build ... 
TRACE::2025-03-28.17:19:41::SCWMssOS::System Command Ran  E: & cd  E:/kevin/myCode/microBlaze1/vitisJson/syncBlaze/microblaze_0/standalone_domain/bsp & make 
TRACE::2025-03-28.17:19:41::SCWMssOS::make --no-print-directory seq_libs

TRACE::2025-03-28.17:19:41::SCWMssOS::'Finished building libraries sequentially.'

TRACE::2025-03-28.17:19:41::SCWMssOS::make -j 14 --no-print-directory par_libs

TRACE::2025-03-28.17:19:41::SCWMssOS::"Running Make include in microblaze_0/libsrc/bram_v4_8/src"

TRACE::2025-03-28.17:19:41::SCWMssOS::make -C microblaze_0/libsrc/bram_v4_8/src -s include  "SHELL=CMD" "COMPILER=mb-gcc" "ASSEMBLER=mb-as" "ARCHIVER=mb-ar" "COMPILE
TRACE::2025-03-28.17:19:41::SCWMssOS::R_FLAGS=  -O2 -c -mcpu=v11.0 -mlittle-endian -mxl-soft-mul" "EXTRA_COMPILER_FLAGS=-g -ffunction-sections -fdata-sections -Wall 
TRACE::2025-03-28.17:19:41::SCWMssOS::-Wextra -fno-tree-loop-distribute-patterns"

TRACE::2025-03-28.17:19:41::SCWMssOS::"Running Make include in microblaze_0/libsrc/cpu_v2_16/src"

TRACE::2025-03-28.17:19:41::SCWMssOS::make -C microblaze_0/libsrc/cpu_v2_16/src -s include  "SHELL=CMD" "COMPILER=mb-gcc" "ASSEMBLER=mb-as" "ARCHIVER=mb-ar" "COMPILE
TRACE::2025-03-28.17:19:41::SCWMssOS::R_FLAGS=  -O2 -c -mcpu=v11.0 -mlittle-endian -mxl-soft-mul" "EXTRA_COMPILER_FLAGS=-g -ffunction-sections -fdata-sections -Wall 
TRACE::2025-03-28.17:19:41::SCWMssOS::-Wextra -fno-tree-loop-distribute-patterns"

TRACE::2025-03-28.17:19:41::SCWMssOS::"Running Make include in microblaze_0/libsrc/gpio_v4_9/src"

TRACE::2025-03-28.17:19:41::SCWMssOS::make -C microblaze_0/libsrc/gpio_v4_9/src -s include  "SHELL=CMD" "COMPILER=mb-gcc" "ASSEMBLER=mb-as" "ARCHIVER=mb-ar" "COMPILE
TRACE::2025-03-28.17:19:41::SCWMssOS::R_FLAGS=  -O2 -c -mcpu=v11.0 -mlittle-endian -mxl-soft-mul" "EXTRA_COMPILER_FLAGS=-g -ffunction-sections -fdata-sections -Wall 
TRACE::2025-03-28.17:19:41::SCWMssOS::-Wextra -fno-tree-loop-distribute-patterns"

TRACE::2025-03-28.17:19:41::SCWMssOS::"Running Make include in microblaze_0/libsrc/intc_v3_15/src"

TRACE::2025-03-28.17:19:41::SCWMssOS::make -C microblaze_0/libsrc/intc_v3_15/src -s include  "SHELL=CMD" "COMPILER=mb-gcc" "ASSEMBLER=mb-as" "ARCHIVER=mb-ar" "COMPIL
TRACE::2025-03-28.17:19:41::SCWMssOS::ER_FLAGS=  -O2 -c -mcpu=v11.0 -mlittle-endian -mxl-soft-mul" "EXTRA_COMPILER_FLAGS=-g -ffunction-sections -fdata-sections -Wall
TRACE::2025-03-28.17:19:41::SCWMssOS:: -Wextra -fno-tree-loop-distribute-patterns"

TRACE::2025-03-28.17:19:41::SCWMssOS::"Running Make include in microblaze_0/libsrc/standalone_v8_0/src"

TRACE::2025-03-28.17:19:41::SCWMssOS::make -C microblaze_0/libsrc/standalone_v8_0/src -s include  "SHELL=CMD" "COMPILER=mb-gcc" "ASSEMBLER=mb-as" "ARCHIVER=mb-ar" "C
TRACE::2025-03-28.17:19:41::SCWMssOS::OMPILER_FLAGS=  -O2 -c -mcpu=v11.0 -mlittle-endian -mxl-soft-mul" "EXTRA_COMPILER_FLAGS=-g -ffunction-sections -fdata-sections 
TRACE::2025-03-28.17:19:41::SCWMssOS::-Wall -Wextra -fno-tree-loop-distribute-patterns"

TRACE::2025-03-28.17:19:41::SCWMssOS::"Running Make include in microblaze_0/libsrc/tmrctr_v4_9/src"

TRACE::2025-03-28.17:19:41::SCWMssOS::make -C microblaze_0/libsrc/tmrctr_v4_9/src -s include  "SHELL=CMD" "COMPILER=mb-gcc" "ASSEMBLER=mb-as" "ARCHIVER=mb-ar" "COMPI
TRACE::2025-03-28.17:19:41::SCWMssOS::LER_FLAGS=  -O2 -c -mcpu=v11.0 -mlittle-endian -mxl-soft-mul" "EXTRA_COMPILER_FLAGS=-g -ffunction-sections -fdata-sections -Wal
TRACE::2025-03-28.17:19:41::SCWMssOS::l -Wextra -fno-tree-loop-distribute-patterns"

TRACE::2025-03-28.17:19:41::SCWMssOS::"Running Make include in microblaze_0/libsrc/uartlite_v3_7/src"

TRACE::2025-03-28.17:19:41::SCWMssOS::make -C microblaze_0/libsrc/uartlite_v3_7/src -s include  "SHELL=CMD" "COMPILER=mb-gcc" "ASSEMBLER=mb-as" "ARCHIVER=mb-ar" "COM
TRACE::2025-03-28.17:19:41::SCWMssOS::PILER_FLAGS=  -O2 -c -mcpu=v11.0 -mlittle-endian -mxl-soft-mul" "EXTRA_COMPILER_FLAGS=-g -ffunction-sections -fdata-sections -W
TRACE::2025-03-28.17:19:41::SCWMssOS::all -Wextra -fno-tree-loop-distribute-patterns"

TRACE::2025-03-28.17:19:42::SCWMssOS::"Running Make libs in microblaze_0/libsrc/bram_v4_8/src"

TRACE::2025-03-28.17:19:42::SCWMssOS::make -C microblaze_0/libsrc/bram_v4_8/src -s libs  "SHELL=CMD" "COMPILER=mb-gcc" "ASSEMBLER=mb-as" "ARCHIVER=mb-ar" "COMPILER_F
TRACE::2025-03-28.17:19:42::SCWMssOS::LAGS=  -O2 -c -mcpu=v11.0 -mlittle-endian -mxl-soft-mul" "EXTRA_COMPILER_FLAGS=-g -ffunction-sections -fdata-sections -Wall -We
TRACE::2025-03-28.17:19:42::SCWMssOS::xtra -fno-tree-loop-distribute-patterns"

TRACE::2025-03-28.17:19:42::SCWMssOS::"Running Make libs in microblaze_0/libsrc/cpu_v2_16/src"

TRACE::2025-03-28.17:19:42::SCWMssOS::make -C microblaze_0/libsrc/cpu_v2_16/src -s libs  "SHELL=CMD" "COMPILER=mb-gcc" "ASSEMBLER=mb-as" "ARCHIVER=mb-ar" "COMPILER_F
TRACE::2025-03-28.17:19:42::SCWMssOS::LAGS=  -O2 -c -mcpu=v11.0 -mlittle-endian -mxl-soft-mul" "EXTRA_COMPILER_FLAGS=-g -ffunction-sections -fdata-sections -Wall -We
TRACE::2025-03-28.17:19:42::SCWMssOS::xtra -fno-tree-loop-distribute-patterns"

TRACE::2025-03-28.17:19:42::SCWMssOS::"Running Make libs in microblaze_0/libsrc/gpio_v4_9/src"

TRACE::2025-03-28.17:19:42::SCWMssOS::make -C microblaze_0/libsrc/gpio_v4_9/src -s libs  "SHELL=CMD" "COMPILER=mb-gcc" "ASSEMBLER=mb-as" "ARCHIVER=mb-ar" "COMPILER_F
TRACE::2025-03-28.17:19:42::SCWMssOS::LAGS=  -O2 -c -mcpu=v11.0 -mlittle-endian -mxl-soft-mul" "EXTRA_COMPILER_FLAGS=-g -ffunction-sections -fdata-sections -Wall -We
TRACE::2025-03-28.17:19:42::SCWMssOS::xtra -fno-tree-loop-distribute-patterns"

TRACE::2025-03-28.17:19:42::SCWMssOS::"Running Make libs in microblaze_0/libsrc/intc_v3_15/src"

TRACE::2025-03-28.17:19:42::SCWMssOS::make -C microblaze_0/libsrc/intc_v3_15/src -s libs  "SHELL=CMD" "COMPILER=mb-gcc" "ASSEMBLER=mb-as" "ARCHIVER=mb-ar" "COMPILER_
TRACE::2025-03-28.17:19:42::SCWMssOS::FLAGS=  -O2 -c -mcpu=v11.0 -mlittle-endian -mxl-soft-mul" "EXTRA_COMPILER_FLAGS=-g -ffunction-sections -fdata-sections -Wall -W
TRACE::2025-03-28.17:19:42::SCWMssOS::extra -fno-tree-loop-distribute-patterns"

TRACE::2025-03-28.17:19:42::SCWMssOS::"Running Make libs in microblaze_0/libsrc/standalone_v8_0/src"

TRACE::2025-03-28.17:19:42::SCWMssOS::make -C microblaze_0/libsrc/standalone_v8_0/src -s libs  "SHELL=CMD" "COMPILER=mb-gcc" "ASSEMBLER=mb-as" "ARCHIVER=mb-ar" "COMP
TRACE::2025-03-28.17:19:42::SCWMssOS::ILER_FLAGS=  -O2 -c -mcpu=v11.0 -mlittle-endian -mxl-soft-mul" "EXTRA_COMPILER_FLAGS=-g -ffunction-sections -fdata-sections -Wa
TRACE::2025-03-28.17:19:42::SCWMssOS::ll -Wextra -fno-tree-loop-distribute-patterns"

TRACE::2025-03-28.17:19:42::SCWMssOS::"Running Make libs in microblaze_0/libsrc/tmrctr_v4_9/src"

TRACE::2025-03-28.17:19:42::SCWMssOS::make -C microblaze_0/libsrc/tmrctr_v4_9/src -s libs  "SHELL=CMD" "COMPILER=mb-gcc" "ASSEMBLER=mb-as" "ARCHIVER=mb-ar" "COMPILER
TRACE::2025-03-28.17:19:42::SCWMssOS::_FLAGS=  -O2 -c -mcpu=v11.0 -mlittle-endian -mxl-soft-mul" "EXTRA_COMPILER_FLAGS=-g -ffunction-sections -fdata-sections -Wall -
TRACE::2025-03-28.17:19:42::SCWMssOS::Wextra -fno-tree-loop-distribute-patterns"

TRACE::2025-03-28.17:19:42::SCWMssOS::"Running Make libs in microblaze_0/libsrc/uartlite_v3_7/src"

TRACE::2025-03-28.17:19:42::SCWMssOS::make -C microblaze_0/libsrc/uartlite_v3_7/src -s libs  "SHELL=CMD" "COMPILER=mb-gcc" "ASSEMBLER=mb-as" "ARCHIVER=mb-ar" "COMPIL
TRACE::2025-03-28.17:19:42::SCWMssOS::ER_FLAGS=  -O2 -c -mcpu=v11.0 -mlittle-endian -mxl-soft-mul" "EXTRA_COMPILER_FLAGS=-g -ffunction-sections -fdata-sections -Wall
TRACE::2025-03-28.17:19:42::SCWMssOS:: -Wextra -fno-tree-loop-distribute-patterns"

TRACE::2025-03-28.17:19:43::SCWMssOS::"DEBUG NON_LTO_OBJECTS is ../../../lib/microblaze_interrupt_handler.o"

TRACE::2025-03-28.17:19:43::SCWMssOS::'Finished building libraries parallelly.'

TRACE::2025-03-28.17:19:43::SCWMssOS::make --no-print-directory archive

TRACE::2025-03-28.17:19:43::SCWMssOS::mb-ar -r  microblaze_0/lib/libxil.a microblaze_0/lib/_exit.o microblaze_0/lib/errno.o microblaze_0/lib/fcntl.o microblaze_0/lib
TRACE::2025-03-28.17:19:43::SCWMssOS::/hw_exception_handler.o microblaze_0/lib/inbyte.o microblaze_0/lib/microblaze_disable_dcache.o microblaze_0/lib/microblaze_disa
TRACE::2025-03-28.17:19:43::SCWMssOS::ble_exceptions.o microblaze_0/lib/microblaze_disable_icache.o microblaze_0/lib/microblaze_disable_interrupts.o microblaze_0/lib
TRACE::2025-03-28.17:19:43::SCWMssOS::/microblaze_enable_dcache.o microblaze_0/lib/microblaze_enable_exceptions.o microblaze_0/lib/microblaze_enable_icache.o microbl
TRACE::2025-03-28.17:19:43::SCWMssOS::aze_0/lib/microblaze_enable_interrupts.o microblaze_0/lib/microblaze_exception_handler.o microblaze_0/lib/microblaze_flush_cach
TRACE::2025-03-28.17:19:43::SCWMssOS::e_ext.o microblaze_0/lib/microblaze_flush_cache_ext_range.o microblaze_0/lib/microblaze_flush_dcache.o microblaze_0/lib/microbl
TRACE::2025-03-28.17:19:43::SCWMssOS::aze_flush_dcache_range.o microblaze_0/lib/microblaze_init_dcache_range.o microblaze_0/lib/microblaze_init_icache_range.o microb
TRACE::2025-03-28.17:19:43::SCWMssOS::laze_0/lib/microblaze_interrupt_handler.o microblaze_0/lib/microblaze_interrupts_g.o microblaze_0/lib/microblaze_invalidate_cac
TRACE::2025-03-28.17:19:43::SCWMssOS::he_ext.o microblaze_0/lib/microblaze_invalidate_cache_ext_range.o microblaze_0/lib/microblaze_invalidate_dcache.o microblaze_0/
TRACE::2025-03-28.17:19:43::SCWMssOS::lib/microblaze_invalidate_dcache_range.o microblaze_0/lib/microblaze_invalidate_icache.o microblaze_0/lib/microblaze_invalidate
TRACE::2025-03-28.17:19:43::SCWMssOS::_icache_range.o microblaze_0/lib/microblaze_scrub.o microblaze_0/lib/microblaze_selftest.o microblaze_0/lib/microblaze_sleep.o 
TRACE::2025-03-28.17:19:43::SCWMssOS::microblaze_0/lib/microblaze_update_dcache.o microblaze_0/lib/microblaze_update_icache.o microblaze_0/lib/outbyte.o microblaze_0
TRACE::2025-03-28.17:19:43::SCWMssOS::/lib/print.o microblaze_0/lib/pvr.o microblaze_0/lib/xbram.o microblaze_0/lib/xbram_g.o microblaze_0/lib/xbram_intr.o microblaz
TRACE::2025-03-28.17:19:43::SCWMssOS::e_0/lib/xbram_selftest.o microblaze_0/lib/xbram_sinit.o microblaze_0/lib/xgpio.o microblaze_0/lib/xgpio_extra.o microblaze_0/li
TRACE::2025-03-28.17:19:43::SCWMssOS::b/xgpio_g.o microblaze_0/lib/xgpio_intr.o microblaze_0/lib/xgpio_selftest.o microblaze_0/lib/xgpio_sinit.o microblaze_0/lib/xil
TRACE::2025-03-28.17:19:43::SCWMssOS::_assert.o microblaze_0/lib/xil_cache.o microblaze_0/lib/xil_clocking.o microblaze_0/lib/xil_exception.o microblaze_0/lib/xil_me
TRACE::2025-03-28.17:19:43::SCWMssOS::m.o microblaze_0/lib/xil_misc_psreset_api.o microblaze_0/lib/xil_printf.o microblaze_0/lib/xil_sleepcommon.o microblaze_0/lib/x
TRACE::2025-03-28.17:19:43::SCWMssOS::il_testcache.o microblaze_0/lib/xil_testio.o microblaze_0/lib/xil_testmem.o microblaze_0/lib/xil_util.o microblaze_0/lib/xintc.
TRACE::2025-03-28.17:19:43::SCWMssOS::o microblaze_0/lib/xintc_g.o microblaze_0/lib/xintc_intr.o microblaze_0/lib/xintc_l.o microblaze_0/lib/xintc_options.o microbla
TRACE::2025-03-28.17:19:43::SCWMssOS::ze_0/lib/xintc_selftest.o microblaze_0/lib/xinterrupt_wrap.o microblaze_0/lib/xio.o microblaze_0/lib/xplatform_info.o microblaz
TRACE::2025-03-28.17:19:43::SCWMssOS::e_0/lib/xtmrctr.o microblaze_0/lib/xtmrctr_g.o microblaze_0/lib/xtmrctr_intr.o microblaze_0/lib/xtmrctr_l.o microblaze_0/lib/xt
TRACE::2025-03-28.17:19:43::SCWMssOS::mrctr_options.o microblaze_0/lib/xtmrctr_selftest.o microblaze_0/lib/xtmrctr_sinit.o microblaze_0/lib/xtmrctr_stats.o microblaz
TRACE::2025-03-28.17:19:43::SCWMssOS::e_0/lib/xuartlite.o microblaze_0/lib/xuartlite_g.o microblaze_0/lib/xuartlite_intr.o microblaze_0/lib/xuartlite_l.o microblaze_
TRACE::2025-03-28.17:19:43::SCWMssOS::0/lib/xuartlite_selftest.o microblaze_0/lib/xuartlite_sinit.o microblaze_0/lib/xuartlite_stats.o

TRACE::2025-03-28.17:19:43::SCWMssOS::'Finished building libraries'

TRACE::2025-03-28.17:19:43::SCWMssOS:: Checking if to create the Supporting Applications
TRACE::2025-03-28.17:19:43::SCWMssOS:: No Linux domain exists, trying to generate FSBL 
LOG::2025-03-28.17:19:43::SCWSystem::Completed Processing the domain standalone_domain
LOG::2025-03-28.17:19:43::SCWSystem::Completed Processing the sysconfig syncBlaze
LOG::2025-03-28.17:19:43::SCWPlatform::Completed generating the artifacts for system configuration syncBlaze
TRACE::2025-03-28.17:19:43::SCWPlatform::Started preparing the platform 
TRACE::2025-03-28.17:19:43::SCWSystem::Writing the bif file for system config syncBlaze
TRACE::2025-03-28.17:19:43::SCWSystem::dir created 
TRACE::2025-03-28.17:19:43::SCWSystem::Writing the bif 
TRACE::2025-03-28.17:19:43::SCWPlatform::Started writing the spfm file 
TRACE::2025-03-28.17:19:43::SCWPlatform::Started writing the xpfm file 
TRACE::2025-03-28.17:19:43::SCWPlatform::Completed generating the platform
TRACE::2025-03-28.17:19:43::SCWMssOS::Saving the mss changes E:/kevin/myCode/microBlaze1/vitisJson/syncBlaze/microblaze_0/standalone_domain/bsp/system.mss
TRACE::2025-03-28.17:19:43::SCWMssOS::Adding the swdes entry, mss present, able to open swdb E:/kevin/myCode/microBlaze1/vitisJson/syncBlaze/microblaze_0/standalone_domain/bsp/system.mss with des name system
TRACE::2025-03-28.17:19:43::SCWMssOS::Writing the mss file completed E:/kevin/myCode/microBlaze1/vitisJson/syncBlaze/microblaze_0/standalone_domain/bsp/system.mss
TRACE::2025-03-28.17:19:43::SCWMssOS::Commit changes completed.
TRACE::2025-03-28.17:19:43::SCWPlatform::Trying to open the hw design at E:/kevin/myCode/microBlaze1/vitisJson/syncBlaze/hw/design_1_wrapper.xsa
TRACE::2025-03-28.17:19:43::SCWPlatform::DSA given E:/kevin/myCode/microBlaze1/vitisJson/syncBlaze/hw/design_1_wrapper.xsa
TRACE::2025-03-28.17:19:43::SCWPlatform::DSA absoulate path E:/kevin/myCode/microBlaze1/vitisJson/syncBlaze/hw/design_1_wrapper.xsa
TRACE::2025-03-28.17:19:43::SCWPlatform::DSA directory E:/kevin/myCode/microBlaze1/vitisJson/syncBlaze/hw
TRACE::2025-03-28.17:19:43::SCWPlatform:: Platform Path E:/kevin/myCode/microBlaze1/vitisJson/syncBlaze/hw/design_1_wrapper.xsa
TRACE::2025-03-28.17:19:43::SCWPlatform:: Unique name xilinx:::0.0
TRACE::2025-03-28.17:19:43::SCWPlatform::Trying to set the existing hwdb with name design_1_wrapper_24
TRACE::2025-03-28.17:19:43::SCWPlatform::Opened existing hwdb design_1_wrapper_24
TRACE::2025-03-28.17:19:43::SCWPlatform::Found the Hw Db part of the input DSA
TRACE::2025-03-28.17:19:43::SCWMssOS::Checking the sw design at  E:/kevin/myCode/microBlaze1/vitisJson/syncBlaze/microblaze_0/standalone_domain/bsp/system.mss
TRACE::2025-03-28.17:19:43::SCWMssOS::DEBUG:  swdes dump  E:/kevin/myCode/microBlaze1/vitisJson/syncBlaze/microblaze_0/standalone_domain/bsp/system.mss|system||

TRACE::2025-03-28.17:19:43::SCWMssOS::Sw design exists and opened at  E:/kevin/myCode/microBlaze1/vitisJson/syncBlaze/microblaze_0/standalone_domain/bsp/system.mss
TRACE::2025-03-28.17:19:43::SCWWriter::formatted JSON is {
	"platformName":	"syncBlaze",
	"sprVersion":	"2.0",
	"mode":	"gui",
	"dsaType":	"Fixed",
	"platformDesc":	"syncBlaze",
	"platHandOff":	"E:/kevin/myCode/microBlaze1/design_1_wrapper.xsa",
	"platIntHandOff":	"<platformDir>/hw/design_1_wrapper.xsa",
	"deviceType":	"FPGA",
	"platIsPrebuiltAutogen":	"false",
	"platIsNoBootBsp":	"false",
	"hasFsblMakeHasChanges":	"false",
	"hasPmufwMakeHasChanges":	"false",
	"platPreBuiltFlag":	false,
	"platformSamplesDir":	"",
	"platActiveSys":	"syncBlaze",
	"systems":	[{
			"systemName":	"syncBlaze",
			"systemDesc":	"syncBlaze",
			"sysIsBootAutoGen":	"true",
			"systemDispName":	"syncBlaze",
			"sysActiveDom":	"standalone_domain",
			"sysDefaultDom":	"standalone_domain",
			"domains":	[{
					"domainName":	"standalone_domain",
					"domainDispName":	"standalone on microblaze_0",
					"domainDesc":	"standalone_domain",
					"processors":	"microblaze_0",
					"os":	"standalone",
					"sdxOs":	"standalone",
					"debugEnable":	"False",
					"domRuntimes":	["cpp"],
					"swRepo":	"",
					"mssOsVer":	"8.0",
					"mssFile":	"",
					"md5Digest":	"e2cdda41e7956801f4f51a65042beca0",
					"compatibleApp":	"",
					"domType":	"mssDomain",
					"arch":	"32-bit",
					"appSettings":	{
						"appCompilerFlags":	"",
						"appLinkerFlags":	""
					},
					"addedLibs":	[],
					"libOptions":	{
						"libsContainingOptions":	[]
					},
					"prebuiltLibs":	{
						"prebuiltIncPath":	[],
						"prebuiltLibPath":	[]
					},
					"isolation":	{
					}
				}]
		}]
}
KEYINFO::2025-03-28.17:19:43::SCWPlatform::updated the xpfm file.
TRACE::2025-03-28.17:19:44::SCWPlatform::Trying to open the hw design at E:/kevin/myCode/microBlaze1/vitisJson/syncBlaze/hw/design_1_wrapper.xsa
TRACE::2025-03-28.17:19:44::SCWPlatform::DSA given E:/kevin/myCode/microBlaze1/vitisJson/syncBlaze/hw/design_1_wrapper.xsa
TRACE::2025-03-28.17:19:44::SCWPlatform::DSA absoulate path E:/kevin/myCode/microBlaze1/vitisJson/syncBlaze/hw/design_1_wrapper.xsa
TRACE::2025-03-28.17:19:44::SCWPlatform::DSA directory E:/kevin/myCode/microBlaze1/vitisJson/syncBlaze/hw
TRACE::2025-03-28.17:19:44::SCWPlatform:: Platform Path E:/kevin/myCode/microBlaze1/vitisJson/syncBlaze/hw/design_1_wrapper.xsa
TRACE::2025-03-28.17:19:44::SCWPlatform:: Unique name xilinx:::0.0
TRACE::2025-03-28.17:19:44::SCWPlatform::Trying to set the existing hwdb with name design_1_wrapper_24
TRACE::2025-03-28.17:19:44::SCWPlatform::Opened existing hwdb design_1_wrapper_24
TRACE::2025-03-28.17:19:44::SCWPlatform::Found the Hw Db part of the input DSA
TRACE::2025-03-28.17:19:44::SCWMssOS::Checking the sw design at  E:/kevin/myCode/microBlaze1/vitisJson/syncBlaze/microblaze_0/standalone_domain/bsp/system.mss
TRACE::2025-03-28.17:19:44::SCWMssOS::DEBUG:  swdes dump  E:/kevin/myCode/microBlaze1/vitisJson/syncBlaze/microblaze_0/standalone_domain/bsp/system.mss|system||

TRACE::2025-03-28.17:19:44::SCWMssOS::Sw design exists and opened at  E:/kevin/myCode/microBlaze1/vitisJson/syncBlaze/microblaze_0/standalone_domain/bsp/system.mss
TRACE::2025-03-28.17:52:58::SCWPlatform::Clearing the existing platform
TRACE::2025-03-28.17:52:58::SCWSystem::Clearing the existing sysconfig
TRACE::2025-03-28.17:52:58::SCWMssOS::Removing the swdes entry for  E:/kevin/myCode/microBlaze1/vitisJson/syncBlaze/microblaze_0/standalone_domain/bsp/system.mss
TRACE::2025-03-28.17:52:58::SCWSystem::Clearing the domains completed.
TRACE::2025-03-28.17:52:58::SCWPlatform::Clearing the opened hw db.
TRACE::2025-03-28.17:52:58::SCWPlatform::DSA given E:/kevin/myCode/microBlaze1/vitisJson/syncBlaze/hw/design_1_wrapper.xsa
TRACE::2025-03-28.17:52:58::SCWPlatform::DSA absoulate path E:/kevin/myCode/microBlaze1/vitisJson/syncBlaze/hw/design_1_wrapper.xsa
TRACE::2025-03-28.17:52:58::SCWPlatform:: Platform location is E:/kevin/myCode/microBlaze1/vitisJson/syncBlaze/hw
TRACE::2025-03-28.17:52:58::SCWPlatform:: Platform Path E:/kevin/myCode/microBlaze1/vitisJson/syncBlaze/hw/design_1_wrapper.xsa
TRACE::2025-03-28.17:52:58::SCWPlatform:: Unique name xilinx:::0.0
TRACE::2025-03-28.17:52:58::SCWPlatform::Removing the HwDB with name E:/kevin/myCode/microBlaze1/vitisJson/syncBlaze/hw/design_1_wrapper.xsa
TRACE::2025-03-28.17:52:58::SCWPlatform::Trying to open the hw design at E:/kevin/myCode/microBlaze1/vitisJson/syncBlaze/hw/design_1_wrapper.xsa
TRACE::2025-03-28.17:52:58::SCWPlatform::DSA given E:/kevin/myCode/microBlaze1/vitisJson/syncBlaze/hw/design_1_wrapper.xsa
TRACE::2025-03-28.17:52:58::SCWPlatform::DSA absoulate path E:/kevin/myCode/microBlaze1/vitisJson/syncBlaze/hw/design_1_wrapper.xsa
TRACE::2025-03-28.17:52:58::SCWPlatform::DSA directory E:/kevin/myCode/microBlaze1/vitisJson/syncBlaze/hw
TRACE::2025-03-28.17:52:58::SCWPlatform:: Platform Path E:/kevin/myCode/microBlaze1/vitisJson/syncBlaze/hw/design_1_wrapper.xsa
TRACE::2025-03-28.17:52:58::SCWPlatform:: Unique name xilinx:::0.0
TRACE::2025-03-28.17:52:58::SCWPlatform::Do not have an existing db opened. 
TRACE::2025-03-28.17:52:59::SCWPlatform::Opened new HwDB with name design_1_wrapper_26
TRACE::2025-03-28.17:52:59::SCWReader::Active system found as  syncBlaze
TRACE::2025-03-28.17:52:59::SCWReader::Handling sysconfig syncBlaze
TRACE::2025-03-28.17:52:59::SCWDomain::checking for install qemu data   : 
TRACE::2025-03-28.17:52:59::SCWPlatform::Trying to open the hw design at E:/kevin/myCode/microBlaze1/vitisJson/syncBlaze/hw/design_1_wrapper.xsa
TRACE::2025-03-28.17:52:59::SCWPlatform::DSA given E:/kevin/myCode/microBlaze1/vitisJson/syncBlaze/hw/design_1_wrapper.xsa
TRACE::2025-03-28.17:52:59::SCWPlatform::DSA absoulate path E:/kevin/myCode/microBlaze1/vitisJson/syncBlaze/hw/design_1_wrapper.xsa
TRACE::2025-03-28.17:52:59::SCWPlatform::DSA directory E:/kevin/myCode/microBlaze1/vitisJson/syncBlaze/hw
TRACE::2025-03-28.17:52:59::SCWPlatform:: Platform Path E:/kevin/myCode/microBlaze1/vitisJson/syncBlaze/hw/design_1_wrapper.xsa
TRACE::2025-03-28.17:52:59::SCWPlatform:: Unique name xilinx:::0.0
TRACE::2025-03-28.17:52:59::SCWPlatform::Trying to set the existing hwdb with name design_1_wrapper_26
TRACE::2025-03-28.17:52:59::SCWPlatform::Opened existing hwdb design_1_wrapper_26
TRACE::2025-03-28.17:52:59::SCWPlatform::Found the Hw Db part of the input DSA
TRACE::2025-03-28.17:52:59::SCWPlatform::Trying to open the hw design at E:/kevin/myCode/microBlaze1/vitisJson/syncBlaze/hw/design_1_wrapper.xsa
TRACE::2025-03-28.17:52:59::SCWPlatform::DSA given E:/kevin/myCode/microBlaze1/vitisJson/syncBlaze/hw/design_1_wrapper.xsa
TRACE::2025-03-28.17:52:59::SCWPlatform::DSA absoulate path E:/kevin/myCode/microBlaze1/vitisJson/syncBlaze/hw/design_1_wrapper.xsa
TRACE::2025-03-28.17:52:59::SCWPlatform::DSA directory E:/kevin/myCode/microBlaze1/vitisJson/syncBlaze/hw
TRACE::2025-03-28.17:52:59::SCWPlatform:: Platform Path E:/kevin/myCode/microBlaze1/vitisJson/syncBlaze/hw/design_1_wrapper.xsa
TRACE::2025-03-28.17:52:59::SCWPlatform:: Unique name xilinx:::0.0
TRACE::2025-03-28.17:52:59::SCWPlatform::Trying to set the existing hwdb with name design_1_wrapper_26
TRACE::2025-03-28.17:52:59::SCWPlatform::Opened existing hwdb design_1_wrapper_26
TRACE::2025-03-28.17:52:59::SCWPlatform::Found the Hw Db part of the input DSA
TRACE::2025-03-28.17:52:59::SCWPlatform::Trying to open the hw design at E:/kevin/myCode/microBlaze1/vitisJson/syncBlaze/hw/design_1_wrapper.xsa
TRACE::2025-03-28.17:52:59::SCWPlatform::DSA given E:/kevin/myCode/microBlaze1/vitisJson/syncBlaze/hw/design_1_wrapper.xsa
TRACE::2025-03-28.17:52:59::SCWPlatform::DSA absoulate path E:/kevin/myCode/microBlaze1/vitisJson/syncBlaze/hw/design_1_wrapper.xsa
TRACE::2025-03-28.17:52:59::SCWPlatform::DSA directory E:/kevin/myCode/microBlaze1/vitisJson/syncBlaze/hw
TRACE::2025-03-28.17:52:59::SCWPlatform:: Platform Path E:/kevin/myCode/microBlaze1/vitisJson/syncBlaze/hw/design_1_wrapper.xsa
TRACE::2025-03-28.17:52:59::SCWPlatform:: Unique name xilinx:::0.0
TRACE::2025-03-28.17:52:59::SCWPlatform::Trying to set the existing hwdb with name design_1_wrapper_26
TRACE::2025-03-28.17:52:59::SCWPlatform::Opened existing hwdb design_1_wrapper_26
TRACE::2025-03-28.17:52:59::SCWPlatform::Found the Hw Db part of the input DSA
TRACE::2025-03-28.17:52:59::SCWPlatform::Trying to open the hw design at E:/kevin/myCode/microBlaze1/vitisJson/syncBlaze/hw/design_1_wrapper.xsa
TRACE::2025-03-28.17:52:59::SCWPlatform::DSA given E:/kevin/myCode/microBlaze1/vitisJson/syncBlaze/hw/design_1_wrapper.xsa
TRACE::2025-03-28.17:52:59::SCWPlatform::DSA absoulate path E:/kevin/myCode/microBlaze1/vitisJson/syncBlaze/hw/design_1_wrapper.xsa
TRACE::2025-03-28.17:52:59::SCWPlatform::DSA directory E:/kevin/myCode/microBlaze1/vitisJson/syncBlaze/hw
TRACE::2025-03-28.17:52:59::SCWPlatform:: Platform Path E:/kevin/myCode/microBlaze1/vitisJson/syncBlaze/hw/design_1_wrapper.xsa
TRACE::2025-03-28.17:52:59::SCWPlatform:: Unique name xilinx:::0.0
TRACE::2025-03-28.17:52:59::SCWPlatform::Trying to set the existing hwdb with name design_1_wrapper_26
TRACE::2025-03-28.17:52:59::SCWPlatform::Opened existing hwdb design_1_wrapper_26
TRACE::2025-03-28.17:52:59::SCWPlatform::Found the Hw Db part of the input DSA
TRACE::2025-03-28.17:52:59::SCWMssOS::Checking the sw design at  E:/kevin/myCode/microBlaze1/vitisJson/syncBlaze/microblaze_0/standalone_domain/bsp/system.mss
TRACE::2025-03-28.17:52:59::SCWMssOS::DEBUG:  swdes dump  
TRACE::2025-03-28.17:52:59::SCWMssOS::No sw design opened at  E:/kevin/myCode/microBlaze1/vitisJson/syncBlaze/microblaze_0/standalone_domain/bsp/system.mss
TRACE::2025-03-28.17:52:59::SCWMssOS::mss exists loading the mss file  E:/kevin/myCode/microBlaze1/vitisJson/syncBlaze/microblaze_0/standalone_domain/bsp/system.mss
TRACE::2025-03-28.17:52:59::SCWMssOS::Opened the sw design from mss  E:/kevin/myCode/microBlaze1/vitisJson/syncBlaze/microblaze_0/standalone_domain/bsp/system.mss
TRACE::2025-03-28.17:52:59::SCWMssOS::Adding the swdes entry E:/kevin/myCode/microBlaze1/vitisJson/syncBlaze/microblaze_0/standalone_domain/bsp/system.mss with des name system
TRACE::2025-03-28.17:52:59::SCWMssOS::updating the scw layer about changes
TRACE::2025-03-28.17:52:59::SCWMssOS::Opened the sw design.  E:/kevin/myCode/microBlaze1/vitisJson/syncBlaze/microblaze_0/standalone_domain/bsp/system.mss
TRACE::2025-03-28.17:52:59::SCWMssOS::Saving the mss changes E:/kevin/myCode/microBlaze1/vitisJson/syncBlaze/microblaze_0/standalone_domain/bsp/system.mss
TRACE::2025-03-28.17:52:59::SCWMssOS::Found a swdesign opened with the mssfile.
TRACE::2025-03-28.17:52:59::SCWMssOS::Completed writemss as part of save.
TRACE::2025-03-28.17:52:59::SCWMssOS::Commit changes completed.
TRACE::2025-03-28.17:52:59::SCWReader::Adding prebuilt librarypaths as   
TRACE::2025-03-28.17:52:59::SCWReader::Adding prebuilt incpaths  as   
TRACE::2025-03-28.17:52:59::SCWPlatform::Trying to open the hw design at E:/kevin/myCode/microBlaze1/vitisJson/syncBlaze/hw/design_1_wrapper.xsa
TRACE::2025-03-28.17:52:59::SCWPlatform::DSA given E:/kevin/myCode/microBlaze1/vitisJson/syncBlaze/hw/design_1_wrapper.xsa
TRACE::2025-03-28.17:52:59::SCWPlatform::DSA absoulate path E:/kevin/myCode/microBlaze1/vitisJson/syncBlaze/hw/design_1_wrapper.xsa
TRACE::2025-03-28.17:52:59::SCWPlatform::DSA directory E:/kevin/myCode/microBlaze1/vitisJson/syncBlaze/hw
TRACE::2025-03-28.17:52:59::SCWPlatform:: Platform Path E:/kevin/myCode/microBlaze1/vitisJson/syncBlaze/hw/design_1_wrapper.xsa
TRACE::2025-03-28.17:52:59::SCWPlatform:: Unique name xilinx:::0.0
TRACE::2025-03-28.17:52:59::SCWPlatform::Trying to set the existing hwdb with name design_1_wrapper_26
TRACE::2025-03-28.17:52:59::SCWPlatform::Opened existing hwdb design_1_wrapper_26
TRACE::2025-03-28.17:52:59::SCWPlatform::Found the Hw Db part of the input DSA
TRACE::2025-03-28.17:52:59::SCWMssOS::Checking the sw design at  E:/kevin/myCode/microBlaze1/vitisJson/syncBlaze/microblaze_0/standalone_domain/bsp/system.mss
TRACE::2025-03-28.17:52:59::SCWMssOS::DEBUG:  swdes dump  E:/kevin/myCode/microBlaze1/vitisJson/syncBlaze/microblaze_0/standalone_domain/bsp/system.mss|system||

TRACE::2025-03-28.17:52:59::SCWMssOS::Sw design exists and opened at  E:/kevin/myCode/microBlaze1/vitisJson/syncBlaze/microblaze_0/standalone_domain/bsp/system.mss
TRACE::2025-03-28.17:52:59::SCWReader::No isolation master present  
TRACE::2025-03-28.17:53:10::SCWPlatform::DSA given E:/kevin/myCode/microBlaze1/vitisJson/syncBlaze/tempdsa/design_1_wrapper.xsa
TRACE::2025-03-28.17:53:10::SCWPlatform::DSA absoulate path E:/kevin/myCode/microBlaze1/vitisJson/syncBlaze/tempdsa/design_1_wrapper.xsa
TRACE::2025-03-28.17:53:10::SCWPlatform:: Platform location is E:/kevin/myCode/microBlaze1/vitisJson/syncBlaze/tempdsa
TRACE::2025-03-28.17:53:10::SCWPlatform:: Platform Path E:/kevin/myCode/microBlaze1/vitisJson/syncBlaze/tempdsa/design_1_wrapper.xsa
TRACE::2025-03-28.17:53:10::SCWPlatform:: Unique name xilinx:::0.0
TRACE::2025-03-28.17:53:10::SCWPlatform::Found the Hw Db part of the input DSA
TRACE::2025-03-28.17:53:10::SCWMssOS::Doing hw sync for the mss in domain: standalone_domain
TRACE::2025-03-28.17:53:10::SCWPlatform::Trying to open the hw design at E:/kevin/myCode/microBlaze1/vitisJson/syncBlaze/hw/design_1_wrapper.xsa
TRACE::2025-03-28.17:53:10::SCWPlatform::DSA given E:/kevin/myCode/microBlaze1/vitisJson/syncBlaze/hw/design_1_wrapper.xsa
TRACE::2025-03-28.17:53:10::SCWPlatform::DSA absoulate path E:/kevin/myCode/microBlaze1/vitisJson/syncBlaze/hw/design_1_wrapper.xsa
TRACE::2025-03-28.17:53:10::SCWPlatform::DSA directory E:/kevin/myCode/microBlaze1/vitisJson/syncBlaze/hw
TRACE::2025-03-28.17:53:10::SCWPlatform:: Platform Path E:/kevin/myCode/microBlaze1/vitisJson/syncBlaze/hw/design_1_wrapper.xsa
TRACE::2025-03-28.17:53:10::SCWPlatform:: Unique name xilinx:::0.0
TRACE::2025-03-28.17:53:10::SCWPlatform::Trying to set the existing hwdb with name design_1_wrapper_26
TRACE::2025-03-28.17:53:10::SCWPlatform::Opened existing hwdb design_1_wrapper_26
TRACE::2025-03-28.17:53:10::SCWPlatform::Found the Hw Db part of the input DSA
TRACE::2025-03-28.17:53:10::SCWPlatform::Trying to open the hw design at E:/kevin/myCode/microBlaze1/vitisJson/syncBlaze/hw/design_1_wrapper.xsa
TRACE::2025-03-28.17:53:10::SCWPlatform::DSA given E:/kevin/myCode/microBlaze1/vitisJson/syncBlaze/hw/design_1_wrapper.xsa
TRACE::2025-03-28.17:53:10::SCWPlatform::DSA absoulate path E:/kevin/myCode/microBlaze1/vitisJson/syncBlaze/hw/design_1_wrapper.xsa
TRACE::2025-03-28.17:53:10::SCWPlatform::DSA directory E:/kevin/myCode/microBlaze1/vitisJson/syncBlaze/hw
TRACE::2025-03-28.17:53:10::SCWPlatform:: Platform Path E:/kevin/myCode/microBlaze1/vitisJson/syncBlaze/hw/design_1_wrapper.xsa
TRACE::2025-03-28.17:53:10::SCWPlatform:: Unique name xilinx:::0.0
TRACE::2025-03-28.17:53:10::SCWPlatform::Trying to set the existing hwdb with name design_1_wrapper_26
TRACE::2025-03-28.17:53:10::SCWPlatform::Opened existing hwdb design_1_wrapper_26
TRACE::2025-03-28.17:53:10::SCWPlatform::Found the Hw Db part of the input DSA
TRACE::2025-03-28.17:53:10::SCWMssOS::Checking the sw design at  E:/kevin/myCode/microBlaze1/vitisJson/syncBlaze/microblaze_0/standalone_domain/bsp/system.mss
TRACE::2025-03-28.17:53:10::SCWMssOS::DEBUG:  swdes dump  E:/kevin/myCode/microBlaze1/vitisJson/syncBlaze/microblaze_0/standalone_domain/bsp/system.mss|system||

TRACE::2025-03-28.17:53:10::SCWMssOS::Sw design exists and opened at  E:/kevin/myCode/microBlaze1/vitisJson/syncBlaze/microblaze_0/standalone_domain/bsp/system.mss
TRACE::2025-03-28.17:53:10::SCWPlatform::Trying to open the hw design at E:/kevin/myCode/microBlaze1/vitisJson/syncBlaze/tempdsa/design_1_wrapper.xsa
TRACE::2025-03-28.17:53:10::SCWPlatform::DSA given E:/kevin/myCode/microBlaze1/vitisJson/syncBlaze/tempdsa/design_1_wrapper.xsa
TRACE::2025-03-28.17:53:10::SCWPlatform::DSA absoulate path E:/kevin/myCode/microBlaze1/vitisJson/syncBlaze/tempdsa/design_1_wrapper.xsa
TRACE::2025-03-28.17:53:10::SCWPlatform::DSA directory E:/kevin/myCode/microBlaze1/vitisJson/syncBlaze/tempdsa
TRACE::2025-03-28.17:53:10::SCWPlatform:: Platform Path E:/kevin/myCode/microBlaze1/vitisJson/syncBlaze/tempdsa/design_1_wrapper.xsa
TRACE::2025-03-28.17:53:10::SCWPlatform:: Unique name xilinx:::0.0
TRACE::2025-03-28.17:53:10::SCWPlatform::update - Opened existing hwdb design_1_wrapper_27
TRACE::2025-03-28.17:53:10::SCWPlatform::Found the Hw Db part of the input DSA
TRACE::2025-03-28.17:53:10::SCWMssOS::Saving the mss changes E:/kevin/myCode/microBlaze1/vitisJson/syncBlaze/microblaze_0/standalone_domain/bsp/system.mss
TRACE::2025-03-28.17:53:10::SCWMssOS::Found a swdesign opened with the mssfile.
TRACE::2025-03-28.17:53:10::SCWMssOS::Completed writemss as part of save.
TRACE::2025-03-28.17:53:10::SCWMssOS::Commit changes completed.
TRACE::2025-03-28.17:53:10::SCWMssOS::Completed hw sync for the mss in domain: standalone_domain
TRACE::2025-03-28.17:53:10::SCWMssOS::Removing the swdes entry for  E:/kevin/myCode/microBlaze1/vitisJson/syncBlaze/microblaze_0/standalone_domain/bsp/system.mss
TRACE::2025-03-28.17:53:10::SCWPlatform::Trying to open the hw design at E:/kevin/myCode/microBlaze1/vitisJson/syncBlaze/hw/design_1_wrapper.xsa
TRACE::2025-03-28.17:53:10::SCWPlatform::DSA given E:/kevin/myCode/microBlaze1/vitisJson/syncBlaze/hw/design_1_wrapper.xsa
TRACE::2025-03-28.17:53:10::SCWPlatform::DSA absoulate path E:/kevin/myCode/microBlaze1/vitisJson/syncBlaze/hw/design_1_wrapper.xsa
TRACE::2025-03-28.17:53:10::SCWPlatform::DSA directory E:/kevin/myCode/microBlaze1/vitisJson/syncBlaze/hw
TRACE::2025-03-28.17:53:10::SCWPlatform:: Platform Path E:/kevin/myCode/microBlaze1/vitisJson/syncBlaze/hw/design_1_wrapper.xsa
TRACE::2025-03-28.17:53:10::SCWPlatform:: Unique name xilinx:::0.0
TRACE::2025-03-28.17:53:10::SCWPlatform::Do not have an existing db opened. 
TRACE::2025-03-28.17:53:10::SCWPlatform::Opened new HwDB with name design_1_wrapper_28
TRACE::2025-03-28.17:53:10::SCWMssOS::Saving the mss changes E:/kevin/myCode/microBlaze1/vitisJson/syncBlaze/microblaze_0/standalone_domain/bsp/system.mss
TRACE::2025-03-28.17:53:10::SCWMssOS::Adding the swdes entry, mss present, able to open swdb E:/kevin/myCode/microBlaze1/vitisJson/syncBlaze/microblaze_0/standalone_domain/bsp/system.mss with des name system
TRACE::2025-03-28.17:53:10::SCWMssOS::Writing the mss file completed E:/kevin/myCode/microBlaze1/vitisJson/syncBlaze/microblaze_0/standalone_domain/bsp/system.mss
TRACE::2025-03-28.17:53:10::SCWMssOS::Commit changes completed.
TRACE::2025-03-28.17:53:10::SCWPlatform::Trying to open the hw design at E:/kevin/myCode/microBlaze1/vitisJson/syncBlaze/hw/design_1_wrapper.xsa
TRACE::2025-03-28.17:53:10::SCWPlatform::DSA given E:/kevin/myCode/microBlaze1/vitisJson/syncBlaze/hw/design_1_wrapper.xsa
TRACE::2025-03-28.17:53:10::SCWPlatform::DSA absoulate path E:/kevin/myCode/microBlaze1/vitisJson/syncBlaze/hw/design_1_wrapper.xsa
TRACE::2025-03-28.17:53:10::SCWPlatform::DSA directory E:/kevin/myCode/microBlaze1/vitisJson/syncBlaze/hw
TRACE::2025-03-28.17:53:10::SCWPlatform:: Platform Path E:/kevin/myCode/microBlaze1/vitisJson/syncBlaze/hw/design_1_wrapper.xsa
TRACE::2025-03-28.17:53:10::SCWPlatform:: Unique name xilinx:::0.0
TRACE::2025-03-28.17:53:10::SCWPlatform::Trying to set the existing hwdb with name design_1_wrapper_28
TRACE::2025-03-28.17:53:10::SCWPlatform::Opened existing hwdb design_1_wrapper_28
TRACE::2025-03-28.17:53:10::SCWPlatform::Found the Hw Db part of the input DSA
TRACE::2025-03-28.17:53:10::SCWMssOS::Checking the sw design at  E:/kevin/myCode/microBlaze1/vitisJson/syncBlaze/microblaze_0/standalone_domain/bsp/system.mss
TRACE::2025-03-28.17:53:10::SCWMssOS::DEBUG:  swdes dump  E:/kevin/myCode/microBlaze1/vitisJson/syncBlaze/microblaze_0/standalone_domain/bsp/system.mss|system||

TRACE::2025-03-28.17:53:10::SCWMssOS::Sw design exists and opened at  E:/kevin/myCode/microBlaze1/vitisJson/syncBlaze/microblaze_0/standalone_domain/bsp/system.mss
TRACE::2025-03-28.17:53:10::SCWWriter::formatted JSON is {
	"platformName":	"syncBlaze",
	"sprVersion":	"2.0",
	"mode":	"gui",
	"dsaType":	"Fixed",
	"platformDesc":	"syncBlaze",
	"platHandOff":	"E:/kevin/myCode/microBlaze1/design_1_wrapper.xsa",
	"platIntHandOff":	"<platformDir>/hw/design_1_wrapper.xsa",
	"deviceType":	"FPGA",
	"platIsPrebuiltAutogen":	"false",
	"platIsNoBootBsp":	"false",
	"hasFsblMakeHasChanges":	"false",
	"hasPmufwMakeHasChanges":	"false",
	"platPreBuiltFlag":	false,
	"platformSamplesDir":	"",
	"platActiveSys":	"syncBlaze",
	"systems":	[{
			"systemName":	"syncBlaze",
			"systemDesc":	"syncBlaze",
			"sysIsBootAutoGen":	"true",
			"systemDispName":	"syncBlaze",
			"sysActiveDom":	"standalone_domain",
			"sysDefaultDom":	"standalone_domain",
			"domains":	[{
					"domainName":	"standalone_domain",
					"domainDispName":	"standalone on microblaze_0",
					"domainDesc":	"standalone_domain",
					"processors":	"microblaze_0",
					"os":	"standalone",
					"sdxOs":	"standalone",
					"debugEnable":	"False",
					"domRuntimes":	["cpp"],
					"swRepo":	"",
					"mssOsVer":	"8.0",
					"mssFile":	"",
					"md5Digest":	"e2cdda41e7956801f4f51a65042beca01",
					"compatibleApp":	"",
					"domType":	"mssDomain",
					"arch":	"32-bit",
					"appSettings":	{
						"appCompilerFlags":	"",
						"appLinkerFlags":	""
					},
					"addedLibs":	[],
					"libOptions":	{
						"libsContainingOptions":	[]
					},
					"prebuiltLibs":	{
						"prebuiltIncPath":	[],
						"prebuiltLibPath":	[]
					},
					"isolation":	{
					}
				}]
		}]
}
LOG::2025-03-28.17:53:21::SCWPlatform::Started generating the artifacts platform syncBlaze
TRACE::2025-03-28.17:53:21::SCWPlatform::Sanity checking of platform is completed
LOG::2025-03-28.17:53:21::SCWPlatform::Started generating the artifacts for system configuration syncBlaze
LOG::2025-03-28.17:53:21::SCWSystem::Checking the domain standalone_domain
LOG::2025-03-28.17:53:21::SCWSystem::Not a boot domain 
LOG::2025-03-28.17:53:21::SCWSystem::Started Processing the domain standalone_domain
TRACE::2025-03-28.17:53:21::SCWDomain::Generating domain artifcats
TRACE::2025-03-28.17:53:21::SCWMssOS::Generating standalone artifcats
TRACE::2025-03-28.17:53:21::SCWMssOS:: Copying the user libraries. 
TRACE::2025-03-28.17:53:21::SCWPlatform::Trying to open the hw design at E:/kevin/myCode/microBlaze1/vitisJson/syncBlaze/hw/design_1_wrapper.xsa
TRACE::2025-03-28.17:53:21::SCWPlatform::DSA given E:/kevin/myCode/microBlaze1/vitisJson/syncBlaze/hw/design_1_wrapper.xsa
TRACE::2025-03-28.17:53:21::SCWPlatform::DSA absoulate path E:/kevin/myCode/microBlaze1/vitisJson/syncBlaze/hw/design_1_wrapper.xsa
TRACE::2025-03-28.17:53:21::SCWPlatform::DSA directory E:/kevin/myCode/microBlaze1/vitisJson/syncBlaze/hw
TRACE::2025-03-28.17:53:21::SCWPlatform:: Platform Path E:/kevin/myCode/microBlaze1/vitisJson/syncBlaze/hw/design_1_wrapper.xsa
TRACE::2025-03-28.17:53:21::SCWPlatform:: Unique name xilinx:::0.0
TRACE::2025-03-28.17:53:21::SCWPlatform::Trying to set the existing hwdb with name design_1_wrapper_28
TRACE::2025-03-28.17:53:21::SCWPlatform::Opened existing hwdb design_1_wrapper_28
TRACE::2025-03-28.17:53:21::SCWPlatform::Found the Hw Db part of the input DSA
TRACE::2025-03-28.17:53:21::SCWMssOS::Checking the sw design at  E:/kevin/myCode/microBlaze1/vitisJson/syncBlaze/microblaze_0/standalone_domain/bsp/system.mss
TRACE::2025-03-28.17:53:21::SCWMssOS::DEBUG:  swdes dump  E:/kevin/myCode/microBlaze1/vitisJson/syncBlaze/microblaze_0/standalone_domain/bsp/system.mss|system||

TRACE::2025-03-28.17:53:21::SCWMssOS::Sw design exists and opened at  E:/kevin/myCode/microBlaze1/vitisJson/syncBlaze/microblaze_0/standalone_domain/bsp/system.mss
TRACE::2025-03-28.17:53:21::SCWMssOS::Completed writing the mss file at E:/kevin/myCode/microBlaze1/vitisJson/syncBlaze/microblaze_0/standalone_domain/bsp
TRACE::2025-03-28.17:53:21::SCWMssOS::Mss edits present, copying mssfile into export location E:/kevin/myCode/microBlaze1/vitisJson/syncBlaze/microblaze_0/standalone_domain/bsp/system.mss
TRACE::2025-03-28.17:53:21::SCWMssOS::bsp generated is stale removing and regenerating. 
TRACE::2025-03-28.17:53:25::SCWMssOS::doing bsp build ... 
TRACE::2025-03-28.17:53:25::SCWMssOS::System Command Ran  E: & cd  E:/kevin/myCode/microBlaze1/vitisJson/syncBlaze/microblaze_0/standalone_domain/bsp & make 
TRACE::2025-03-28.17:53:25::SCWMssOS::make --no-print-directory seq_libs

TRACE::2025-03-28.17:53:25::SCWMssOS::'Finished building libraries sequentially.'

TRACE::2025-03-28.17:53:25::SCWMssOS::make -j 14 --no-print-directory par_libs

TRACE::2025-03-28.17:53:25::SCWMssOS::"Running Make include in microblaze_0/libsrc/bram_v4_8/src"

TRACE::2025-03-28.17:53:25::SCWMssOS::make -C microblaze_0/libsrc/bram_v4_8/src -s include  "SHELL=CMD" "COMPILER=mb-gcc" "ASSEMBLER=mb-as" "ARCHIVER=mb-ar" "COMPILE
TRACE::2025-03-28.17:53:25::SCWMssOS::R_FLAGS=  -O2 -c -mcpu=v11.0 -mlittle-endian -mxl-soft-mul" "EXTRA_COMPILER_FLAGS=-g -ffunction-sections -fdata-sections -Wall 
TRACE::2025-03-28.17:53:25::SCWMssOS::-Wextra -fno-tree-loop-distribute-patterns"

TRACE::2025-03-28.17:53:25::SCWMssOS::"Running Make include in microblaze_0/libsrc/cpu_v2_16/src"

TRACE::2025-03-28.17:53:25::SCWMssOS::make -C microblaze_0/libsrc/cpu_v2_16/src -s include  "SHELL=CMD" "COMPILER=mb-gcc" "ASSEMBLER=mb-as" "ARCHIVER=mb-ar" "COMPILE
TRACE::2025-03-28.17:53:25::SCWMssOS::R_FLAGS=  -O2 -c -mcpu=v11.0 -mlittle-endian -mxl-soft-mul" "EXTRA_COMPILER_FLAGS=-g -ffunction-sections -fdata-sections -Wall 
TRACE::2025-03-28.17:53:25::SCWMssOS::-Wextra -fno-tree-loop-distribute-patterns"

TRACE::2025-03-28.17:53:25::SCWMssOS::"Running Make include in microblaze_0/libsrc/gpio_v4_9/src"

TRACE::2025-03-28.17:53:25::SCWMssOS::make -C microblaze_0/libsrc/gpio_v4_9/src -s include  "SHELL=CMD" "COMPILER=mb-gcc" "ASSEMBLER=mb-as" "ARCHIVER=mb-ar" "COMPILE
TRACE::2025-03-28.17:53:25::SCWMssOS::R_FLAGS=  -O2 -c -mcpu=v11.0 -mlittle-endian -mxl-soft-mul" "EXTRA_COMPILER_FLAGS=-g -ffunction-sections -fdata-sections -Wall 
TRACE::2025-03-28.17:53:25::SCWMssOS::-Wextra -fno-tree-loop-distribute-patterns"

TRACE::2025-03-28.17:53:25::SCWMssOS::"Running Make include in microblaze_0/libsrc/intc_v3_15/src"

TRACE::2025-03-28.17:53:25::SCWMssOS::make -C microblaze_0/libsrc/intc_v3_15/src -s include  "SHELL=CMD" "COMPILER=mb-gcc" "ASSEMBLER=mb-as" "ARCHIVER=mb-ar" "COMPIL
TRACE::2025-03-28.17:53:25::SCWMssOS::ER_FLAGS=  -O2 -c -mcpu=v11.0 -mlittle-endian -mxl-soft-mul" "EXTRA_COMPILER_FLAGS=-g -ffunction-sections -fdata-sections -Wall
TRACE::2025-03-28.17:53:25::SCWMssOS:: -Wextra -fno-tree-loop-distribute-patterns"

TRACE::2025-03-28.17:53:25::SCWMssOS::"Running Make include in microblaze_0/libsrc/standalone_v8_0/src"

TRACE::2025-03-28.17:53:25::SCWMssOS::make -C microblaze_0/libsrc/standalone_v8_0/src -s include  "SHELL=CMD" "COMPILER=mb-gcc" "ASSEMBLER=mb-as" "ARCHIVER=mb-ar" "C
TRACE::2025-03-28.17:53:25::SCWMssOS::OMPILER_FLAGS=  -O2 -c -mcpu=v11.0 -mlittle-endian -mxl-soft-mul" "EXTRA_COMPILER_FLAGS=-g -ffunction-sections -fdata-sections 
TRACE::2025-03-28.17:53:25::SCWMssOS::-Wall -Wextra -fno-tree-loop-distribute-patterns"

TRACE::2025-03-28.17:53:25::SCWMssOS::"Running Make include in microblaze_0/libsrc/tmrctr_v4_9/src"

TRACE::2025-03-28.17:53:25::SCWMssOS::make -C microblaze_0/libsrc/tmrctr_v4_9/src -s include  "SHELL=CMD" "COMPILER=mb-gcc" "ASSEMBLER=mb-as" "ARCHIVER=mb-ar" "COMPI
TRACE::2025-03-28.17:53:25::SCWMssOS::LER_FLAGS=  -O2 -c -mcpu=v11.0 -mlittle-endian -mxl-soft-mul" "EXTRA_COMPILER_FLAGS=-g -ffunction-sections -fdata-sections -Wal
TRACE::2025-03-28.17:53:25::SCWMssOS::l -Wextra -fno-tree-loop-distribute-patterns"

TRACE::2025-03-28.17:53:25::SCWMssOS::"Running Make include in microblaze_0/libsrc/uartlite_v3_7/src"

TRACE::2025-03-28.17:53:25::SCWMssOS::make -C microblaze_0/libsrc/uartlite_v3_7/src -s include  "SHELL=CMD" "COMPILER=mb-gcc" "ASSEMBLER=mb-as" "ARCHIVER=mb-ar" "COM
TRACE::2025-03-28.17:53:25::SCWMssOS::PILER_FLAGS=  -O2 -c -mcpu=v11.0 -mlittle-endian -mxl-soft-mul" "EXTRA_COMPILER_FLAGS=-g -ffunction-sections -fdata-sections -W
TRACE::2025-03-28.17:53:25::SCWMssOS::all -Wextra -fno-tree-loop-distribute-patterns"

TRACE::2025-03-28.17:53:25::SCWMssOS::"Running Make libs in microblaze_0/libsrc/bram_v4_8/src"

TRACE::2025-03-28.17:53:25::SCWMssOS::make -C microblaze_0/libsrc/bram_v4_8/src -s libs  "SHELL=CMD" "COMPILER=mb-gcc" "ASSEMBLER=mb-as" "ARCHIVER=mb-ar" "COMPILER_F
TRACE::2025-03-28.17:53:25::SCWMssOS::LAGS=  -O2 -c -mcpu=v11.0 -mlittle-endian -mxl-soft-mul" "EXTRA_COMPILER_FLAGS=-g -ffunction-sections -fdata-sections -Wall -We
TRACE::2025-03-28.17:53:25::SCWMssOS::xtra -fno-tree-loop-distribute-patterns"

TRACE::2025-03-28.17:53:25::SCWMssOS::"Running Make libs in microblaze_0/libsrc/cpu_v2_16/src"

TRACE::2025-03-28.17:53:25::SCWMssOS::make -C microblaze_0/libsrc/cpu_v2_16/src -s libs  "SHELL=CMD" "COMPILER=mb-gcc" "ASSEMBLER=mb-as" "ARCHIVER=mb-ar" "COMPILER_F
TRACE::2025-03-28.17:53:25::SCWMssOS::LAGS=  -O2 -c -mcpu=v11.0 -mlittle-endian -mxl-soft-mul" "EXTRA_COMPILER_FLAGS=-g -ffunction-sections -fdata-sections -Wall -We
TRACE::2025-03-28.17:53:25::SCWMssOS::xtra -fno-tree-loop-distribute-patterns"

TRACE::2025-03-28.17:53:25::SCWMssOS::"Running Make libs in microblaze_0/libsrc/gpio_v4_9/src"

TRACE::2025-03-28.17:53:25::SCWMssOS::make -C microblaze_0/libsrc/gpio_v4_9/src -s libs  "SHELL=CMD" "COMPILER=mb-gcc" "ASSEMBLER=mb-as" "ARCHIVER=mb-ar" "COMPILER_F
TRACE::2025-03-28.17:53:25::SCWMssOS::LAGS=  -O2 -c -mcpu=v11.0 -mlittle-endian -mxl-soft-mul" "EXTRA_COMPILER_FLAGS=-g -ffunction-sections -fdata-sections -Wall -We
TRACE::2025-03-28.17:53:25::SCWMssOS::xtra -fno-tree-loop-distribute-patterns"

TRACE::2025-03-28.17:53:25::SCWMssOS::"Running Make libs in microblaze_0/libsrc/intc_v3_15/src"

TRACE::2025-03-28.17:53:25::SCWMssOS::make -C microblaze_0/libsrc/intc_v3_15/src -s libs  "SHELL=CMD" "COMPILER=mb-gcc" "ASSEMBLER=mb-as" "ARCHIVER=mb-ar" "COMPILER_
TRACE::2025-03-28.17:53:25::SCWMssOS::FLAGS=  -O2 -c -mcpu=v11.0 -mlittle-endian -mxl-soft-mul" "EXTRA_COMPILER_FLAGS=-g -ffunction-sections -fdata-sections -Wall -W
TRACE::2025-03-28.17:53:25::SCWMssOS::extra -fno-tree-loop-distribute-patterns"

TRACE::2025-03-28.17:53:25::SCWMssOS::"Running Make libs in microblaze_0/libsrc/standalone_v8_0/src"

TRACE::2025-03-28.17:53:25::SCWMssOS::make -C microblaze_0/libsrc/standalone_v8_0/src -s libs  "SHELL=CMD" "COMPILER=mb-gcc" "ASSEMBLER=mb-as" "ARCHIVER=mb-ar" "COMP
TRACE::2025-03-28.17:53:25::SCWMssOS::ILER_FLAGS=  -O2 -c -mcpu=v11.0 -mlittle-endian -mxl-soft-mul" "EXTRA_COMPILER_FLAGS=-g -ffunction-sections -fdata-sections -Wa
TRACE::2025-03-28.17:53:25::SCWMssOS::ll -Wextra -fno-tree-loop-distribute-patterns"

TRACE::2025-03-28.17:53:25::SCWMssOS::"Running Make libs in microblaze_0/libsrc/tmrctr_v4_9/src"

TRACE::2025-03-28.17:53:25::SCWMssOS::make -C microblaze_0/libsrc/tmrctr_v4_9/src -s libs  "SHELL=CMD" "COMPILER=mb-gcc" "ASSEMBLER=mb-as" "ARCHIVER=mb-ar" "COMPILER
TRACE::2025-03-28.17:53:25::SCWMssOS::_FLAGS=  -O2 -c -mcpu=v11.0 -mlittle-endian -mxl-soft-mul" "EXTRA_COMPILER_FLAGS=-g -ffunction-sections -fdata-sections -Wall -
TRACE::2025-03-28.17:53:25::SCWMssOS::Wextra -fno-tree-loop-distribute-patterns"

TRACE::2025-03-28.17:53:26::SCWMssOS::"Running Make libs in microblaze_0/libsrc/uartlite_v3_7/src"

TRACE::2025-03-28.17:53:26::SCWMssOS::make -C microblaze_0/libsrc/uartlite_v3_7/src -s libs  "SHELL=CMD" "COMPILER=mb-gcc" "ASSEMBLER=mb-as" "ARCHIVER=mb-ar" "COMPIL
TRACE::2025-03-28.17:53:26::SCWMssOS::ER_FLAGS=  -O2 -c -mcpu=v11.0 -mlittle-endian -mxl-soft-mul" "EXTRA_COMPILER_FLAGS=-g -ffunction-sections -fdata-sections -Wall
TRACE::2025-03-28.17:53:26::SCWMssOS:: -Wextra -fno-tree-loop-distribute-patterns"

TRACE::2025-03-28.17:53:26::SCWMssOS::"DEBUG NON_LTO_OBJECTS is ../../../lib/microblaze_interrupt_handler.o"

TRACE::2025-03-28.17:53:26::SCWMssOS::'Finished building libraries parallelly.'

TRACE::2025-03-28.17:53:26::SCWMssOS::make --no-print-directory archive

TRACE::2025-03-28.17:53:27::SCWMssOS::mb-ar -r  microblaze_0/lib/libxil.a microblaze_0/lib/_exit.o microblaze_0/lib/errno.o microblaze_0/lib/fcntl.o microblaze_0/lib
TRACE::2025-03-28.17:53:27::SCWMssOS::/hw_exception_handler.o microblaze_0/lib/inbyte.o microblaze_0/lib/microblaze_disable_dcache.o microblaze_0/lib/microblaze_disa
TRACE::2025-03-28.17:53:27::SCWMssOS::ble_exceptions.o microblaze_0/lib/microblaze_disable_icache.o microblaze_0/lib/microblaze_disable_interrupts.o microblaze_0/lib
TRACE::2025-03-28.17:53:27::SCWMssOS::/microblaze_enable_dcache.o microblaze_0/lib/microblaze_enable_exceptions.o microblaze_0/lib/microblaze_enable_icache.o microbl
TRACE::2025-03-28.17:53:27::SCWMssOS::aze_0/lib/microblaze_enable_interrupts.o microblaze_0/lib/microblaze_exception_handler.o microblaze_0/lib/microblaze_flush_cach
TRACE::2025-03-28.17:53:27::SCWMssOS::e_ext.o microblaze_0/lib/microblaze_flush_cache_ext_range.o microblaze_0/lib/microblaze_flush_dcache.o microblaze_0/lib/microbl
TRACE::2025-03-28.17:53:27::SCWMssOS::aze_flush_dcache_range.o microblaze_0/lib/microblaze_init_dcache_range.o microblaze_0/lib/microblaze_init_icache_range.o microb
TRACE::2025-03-28.17:53:27::SCWMssOS::laze_0/lib/microblaze_interrupt_handler.o microblaze_0/lib/microblaze_interrupts_g.o microblaze_0/lib/microblaze_invalidate_cac
TRACE::2025-03-28.17:53:27::SCWMssOS::he_ext.o microblaze_0/lib/microblaze_invalidate_cache_ext_range.o microblaze_0/lib/microblaze_invalidate_dcache.o microblaze_0/
TRACE::2025-03-28.17:53:27::SCWMssOS::lib/microblaze_invalidate_dcache_range.o microblaze_0/lib/microblaze_invalidate_icache.o microblaze_0/lib/microblaze_invalidate
TRACE::2025-03-28.17:53:27::SCWMssOS::_icache_range.o microblaze_0/lib/microblaze_scrub.o microblaze_0/lib/microblaze_selftest.o microblaze_0/lib/microblaze_sleep.o 
TRACE::2025-03-28.17:53:27::SCWMssOS::microblaze_0/lib/microblaze_update_dcache.o microblaze_0/lib/microblaze_update_icache.o microblaze_0/lib/outbyte.o microblaze_0
TRACE::2025-03-28.17:53:27::SCWMssOS::/lib/print.o microblaze_0/lib/pvr.o microblaze_0/lib/xbram.o microblaze_0/lib/xbram_g.o microblaze_0/lib/xbram_intr.o microblaz
TRACE::2025-03-28.17:53:27::SCWMssOS::e_0/lib/xbram_selftest.o microblaze_0/lib/xbram_sinit.o microblaze_0/lib/xgpio.o microblaze_0/lib/xgpio_extra.o microblaze_0/li
TRACE::2025-03-28.17:53:27::SCWMssOS::b/xgpio_g.o microblaze_0/lib/xgpio_intr.o microblaze_0/lib/xgpio_selftest.o microblaze_0/lib/xgpio_sinit.o microblaze_0/lib/xil
TRACE::2025-03-28.17:53:27::SCWMssOS::_assert.o microblaze_0/lib/xil_cache.o microblaze_0/lib/xil_clocking.o microblaze_0/lib/xil_exception.o microblaze_0/lib/xil_me
TRACE::2025-03-28.17:53:27::SCWMssOS::m.o microblaze_0/lib/xil_misc_psreset_api.o microblaze_0/lib/xil_printf.o microblaze_0/lib/xil_sleepcommon.o microblaze_0/lib/x
TRACE::2025-03-28.17:53:27::SCWMssOS::il_testcache.o microblaze_0/lib/xil_testio.o microblaze_0/lib/xil_testmem.o microblaze_0/lib/xil_util.o microblaze_0/lib/xintc.
TRACE::2025-03-28.17:53:27::SCWMssOS::o microblaze_0/lib/xintc_g.o microblaze_0/lib/xintc_intr.o microblaze_0/lib/xintc_l.o microblaze_0/lib/xintc_options.o microbla
TRACE::2025-03-28.17:53:27::SCWMssOS::ze_0/lib/xintc_selftest.o microblaze_0/lib/xinterrupt_wrap.o microblaze_0/lib/xio.o microblaze_0/lib/xplatform_info.o microblaz
TRACE::2025-03-28.17:53:27::SCWMssOS::e_0/lib/xtmrctr.o microblaze_0/lib/xtmrctr_g.o microblaze_0/lib/xtmrctr_intr.o microblaze_0/lib/xtmrctr_l.o microblaze_0/lib/xt
TRACE::2025-03-28.17:53:27::SCWMssOS::mrctr_options.o microblaze_0/lib/xtmrctr_selftest.o microblaze_0/lib/xtmrctr_sinit.o microblaze_0/lib/xtmrctr_stats.o microblaz
TRACE::2025-03-28.17:53:27::SCWMssOS::e_0/lib/xuartlite.o microblaze_0/lib/xuartlite_g.o microblaze_0/lib/xuartlite_intr.o microblaze_0/lib/xuartlite_l.o microblaze_
TRACE::2025-03-28.17:53:27::SCWMssOS::0/lib/xuartlite_selftest.o microblaze_0/lib/xuartlite_sinit.o microblaze_0/lib/xuartlite_stats.o

TRACE::2025-03-28.17:53:27::SCWMssOS::'Finished building libraries'

TRACE::2025-03-28.17:53:27::SCWMssOS:: Checking if to create the Supporting Applications
TRACE::2025-03-28.17:53:27::SCWMssOS:: No Linux domain exists, trying to generate FSBL 
LOG::2025-03-28.17:53:27::SCWSystem::Completed Processing the domain standalone_domain
LOG::2025-03-28.17:53:27::SCWSystem::Completed Processing the sysconfig syncBlaze
LOG::2025-03-28.17:53:27::SCWPlatform::Completed generating the artifacts for system configuration syncBlaze
TRACE::2025-03-28.17:53:27::SCWPlatform::Started preparing the platform 
TRACE::2025-03-28.17:53:27::SCWSystem::Writing the bif file for system config syncBlaze
TRACE::2025-03-28.17:53:27::SCWSystem::dir created 
TRACE::2025-03-28.17:53:27::SCWSystem::Writing the bif 
TRACE::2025-03-28.17:53:27::SCWPlatform::Started writing the spfm file 
TRACE::2025-03-28.17:53:27::SCWPlatform::Started writing the xpfm file 
TRACE::2025-03-28.17:53:27::SCWPlatform::Completed generating the platform
TRACE::2025-03-28.17:53:27::SCWMssOS::Saving the mss changes E:/kevin/myCode/microBlaze1/vitisJson/syncBlaze/microblaze_0/standalone_domain/bsp/system.mss
TRACE::2025-03-28.17:53:27::SCWMssOS::Adding the swdes entry, mss present, able to open swdb E:/kevin/myCode/microBlaze1/vitisJson/syncBlaze/microblaze_0/standalone_domain/bsp/system.mss with des name system
TRACE::2025-03-28.17:53:27::SCWMssOS::Writing the mss file completed E:/kevin/myCode/microBlaze1/vitisJson/syncBlaze/microblaze_0/standalone_domain/bsp/system.mss
TRACE::2025-03-28.17:53:27::SCWMssOS::Commit changes completed.
TRACE::2025-03-28.17:53:27::SCWPlatform::Trying to open the hw design at E:/kevin/myCode/microBlaze1/vitisJson/syncBlaze/hw/design_1_wrapper.xsa
TRACE::2025-03-28.17:53:27::SCWPlatform::DSA given E:/kevin/myCode/microBlaze1/vitisJson/syncBlaze/hw/design_1_wrapper.xsa
TRACE::2025-03-28.17:53:27::SCWPlatform::DSA absoulate path E:/kevin/myCode/microBlaze1/vitisJson/syncBlaze/hw/design_1_wrapper.xsa
TRACE::2025-03-28.17:53:27::SCWPlatform::DSA directory E:/kevin/myCode/microBlaze1/vitisJson/syncBlaze/hw
TRACE::2025-03-28.17:53:27::SCWPlatform:: Platform Path E:/kevin/myCode/microBlaze1/vitisJson/syncBlaze/hw/design_1_wrapper.xsa
TRACE::2025-03-28.17:53:27::SCWPlatform:: Unique name xilinx:::0.0
TRACE::2025-03-28.17:53:27::SCWPlatform::Trying to set the existing hwdb with name design_1_wrapper_28
TRACE::2025-03-28.17:53:27::SCWPlatform::Opened existing hwdb design_1_wrapper_28
TRACE::2025-03-28.17:53:27::SCWPlatform::Found the Hw Db part of the input DSA
TRACE::2025-03-28.17:53:27::SCWMssOS::Checking the sw design at  E:/kevin/myCode/microBlaze1/vitisJson/syncBlaze/microblaze_0/standalone_domain/bsp/system.mss
TRACE::2025-03-28.17:53:27::SCWMssOS::DEBUG:  swdes dump  E:/kevin/myCode/microBlaze1/vitisJson/syncBlaze/microblaze_0/standalone_domain/bsp/system.mss|system||

TRACE::2025-03-28.17:53:27::SCWMssOS::Sw design exists and opened at  E:/kevin/myCode/microBlaze1/vitisJson/syncBlaze/microblaze_0/standalone_domain/bsp/system.mss
TRACE::2025-03-28.17:53:27::SCWWriter::formatted JSON is {
	"platformName":	"syncBlaze",
	"sprVersion":	"2.0",
	"mode":	"gui",
	"dsaType":	"Fixed",
	"platformDesc":	"syncBlaze",
	"platHandOff":	"E:/kevin/myCode/microBlaze1/design_1_wrapper.xsa",
	"platIntHandOff":	"<platformDir>/hw/design_1_wrapper.xsa",
	"deviceType":	"FPGA",
	"platIsPrebuiltAutogen":	"false",
	"platIsNoBootBsp":	"false",
	"hasFsblMakeHasChanges":	"false",
	"hasPmufwMakeHasChanges":	"false",
	"platPreBuiltFlag":	false,
	"platformSamplesDir":	"",
	"platActiveSys":	"syncBlaze",
	"systems":	[{
			"systemName":	"syncBlaze",
			"systemDesc":	"syncBlaze",
			"sysIsBootAutoGen":	"true",
			"systemDispName":	"syncBlaze",
			"sysActiveDom":	"standalone_domain",
			"sysDefaultDom":	"standalone_domain",
			"domains":	[{
					"domainName":	"standalone_domain",
					"domainDispName":	"standalone on microblaze_0",
					"domainDesc":	"standalone_domain",
					"processors":	"microblaze_0",
					"os":	"standalone",
					"sdxOs":	"standalone",
					"debugEnable":	"False",
					"domRuntimes":	["cpp"],
					"swRepo":	"",
					"mssOsVer":	"8.0",
					"mssFile":	"",
					"md5Digest":	"e2cdda41e7956801f4f51a65042beca0",
					"compatibleApp":	"",
					"domType":	"mssDomain",
					"arch":	"32-bit",
					"appSettings":	{
						"appCompilerFlags":	"",
						"appLinkerFlags":	""
					},
					"addedLibs":	[],
					"libOptions":	{
						"libsContainingOptions":	[]
					},
					"prebuiltLibs":	{
						"prebuiltIncPath":	[],
						"prebuiltLibPath":	[]
					},
					"isolation":	{
					}
				}]
		}]
}
KEYINFO::2025-03-28.17:53:27::SCWPlatform::updated the xpfm file.
TRACE::2025-03-28.17:53:28::SCWPlatform::Trying to open the hw design at E:/kevin/myCode/microBlaze1/vitisJson/syncBlaze/hw/design_1_wrapper.xsa
TRACE::2025-03-28.17:53:28::SCWPlatform::DSA given E:/kevin/myCode/microBlaze1/vitisJson/syncBlaze/hw/design_1_wrapper.xsa
TRACE::2025-03-28.17:53:28::SCWPlatform::DSA absoulate path E:/kevin/myCode/microBlaze1/vitisJson/syncBlaze/hw/design_1_wrapper.xsa
TRACE::2025-03-28.17:53:28::SCWPlatform::DSA directory E:/kevin/myCode/microBlaze1/vitisJson/syncBlaze/hw
TRACE::2025-03-28.17:53:28::SCWPlatform:: Platform Path E:/kevin/myCode/microBlaze1/vitisJson/syncBlaze/hw/design_1_wrapper.xsa
TRACE::2025-03-28.17:53:28::SCWPlatform:: Unique name xilinx:::0.0
TRACE::2025-03-28.17:53:28::SCWPlatform::Trying to set the existing hwdb with name design_1_wrapper_28
TRACE::2025-03-28.17:53:28::SCWPlatform::Opened existing hwdb design_1_wrapper_28
TRACE::2025-03-28.17:53:28::SCWPlatform::Found the Hw Db part of the input DSA
TRACE::2025-03-28.17:53:28::SCWMssOS::Checking the sw design at  E:/kevin/myCode/microBlaze1/vitisJson/syncBlaze/microblaze_0/standalone_domain/bsp/system.mss
TRACE::2025-03-28.17:53:28::SCWMssOS::DEBUG:  swdes dump  E:/kevin/myCode/microBlaze1/vitisJson/syncBlaze/microblaze_0/standalone_domain/bsp/system.mss|system||

TRACE::2025-03-28.17:53:28::SCWMssOS::Sw design exists and opened at  E:/kevin/myCode/microBlaze1/vitisJson/syncBlaze/microblaze_0/standalone_domain/bsp/system.mss
