22:45:55 DEBUG : Logs will be stored at 'E:/kevin/myCode/microBlaze1/vitisHome/IDE.log'.
22:45:55 INFO  : Launching XSCT server: xsct.bat -n  -interactive E:\kevin\myCode\microBlaze1\vitisHome\temp_xsdb_launch_script.tcl
22:45:56 INFO  : XSCT server has started successfully.
22:45:56 INFO  : plnx-install-location is set to ''
22:45:56 INFO  : Successfully done setting XSCT server connection channel  
22:45:56 INFO  : Successfully done setting workspace for the tool. 
22:45:57 INFO  : Successfully done query RDI_DATADIR 
22:45:57 INFO  : Registering command handlers for Vitis TCF services
22:45:57 INFO  : Platform repository initialization has completed.
22:47:25 INFO  : Hardware specification for platform project 'syncBlaze' is updated.
22:47:49 INFO  : Hardware specification for platform project 'syncBlaze' is updated.
22:48:16 INFO  : Hardware specification for platform project 'syncBlaze' is updated.
22:58:04 INFO  : Hardware specification for platform project 'syncBlaze' is updated.
22:58:27 INFO  : Result from executing command 'getProjects': syncBlaze
22:58:27 INFO  : Result from executing command 'getPlatforms': xilinx_vck190_base_202220_1|D:/vitis/Vitis/2022.2/base_platforms/xilinx_vck190_base_202220_1/xilinx_vck190_base_202220_1.xpfm;xilinx_vck190_base_dfx_202220_1|D:/vitis/Vitis/2022.2/base_platforms/xilinx_vck190_base_dfx_202220_1/xilinx_vck190_base_dfx_202220_1.xpfm;xilinx_vmk180_base_202220_1|D:/vitis/Vitis/2022.2/base_platforms/xilinx_vmk180_base_202220_1/xilinx_vmk180_base_202220_1.xpfm;xilinx_zcu102_base_202220_1|D:/vitis/Vitis/2022.2/base_platforms/xilinx_zcu102_base_202220_1/xilinx_zcu102_base_202220_1.xpfm;xilinx_zcu102_base_dfx_202220_1|D:/vitis/Vitis/2022.2/base_platforms/xilinx_zcu102_base_dfx_202220_1/xilinx_zcu102_base_dfx_202220_1.xpfm;xilinx_zcu104_base_202220_1|D:/vitis/Vitis/2022.2/base_platforms/xilinx_zcu104_base_202220_1/xilinx_zcu104_base_202220_1.xpfm
22:58:37 INFO  : Checking for BSP changes to sync application flags for project 'syncMain'...
22:59:10 INFO  : Hardware specification for platform project 'syncBlaze' is updated.
22:59:21 INFO  : Result from executing command 'getProjects': syncBlaze
22:59:21 INFO  : Result from executing command 'getPlatforms': syncBlaze|E:/kevin/myCode/microBlaze1/vitisHome/syncBlaze/export/syncBlaze/syncBlaze.xpfm;xilinx_vck190_base_202220_1|D:/vitis/Vitis/2022.2/base_platforms/xilinx_vck190_base_202220_1/xilinx_vck190_base_202220_1.xpfm;xilinx_vck190_base_dfx_202220_1|D:/vitis/Vitis/2022.2/base_platforms/xilinx_vck190_base_dfx_202220_1/xilinx_vck190_base_dfx_202220_1.xpfm;xilinx_vmk180_base_202220_1|D:/vitis/Vitis/2022.2/base_platforms/xilinx_vmk180_base_202220_1/xilinx_vmk180_base_202220_1.xpfm;xilinx_zcu102_base_202220_1|D:/vitis/Vitis/2022.2/base_platforms/xilinx_zcu102_base_202220_1/xilinx_zcu102_base_202220_1.xpfm;xilinx_zcu102_base_dfx_202220_1|D:/vitis/Vitis/2022.2/base_platforms/xilinx_zcu102_base_dfx_202220_1/xilinx_zcu102_base_dfx_202220_1.xpfm;xilinx_zcu104_base_202220_1|D:/vitis/Vitis/2022.2/base_platforms/xilinx_zcu104_base_202220_1/xilinx_zcu104_base_202220_1.xpfm
22:59:40 INFO  : Checking for BSP changes to sync application flags for project 'syncMain'...
22:59:49 INFO  : The hardware specification used by project 'syncMain' is out of sync with the platform. Resource files extracted from the hardware specification will be updated.
22:59:49 INFO  : The file 'E:\kevin\myCode\microBlaze1\vitisHome\syncMain\_ide\bitstream\design_1_wrapper.bit' stored in project is removed.
22:59:49 INFO  : The file 'E:\kevin\myCode\microBlaze1\vitisHome\syncMain\_ide\bitstream\design_1_wrapper.mmi' stored in project is removed.
22:59:49 INFO  : The updated bitstream files are copied from platform to folder 'E:\kevin\myCode\microBlaze1\vitisHome\syncMain\_ide\bitstream' in project 'syncMain'.
22:59:52 INFO  : Connected to target on host '127.0.0.1' and port '3121'.
22:59:52 INFO  : Jtag cable 'Digilent JTAG-HS2 201706300081' is selected.
22:59:52 INFO  : 'jtag frequency' command is executed.
22:59:52 INFO  : 'targets -set -filter {jtag_cable_name =~ "Digilent JTAG-HS2 201706300081" && level==0 && jtag_device_ctx=="jsn-JTAG-HS2-201706300081-13636093-0"}' command is executed.
23:00:00 INFO  : Device configured successfully with "E:/kevin/myCode/microBlaze1/vitisHome/syncMain/_ide/bitstream/design_1_wrapper.bit"
23:00:00 INFO  : Context for processor 'microblaze_0' is selected.
23:00:00 INFO  : Hardware design and registers information is loaded from 'E:/kevin/myCode/microBlaze1/vitisHome/syncBlaze/export/syncBlaze/hw/design_1_wrapper.xsa'.
23:00:00 INFO  : 'configparams mdm-detect-bscan-mask 2' command is executed.
23:00:00 INFO  : Context for processor 'microblaze_0' is selected.
23:00:00 INFO  : System reset is completed.
23:00:04 INFO  : 'after 3000' command is executed.
23:00:04 INFO  : Context for processor 'microblaze_0' is selected.
23:00:04 INFO  : The application 'E:/kevin/myCode/microBlaze1/vitisHome/syncMain/Debug/syncMain.elf' is downloaded to processor 'microblaze_0'.
23:00:04 INFO  : ----------------XSDB Script----------------
connect -url tcp:127.0.0.1:3121
targets -set -filter {jtag_cable_name =~ "Digilent JTAG-HS2 201706300081" && level==0 && jtag_device_ctx=="jsn-JTAG-HS2-201706300081-13636093-0"}
fpga -file E:/kevin/myCode/microBlaze1/vitisHome/syncMain/_ide/bitstream/design_1_wrapper.bit
targets -set -nocase -filter {name =~ "*microblaze*#0" && bscan=="USER2" }
loadhw -hw E:/kevin/myCode/microBlaze1/vitisHome/syncBlaze/export/syncBlaze/hw/design_1_wrapper.xsa -regs
configparams mdm-detect-bscan-mask 2
targets -set -nocase -filter {name =~ "*microblaze*#0" && bscan=="USER2" }
rst -system
after 3000
targets -set -nocase -filter {name =~ "*microblaze*#0" && bscan=="USER2" }
dow E:/kevin/myCode/microBlaze1/vitisHome/syncMain/Debug/syncMain.elf
----------------End of Script----------------

23:00:04 INFO  : Context for processor 'microblaze_0' is selected.
23:00:04 INFO  : 'con' command is executed.
23:00:04 INFO  : ----------------XSDB Script (After Launch)----------------
targets -set -nocase -filter {name =~ "*microblaze*#0" && bscan=="USER2" }
con
----------------End of Script----------------

23:00:04 INFO  : Launch script is exported to file 'E:\kevin\myCode\microBlaze1\vitisHome\syncMain_system\_ide\scripts\systemdebugger_syncmain_system_standalone.tcl'
23:15:50 INFO  : Disconnected from the channel tcfchan#3.
23:15:52 INFO  : Connected to target on host '127.0.0.1' and port '3121'.
23:15:53 INFO  : Jtag cable 'Digilent JTAG-HS2 201706300081' is selected.
23:15:53 INFO  : 'jtag frequency' command is executed.
23:15:53 INFO  : 'targets -set -filter {jtag_cable_name =~ "Digilent JTAG-HS2 201706300081" && level==0 && jtag_device_ctx=="jsn-JTAG-HS2-201706300081-13636093-0"}' command is executed.
23:16:01 INFO  : Device configured successfully with "E:/kevin/myCode/microBlaze1/vitisHome/syncMain/_ide/bitstream/design_1_wrapper.bit"
23:16:01 INFO  : Context for processor 'microblaze_0' is selected.
23:16:01 INFO  : Hardware design and registers information is loaded from 'E:/kevin/myCode/microBlaze1/vitisHome/syncBlaze/export/syncBlaze/hw/design_1_wrapper.xsa'.
23:16:01 INFO  : 'configparams mdm-detect-bscan-mask 2' command is executed.
23:16:01 INFO  : Context for processor 'microblaze_0' is selected.
23:16:01 INFO  : System reset is completed.
23:16:04 INFO  : Checking for BSP changes to sync application flags for project 'syncMain'...
23:16:04 INFO  : 'after 3000' command is executed.
23:16:04 INFO  : Context for processor 'microblaze_0' is selected.
23:16:04 INFO  : The application 'E:/kevin/myCode/microBlaze1/vitisHome/syncMain/Debug/syncMain.elf' is downloaded to processor 'microblaze_0'.
23:16:04 INFO  : ----------------XSDB Script----------------
connect -url tcp:127.0.0.1:3121
targets -set -filter {jtag_cable_name =~ "Digilent JTAG-HS2 201706300081" && level==0 && jtag_device_ctx=="jsn-JTAG-HS2-201706300081-13636093-0"}
fpga -file E:/kevin/myCode/microBlaze1/vitisHome/syncMain/_ide/bitstream/design_1_wrapper.bit
targets -set -nocase -filter {name =~ "*microblaze*#0" && bscan=="USER2" }
loadhw -hw E:/kevin/myCode/microBlaze1/vitisHome/syncBlaze/export/syncBlaze/hw/design_1_wrapper.xsa -regs
configparams mdm-detect-bscan-mask 2
targets -set -nocase -filter {name =~ "*microblaze*#0" && bscan=="USER2" }
rst -system
after 3000
targets -set -nocase -filter {name =~ "*microblaze*#0" && bscan=="USER2" }
dow E:/kevin/myCode/microBlaze1/vitisHome/syncMain/Debug/syncMain.elf
----------------End of Script----------------

23:16:04 INFO  : Context for processor 'microblaze_0' is selected.
23:16:04 INFO  : 'con' command is executed.
23:16:04 INFO  : ----------------XSDB Script (After Launch)----------------
targets -set -nocase -filter {name =~ "*microblaze*#0" && bscan=="USER2" }
con
----------------End of Script----------------

23:16:04 INFO  : Launch script is exported to file 'E:\kevin\myCode\microBlaze1\vitisHome\syncMain_system\_ide\scripts\systemdebugger_syncmain_system_standalone.tcl'
23:16:07 INFO  : Disconnected from the channel tcfchan#4.
23:16:12 INFO  : Connected to target on host '127.0.0.1' and port '3121'.
23:16:12 INFO  : Jtag cable 'Digilent JTAG-HS2 201706300081' is selected.
23:16:12 INFO  : 'jtag frequency' command is executed.
23:16:12 INFO  : 'targets -set -filter {jtag_cable_name =~ "Digilent JTAG-HS2 201706300081" && level==0 && jtag_device_ctx=="jsn-JTAG-HS2-201706300081-13636093-0"}' command is executed.
23:16:20 INFO  : Device configured successfully with "E:/kevin/myCode/microBlaze1/vitisHome/syncMain/_ide/bitstream/design_1_wrapper.bit"
23:16:20 INFO  : Context for processor 'microblaze_0' is selected.
23:16:20 INFO  : Hardware design and registers information is loaded from 'E:/kevin/myCode/microBlaze1/vitisHome/syncBlaze/export/syncBlaze/hw/design_1_wrapper.xsa'.
23:16:20 INFO  : 'configparams mdm-detect-bscan-mask 2' command is executed.
23:16:20 INFO  : Context for processor 'microblaze_0' is selected.
23:16:20 INFO  : System reset is completed.
23:16:23 INFO  : 'after 3000' command is executed.
23:16:23 INFO  : Context for processor 'microblaze_0' is selected.
23:16:23 INFO  : The application 'E:/kevin/myCode/microBlaze1/vitisHome/syncMain/Debug/syncMain.elf' is downloaded to processor 'microblaze_0'.
23:16:23 INFO  : ----------------XSDB Script----------------
connect -url tcp:127.0.0.1:3121
targets -set -filter {jtag_cable_name =~ "Digilent JTAG-HS2 201706300081" && level==0 && jtag_device_ctx=="jsn-JTAG-HS2-201706300081-13636093-0"}
fpga -file E:/kevin/myCode/microBlaze1/vitisHome/syncMain/_ide/bitstream/design_1_wrapper.bit
targets -set -nocase -filter {name =~ "*microblaze*#0" && bscan=="USER2" }
loadhw -hw E:/kevin/myCode/microBlaze1/vitisHome/syncBlaze/export/syncBlaze/hw/design_1_wrapper.xsa -regs
configparams mdm-detect-bscan-mask 2
targets -set -nocase -filter {name =~ "*microblaze*#0" && bscan=="USER2" }
rst -system
after 3000
targets -set -nocase -filter {name =~ "*microblaze*#0" && bscan=="USER2" }
dow E:/kevin/myCode/microBlaze1/vitisHome/syncMain/Debug/syncMain.elf
----------------End of Script----------------

23:16:23 INFO  : Context for processor 'microblaze_0' is selected.
23:16:23 INFO  : 'con' command is executed.
23:16:23 INFO  : ----------------XSDB Script (After Launch)----------------
targets -set -nocase -filter {name =~ "*microblaze*#0" && bscan=="USER2" }
con
----------------End of Script----------------

23:16:23 INFO  : Launch script is exported to file 'E:\kevin\myCode\microBlaze1\vitisHome\syncMain_system\_ide\scripts\systemdebugger_syncmain_system_standalone.tcl'
15:55:56 INFO  : Hardware specification for platform project 'syncBlaze' is updated.
15:56:07 INFO  : Result from executing command 'getProjects': syncBlaze
15:56:07 INFO  : Result from executing command 'getPlatforms': syncBlaze|E:/kevin/myCode/microBlaze1/vitisHome/syncBlaze/export/syncBlaze/syncBlaze.xpfm;xilinx_vck190_base_202220_1|D:/vitis/Vitis/2022.2/base_platforms/xilinx_vck190_base_202220_1/xilinx_vck190_base_202220_1.xpfm;xilinx_vck190_base_dfx_202220_1|D:/vitis/Vitis/2022.2/base_platforms/xilinx_vck190_base_dfx_202220_1/xilinx_vck190_base_dfx_202220_1.xpfm;xilinx_vmk180_base_202220_1|D:/vitis/Vitis/2022.2/base_platforms/xilinx_vmk180_base_202220_1/xilinx_vmk180_base_202220_1.xpfm;xilinx_zcu102_base_202220_1|D:/vitis/Vitis/2022.2/base_platforms/xilinx_zcu102_base_202220_1/xilinx_zcu102_base_202220_1.xpfm;xilinx_zcu102_base_dfx_202220_1|D:/vitis/Vitis/2022.2/base_platforms/xilinx_zcu102_base_dfx_202220_1/xilinx_zcu102_base_dfx_202220_1.xpfm;xilinx_zcu104_base_202220_1|D:/vitis/Vitis/2022.2/base_platforms/xilinx_zcu104_base_202220_1/xilinx_zcu104_base_202220_1.xpfm
15:56:19 INFO  : Checking for BSP changes to sync application flags for project 'syncMain'...
15:56:24 INFO  : Disconnected from the channel tcfchan#5.
15:56:24 INFO  : The hardware specification used by project 'syncMain' is out of sync with the platform. Resource files extracted from the hardware specification will be updated.
15:56:24 INFO  : The file 'E:\kevin\myCode\microBlaze1\vitisHome\syncMain\_ide\bitstream\design_1_wrapper.bit' stored in project is removed.
15:56:24 INFO  : The file 'E:\kevin\myCode\microBlaze1\vitisHome\syncMain\_ide\bitstream\design_1_wrapper.mmi' stored in project is removed.
15:56:24 INFO  : The updated bitstream files are copied from platform to folder 'E:\kevin\myCode\microBlaze1\vitisHome\syncMain\_ide\bitstream' in project 'syncMain'.
15:56:24 INFO  : Connected to target on host '127.0.0.1' and port '3121'.
15:56:24 INFO  : Jtag cable 'Digilent JTAG-HS2 201706300081' is selected.
15:56:24 INFO  : 'jtag frequency' command is executed.
15:56:24 INFO  : 'targets -set -filter {jtag_cable_name =~ "Digilent JTAG-HS2 201706300081" && level==0 && jtag_device_ctx=="jsn-JTAG-HS2-201706300081-13636093-0"}' command is executed.
15:56:33 INFO  : Device configured successfully with "E:/kevin/myCode/microBlaze1/vitisHome/syncMain/_ide/bitstream/design_1_wrapper.bit"
15:56:33 INFO  : Context for processor 'microblaze_0' is selected.
15:56:33 INFO  : Hardware design and registers information is loaded from 'E:/kevin/myCode/microBlaze1/vitisHome/syncBlaze/export/syncBlaze/hw/design_1_wrapper.xsa'.
15:56:33 INFO  : 'configparams mdm-detect-bscan-mask 2' command is executed.
15:56:33 INFO  : Context for processor 'microblaze_0' is selected.
15:56:33 INFO  : System reset is completed.
15:56:36 INFO  : 'after 3000' command is executed.
15:56:36 INFO  : Context for processor 'microblaze_0' is selected.
15:56:36 INFO  : The application 'E:/kevin/myCode/microBlaze1/vitisHome/syncMain/Debug/syncMain.elf' is downloaded to processor 'microblaze_0'.
15:56:36 INFO  : ----------------XSDB Script----------------
connect -url tcp:127.0.0.1:3121
targets -set -filter {jtag_cable_name =~ "Digilent JTAG-HS2 201706300081" && level==0 && jtag_device_ctx=="jsn-JTAG-HS2-201706300081-13636093-0"}
fpga -file E:/kevin/myCode/microBlaze1/vitisHome/syncMain/_ide/bitstream/design_1_wrapper.bit
targets -set -nocase -filter {name =~ "*microblaze*#0" && bscan=="USER2" }
loadhw -hw E:/kevin/myCode/microBlaze1/vitisHome/syncBlaze/export/syncBlaze/hw/design_1_wrapper.xsa -regs
configparams mdm-detect-bscan-mask 2
targets -set -nocase -filter {name =~ "*microblaze*#0" && bscan=="USER2" }
rst -system
after 3000
targets -set -nocase -filter {name =~ "*microblaze*#0" && bscan=="USER2" }
dow E:/kevin/myCode/microBlaze1/vitisHome/syncMain/Debug/syncMain.elf
----------------End of Script----------------

15:56:36 INFO  : Context for processor 'microblaze_0' is selected.
15:56:36 INFO  : 'con' command is executed.
15:56:36 INFO  : ----------------XSDB Script (After Launch)----------------
targets -set -nocase -filter {name =~ "*microblaze*#0" && bscan=="USER2" }
con
----------------End of Script----------------

15:56:36 INFO  : Launch script is exported to file 'E:\kevin\myCode\microBlaze1\vitisHome\syncMain_system\_ide\scripts\systemdebugger_syncmain_system_standalone.tcl'
15:58:32 INFO  : Disconnected from the channel tcfchan#7.
15:58:34 INFO  : Checking for BSP changes to sync application flags for project 'syncMain'...
15:58:47 INFO  : Checking for BSP changes to sync application flags for project 'syncMain'...
15:58:55 INFO  : Connected to target on host '127.0.0.1' and port '3121'.
15:58:55 INFO  : Jtag cable 'Digilent JTAG-HS2 201706300081' is selected.
15:58:55 INFO  : 'jtag frequency' command is executed.
15:58:55 INFO  : 'targets -set -filter {jtag_cable_name =~ "Digilent JTAG-HS2 201706300081" && level==0 && jtag_device_ctx=="jsn-JTAG-HS2-201706300081-13636093-0"}' command is executed.
15:59:04 INFO  : Device configured successfully with "E:/kevin/myCode/microBlaze1/vitisHome/syncMain/_ide/bitstream/design_1_wrapper.bit"
15:59:04 INFO  : Context for processor 'microblaze_0' is selected.
15:59:04 INFO  : Hardware design and registers information is loaded from 'E:/kevin/myCode/microBlaze1/vitisHome/syncBlaze/export/syncBlaze/hw/design_1_wrapper.xsa'.
15:59:04 INFO  : 'configparams mdm-detect-bscan-mask 2' command is executed.
15:59:04 INFO  : Context for processor 'microblaze_0' is selected.
15:59:04 INFO  : System reset is completed.
15:59:07 INFO  : 'after 3000' command is executed.
15:59:07 INFO  : Context for processor 'microblaze_0' is selected.
15:59:07 INFO  : The application 'E:/kevin/myCode/microBlaze1/vitisHome/syncMain/Debug/syncMain.elf' is downloaded to processor 'microblaze_0'.
15:59:07 INFO  : ----------------XSDB Script----------------
connect -url tcp:127.0.0.1:3121
targets -set -filter {jtag_cable_name =~ "Digilent JTAG-HS2 201706300081" && level==0 && jtag_device_ctx=="jsn-JTAG-HS2-201706300081-13636093-0"}
fpga -file E:/kevin/myCode/microBlaze1/vitisHome/syncMain/_ide/bitstream/design_1_wrapper.bit
targets -set -nocase -filter {name =~ "*microblaze*#0" && bscan=="USER2" }
loadhw -hw E:/kevin/myCode/microBlaze1/vitisHome/syncBlaze/export/syncBlaze/hw/design_1_wrapper.xsa -regs
configparams mdm-detect-bscan-mask 2
targets -set -nocase -filter {name =~ "*microblaze*#0" && bscan=="USER2" }
rst -system
after 3000
targets -set -nocase -filter {name =~ "*microblaze*#0" && bscan=="USER2" }
dow E:/kevin/myCode/microBlaze1/vitisHome/syncMain/Debug/syncMain.elf
----------------End of Script----------------

15:59:07 INFO  : Context for processor 'microblaze_0' is selected.
15:59:07 INFO  : 'con' command is executed.
15:59:07 INFO  : ----------------XSDB Script (After Launch)----------------
targets -set -nocase -filter {name =~ "*microblaze*#0" && bscan=="USER2" }
con
----------------End of Script----------------

15:59:07 INFO  : Launch script is exported to file 'E:\kevin\myCode\microBlaze1\vitisHome\syncMain_system\_ide\scripts\systemdebugger_syncmain_system_standalone.tcl'
16:03:02 INFO  : Disconnected from the channel tcfchan#8.
16:03:05 INFO  : Checking for BSP changes to sync application flags for project 'syncMain'...
16:03:23 INFO  : Connected to target on host '127.0.0.1' and port '3121'.
16:03:23 INFO  : Jtag cable 'Digilent JTAG-HS2 201706300081' is selected.
16:03:23 INFO  : 'jtag frequency' command is executed.
16:03:23 INFO  : 'targets -set -filter {jtag_cable_name =~ "Digilent JTAG-HS2 201706300081" && level==0 && jtag_device_ctx=="jsn-JTAG-HS2-201706300081-13636093-0"}' command is executed.
16:03:31 INFO  : Device configured successfully with "E:/kevin/myCode/microBlaze1/vitisHome/syncMain/_ide/bitstream/design_1_wrapper.bit"
16:03:31 INFO  : Context for processor 'microblaze_0' is selected.
16:03:31 INFO  : Hardware design and registers information is loaded from 'E:/kevin/myCode/microBlaze1/vitisHome/syncBlaze/export/syncBlaze/hw/design_1_wrapper.xsa'.
16:03:31 INFO  : 'configparams mdm-detect-bscan-mask 2' command is executed.
16:03:31 INFO  : Context for processor 'microblaze_0' is selected.
16:03:31 INFO  : System reset is completed.
16:03:34 INFO  : 'after 3000' command is executed.
16:03:34 INFO  : Context for processor 'microblaze_0' is selected.
16:03:34 INFO  : The application 'E:/kevin/myCode/microBlaze1/vitisHome/syncMain/Debug/syncMain.elf' is downloaded to processor 'microblaze_0'.
16:03:34 INFO  : ----------------XSDB Script----------------
connect -url tcp:127.0.0.1:3121
targets -set -filter {jtag_cable_name =~ "Digilent JTAG-HS2 201706300081" && level==0 && jtag_device_ctx=="jsn-JTAG-HS2-201706300081-13636093-0"}
fpga -file E:/kevin/myCode/microBlaze1/vitisHome/syncMain/_ide/bitstream/design_1_wrapper.bit
targets -set -nocase -filter {name =~ "*microblaze*#0" && bscan=="USER2" }
loadhw -hw E:/kevin/myCode/microBlaze1/vitisHome/syncBlaze/export/syncBlaze/hw/design_1_wrapper.xsa -regs
configparams mdm-detect-bscan-mask 2
targets -set -nocase -filter {name =~ "*microblaze*#0" && bscan=="USER2" }
rst -system
after 3000
targets -set -nocase -filter {name =~ "*microblaze*#0" && bscan=="USER2" }
dow E:/kevin/myCode/microBlaze1/vitisHome/syncMain/Debug/syncMain.elf
----------------End of Script----------------

16:03:34 INFO  : Context for processor 'microblaze_0' is selected.
16:03:34 INFO  : 'con' command is executed.
16:03:34 INFO  : ----------------XSDB Script (After Launch)----------------
targets -set -nocase -filter {name =~ "*microblaze*#0" && bscan=="USER2" }
con
----------------End of Script----------------

16:03:34 INFO  : Launch script is exported to file 'E:\kevin\myCode\microBlaze1\vitisHome\syncMain_system\_ide\scripts\systemdebugger_syncmain_system_standalone.tcl'
16:04:39 INFO  : Disconnected from the channel tcfchan#9.
16:04:42 INFO  : Checking for BSP changes to sync application flags for project 'syncMain'...
16:04:46 INFO  : Connected to target on host '127.0.0.1' and port '3121'.
16:04:46 INFO  : Jtag cable 'Digilent JTAG-HS2 201706300081' is selected.
16:04:46 INFO  : 'jtag frequency' command is executed.
16:04:46 INFO  : 'targets -set -filter {jtag_cable_name =~ "Digilent JTAG-HS2 201706300081" && level==0 && jtag_device_ctx=="jsn-JTAG-HS2-201706300081-13636093-0"}' command is executed.
16:04:54 INFO  : Device configured successfully with "E:/kevin/myCode/microBlaze1/vitisHome/syncMain/_ide/bitstream/design_1_wrapper.bit"
16:04:54 INFO  : Context for processor 'microblaze_0' is selected.
16:04:54 INFO  : Hardware design and registers information is loaded from 'E:/kevin/myCode/microBlaze1/vitisHome/syncBlaze/export/syncBlaze/hw/design_1_wrapper.xsa'.
16:04:54 INFO  : 'configparams mdm-detect-bscan-mask 2' command is executed.
16:04:54 INFO  : Context for processor 'microblaze_0' is selected.
16:04:54 INFO  : System reset is completed.
16:04:57 INFO  : 'after 3000' command is executed.
16:04:57 INFO  : Context for processor 'microblaze_0' is selected.
16:04:58 INFO  : The application 'E:/kevin/myCode/microBlaze1/vitisHome/syncMain/Debug/syncMain.elf' is downloaded to processor 'microblaze_0'.
16:04:58 INFO  : ----------------XSDB Script----------------
connect -url tcp:127.0.0.1:3121
targets -set -filter {jtag_cable_name =~ "Digilent JTAG-HS2 201706300081" && level==0 && jtag_device_ctx=="jsn-JTAG-HS2-201706300081-13636093-0"}
fpga -file E:/kevin/myCode/microBlaze1/vitisHome/syncMain/_ide/bitstream/design_1_wrapper.bit
targets -set -nocase -filter {name =~ "*microblaze*#0" && bscan=="USER2" }
loadhw -hw E:/kevin/myCode/microBlaze1/vitisHome/syncBlaze/export/syncBlaze/hw/design_1_wrapper.xsa -regs
configparams mdm-detect-bscan-mask 2
targets -set -nocase -filter {name =~ "*microblaze*#0" && bscan=="USER2" }
rst -system
after 3000
targets -set -nocase -filter {name =~ "*microblaze*#0" && bscan=="USER2" }
dow E:/kevin/myCode/microBlaze1/vitisHome/syncMain/Debug/syncMain.elf
----------------End of Script----------------

16:04:58 INFO  : Context for processor 'microblaze_0' is selected.
16:04:58 INFO  : 'con' command is executed.
16:04:58 INFO  : ----------------XSDB Script (After Launch)----------------
targets -set -nocase -filter {name =~ "*microblaze*#0" && bscan=="USER2" }
con
----------------End of Script----------------

16:04:58 INFO  : Launch script is exported to file 'E:\kevin\myCode\microBlaze1\vitisHome\syncMain_system\_ide\scripts\systemdebugger_syncmain_system_standalone.tcl'
16:09:16 INFO  : Disconnected from the channel tcfchan#10.
16:09:17 INFO  : Checking for BSP changes to sync application flags for project 'syncMain'...
16:09:33 INFO  : Connected to target on host '127.0.0.1' and port '3121'.
16:09:33 INFO  : Jtag cable 'Digilent JTAG-HS2 201706300081' is selected.
16:09:33 INFO  : 'jtag frequency' command is executed.
16:09:33 INFO  : 'targets -set -filter {jtag_cable_name =~ "Digilent JTAG-HS2 201706300081" && level==0 && jtag_device_ctx=="jsn-JTAG-HS2-201706300081-13636093-0"}' command is executed.
16:09:42 INFO  : Device configured successfully with "E:/kevin/myCode/microBlaze1/vitisHome/syncMain/_ide/bitstream/design_1_wrapper.bit"
16:09:42 INFO  : Context for processor 'microblaze_0' is selected.
16:09:42 INFO  : Hardware design and registers information is loaded from 'E:/kevin/myCode/microBlaze1/vitisHome/syncBlaze/export/syncBlaze/hw/design_1_wrapper.xsa'.
16:09:42 INFO  : 'configparams mdm-detect-bscan-mask 2' command is executed.
16:09:42 INFO  : Context for processor 'microblaze_0' is selected.
16:09:42 INFO  : System reset is completed.
16:09:45 INFO  : 'after 3000' command is executed.
16:09:45 INFO  : Context for processor 'microblaze_0' is selected.
16:09:45 INFO  : The application 'E:/kevin/myCode/microBlaze1/vitisHome/syncMain/Debug/syncMain.elf' is downloaded to processor 'microblaze_0'.
16:09:45 INFO  : ----------------XSDB Script----------------
connect -url tcp:127.0.0.1:3121
targets -set -filter {jtag_cable_name =~ "Digilent JTAG-HS2 201706300081" && level==0 && jtag_device_ctx=="jsn-JTAG-HS2-201706300081-13636093-0"}
fpga -file E:/kevin/myCode/microBlaze1/vitisHome/syncMain/_ide/bitstream/design_1_wrapper.bit
targets -set -nocase -filter {name =~ "*microblaze*#0" && bscan=="USER2" }
loadhw -hw E:/kevin/myCode/microBlaze1/vitisHome/syncBlaze/export/syncBlaze/hw/design_1_wrapper.xsa -regs
configparams mdm-detect-bscan-mask 2
targets -set -nocase -filter {name =~ "*microblaze*#0" && bscan=="USER2" }
rst -system
after 3000
targets -set -nocase -filter {name =~ "*microblaze*#0" && bscan=="USER2" }
dow E:/kevin/myCode/microBlaze1/vitisHome/syncMain/Debug/syncMain.elf
----------------End of Script----------------

16:09:45 INFO  : Context for processor 'microblaze_0' is selected.
16:09:45 INFO  : 'con' command is executed.
16:09:45 INFO  : ----------------XSDB Script (After Launch)----------------
targets -set -nocase -filter {name =~ "*microblaze*#0" && bscan=="USER2" }
con
----------------End of Script----------------

16:09:45 INFO  : Launch script is exported to file 'E:\kevin\myCode\microBlaze1\vitisHome\syncMain_system\_ide\scripts\systemdebugger_syncmain_system_standalone.tcl'
16:10:42 INFO  : Disconnected from the channel tcfchan#11.
16:10:43 INFO  : Checking for BSP changes to sync application flags for project 'syncMain'...
16:10:50 INFO  : Connected to target on host '127.0.0.1' and port '3121'.
16:10:50 INFO  : Jtag cable 'Digilent JTAG-HS2 201706300081' is selected.
16:10:50 INFO  : 'jtag frequency' command is executed.
16:10:50 INFO  : 'targets -set -filter {jtag_cable_name =~ "Digilent JTAG-HS2 201706300081" && level==0 && jtag_device_ctx=="jsn-JTAG-HS2-201706300081-13636093-0"}' command is executed.
16:10:58 INFO  : Device configured successfully with "E:/kevin/myCode/microBlaze1/vitisHome/syncMain/_ide/bitstream/design_1_wrapper.bit"
16:10:59 INFO  : Context for processor 'microblaze_0' is selected.
16:10:59 INFO  : Hardware design and registers information is loaded from 'E:/kevin/myCode/microBlaze1/vitisHome/syncBlaze/export/syncBlaze/hw/design_1_wrapper.xsa'.
16:10:59 INFO  : 'configparams mdm-detect-bscan-mask 2' command is executed.
16:10:59 INFO  : Context for processor 'microblaze_0' is selected.
16:10:59 INFO  : System reset is completed.
16:11:02 INFO  : 'after 3000' command is executed.
16:11:02 INFO  : Context for processor 'microblaze_0' is selected.
16:11:02 INFO  : The application 'E:/kevin/myCode/microBlaze1/vitisHome/syncMain/Debug/syncMain.elf' is downloaded to processor 'microblaze_0'.
16:11:02 INFO  : ----------------XSDB Script----------------
connect -url tcp:127.0.0.1:3121
targets -set -filter {jtag_cable_name =~ "Digilent JTAG-HS2 201706300081" && level==0 && jtag_device_ctx=="jsn-JTAG-HS2-201706300081-13636093-0"}
fpga -file E:/kevin/myCode/microBlaze1/vitisHome/syncMain/_ide/bitstream/design_1_wrapper.bit
targets -set -nocase -filter {name =~ "*microblaze*#0" && bscan=="USER2" }
loadhw -hw E:/kevin/myCode/microBlaze1/vitisHome/syncBlaze/export/syncBlaze/hw/design_1_wrapper.xsa -regs
configparams mdm-detect-bscan-mask 2
targets -set -nocase -filter {name =~ "*microblaze*#0" && bscan=="USER2" }
rst -system
after 3000
targets -set -nocase -filter {name =~ "*microblaze*#0" && bscan=="USER2" }
dow E:/kevin/myCode/microBlaze1/vitisHome/syncMain/Debug/syncMain.elf
----------------End of Script----------------

16:11:02 INFO  : Context for processor 'microblaze_0' is selected.
16:11:02 INFO  : 'con' command is executed.
16:11:02 INFO  : ----------------XSDB Script (After Launch)----------------
targets -set -nocase -filter {name =~ "*microblaze*#0" && bscan=="USER2" }
con
----------------End of Script----------------

16:11:02 INFO  : Launch script is exported to file 'E:\kevin\myCode\microBlaze1\vitisHome\syncMain_system\_ide\scripts\systemdebugger_syncmain_system_standalone.tcl'
16:20:41 INFO  : Disconnected from the channel tcfchan#12.
16:20:41 INFO  : Connected to target on host '127.0.0.1' and port '3121'.
16:20:41 INFO  : Jtag cable 'Digilent JTAG-HS2 201706300081' is selected.
16:20:41 INFO  : 'jtag frequency' command is executed.
16:20:41 INFO  : 'targets -set -filter {jtag_cable_name =~ "Digilent JTAG-HS2 201706300081" && level==0 && jtag_device_ctx=="jsn-JTAG-HS2-201706300081-13636093-0"}' command is executed.
16:20:49 INFO  : Device configured successfully with "E:/kevin/myCode/microBlaze1/vitisHome/syncMain/_ide/bitstream/design_1_wrapper.bit"
16:20:49 INFO  : Context for processor 'microblaze_0' is selected.
16:20:49 INFO  : Hardware design and registers information is loaded from 'E:/kevin/myCode/microBlaze1/vitisHome/syncBlaze/export/syncBlaze/hw/design_1_wrapper.xsa'.
16:20:49 INFO  : 'configparams mdm-detect-bscan-mask 2' command is executed.
16:20:49 INFO  : Context for processor 'microblaze_0' is selected.
16:20:49 INFO  : System reset is completed.
16:20:52 INFO  : 'after 3000' command is executed.
16:20:52 INFO  : Context for processor 'microblaze_0' is selected.
16:20:53 INFO  : The application 'E:/kevin/myCode/microBlaze1/vitisHome/syncMain/Debug/syncMain.elf' is downloaded to processor 'microblaze_0'.
16:20:53 INFO  : ----------------XSDB Script----------------
connect -url tcp:127.0.0.1:3121
targets -set -filter {jtag_cable_name =~ "Digilent JTAG-HS2 201706300081" && level==0 && jtag_device_ctx=="jsn-JTAG-HS2-201706300081-13636093-0"}
fpga -file E:/kevin/myCode/microBlaze1/vitisHome/syncMain/_ide/bitstream/design_1_wrapper.bit
targets -set -nocase -filter {name =~ "*microblaze*#0" && bscan=="USER2" }
loadhw -hw E:/kevin/myCode/microBlaze1/vitisHome/syncBlaze/export/syncBlaze/hw/design_1_wrapper.xsa -regs
configparams mdm-detect-bscan-mask 2
targets -set -nocase -filter {name =~ "*microblaze*#0" && bscan=="USER2" }
rst -system
after 3000
targets -set -nocase -filter {name =~ "*microblaze*#0" && bscan=="USER2" }
dow E:/kevin/myCode/microBlaze1/vitisHome/syncMain/Debug/syncMain.elf
----------------End of Script----------------

16:20:53 INFO  : Context for processor 'microblaze_0' is selected.
16:20:53 INFO  : 'con' command is executed.
16:20:53 INFO  : ----------------XSDB Script (After Launch)----------------
targets -set -nocase -filter {name =~ "*microblaze*#0" && bscan=="USER2" }
con
----------------End of Script----------------

16:20:53 INFO  : Launch script is exported to file 'E:\kevin\myCode\microBlaze1\vitisHome\syncMain_system\_ide\scripts\systemdebugger_syncmain_system_standalone.tcl'
16:20:54 INFO  : Checking for BSP changes to sync application flags for project 'syncMain'...
16:20:57 INFO  : Disconnected from the channel tcfchan#13.
16:21:02 INFO  : Connected to target on host '127.0.0.1' and port '3121'.
16:21:02 INFO  : Jtag cable 'Digilent JTAG-HS2 201706300081' is selected.
16:21:02 INFO  : 'jtag frequency' command is executed.
16:21:02 INFO  : 'targets -set -filter {jtag_cable_name =~ "Digilent JTAG-HS2 201706300081" && level==0 && jtag_device_ctx=="jsn-JTAG-HS2-201706300081-13636093-0"}' command is executed.
16:21:10 INFO  : Device configured successfully with "E:/kevin/myCode/microBlaze1/vitisHome/syncMain/_ide/bitstream/design_1_wrapper.bit"
16:21:10 INFO  : Context for processor 'microblaze_0' is selected.
16:21:10 INFO  : Hardware design and registers information is loaded from 'E:/kevin/myCode/microBlaze1/vitisHome/syncBlaze/export/syncBlaze/hw/design_1_wrapper.xsa'.
16:21:10 INFO  : 'configparams mdm-detect-bscan-mask 2' command is executed.
16:21:10 INFO  : Context for processor 'microblaze_0' is selected.
16:21:10 INFO  : System reset is completed.
16:21:13 INFO  : 'after 3000' command is executed.
16:21:13 INFO  : Context for processor 'microblaze_0' is selected.
16:21:14 INFO  : The application 'E:/kevin/myCode/microBlaze1/vitisHome/syncMain/Debug/syncMain.elf' is downloaded to processor 'microblaze_0'.
16:21:14 INFO  : ----------------XSDB Script----------------
connect -url tcp:127.0.0.1:3121
targets -set -filter {jtag_cable_name =~ "Digilent JTAG-HS2 201706300081" && level==0 && jtag_device_ctx=="jsn-JTAG-HS2-201706300081-13636093-0"}
fpga -file E:/kevin/myCode/microBlaze1/vitisHome/syncMain/_ide/bitstream/design_1_wrapper.bit
targets -set -nocase -filter {name =~ "*microblaze*#0" && bscan=="USER2" }
loadhw -hw E:/kevin/myCode/microBlaze1/vitisHome/syncBlaze/export/syncBlaze/hw/design_1_wrapper.xsa -regs
configparams mdm-detect-bscan-mask 2
targets -set -nocase -filter {name =~ "*microblaze*#0" && bscan=="USER2" }
rst -system
after 3000
targets -set -nocase -filter {name =~ "*microblaze*#0" && bscan=="USER2" }
dow E:/kevin/myCode/microBlaze1/vitisHome/syncMain/Debug/syncMain.elf
----------------End of Script----------------

16:21:14 INFO  : Context for processor 'microblaze_0' is selected.
16:21:14 INFO  : 'con' command is executed.
16:21:14 INFO  : ----------------XSDB Script (After Launch)----------------
targets -set -nocase -filter {name =~ "*microblaze*#0" && bscan=="USER2" }
con
----------------End of Script----------------

16:21:14 INFO  : Launch script is exported to file 'E:\kevin\myCode\microBlaze1\vitisHome\syncMain_system\_ide\scripts\systemdebugger_syncmain_system_standalone.tcl'
16:25:34 INFO  : Checking for BSP changes to sync application flags for project 'syncMain'...
16:31:35 INFO  : Hardware specification for platform project 'syncBlaze' is updated.
16:31:42 INFO  : Result from executing command 'getProjects': syncBlaze
16:31:42 INFO  : Result from executing command 'getPlatforms': xilinx_vck190_base_202220_1|D:/vitis/Vitis/2022.2/base_platforms/xilinx_vck190_base_202220_1/xilinx_vck190_base_202220_1.xpfm;xilinx_vck190_base_dfx_202220_1|D:/vitis/Vitis/2022.2/base_platforms/xilinx_vck190_base_dfx_202220_1/xilinx_vck190_base_dfx_202220_1.xpfm;xilinx_vmk180_base_202220_1|D:/vitis/Vitis/2022.2/base_platforms/xilinx_vmk180_base_202220_1/xilinx_vmk180_base_202220_1.xpfm;xilinx_zcu102_base_202220_1|D:/vitis/Vitis/2022.2/base_platforms/xilinx_zcu102_base_202220_1/xilinx_zcu102_base_202220_1.xpfm;xilinx_zcu102_base_dfx_202220_1|D:/vitis/Vitis/2022.2/base_platforms/xilinx_zcu102_base_dfx_202220_1/xilinx_zcu102_base_dfx_202220_1.xpfm;xilinx_zcu104_base_202220_1|D:/vitis/Vitis/2022.2/base_platforms/xilinx_zcu104_base_202220_1/xilinx_zcu104_base_202220_1.xpfm
16:31:48 ERROR : XSCT server calls should not be made from TCF thread.
java.lang.RuntimeException: XSCT server calls should not be made from TCF thread.
	at com.xilinx.sdk.xsdb.XSDBCommandManager.issueAndWait(XSDBCommandManager.java:392) [com.xilinx.sdk.xsdb_1.0.0.202210132147.jar:?]
	at com.xilinx.sdk.xsdb.XsdbCommandUtils.executeAndRespond(XsdbCommandUtils.java:325) [com.xilinx.sdk.xsdb_1.0.0.202210132147.jar:?]
	at com.xilinx.sdk.hw.internal.HwPlatform.dispose(HwPlatform.java:1325) [com.xilinx.sdk.hw_1.0.0.202210132147.jar:?]
	at com.xilinx.sdk.hw.internal.HwSpecFactory.removeHwSpec(HwSpecFactory.java:92) [com.xilinx.sdk.hw_1.0.0.202210132147.jar:?]
	at com.xilinx.sdk.hw.internal.HwSpecFactory.validateGetFromCache(HwSpecFactory.java:78) [com.xilinx.sdk.hw_1.0.0.202210132147.jar:?]
	at com.xilinx.sdk.hw.internal.HwSpecFactory.createHwSpec(HwSpecFactory.java:48) [com.xilinx.sdk.hw_1.0.0.202210132147.jar:?]
	at com.xilinx.sdx.sdsoc.debug.ui.SdsLaunchConfigUtil.createHwPlatform(SdsLaunchConfigUtil.java:57) [com.xilinx.sdx.sdsoc.debug.ui_1.0.0.202210132147.jar:?]
	at com.xilinx.sdx.sdsoc.debug.ui.SdsLaunchConfigModel.iniHwPlatform(SdsLaunchConfigModel.java:187) [com.xilinx.sdx.sdsoc.debug.ui_1.0.0.202210132147.jar:?]
	at com.xilinx.sdk.tcf.internal.debug.ui.common.BaseLaunchConfigModel.getHwPlatform(BaseLaunchConfigModel.java:577) [com.xilinx.sdk.tcf.debug_1.0.0.202210132147.jar:?]
	at com.xilinx.sdk.tcf.internal.debug.ui.common.BaseLaunchConfigModel.readCrossTriggerModel(BaseLaunchConfigModel.java:173) [com.xilinx.sdk.tcf.debug_1.0.0.202210132147.jar:?]
	at com.xilinx.sdk.tcf.internal.debug.ui.common.BaseLaunchConfigModel.readAndSetAttributes(BaseLaunchConfigModel.java:156) [com.xilinx.sdk.tcf.debug_1.0.0.202210132147.jar:?]
	at com.xilinx.sdx.sdsoc.debug.ui.SdsLaunchConfigModel.newInstance(SdsLaunchConfigModel.java:109) [com.xilinx.sdx.sdsoc.debug.ui_1.0.0.202210132147.jar:?]
	at com.xilinx.sdx.sdsoc.debug.launch.SdsTcfLaunchDelegate.createConfigModel(SdsTcfLaunchDelegate.java:85) [com.xilinx.sdx.sdsoc.debug_1.0.0.202210132147.jar:?]
	at com.xilinx.sdx.sdsoc.debug.launch.SdsTcfLaunchDelegate.generateReports(SdsTcfLaunchDelegate.java:641) [com.xilinx.sdx.sdsoc.debug_1.0.0.202210132147.jar:?]
	at com.xilinx.sdx.sdsoc.debug.launch.SdsTcfLaunchDelegate.onDisconnected(SdsTcfLaunchDelegate.java:615) [com.xilinx.sdx.sdsoc.debug_1.0.0.202210132147.jar:?]
	at org.eclipse.tcf.internal.debug.ui.model.TCFModelManager$1.onDisconnected(TCFModelManager.java:79) [org.eclipse.tcf.debug.ui_1.7.0.202210132147.jar:?]
	at org.eclipse.tcf.internal.debug.model.TCFLaunch.onDisconnected(TCFLaunch.java:532) [org.eclipse.tcf.debug_1.7.0.202210132147.jar:?]
	at org.eclipse.tcf.internal.debug.model.TCFLaunch$43.onChannelClosed(TCFLaunch.java:1643) [org.eclipse.tcf.debug_1.7.0.202210132147.jar:?]
	at org.eclipse.tcf.core.AbstractChannel$9.run(AbstractChannel.java:858) [org.eclipse.tcf.core_1.7.0.202210132147.jar:?]
	at org.eclipse.tcf.EventQueue.run(EventQueue.java:98) [org.eclipse.tcf_1.7.0.202210132147.jar:?]
	at java.lang.Thread.run(Thread.java:829) [?:?]
16:31:48 INFO  : Disconnected from the channel tcfchan#14.
16:31:54 INFO  : The hardware specification used by project 'syncMain' is out of sync with the platform. Resource files extracted from the hardware specification will be updated.
16:31:54 INFO  : The file 'E:\kevin\myCode\microBlaze1\vitisHome\syncMain\_ide\bitstream\design_1_wrapper.bit' stored in project is removed.
16:31:54 INFO  : The file 'E:\kevin\myCode\microBlaze1\vitisHome\syncMain\_ide\bitstream\design_1_wrapper.mmi' stored in project is removed.
16:31:54 INFO  : The updated bitstream files are copied from platform to folder 'E:\kevin\myCode\microBlaze1\vitisHome\syncMain\_ide\bitstream' in project 'syncMain'.
16:31:54 INFO  : Connected to target on host '127.0.0.1' and port '3121'.
16:31:54 INFO  : Jtag cable 'Digilent JTAG-HS2 201706300081' is selected.
16:31:54 INFO  : 'jtag frequency' command is executed.
16:31:54 INFO  : 'targets -set -filter {jtag_cable_name =~ "Digilent JTAG-HS2 201706300081" && level==0 && jtag_device_ctx=="jsn-JTAG-HS2-201706300081-13636093-0"}' command is executed.
16:32:02 INFO  : Device configured successfully with "E:/kevin/myCode/microBlaze1/vitisHome/syncMain/_ide/bitstream/design_1_wrapper.bit"
16:32:02 INFO  : Context for processor 'microblaze_0' is selected.
16:32:02 INFO  : Hardware design and registers information is loaded from 'E:/kevin/myCode/microBlaze1/vitisHome/syncBlaze/export/syncBlaze/hw/design_1_wrapper.xsa'.
16:32:02 INFO  : 'configparams mdm-detect-bscan-mask 2' command is executed.
16:32:02 INFO  : Context for processor 'microblaze_0' is selected.
16:32:02 INFO  : System reset is completed.
16:32:05 INFO  : 'after 3000' command is executed.
16:32:05 INFO  : Context for processor 'microblaze_0' is selected.
16:32:06 INFO  : The application 'E:/kevin/myCode/microBlaze1/vitisHome/syncMain/Debug/syncMain.elf' is downloaded to processor 'microblaze_0'.
16:32:06 INFO  : ----------------XSDB Script----------------
connect -url tcp:127.0.0.1:3121
targets -set -filter {jtag_cable_name =~ "Digilent JTAG-HS2 201706300081" && level==0 && jtag_device_ctx=="jsn-JTAG-HS2-201706300081-13636093-0"}
fpga -file E:/kevin/myCode/microBlaze1/vitisHome/syncMain/_ide/bitstream/design_1_wrapper.bit
targets -set -nocase -filter {name =~ "*microblaze*#0" && bscan=="USER2" }
loadhw -hw E:/kevin/myCode/microBlaze1/vitisHome/syncBlaze/export/syncBlaze/hw/design_1_wrapper.xsa -regs
configparams mdm-detect-bscan-mask 2
targets -set -nocase -filter {name =~ "*microblaze*#0" && bscan=="USER2" }
rst -system
after 3000
targets -set -nocase -filter {name =~ "*microblaze*#0" && bscan=="USER2" }
dow E:/kevin/myCode/microBlaze1/vitisHome/syncMain/Debug/syncMain.elf
----------------End of Script----------------

16:32:06 INFO  : Context for processor 'microblaze_0' is selected.
16:32:06 INFO  : 'con' command is executed.
16:32:06 INFO  : ----------------XSDB Script (After Launch)----------------
targets -set -nocase -filter {name =~ "*microblaze*#0" && bscan=="USER2" }
con
----------------End of Script----------------

16:32:06 INFO  : Launch script is exported to file 'E:\kevin\myCode\microBlaze1\vitisHome\syncMain_system\_ide\scripts\systemdebugger_syncmain_system_standalone.tcl'
16:32:42 INFO  : Checking for BSP changes to sync application flags for project 'syncMain'...
16:32:44 INFO  : Disconnected from the channel tcfchan#16.
16:33:04 INFO  : Connected to target on host '127.0.0.1' and port '3121'.
16:33:04 INFO  : Jtag cable 'Digilent JTAG-HS2 201706300081' is selected.
16:33:04 INFO  : 'jtag frequency' command is executed.
16:33:04 INFO  : 'targets -set -filter {jtag_cable_name =~ "Digilent JTAG-HS2 201706300081" && level==0 && jtag_device_ctx=="jsn-JTAG-HS2-201706300081-13636093-0"}' command is executed.
16:33:12 INFO  : Device configured successfully with "E:/kevin/myCode/microBlaze1/vitisHome/syncMain/_ide/bitstream/design_1_wrapper.bit"
16:33:12 INFO  : Context for processor 'microblaze_0' is selected.
16:33:12 INFO  : Hardware design and registers information is loaded from 'E:/kevin/myCode/microBlaze1/vitisHome/syncBlaze/export/syncBlaze/hw/design_1_wrapper.xsa'.
16:33:12 INFO  : 'configparams mdm-detect-bscan-mask 2' command is executed.
16:33:12 INFO  : Context for processor 'microblaze_0' is selected.
16:33:12 INFO  : System reset is completed.
16:33:15 INFO  : 'after 3000' command is executed.
16:33:15 INFO  : Context for processor 'microblaze_0' is selected.
16:33:16 INFO  : The application 'E:/kevin/myCode/microBlaze1/vitisHome/syncMain/Debug/syncMain.elf' is downloaded to processor 'microblaze_0'.
16:33:16 INFO  : ----------------XSDB Script----------------
connect -url tcp:127.0.0.1:3121
targets -set -filter {jtag_cable_name =~ "Digilent JTAG-HS2 201706300081" && level==0 && jtag_device_ctx=="jsn-JTAG-HS2-201706300081-13636093-0"}
fpga -file E:/kevin/myCode/microBlaze1/vitisHome/syncMain/_ide/bitstream/design_1_wrapper.bit
targets -set -nocase -filter {name =~ "*microblaze*#0" && bscan=="USER2" }
loadhw -hw E:/kevin/myCode/microBlaze1/vitisHome/syncBlaze/export/syncBlaze/hw/design_1_wrapper.xsa -regs
configparams mdm-detect-bscan-mask 2
targets -set -nocase -filter {name =~ "*microblaze*#0" && bscan=="USER2" }
rst -system
after 3000
targets -set -nocase -filter {name =~ "*microblaze*#0" && bscan=="USER2" }
dow E:/kevin/myCode/microBlaze1/vitisHome/syncMain/Debug/syncMain.elf
----------------End of Script----------------

16:33:16 INFO  : Context for processor 'microblaze_0' is selected.
16:33:16 INFO  : 'con' command is executed.
16:33:16 INFO  : ----------------XSDB Script (After Launch)----------------
targets -set -nocase -filter {name =~ "*microblaze*#0" && bscan=="USER2" }
con
----------------End of Script----------------

16:33:16 INFO  : Launch script is exported to file 'E:\kevin\myCode\microBlaze1\vitisHome\syncMain_system\_ide\scripts\systemdebugger_syncmain_system_standalone.tcl'
16:34:34 INFO  : Disconnected from the channel tcfchan#17.
16:34:35 INFO  : Checking for BSP changes to sync application flags for project 'syncMain'...
16:34:55 INFO  : Connected to target on host '127.0.0.1' and port '3121'.
16:34:56 INFO  : Jtag cable 'Digilent JTAG-HS2 201706300081' is selected.
16:34:56 INFO  : 'jtag frequency' command is executed.
16:34:56 INFO  : 'targets -set -filter {jtag_cable_name =~ "Digilent JTAG-HS2 201706300081" && level==0 && jtag_device_ctx=="jsn-JTAG-HS2-201706300081-13636093-0"}' command is executed.
16:35:04 INFO  : Device configured successfully with "E:/kevin/myCode/microBlaze1/vitisHome/syncMain/_ide/bitstream/design_1_wrapper.bit"
16:35:04 INFO  : Context for processor 'microblaze_0' is selected.
16:35:04 INFO  : Hardware design and registers information is loaded from 'E:/kevin/myCode/microBlaze1/vitisHome/syncBlaze/export/syncBlaze/hw/design_1_wrapper.xsa'.
16:35:04 INFO  : 'configparams mdm-detect-bscan-mask 2' command is executed.
16:35:04 INFO  : Context for processor 'microblaze_0' is selected.
16:35:04 INFO  : System reset is completed.
16:35:07 INFO  : 'after 3000' command is executed.
16:35:07 INFO  : Context for processor 'microblaze_0' is selected.
16:35:07 INFO  : The application 'E:/kevin/myCode/microBlaze1/vitisHome/syncMain/Debug/syncMain.elf' is downloaded to processor 'microblaze_0'.
16:35:07 INFO  : ----------------XSDB Script----------------
connect -url tcp:127.0.0.1:3121
targets -set -filter {jtag_cable_name =~ "Digilent JTAG-HS2 201706300081" && level==0 && jtag_device_ctx=="jsn-JTAG-HS2-201706300081-13636093-0"}
fpga -file E:/kevin/myCode/microBlaze1/vitisHome/syncMain/_ide/bitstream/design_1_wrapper.bit
targets -set -nocase -filter {name =~ "*microblaze*#0" && bscan=="USER2" }
loadhw -hw E:/kevin/myCode/microBlaze1/vitisHome/syncBlaze/export/syncBlaze/hw/design_1_wrapper.xsa -regs
configparams mdm-detect-bscan-mask 2
targets -set -nocase -filter {name =~ "*microblaze*#0" && bscan=="USER2" }
rst -system
after 3000
targets -set -nocase -filter {name =~ "*microblaze*#0" && bscan=="USER2" }
dow E:/kevin/myCode/microBlaze1/vitisHome/syncMain/Debug/syncMain.elf
----------------End of Script----------------

16:35:07 INFO  : Context for processor 'microblaze_0' is selected.
16:35:07 INFO  : 'con' command is executed.
16:35:07 INFO  : ----------------XSDB Script (After Launch)----------------
targets -set -nocase -filter {name =~ "*microblaze*#0" && bscan=="USER2" }
con
----------------End of Script----------------

16:35:07 INFO  : Launch script is exported to file 'E:\kevin\myCode\microBlaze1\vitisHome\syncMain_system\_ide\scripts\systemdebugger_syncmain_system_standalone.tcl'
16:36:29 INFO  : Disconnected from the channel tcfchan#18.
16:36:30 INFO  : Checking for BSP changes to sync application flags for project 'syncMain'...
16:37:02 INFO  : Connected to target on host '127.0.0.1' and port '3121'.
16:37:02 INFO  : Jtag cable 'Digilent JTAG-HS2 201706300081' is selected.
16:37:02 INFO  : 'jtag frequency' command is executed.
16:37:02 INFO  : 'targets -set -filter {jtag_cable_name =~ "Digilent JTAG-HS2 201706300081" && level==0 && jtag_device_ctx=="jsn-JTAG-HS2-201706300081-13636093-0"}' command is executed.
16:37:11 INFO  : Device configured successfully with "E:/kevin/myCode/microBlaze1/vitisHome/syncMain/_ide/bitstream/design_1_wrapper.bit"
16:37:11 INFO  : Context for processor 'microblaze_0' is selected.
16:37:11 INFO  : Hardware design and registers information is loaded from 'E:/kevin/myCode/microBlaze1/vitisHome/syncBlaze/export/syncBlaze/hw/design_1_wrapper.xsa'.
16:37:11 INFO  : 'configparams mdm-detect-bscan-mask 2' command is executed.
16:37:11 INFO  : Context for processor 'microblaze_0' is selected.
16:37:11 INFO  : System reset is completed.
16:37:14 INFO  : 'after 3000' command is executed.
16:37:14 INFO  : Context for processor 'microblaze_0' is selected.
16:37:14 INFO  : The application 'E:/kevin/myCode/microBlaze1/vitisHome/syncMain/Debug/syncMain.elf' is downloaded to processor 'microblaze_0'.
16:37:14 INFO  : ----------------XSDB Script----------------
connect -url tcp:127.0.0.1:3121
targets -set -filter {jtag_cable_name =~ "Digilent JTAG-HS2 201706300081" && level==0 && jtag_device_ctx=="jsn-JTAG-HS2-201706300081-13636093-0"}
fpga -file E:/kevin/myCode/microBlaze1/vitisHome/syncMain/_ide/bitstream/design_1_wrapper.bit
targets -set -nocase -filter {name =~ "*microblaze*#0" && bscan=="USER2" }
loadhw -hw E:/kevin/myCode/microBlaze1/vitisHome/syncBlaze/export/syncBlaze/hw/design_1_wrapper.xsa -regs
configparams mdm-detect-bscan-mask 2
targets -set -nocase -filter {name =~ "*microblaze*#0" && bscan=="USER2" }
rst -system
after 3000
targets -set -nocase -filter {name =~ "*microblaze*#0" && bscan=="USER2" }
dow E:/kevin/myCode/microBlaze1/vitisHome/syncMain/Debug/syncMain.elf
----------------End of Script----------------

16:37:14 INFO  : Context for processor 'microblaze_0' is selected.
16:37:14 INFO  : 'con' command is executed.
16:37:14 INFO  : ----------------XSDB Script (After Launch)----------------
targets -set -nocase -filter {name =~ "*microblaze*#0" && bscan=="USER2" }
con
----------------End of Script----------------

16:37:14 INFO  : Launch script is exported to file 'E:\kevin\myCode\microBlaze1\vitisHome\syncMain_system\_ide\scripts\systemdebugger_syncmain_system_standalone.tcl'
16:47:03 INFO  : Disconnected from the channel tcfchan#19.
16:47:04 INFO  : Checking for BSP changes to sync application flags for project 'syncMain'...
16:47:19 INFO  : Connected to target on host '127.0.0.1' and port '3121'.
16:47:19 INFO  : Jtag cable 'Digilent JTAG-HS2 201706300081' is selected.
16:47:19 INFO  : 'jtag frequency' command is executed.
16:47:19 INFO  : 'targets -set -filter {jtag_cable_name =~ "Digilent JTAG-HS2 201706300081" && level==0 && jtag_device_ctx=="jsn-JTAG-HS2-201706300081-13636093-0"}' command is executed.
16:47:27 INFO  : Device configured successfully with "E:/kevin/myCode/microBlaze1/vitisHome/syncMain/_ide/bitstream/design_1_wrapper.bit"
16:47:27 INFO  : Context for processor 'microblaze_0' is selected.
16:47:27 INFO  : Hardware design and registers information is loaded from 'E:/kevin/myCode/microBlaze1/vitisHome/syncBlaze/export/syncBlaze/hw/design_1_wrapper.xsa'.
16:47:27 INFO  : 'configparams mdm-detect-bscan-mask 2' command is executed.
16:47:27 INFO  : Context for processor 'microblaze_0' is selected.
16:47:27 INFO  : System reset is completed.
16:47:30 INFO  : 'after 3000' command is executed.
16:47:30 INFO  : Context for processor 'microblaze_0' is selected.
16:47:31 INFO  : The application 'E:/kevin/myCode/microBlaze1/vitisHome/syncMain/Debug/syncMain.elf' is downloaded to processor 'microblaze_0'.
16:47:31 INFO  : ----------------XSDB Script----------------
connect -url tcp:127.0.0.1:3121
targets -set -filter {jtag_cable_name =~ "Digilent JTAG-HS2 201706300081" && level==0 && jtag_device_ctx=="jsn-JTAG-HS2-201706300081-13636093-0"}
fpga -file E:/kevin/myCode/microBlaze1/vitisHome/syncMain/_ide/bitstream/design_1_wrapper.bit
targets -set -nocase -filter {name =~ "*microblaze*#0" && bscan=="USER2" }
loadhw -hw E:/kevin/myCode/microBlaze1/vitisHome/syncBlaze/export/syncBlaze/hw/design_1_wrapper.xsa -regs
configparams mdm-detect-bscan-mask 2
targets -set -nocase -filter {name =~ "*microblaze*#0" && bscan=="USER2" }
rst -system
after 3000
targets -set -nocase -filter {name =~ "*microblaze*#0" && bscan=="USER2" }
dow E:/kevin/myCode/microBlaze1/vitisHome/syncMain/Debug/syncMain.elf
----------------End of Script----------------

16:47:31 INFO  : Context for processor 'microblaze_0' is selected.
16:47:31 INFO  : 'con' command is executed.
16:47:31 INFO  : ----------------XSDB Script (After Launch)----------------
targets -set -nocase -filter {name =~ "*microblaze*#0" && bscan=="USER2" }
con
----------------End of Script----------------

16:47:31 INFO  : Launch script is exported to file 'E:\kevin\myCode\microBlaze1\vitisHome\syncMain_system\_ide\scripts\systemdebugger_syncmain_system_standalone.tcl'
16:48:13 INFO  : Disconnected from the channel tcfchan#20.
16:48:14 INFO  : Checking for BSP changes to sync application flags for project 'syncMain'...
16:48:42 INFO  : Checking for BSP changes to sync application flags for project 'syncMain'...
16:48:48 INFO  : Connected to target on host '127.0.0.1' and port '3121'.
16:48:48 INFO  : Jtag cable 'Digilent JTAG-HS2 201706300081' is selected.
16:48:48 INFO  : 'jtag frequency' command is executed.
16:48:48 INFO  : 'targets -set -filter {jtag_cable_name =~ "Digilent JTAG-HS2 201706300081" && level==0 && jtag_device_ctx=="jsn-JTAG-HS2-201706300081-13636093-0"}' command is executed.
16:48:56 INFO  : Device configured successfully with "E:/kevin/myCode/microBlaze1/vitisHome/syncMain/_ide/bitstream/design_1_wrapper.bit"
16:48:57 INFO  : Context for processor 'microblaze_0' is selected.
16:48:57 INFO  : Hardware design and registers information is loaded from 'E:/kevin/myCode/microBlaze1/vitisHome/syncBlaze/export/syncBlaze/hw/design_1_wrapper.xsa'.
16:48:57 INFO  : 'configparams mdm-detect-bscan-mask 2' command is executed.
16:48:57 INFO  : Context for processor 'microblaze_0' is selected.
16:48:57 INFO  : System reset is completed.
16:49:00 INFO  : 'after 3000' command is executed.
16:49:00 INFO  : Context for processor 'microblaze_0' is selected.
16:49:00 INFO  : The application 'E:/kevin/myCode/microBlaze1/vitisHome/syncMain/Debug/syncMain.elf' is downloaded to processor 'microblaze_0'.
16:49:00 INFO  : ----------------XSDB Script----------------
connect -url tcp:127.0.0.1:3121
targets -set -filter {jtag_cable_name =~ "Digilent JTAG-HS2 201706300081" && level==0 && jtag_device_ctx=="jsn-JTAG-HS2-201706300081-13636093-0"}
fpga -file E:/kevin/myCode/microBlaze1/vitisHome/syncMain/_ide/bitstream/design_1_wrapper.bit
targets -set -nocase -filter {name =~ "*microblaze*#0" && bscan=="USER2" }
loadhw -hw E:/kevin/myCode/microBlaze1/vitisHome/syncBlaze/export/syncBlaze/hw/design_1_wrapper.xsa -regs
configparams mdm-detect-bscan-mask 2
targets -set -nocase -filter {name =~ "*microblaze*#0" && bscan=="USER2" }
rst -system
after 3000
targets -set -nocase -filter {name =~ "*microblaze*#0" && bscan=="USER2" }
dow E:/kevin/myCode/microBlaze1/vitisHome/syncMain/Debug/syncMain.elf
----------------End of Script----------------

16:49:00 INFO  : Context for processor 'microblaze_0' is selected.
16:49:00 INFO  : 'con' command is executed.
16:49:00 INFO  : ----------------XSDB Script (After Launch)----------------
targets -set -nocase -filter {name =~ "*microblaze*#0" && bscan=="USER2" }
con
----------------End of Script----------------

16:49:00 INFO  : Launch script is exported to file 'E:\kevin\myCode\microBlaze1\vitisHome\syncMain_system\_ide\scripts\systemdebugger_syncmain_system_standalone.tcl'
16:49:55 INFO  : Checking for BSP changes to sync application flags for project 'syncMain'...
16:49:57 INFO  : Disconnected from the channel tcfchan#21.
16:50:05 INFO  : Checking for BSP changes to sync application flags for project 'syncMain'...
16:50:07 INFO  : Connected to target on host '127.0.0.1' and port '3121'.
16:50:07 INFO  : Jtag cable 'Digilent JTAG-HS2 201706300081' is selected.
16:50:07 INFO  : 'jtag frequency' command is executed.
16:50:07 INFO  : 'targets -set -filter {jtag_cable_name =~ "Digilent JTAG-HS2 201706300081" && level==0 && jtag_device_ctx=="jsn-JTAG-HS2-201706300081-13636093-0"}' command is executed.
16:50:16 INFO  : Device configured successfully with "E:/kevin/myCode/microBlaze1/vitisHome/syncMain/_ide/bitstream/design_1_wrapper.bit"
16:50:16 INFO  : Context for processor 'microblaze_0' is selected.
16:50:16 INFO  : Hardware design and registers information is loaded from 'E:/kevin/myCode/microBlaze1/vitisHome/syncBlaze/export/syncBlaze/hw/design_1_wrapper.xsa'.
16:50:16 INFO  : 'configparams mdm-detect-bscan-mask 2' command is executed.
16:50:16 INFO  : Context for processor 'microblaze_0' is selected.
16:50:16 INFO  : System reset is completed.
16:50:19 INFO  : 'after 3000' command is executed.
16:50:19 INFO  : Context for processor 'microblaze_0' is selected.
16:50:19 INFO  : The application 'E:/kevin/myCode/microBlaze1/vitisHome/syncMain/Debug/syncMain.elf' is downloaded to processor 'microblaze_0'.
16:50:19 INFO  : ----------------XSDB Script----------------
connect -url tcp:127.0.0.1:3121
targets -set -filter {jtag_cable_name =~ "Digilent JTAG-HS2 201706300081" && level==0 && jtag_device_ctx=="jsn-JTAG-HS2-201706300081-13636093-0"}
fpga -file E:/kevin/myCode/microBlaze1/vitisHome/syncMain/_ide/bitstream/design_1_wrapper.bit
targets -set -nocase -filter {name =~ "*microblaze*#0" && bscan=="USER2" }
loadhw -hw E:/kevin/myCode/microBlaze1/vitisHome/syncBlaze/export/syncBlaze/hw/design_1_wrapper.xsa -regs
configparams mdm-detect-bscan-mask 2
targets -set -nocase -filter {name =~ "*microblaze*#0" && bscan=="USER2" }
rst -system
after 3000
targets -set -nocase -filter {name =~ "*microblaze*#0" && bscan=="USER2" }
dow E:/kevin/myCode/microBlaze1/vitisHome/syncMain/Debug/syncMain.elf
----------------End of Script----------------

16:50:19 INFO  : Context for processor 'microblaze_0' is selected.
16:50:19 INFO  : 'con' command is executed.
16:50:19 INFO  : ----------------XSDB Script (After Launch)----------------
targets -set -nocase -filter {name =~ "*microblaze*#0" && bscan=="USER2" }
con
----------------End of Script----------------

16:50:19 INFO  : Launch script is exported to file 'E:\kevin\myCode\microBlaze1\vitisHome\syncMain_system\_ide\scripts\systemdebugger_syncmain_system_standalone.tcl'
16:51:51 INFO  : Disconnected from the channel tcfchan#22.
16:51:52 INFO  : Checking for BSP changes to sync application flags for project 'syncMain'...
16:51:54 INFO  : Connected to target on host '127.0.0.1' and port '3121'.
16:51:54 INFO  : Jtag cable 'Digilent JTAG-HS2 201706300081' is selected.
16:51:54 INFO  : 'jtag frequency' command is executed.
16:51:55 INFO  : 'targets -set -filter {jtag_cable_name =~ "Digilent JTAG-HS2 201706300081" && level==0 && jtag_device_ctx=="jsn-JTAG-HS2-201706300081-13636093-0"}' command is executed.
16:52:03 INFO  : Device configured successfully with "E:/kevin/myCode/microBlaze1/vitisHome/syncMain/_ide/bitstream/design_1_wrapper.bit"
16:52:03 INFO  : Context for processor 'microblaze_0' is selected.
16:52:03 INFO  : Hardware design and registers information is loaded from 'E:/kevin/myCode/microBlaze1/vitisHome/syncBlaze/export/syncBlaze/hw/design_1_wrapper.xsa'.
16:52:03 INFO  : 'configparams mdm-detect-bscan-mask 2' command is executed.
16:52:03 INFO  : Context for processor 'microblaze_0' is selected.
16:52:03 INFO  : System reset is completed.
16:52:06 INFO  : 'after 3000' command is executed.
16:52:06 INFO  : Context for processor 'microblaze_0' is selected.
16:52:06 INFO  : The application 'E:/kevin/myCode/microBlaze1/vitisHome/syncMain/Debug/syncMain.elf' is downloaded to processor 'microblaze_0'.
16:52:06 INFO  : ----------------XSDB Script----------------
connect -url tcp:127.0.0.1:3121
targets -set -filter {jtag_cable_name =~ "Digilent JTAG-HS2 201706300081" && level==0 && jtag_device_ctx=="jsn-JTAG-HS2-201706300081-13636093-0"}
fpga -file E:/kevin/myCode/microBlaze1/vitisHome/syncMain/_ide/bitstream/design_1_wrapper.bit
targets -set -nocase -filter {name =~ "*microblaze*#0" && bscan=="USER2" }
loadhw -hw E:/kevin/myCode/microBlaze1/vitisHome/syncBlaze/export/syncBlaze/hw/design_1_wrapper.xsa -regs
configparams mdm-detect-bscan-mask 2
targets -set -nocase -filter {name =~ "*microblaze*#0" && bscan=="USER2" }
rst -system
after 3000
targets -set -nocase -filter {name =~ "*microblaze*#0" && bscan=="USER2" }
dow E:/kevin/myCode/microBlaze1/vitisHome/syncMain/Debug/syncMain.elf
----------------End of Script----------------

16:52:06 INFO  : Context for processor 'microblaze_0' is selected.
16:52:06 INFO  : 'con' command is executed.
16:52:06 INFO  : ----------------XSDB Script (After Launch)----------------
targets -set -nocase -filter {name =~ "*microblaze*#0" && bscan=="USER2" }
con
----------------End of Script----------------

16:52:06 INFO  : Launch script is exported to file 'E:\kevin\myCode\microBlaze1\vitisHome\syncMain_system\_ide\scripts\systemdebugger_syncmain_system_standalone.tcl'
16:52:45 INFO  : Disconnected from the channel tcfchan#23.
16:52:46 INFO  : Checking for BSP changes to sync application flags for project 'syncMain'...
16:52:50 INFO  : Connected to target on host '127.0.0.1' and port '3121'.
16:52:50 INFO  : Jtag cable 'Digilent JTAG-HS2 201706300081' is selected.
16:52:50 INFO  : 'jtag frequency' command is executed.
16:52:50 INFO  : 'targets -set -filter {jtag_cable_name =~ "Digilent JTAG-HS2 201706300081" && level==0 && jtag_device_ctx=="jsn-JTAG-HS2-201706300081-13636093-0"}' command is executed.
16:52:59 INFO  : Device configured successfully with "E:/kevin/myCode/microBlaze1/vitisHome/syncMain/_ide/bitstream/design_1_wrapper.bit"
16:52:59 INFO  : Context for processor 'microblaze_0' is selected.
16:52:59 INFO  : Hardware design and registers information is loaded from 'E:/kevin/myCode/microBlaze1/vitisHome/syncBlaze/export/syncBlaze/hw/design_1_wrapper.xsa'.
16:52:59 INFO  : 'configparams mdm-detect-bscan-mask 2' command is executed.
16:52:59 INFO  : Context for processor 'microblaze_0' is selected.
16:52:59 INFO  : System reset is completed.
16:53:02 INFO  : 'after 3000' command is executed.
16:53:02 INFO  : Context for processor 'microblaze_0' is selected.
16:53:02 INFO  : The application 'E:/kevin/myCode/microBlaze1/vitisHome/syncMain/Debug/syncMain.elf' is downloaded to processor 'microblaze_0'.
16:53:02 INFO  : ----------------XSDB Script----------------
connect -url tcp:127.0.0.1:3121
targets -set -filter {jtag_cable_name =~ "Digilent JTAG-HS2 201706300081" && level==0 && jtag_device_ctx=="jsn-JTAG-HS2-201706300081-13636093-0"}
fpga -file E:/kevin/myCode/microBlaze1/vitisHome/syncMain/_ide/bitstream/design_1_wrapper.bit
targets -set -nocase -filter {name =~ "*microblaze*#0" && bscan=="USER2" }
loadhw -hw E:/kevin/myCode/microBlaze1/vitisHome/syncBlaze/export/syncBlaze/hw/design_1_wrapper.xsa -regs
configparams mdm-detect-bscan-mask 2
targets -set -nocase -filter {name =~ "*microblaze*#0" && bscan=="USER2" }
rst -system
after 3000
targets -set -nocase -filter {name =~ "*microblaze*#0" && bscan=="USER2" }
dow E:/kevin/myCode/microBlaze1/vitisHome/syncMain/Debug/syncMain.elf
----------------End of Script----------------

16:53:02 INFO  : Context for processor 'microblaze_0' is selected.
16:53:02 INFO  : 'con' command is executed.
16:53:02 INFO  : ----------------XSDB Script (After Launch)----------------
targets -set -nocase -filter {name =~ "*microblaze*#0" && bscan=="USER2" }
con
----------------End of Script----------------

16:53:02 INFO  : Launch script is exported to file 'E:\kevin\myCode\microBlaze1\vitisHome\syncMain_system\_ide\scripts\systemdebugger_syncmain_system_standalone.tcl'
16:54:39 INFO  : Disconnected from the channel tcfchan#24.
16:54:40 INFO  : Checking for BSP changes to sync application flags for project 'syncMain'...
16:54:43 INFO  : Connected to target on host '127.0.0.1' and port '3121'.
16:54:43 INFO  : Jtag cable 'Digilent JTAG-HS2 201706300081' is selected.
16:54:43 INFO  : 'jtag frequency' command is executed.
16:54:43 INFO  : 'targets -set -filter {jtag_cable_name =~ "Digilent JTAG-HS2 201706300081" && level==0 && jtag_device_ctx=="jsn-JTAG-HS2-201706300081-13636093-0"}' command is executed.
16:54:51 INFO  : Device configured successfully with "E:/kevin/myCode/microBlaze1/vitisHome/syncMain/_ide/bitstream/design_1_wrapper.bit"
16:54:51 INFO  : Context for processor 'microblaze_0' is selected.
16:54:51 INFO  : Hardware design and registers information is loaded from 'E:/kevin/myCode/microBlaze1/vitisHome/syncBlaze/export/syncBlaze/hw/design_1_wrapper.xsa'.
16:54:51 INFO  : 'configparams mdm-detect-bscan-mask 2' command is executed.
16:54:51 INFO  : Context for processor 'microblaze_0' is selected.
16:54:51 INFO  : System reset is completed.
16:54:54 INFO  : 'after 3000' command is executed.
16:54:54 INFO  : Context for processor 'microblaze_0' is selected.
16:54:54 INFO  : The application 'E:/kevin/myCode/microBlaze1/vitisHome/syncMain/Debug/syncMain.elf' is downloaded to processor 'microblaze_0'.
16:54:54 INFO  : ----------------XSDB Script----------------
connect -url tcp:127.0.0.1:3121
targets -set -filter {jtag_cable_name =~ "Digilent JTAG-HS2 201706300081" && level==0 && jtag_device_ctx=="jsn-JTAG-HS2-201706300081-13636093-0"}
fpga -file E:/kevin/myCode/microBlaze1/vitisHome/syncMain/_ide/bitstream/design_1_wrapper.bit
targets -set -nocase -filter {name =~ "*microblaze*#0" && bscan=="USER2" }
loadhw -hw E:/kevin/myCode/microBlaze1/vitisHome/syncBlaze/export/syncBlaze/hw/design_1_wrapper.xsa -regs
configparams mdm-detect-bscan-mask 2
targets -set -nocase -filter {name =~ "*microblaze*#0" && bscan=="USER2" }
rst -system
after 3000
targets -set -nocase -filter {name =~ "*microblaze*#0" && bscan=="USER2" }
dow E:/kevin/myCode/microBlaze1/vitisHome/syncMain/Debug/syncMain.elf
----------------End of Script----------------

16:54:54 INFO  : Context for processor 'microblaze_0' is selected.
16:54:54 INFO  : 'con' command is executed.
16:54:54 INFO  : ----------------XSDB Script (After Launch)----------------
targets -set -nocase -filter {name =~ "*microblaze*#0" && bscan=="USER2" }
con
----------------End of Script----------------

16:54:54 INFO  : Launch script is exported to file 'E:\kevin\myCode\microBlaze1\vitisHome\syncMain_system\_ide\scripts\systemdebugger_syncmain_system_standalone.tcl'
17:00:00 INFO  : Disconnected from the channel tcfchan#25.
17:00:01 INFO  : Checking for BSP changes to sync application flags for project 'syncMain'...
17:00:04 INFO  : Connected to target on host '127.0.0.1' and port '3121'.
17:00:04 INFO  : Jtag cable 'Digilent JTAG-HS2 201706300081' is selected.
17:00:04 INFO  : 'jtag frequency' command is executed.
17:00:04 INFO  : 'targets -set -filter {jtag_cable_name =~ "Digilent JTAG-HS2 201706300081" && level==0 && jtag_device_ctx=="jsn-JTAG-HS2-201706300081-13636093-0"}' command is executed.
17:00:12 INFO  : Device configured successfully with "E:/kevin/myCode/microBlaze1/vitisHome/syncMain/_ide/bitstream/design_1_wrapper.bit"
17:00:12 INFO  : Context for processor 'microblaze_0' is selected.
17:00:12 INFO  : Hardware design and registers information is loaded from 'E:/kevin/myCode/microBlaze1/vitisHome/syncBlaze/export/syncBlaze/hw/design_1_wrapper.xsa'.
17:00:12 INFO  : 'configparams mdm-detect-bscan-mask 2' command is executed.
17:00:12 INFO  : Context for processor 'microblaze_0' is selected.
17:00:12 INFO  : System reset is completed.
17:00:15 INFO  : 'after 3000' command is executed.
17:00:15 INFO  : Context for processor 'microblaze_0' is selected.
17:00:15 INFO  : The application 'E:/kevin/myCode/microBlaze1/vitisHome/syncMain/Debug/syncMain.elf' is downloaded to processor 'microblaze_0'.
17:00:15 INFO  : ----------------XSDB Script----------------
connect -url tcp:127.0.0.1:3121
targets -set -filter {jtag_cable_name =~ "Digilent JTAG-HS2 201706300081" && level==0 && jtag_device_ctx=="jsn-JTAG-HS2-201706300081-13636093-0"}
fpga -file E:/kevin/myCode/microBlaze1/vitisHome/syncMain/_ide/bitstream/design_1_wrapper.bit
targets -set -nocase -filter {name =~ "*microblaze*#0" && bscan=="USER2" }
loadhw -hw E:/kevin/myCode/microBlaze1/vitisHome/syncBlaze/export/syncBlaze/hw/design_1_wrapper.xsa -regs
configparams mdm-detect-bscan-mask 2
targets -set -nocase -filter {name =~ "*microblaze*#0" && bscan=="USER2" }
rst -system
after 3000
targets -set -nocase -filter {name =~ "*microblaze*#0" && bscan=="USER2" }
dow E:/kevin/myCode/microBlaze1/vitisHome/syncMain/Debug/syncMain.elf
----------------End of Script----------------

17:00:15 INFO  : Context for processor 'microblaze_0' is selected.
17:00:15 INFO  : 'con' command is executed.
17:00:15 INFO  : ----------------XSDB Script (After Launch)----------------
targets -set -nocase -filter {name =~ "*microblaze*#0" && bscan=="USER2" }
con
----------------End of Script----------------

17:00:15 INFO  : Launch script is exported to file 'E:\kevin\myCode\microBlaze1\vitisHome\syncMain_system\_ide\scripts\systemdebugger_syncmain_system_standalone.tcl'
17:00:43 INFO  : Disconnected from the channel tcfchan#26.
17:00:44 INFO  : Checking for BSP changes to sync application flags for project 'syncMain'...
17:00:48 INFO  : Connected to target on host '127.0.0.1' and port '3121'.
17:00:48 INFO  : Jtag cable 'Digilent JTAG-HS2 201706300081' is selected.
17:00:48 INFO  : 'jtag frequency' command is executed.
17:00:48 INFO  : 'targets -set -filter {jtag_cable_name =~ "Digilent JTAG-HS2 201706300081" && level==0 && jtag_device_ctx=="jsn-JTAG-HS2-201706300081-13636093-0"}' command is executed.
17:00:56 INFO  : Device configured successfully with "E:/kevin/myCode/microBlaze1/vitisHome/syncMain/_ide/bitstream/design_1_wrapper.bit"
17:00:56 INFO  : Context for processor 'microblaze_0' is selected.
17:00:56 INFO  : Hardware design and registers information is loaded from 'E:/kevin/myCode/microBlaze1/vitisHome/syncBlaze/export/syncBlaze/hw/design_1_wrapper.xsa'.
17:00:56 INFO  : 'configparams mdm-detect-bscan-mask 2' command is executed.
17:00:56 INFO  : Context for processor 'microblaze_0' is selected.
17:00:56 INFO  : System reset is completed.
17:00:59 INFO  : 'after 3000' command is executed.
17:00:59 INFO  : Context for processor 'microblaze_0' is selected.
17:00:59 INFO  : The application 'E:/kevin/myCode/microBlaze1/vitisHome/syncMain/Debug/syncMain.elf' is downloaded to processor 'microblaze_0'.
17:00:59 INFO  : ----------------XSDB Script----------------
connect -url tcp:127.0.0.1:3121
targets -set -filter {jtag_cable_name =~ "Digilent JTAG-HS2 201706300081" && level==0 && jtag_device_ctx=="jsn-JTAG-HS2-201706300081-13636093-0"}
fpga -file E:/kevin/myCode/microBlaze1/vitisHome/syncMain/_ide/bitstream/design_1_wrapper.bit
targets -set -nocase -filter {name =~ "*microblaze*#0" && bscan=="USER2" }
loadhw -hw E:/kevin/myCode/microBlaze1/vitisHome/syncBlaze/export/syncBlaze/hw/design_1_wrapper.xsa -regs
configparams mdm-detect-bscan-mask 2
targets -set -nocase -filter {name =~ "*microblaze*#0" && bscan=="USER2" }
rst -system
after 3000
targets -set -nocase -filter {name =~ "*microblaze*#0" && bscan=="USER2" }
dow E:/kevin/myCode/microBlaze1/vitisHome/syncMain/Debug/syncMain.elf
----------------End of Script----------------

17:01:00 INFO  : Context for processor 'microblaze_0' is selected.
17:01:00 INFO  : 'con' command is executed.
17:01:00 INFO  : ----------------XSDB Script (After Launch)----------------
targets -set -nocase -filter {name =~ "*microblaze*#0" && bscan=="USER2" }
con
----------------End of Script----------------

17:01:00 INFO  : Launch script is exported to file 'E:\kevin\myCode\microBlaze1\vitisHome\syncMain_system\_ide\scripts\systemdebugger_syncmain_system_standalone.tcl'
17:02:02 INFO  : Disconnected from the channel tcfchan#27.
17:02:02 INFO  : Checking for BSP changes to sync application flags for project 'syncMain'...
17:02:21 INFO  : Connected to target on host '127.0.0.1' and port '3121'.
17:02:21 INFO  : Jtag cable 'Digilent JTAG-HS2 201706300081' is selected.
17:02:21 INFO  : 'jtag frequency' command is executed.
17:02:21 INFO  : 'targets -set -filter {jtag_cable_name =~ "Digilent JTAG-HS2 201706300081" && level==0 && jtag_device_ctx=="jsn-JTAG-HS2-201706300081-13636093-0"}' command is executed.
17:02:29 INFO  : Device configured successfully with "E:/kevin/myCode/microBlaze1/vitisHome/syncMain/_ide/bitstream/design_1_wrapper.bit"
17:02:29 INFO  : Context for processor 'microblaze_0' is selected.
17:02:30 INFO  : Hardware design and registers information is loaded from 'E:/kevin/myCode/microBlaze1/vitisHome/syncBlaze/export/syncBlaze/hw/design_1_wrapper.xsa'.
17:02:30 INFO  : 'configparams mdm-detect-bscan-mask 2' command is executed.
17:02:30 INFO  : Context for processor 'microblaze_0' is selected.
17:02:30 INFO  : System reset is completed.
17:02:33 INFO  : 'after 3000' command is executed.
17:02:33 INFO  : Context for processor 'microblaze_0' is selected.
17:02:33 INFO  : The application 'E:/kevin/myCode/microBlaze1/vitisHome/syncMain/Debug/syncMain.elf' is downloaded to processor 'microblaze_0'.
17:02:33 INFO  : ----------------XSDB Script----------------
connect -url tcp:127.0.0.1:3121
targets -set -filter {jtag_cable_name =~ "Digilent JTAG-HS2 201706300081" && level==0 && jtag_device_ctx=="jsn-JTAG-HS2-201706300081-13636093-0"}
fpga -file E:/kevin/myCode/microBlaze1/vitisHome/syncMain/_ide/bitstream/design_1_wrapper.bit
targets -set -nocase -filter {name =~ "*microblaze*#0" && bscan=="USER2" }
loadhw -hw E:/kevin/myCode/microBlaze1/vitisHome/syncBlaze/export/syncBlaze/hw/design_1_wrapper.xsa -regs
configparams mdm-detect-bscan-mask 2
targets -set -nocase -filter {name =~ "*microblaze*#0" && bscan=="USER2" }
rst -system
after 3000
targets -set -nocase -filter {name =~ "*microblaze*#0" && bscan=="USER2" }
dow E:/kevin/myCode/microBlaze1/vitisHome/syncMain/Debug/syncMain.elf
----------------End of Script----------------

17:02:33 INFO  : Context for processor 'microblaze_0' is selected.
17:02:33 INFO  : 'con' command is executed.
17:02:33 INFO  : ----------------XSDB Script (After Launch)----------------
targets -set -nocase -filter {name =~ "*microblaze*#0" && bscan=="USER2" }
con
----------------End of Script----------------

17:02:33 INFO  : Launch script is exported to file 'E:\kevin\myCode\microBlaze1\vitisHome\syncMain_system\_ide\scripts\systemdebugger_syncmain_system_standalone.tcl'
17:06:43 INFO  : Disconnected from the channel tcfchan#28.
17:06:43 INFO  : Checking for BSP changes to sync application flags for project 'syncMain'...
17:06:46 INFO  : Connected to target on host '127.0.0.1' and port '3121'.
17:06:46 INFO  : Jtag cable 'Digilent JTAG-HS2 201706300081' is selected.
17:06:46 INFO  : 'jtag frequency' command is executed.
17:06:46 INFO  : 'targets -set -filter {jtag_cable_name =~ "Digilent JTAG-HS2 201706300081" && level==0 && jtag_device_ctx=="jsn-JTAG-HS2-201706300081-13636093-0"}' command is executed.
17:06:54 INFO  : Device configured successfully with "E:/kevin/myCode/microBlaze1/vitisHome/syncMain/_ide/bitstream/design_1_wrapper.bit"
17:06:54 INFO  : Context for processor 'microblaze_0' is selected.
17:06:54 INFO  : Hardware design and registers information is loaded from 'E:/kevin/myCode/microBlaze1/vitisHome/syncBlaze/export/syncBlaze/hw/design_1_wrapper.xsa'.
17:06:54 INFO  : 'configparams mdm-detect-bscan-mask 2' command is executed.
17:06:54 INFO  : Context for processor 'microblaze_0' is selected.
17:06:54 INFO  : System reset is completed.
17:06:57 INFO  : 'after 3000' command is executed.
17:06:57 INFO  : Context for processor 'microblaze_0' is selected.
17:06:57 INFO  : The application 'E:/kevin/myCode/microBlaze1/vitisHome/syncMain/Debug/syncMain.elf' is downloaded to processor 'microblaze_0'.
17:06:57 INFO  : ----------------XSDB Script----------------
connect -url tcp:127.0.0.1:3121
targets -set -filter {jtag_cable_name =~ "Digilent JTAG-HS2 201706300081" && level==0 && jtag_device_ctx=="jsn-JTAG-HS2-201706300081-13636093-0"}
fpga -file E:/kevin/myCode/microBlaze1/vitisHome/syncMain/_ide/bitstream/design_1_wrapper.bit
targets -set -nocase -filter {name =~ "*microblaze*#0" && bscan=="USER2" }
loadhw -hw E:/kevin/myCode/microBlaze1/vitisHome/syncBlaze/export/syncBlaze/hw/design_1_wrapper.xsa -regs
configparams mdm-detect-bscan-mask 2
targets -set -nocase -filter {name =~ "*microblaze*#0" && bscan=="USER2" }
rst -system
after 3000
targets -set -nocase -filter {name =~ "*microblaze*#0" && bscan=="USER2" }
dow E:/kevin/myCode/microBlaze1/vitisHome/syncMain/Debug/syncMain.elf
----------------End of Script----------------

17:06:57 INFO  : Context for processor 'microblaze_0' is selected.
17:06:57 INFO  : 'con' command is executed.
17:06:57 INFO  : ----------------XSDB Script (After Launch)----------------
targets -set -nocase -filter {name =~ "*microblaze*#0" && bscan=="USER2" }
con
----------------End of Script----------------

17:06:57 INFO  : Launch script is exported to file 'E:\kevin\myCode\microBlaze1\vitisHome\syncMain_system\_ide\scripts\systemdebugger_syncmain_system_standalone.tcl'
17:43:19 INFO  : Disconnected from the channel tcfchan#29.
17:43:20 INFO  : Checking for BSP changes to sync application flags for project 'syncMain'...
17:43:23 INFO  : Connected to target on host '127.0.0.1' and port '3121'.
17:43:23 INFO  : Jtag cable 'Digilent JTAG-HS2 201706300081' is selected.
17:43:23 INFO  : 'jtag frequency' command is executed.
17:43:23 INFO  : 'targets -set -filter {jtag_cable_name =~ "Digilent JTAG-HS2 201706300081" && level==0 && jtag_device_ctx=="jsn-JTAG-HS2-201706300081-13636093-0"}' command is executed.
17:43:32 INFO  : Device configured successfully with "E:/kevin/myCode/microBlaze1/vitisHome/syncMain/_ide/bitstream/design_1_wrapper.bit"
17:43:32 INFO  : Context for processor 'microblaze_0' is selected.
17:43:32 INFO  : Hardware design and registers information is loaded from 'E:/kevin/myCode/microBlaze1/vitisHome/syncBlaze/export/syncBlaze/hw/design_1_wrapper.xsa'.
17:43:32 INFO  : 'configparams mdm-detect-bscan-mask 2' command is executed.
17:43:32 INFO  : Context for processor 'microblaze_0' is selected.
17:43:32 INFO  : System reset is completed.
17:43:35 INFO  : 'after 3000' command is executed.
17:43:35 INFO  : Context for processor 'microblaze_0' is selected.
17:43:35 INFO  : The application 'E:/kevin/myCode/microBlaze1/vitisHome/syncMain/Debug/syncMain.elf' is downloaded to processor 'microblaze_0'.
17:43:35 INFO  : ----------------XSDB Script----------------
connect -url tcp:127.0.0.1:3121
targets -set -filter {jtag_cable_name =~ "Digilent JTAG-HS2 201706300081" && level==0 && jtag_device_ctx=="jsn-JTAG-HS2-201706300081-13636093-0"}
fpga -file E:/kevin/myCode/microBlaze1/vitisHome/syncMain/_ide/bitstream/design_1_wrapper.bit
targets -set -nocase -filter {name =~ "*microblaze*#0" && bscan=="USER2" }
loadhw -hw E:/kevin/myCode/microBlaze1/vitisHome/syncBlaze/export/syncBlaze/hw/design_1_wrapper.xsa -regs
configparams mdm-detect-bscan-mask 2
targets -set -nocase -filter {name =~ "*microblaze*#0" && bscan=="USER2" }
rst -system
after 3000
targets -set -nocase -filter {name =~ "*microblaze*#0" && bscan=="USER2" }
dow E:/kevin/myCode/microBlaze1/vitisHome/syncMain/Debug/syncMain.elf
----------------End of Script----------------

17:43:35 INFO  : Context for processor 'microblaze_0' is selected.
17:43:35 INFO  : 'con' command is executed.
17:43:35 INFO  : ----------------XSDB Script (After Launch)----------------
targets -set -nocase -filter {name =~ "*microblaze*#0" && bscan=="USER2" }
con
----------------End of Script----------------

17:43:35 INFO  : Launch script is exported to file 'E:\kevin\myCode\microBlaze1\vitisHome\syncMain_system\_ide\scripts\systemdebugger_syncmain_system_standalone.tcl'
17:48:39 INFO  : Disconnected from the channel tcfchan#30.
17:48:40 INFO  : Checking for BSP changes to sync application flags for project 'syncMain'...
17:48:42 INFO  : Connected to target on host '127.0.0.1' and port '3121'.
17:48:42 INFO  : Jtag cable 'Digilent JTAG-HS2 201706300081' is selected.
17:48:42 INFO  : 'jtag frequency' command is executed.
17:48:42 INFO  : 'targets -set -filter {jtag_cable_name =~ "Digilent JTAG-HS2 201706300081" && level==0 && jtag_device_ctx=="jsn-JTAG-HS2-201706300081-13636093-0"}' command is executed.
17:48:50 INFO  : Device configured successfully with "E:/kevin/myCode/microBlaze1/vitisHome/syncMain/_ide/bitstream/design_1_wrapper.bit"
17:48:50 INFO  : Context for processor 'microblaze_0' is selected.
17:48:50 INFO  : Hardware design and registers information is loaded from 'E:/kevin/myCode/microBlaze1/vitisHome/syncBlaze/export/syncBlaze/hw/design_1_wrapper.xsa'.
17:48:50 INFO  : 'configparams mdm-detect-bscan-mask 2' command is executed.
17:48:50 INFO  : Context for processor 'microblaze_0' is selected.
17:48:50 INFO  : System reset is completed.
17:48:53 INFO  : 'after 3000' command is executed.
17:48:53 INFO  : Context for processor 'microblaze_0' is selected.
17:48:53 INFO  : The application 'E:/kevin/myCode/microBlaze1/vitisHome/syncMain/Debug/syncMain.elf' is downloaded to processor 'microblaze_0'.
17:48:53 INFO  : ----------------XSDB Script----------------
connect -url tcp:127.0.0.1:3121
targets -set -filter {jtag_cable_name =~ "Digilent JTAG-HS2 201706300081" && level==0 && jtag_device_ctx=="jsn-JTAG-HS2-201706300081-13636093-0"}
fpga -file E:/kevin/myCode/microBlaze1/vitisHome/syncMain/_ide/bitstream/design_1_wrapper.bit
targets -set -nocase -filter {name =~ "*microblaze*#0" && bscan=="USER2" }
loadhw -hw E:/kevin/myCode/microBlaze1/vitisHome/syncBlaze/export/syncBlaze/hw/design_1_wrapper.xsa -regs
configparams mdm-detect-bscan-mask 2
targets -set -nocase -filter {name =~ "*microblaze*#0" && bscan=="USER2" }
rst -system
after 3000
targets -set -nocase -filter {name =~ "*microblaze*#0" && bscan=="USER2" }
dow E:/kevin/myCode/microBlaze1/vitisHome/syncMain/Debug/syncMain.elf
----------------End of Script----------------

17:48:54 INFO  : Context for processor 'microblaze_0' is selected.
17:48:54 INFO  : 'con' command is executed.
17:48:54 INFO  : ----------------XSDB Script (After Launch)----------------
targets -set -nocase -filter {name =~ "*microblaze*#0" && bscan=="USER2" }
con
----------------End of Script----------------

17:48:54 INFO  : Launch script is exported to file 'E:\kevin\myCode\microBlaze1\vitisHome\syncMain_system\_ide\scripts\systemdebugger_syncmain_system_standalone.tcl'
17:49:12 INFO  : Disconnected from the channel tcfchan#31.
17:49:13 INFO  : Checking for BSP changes to sync application flags for project 'syncMain'...
17:49:21 INFO  : Connected to target on host '127.0.0.1' and port '3121'.
17:49:21 INFO  : Jtag cable 'Digilent JTAG-HS2 201706300081' is selected.
17:49:21 INFO  : 'jtag frequency' command is executed.
17:49:21 INFO  : 'targets -set -filter {jtag_cable_name =~ "Digilent JTAG-HS2 201706300081" && level==0 && jtag_device_ctx=="jsn-JTAG-HS2-201706300081-13636093-0"}' command is executed.
17:49:29 INFO  : Device configured successfully with "E:/kevin/myCode/microBlaze1/vitisHome/syncMain/_ide/bitstream/design_1_wrapper.bit"
17:49:29 INFO  : Context for processor 'microblaze_0' is selected.
17:49:29 INFO  : Hardware design and registers information is loaded from 'E:/kevin/myCode/microBlaze1/vitisHome/syncBlaze/export/syncBlaze/hw/design_1_wrapper.xsa'.
17:49:29 INFO  : 'configparams mdm-detect-bscan-mask 2' command is executed.
17:49:29 INFO  : Context for processor 'microblaze_0' is selected.
17:49:29 INFO  : System reset is completed.
17:49:32 INFO  : 'after 3000' command is executed.
17:49:32 INFO  : Context for processor 'microblaze_0' is selected.
17:49:33 INFO  : The application 'E:/kevin/myCode/microBlaze1/vitisHome/syncMain/Debug/syncMain.elf' is downloaded to processor 'microblaze_0'.
17:49:33 INFO  : ----------------XSDB Script----------------
connect -url tcp:127.0.0.1:3121
targets -set -filter {jtag_cable_name =~ "Digilent JTAG-HS2 201706300081" && level==0 && jtag_device_ctx=="jsn-JTAG-HS2-201706300081-13636093-0"}
fpga -file E:/kevin/myCode/microBlaze1/vitisHome/syncMain/_ide/bitstream/design_1_wrapper.bit
targets -set -nocase -filter {name =~ "*microblaze*#0" && bscan=="USER2" }
loadhw -hw E:/kevin/myCode/microBlaze1/vitisHome/syncBlaze/export/syncBlaze/hw/design_1_wrapper.xsa -regs
configparams mdm-detect-bscan-mask 2
targets -set -nocase -filter {name =~ "*microblaze*#0" && bscan=="USER2" }
rst -system
after 3000
targets -set -nocase -filter {name =~ "*microblaze*#0" && bscan=="USER2" }
dow E:/kevin/myCode/microBlaze1/vitisHome/syncMain/Debug/syncMain.elf
----------------End of Script----------------

17:49:33 INFO  : Context for processor 'microblaze_0' is selected.
17:49:33 INFO  : 'con' command is executed.
17:49:33 INFO  : ----------------XSDB Script (After Launch)----------------
targets -set -nocase -filter {name =~ "*microblaze*#0" && bscan=="USER2" }
con
----------------End of Script----------------

17:49:33 INFO  : Launch script is exported to file 'E:\kevin\myCode\microBlaze1\vitisHome\syncMain_system\_ide\scripts\systemdebugger_syncmain_system_standalone.tcl'
18:03:20 INFO  : Hardware specification for platform project 'syncBlaze' is updated.
18:03:30 INFO  : Result from executing command 'getProjects': syncBlaze
18:03:30 INFO  : Result from executing command 'getPlatforms': xilinx_vck190_base_202220_1|D:/vitis/Vitis/2022.2/base_platforms/xilinx_vck190_base_202220_1/xilinx_vck190_base_202220_1.xpfm;xilinx_vck190_base_dfx_202220_1|D:/vitis/Vitis/2022.2/base_platforms/xilinx_vck190_base_dfx_202220_1/xilinx_vck190_base_dfx_202220_1.xpfm;xilinx_vmk180_base_202220_1|D:/vitis/Vitis/2022.2/base_platforms/xilinx_vmk180_base_202220_1/xilinx_vmk180_base_202220_1.xpfm;xilinx_zcu102_base_202220_1|D:/vitis/Vitis/2022.2/base_platforms/xilinx_zcu102_base_202220_1/xilinx_zcu102_base_202220_1.xpfm;xilinx_zcu102_base_dfx_202220_1|D:/vitis/Vitis/2022.2/base_platforms/xilinx_zcu102_base_dfx_202220_1/xilinx_zcu102_base_dfx_202220_1.xpfm;xilinx_zcu104_base_202220_1|D:/vitis/Vitis/2022.2/base_platforms/xilinx_zcu104_base_202220_1/xilinx_zcu104_base_202220_1.xpfm
18:03:38 INFO  : Checking for BSP changes to sync application flags for project 'syncMain'...
18:03:42 ERROR : XSCT server calls should not be made from TCF thread.
java.lang.RuntimeException: XSCT server calls should not be made from TCF thread.
	at com.xilinx.sdk.xsdb.XSDBCommandManager.issueAndWait(XSDBCommandManager.java:392) [com.xilinx.sdk.xsdb_1.0.0.202210132147.jar:?]
	at com.xilinx.sdk.xsdb.XsdbCommandUtils.executeAndRespond(XsdbCommandUtils.java:325) [com.xilinx.sdk.xsdb_1.0.0.202210132147.jar:?]
	at com.xilinx.sdk.hw.internal.HwPlatform.populateDesignProps(HwPlatform.java:521) [com.xilinx.sdk.hw_1.0.0.202210132147.jar:?]
	at com.xilinx.sdk.hw.internal.HwPlatform.isZynq(HwPlatform.java:1101) [com.xilinx.sdk.hw_1.0.0.202210132147.jar:?]
	at com.xilinx.sdk.hw.internal.HwPlatform.getArchFamily(HwPlatform.java:587) [com.xilinx.sdk.hw_1.0.0.202210132147.jar:?]
	at com.xilinx.sdk.tcf.internal.debug.ui.common.BaseLaunchConfigModel.readCrossTriggerModel(BaseLaunchConfigModel.java:174) [com.xilinx.sdk.tcf.debug_1.0.0.202210132147.jar:?]
	at com.xilinx.sdk.tcf.internal.debug.ui.common.BaseLaunchConfigModel.readAndSetAttributes(BaseLaunchConfigModel.java:156) [com.xilinx.sdk.tcf.debug_1.0.0.202210132147.jar:?]
	at com.xilinx.sdx.sdsoc.debug.ui.SdsLaunchConfigModel.newInstance(SdsLaunchConfigModel.java:109) [com.xilinx.sdx.sdsoc.debug.ui_1.0.0.202210132147.jar:?]
	at com.xilinx.sdx.sdsoc.debug.launch.SdsTcfLaunchDelegate.createConfigModel(SdsTcfLaunchDelegate.java:85) [com.xilinx.sdx.sdsoc.debug_1.0.0.202210132147.jar:?]
	at com.xilinx.sdx.sdsoc.debug.launch.SdsTcfLaunchDelegate.generateReports(SdsTcfLaunchDelegate.java:641) [com.xilinx.sdx.sdsoc.debug_1.0.0.202210132147.jar:?]
	at com.xilinx.sdx.sdsoc.debug.launch.SdsTcfLaunchDelegate.onDisconnected(SdsTcfLaunchDelegate.java:615) [com.xilinx.sdx.sdsoc.debug_1.0.0.202210132147.jar:?]
	at org.eclipse.tcf.internal.debug.ui.model.TCFModelManager$1.onDisconnected(TCFModelManager.java:79) [org.eclipse.tcf.debug.ui_1.7.0.202210132147.jar:?]
	at org.eclipse.tcf.internal.debug.model.TCFLaunch.onDisconnected(TCFLaunch.java:532) [org.eclipse.tcf.debug_1.7.0.202210132147.jar:?]
	at org.eclipse.tcf.internal.debug.model.TCFLaunch$43.onChannelClosed(TCFLaunch.java:1643) [org.eclipse.tcf.debug_1.7.0.202210132147.jar:?]
	at org.eclipse.tcf.core.AbstractChannel$9.run(AbstractChannel.java:858) [org.eclipse.tcf.core_1.7.0.202210132147.jar:?]
	at org.eclipse.tcf.EventQueue.run(EventQueue.java:98) [org.eclipse.tcf_1.7.0.202210132147.jar:?]
	at java.lang.Thread.run(Thread.java:829) [?:?]
18:03:42 INFO  : Disconnected from the channel tcfchan#32.
18:03:44 INFO  : The hardware specification used by project 'syncMain' is out of sync with the platform. Resource files extracted from the hardware specification will be updated.
18:03:44 INFO  : The file 'E:\kevin\myCode\microBlaze1\vitisHome\syncMain\_ide\bitstream\design_1_wrapper.bit' stored in project is removed.
18:03:44 INFO  : The file 'E:\kevin\myCode\microBlaze1\vitisHome\syncMain\_ide\bitstream\design_1_wrapper.mmi' stored in project is removed.
18:03:44 INFO  : The updated bitstream files are copied from platform to folder 'E:\kevin\myCode\microBlaze1\vitisHome\syncMain\_ide\bitstream' in project 'syncMain'.
18:03:44 INFO  : Connected to target on host '127.0.0.1' and port '3121'.
18:03:44 INFO  : Jtag cable 'Digilent JTAG-HS2 201706300081' is selected.
18:03:44 INFO  : 'jtag frequency' command is executed.
18:03:44 INFO  : 'targets -set -filter {jtag_cable_name =~ "Digilent JTAG-HS2 201706300081" && level==0 && jtag_device_ctx=="jsn-JTAG-HS2-201706300081-13636093-0"}' command is executed.
18:03:52 INFO  : Device configured successfully with "E:/kevin/myCode/microBlaze1/vitisHome/syncMain/_ide/bitstream/design_1_wrapper.bit"
18:03:52 INFO  : Context for processor 'microblaze_0' is selected.
18:03:52 INFO  : Hardware design and registers information is loaded from 'E:/kevin/myCode/microBlaze1/vitisHome/syncBlaze/export/syncBlaze/hw/design_1_wrapper.xsa'.
18:03:52 INFO  : 'configparams mdm-detect-bscan-mask 2' command is executed.
18:03:52 INFO  : Context for processor 'microblaze_0' is selected.
18:03:52 INFO  : System reset is completed.
18:03:55 INFO  : 'after 3000' command is executed.
18:03:55 INFO  : Context for processor 'microblaze_0' is selected.
18:03:56 INFO  : The application 'E:/kevin/myCode/microBlaze1/vitisHome/syncMain/Debug/syncMain.elf' is downloaded to processor 'microblaze_0'.
18:03:56 INFO  : ----------------XSDB Script----------------
connect -url tcp:127.0.0.1:3121
targets -set -filter {jtag_cable_name =~ "Digilent JTAG-HS2 201706300081" && level==0 && jtag_device_ctx=="jsn-JTAG-HS2-201706300081-13636093-0"}
fpga -file E:/kevin/myCode/microBlaze1/vitisHome/syncMain/_ide/bitstream/design_1_wrapper.bit
targets -set -nocase -filter {name =~ "*microblaze*#0" && bscan=="USER2" }
loadhw -hw E:/kevin/myCode/microBlaze1/vitisHome/syncBlaze/export/syncBlaze/hw/design_1_wrapper.xsa -regs
configparams mdm-detect-bscan-mask 2
targets -set -nocase -filter {name =~ "*microblaze*#0" && bscan=="USER2" }
rst -system
after 3000
targets -set -nocase -filter {name =~ "*microblaze*#0" && bscan=="USER2" }
dow E:/kevin/myCode/microBlaze1/vitisHome/syncMain/Debug/syncMain.elf
----------------End of Script----------------

18:03:56 INFO  : Context for processor 'microblaze_0' is selected.
18:03:56 INFO  : 'con' command is executed.
18:03:56 INFO  : ----------------XSDB Script (After Launch)----------------
targets -set -nocase -filter {name =~ "*microblaze*#0" && bscan=="USER2" }
con
----------------End of Script----------------

18:03:56 INFO  : Launch script is exported to file 'E:\kevin\myCode\microBlaze1\vitisHome\syncMain_system\_ide\scripts\systemdebugger_syncmain_system_standalone.tcl'
18:04:43 INFO  : Checking for BSP changes to sync application flags for project 'syncMain'...
18:04:45 INFO  : Disconnected from the channel tcfchan#34.
18:04:48 INFO  : Connected to target on host '127.0.0.1' and port '3121'.
18:04:48 INFO  : Jtag cable 'Digilent JTAG-HS2 201706300081' is selected.
18:04:48 INFO  : 'jtag frequency' command is executed.
18:04:48 INFO  : 'targets -set -filter {jtag_cable_name =~ "Digilent JTAG-HS2 201706300081" && level==0 && jtag_device_ctx=="jsn-JTAG-HS2-201706300081-13636093-0"}' command is executed.
18:04:56 INFO  : Device configured successfully with "E:/kevin/myCode/microBlaze1/vitisHome/syncMain/_ide/bitstream/design_1_wrapper.bit"
18:04:56 INFO  : Context for processor 'microblaze_0' is selected.
18:04:56 INFO  : Hardware design and registers information is loaded from 'E:/kevin/myCode/microBlaze1/vitisHome/syncBlaze/export/syncBlaze/hw/design_1_wrapper.xsa'.
18:04:56 INFO  : 'configparams mdm-detect-bscan-mask 2' command is executed.
18:04:56 INFO  : Context for processor 'microblaze_0' is selected.
18:04:56 INFO  : System reset is completed.
18:04:59 INFO  : 'after 3000' command is executed.
18:04:59 INFO  : Context for processor 'microblaze_0' is selected.
18:04:59 INFO  : The application 'E:/kevin/myCode/microBlaze1/vitisHome/syncMain/Debug/syncMain.elf' is downloaded to processor 'microblaze_0'.
18:04:59 INFO  : ----------------XSDB Script----------------
connect -url tcp:127.0.0.1:3121
targets -set -filter {jtag_cable_name =~ "Digilent JTAG-HS2 201706300081" && level==0 && jtag_device_ctx=="jsn-JTAG-HS2-201706300081-13636093-0"}
fpga -file E:/kevin/myCode/microBlaze1/vitisHome/syncMain/_ide/bitstream/design_1_wrapper.bit
targets -set -nocase -filter {name =~ "*microblaze*#0" && bscan=="USER2" }
loadhw -hw E:/kevin/myCode/microBlaze1/vitisHome/syncBlaze/export/syncBlaze/hw/design_1_wrapper.xsa -regs
configparams mdm-detect-bscan-mask 2
targets -set -nocase -filter {name =~ "*microblaze*#0" && bscan=="USER2" }
rst -system
after 3000
targets -set -nocase -filter {name =~ "*microblaze*#0" && bscan=="USER2" }
dow E:/kevin/myCode/microBlaze1/vitisHome/syncMain/Debug/syncMain.elf
----------------End of Script----------------

18:04:59 INFO  : Context for processor 'microblaze_0' is selected.
18:04:59 INFO  : 'con' command is executed.
18:04:59 INFO  : ----------------XSDB Script (After Launch)----------------
targets -set -nocase -filter {name =~ "*microblaze*#0" && bscan=="USER2" }
con
----------------End of Script----------------

18:04:59 INFO  : Launch script is exported to file 'E:\kevin\myCode\microBlaze1\vitisHome\syncMain_system\_ide\scripts\systemdebugger_syncmain_system_standalone.tcl'
18:58:46 INFO  : Disconnected from the channel tcfchan#35.
18:58:49 INFO  : Checking for BSP changes to sync application flags for project 'syncMain'...
18:58:54 INFO  : Connected to target on host '127.0.0.1' and port '3121'.
18:58:54 INFO  : Jtag cable 'Digilent JTAG-HS2 201706300081' is selected.
18:58:54 INFO  : 'jtag frequency' command is executed.
18:58:54 INFO  : 'targets -set -filter {jtag_cable_name =~ "Digilent JTAG-HS2 201706300081" && level==0 && jtag_device_ctx=="jsn-JTAG-HS2-201706300081-13636093-0"}' command is executed.
18:59:03 INFO  : Device configured successfully with "E:/kevin/myCode/microBlaze1/vitisHome/syncMain/_ide/bitstream/design_1_wrapper.bit"
18:59:03 INFO  : Context for processor 'microblaze_0' is selected.
18:59:03 INFO  : Hardware design and registers information is loaded from 'E:/kevin/myCode/microBlaze1/vitisHome/syncBlaze/export/syncBlaze/hw/design_1_wrapper.xsa'.
18:59:03 INFO  : 'configparams mdm-detect-bscan-mask 2' command is executed.
18:59:03 INFO  : Context for processor 'microblaze_0' is selected.
18:59:03 INFO  : System reset is completed.
18:59:06 INFO  : 'after 3000' command is executed.
18:59:06 INFO  : Context for processor 'microblaze_0' is selected.
18:59:06 INFO  : The application 'E:/kevin/myCode/microBlaze1/vitisHome/syncMain/Debug/syncMain.elf' is downloaded to processor 'microblaze_0'.
18:59:06 INFO  : ----------------XSDB Script----------------
connect -url tcp:127.0.0.1:3121
targets -set -filter {jtag_cable_name =~ "Digilent JTAG-HS2 201706300081" && level==0 && jtag_device_ctx=="jsn-JTAG-HS2-201706300081-13636093-0"}
fpga -file E:/kevin/myCode/microBlaze1/vitisHome/syncMain/_ide/bitstream/design_1_wrapper.bit
targets -set -nocase -filter {name =~ "*microblaze*#0" && bscan=="USER2" }
loadhw -hw E:/kevin/myCode/microBlaze1/vitisHome/syncBlaze/export/syncBlaze/hw/design_1_wrapper.xsa -regs
configparams mdm-detect-bscan-mask 2
targets -set -nocase -filter {name =~ "*microblaze*#0" && bscan=="USER2" }
rst -system
after 3000
targets -set -nocase -filter {name =~ "*microblaze*#0" && bscan=="USER2" }
dow E:/kevin/myCode/microBlaze1/vitisHome/syncMain/Debug/syncMain.elf
----------------End of Script----------------

18:59:06 INFO  : Context for processor 'microblaze_0' is selected.
18:59:06 INFO  : 'con' command is executed.
18:59:06 INFO  : ----------------XSDB Script (After Launch)----------------
targets -set -nocase -filter {name =~ "*microblaze*#0" && bscan=="USER2" }
con
----------------End of Script----------------

18:59:06 INFO  : Launch script is exported to file 'E:\kevin\myCode\microBlaze1\vitisHome\syncMain_system\_ide\scripts\systemdebugger_syncmain_system_standalone.tcl'
19:01:24 INFO  : Disconnected from the channel tcfchan#36.
19:01:24 INFO  : Checking for BSP changes to sync application flags for project 'syncMain'...
19:01:32 INFO  : Connected to target on host '127.0.0.1' and port '3121'.
19:01:32 INFO  : Jtag cable 'Digilent JTAG-HS2 201706300081' is selected.
19:01:32 INFO  : 'jtag frequency' command is executed.
19:01:32 INFO  : 'targets -set -filter {jtag_cable_name =~ "Digilent JTAG-HS2 201706300081" && level==0 && jtag_device_ctx=="jsn-JTAG-HS2-201706300081-13636093-0"}' command is executed.
19:01:40 INFO  : Device configured successfully with "E:/kevin/myCode/microBlaze1/vitisHome/syncMain/_ide/bitstream/design_1_wrapper.bit"
19:01:40 INFO  : Context for processor 'microblaze_0' is selected.
19:01:40 INFO  : Hardware design and registers information is loaded from 'E:/kevin/myCode/microBlaze1/vitisHome/syncBlaze/export/syncBlaze/hw/design_1_wrapper.xsa'.
19:01:40 INFO  : 'configparams mdm-detect-bscan-mask 2' command is executed.
19:01:40 INFO  : Context for processor 'microblaze_0' is selected.
19:01:40 INFO  : System reset is completed.
19:01:43 INFO  : 'after 3000' command is executed.
19:01:43 INFO  : Context for processor 'microblaze_0' is selected.
19:01:43 INFO  : The application 'E:/kevin/myCode/microBlaze1/vitisHome/syncMain/Debug/syncMain.elf' is downloaded to processor 'microblaze_0'.
19:01:43 INFO  : ----------------XSDB Script----------------
connect -url tcp:127.0.0.1:3121
targets -set -filter {jtag_cable_name =~ "Digilent JTAG-HS2 201706300081" && level==0 && jtag_device_ctx=="jsn-JTAG-HS2-201706300081-13636093-0"}
fpga -file E:/kevin/myCode/microBlaze1/vitisHome/syncMain/_ide/bitstream/design_1_wrapper.bit
targets -set -nocase -filter {name =~ "*microblaze*#0" && bscan=="USER2" }
loadhw -hw E:/kevin/myCode/microBlaze1/vitisHome/syncBlaze/export/syncBlaze/hw/design_1_wrapper.xsa -regs
configparams mdm-detect-bscan-mask 2
targets -set -nocase -filter {name =~ "*microblaze*#0" && bscan=="USER2" }
rst -system
after 3000
targets -set -nocase -filter {name =~ "*microblaze*#0" && bscan=="USER2" }
dow E:/kevin/myCode/microBlaze1/vitisHome/syncMain/Debug/syncMain.elf
----------------End of Script----------------

19:01:43 INFO  : Context for processor 'microblaze_0' is selected.
19:01:43 INFO  : 'con' command is executed.
19:01:43 INFO  : ----------------XSDB Script (After Launch)----------------
targets -set -nocase -filter {name =~ "*microblaze*#0" && bscan=="USER2" }
con
----------------End of Script----------------

19:01:43 INFO  : Launch script is exported to file 'E:\kevin\myCode\microBlaze1\vitisHome\syncMain_system\_ide\scripts\systemdebugger_syncmain_system_standalone.tcl'
19:03:38 INFO  : Disconnected from the channel tcfchan#37.
19:03:38 INFO  : Checking for BSP changes to sync application flags for project 'syncMain'...
19:03:42 INFO  : Connected to target on host '127.0.0.1' and port '3121'.
19:03:43 INFO  : Jtag cable 'Digilent JTAG-HS2 201706300081' is selected.
19:03:43 INFO  : 'jtag frequency' command is executed.
19:03:43 INFO  : 'targets -set -filter {jtag_cable_name =~ "Digilent JTAG-HS2 201706300081" && level==0 && jtag_device_ctx=="jsn-JTAG-HS2-201706300081-13636093-0"}' command is executed.
19:03:51 INFO  : Device configured successfully with "E:/kevin/myCode/microBlaze1/vitisHome/syncMain/_ide/bitstream/design_1_wrapper.bit"
19:03:51 INFO  : Context for processor 'microblaze_0' is selected.
19:03:51 INFO  : Hardware design and registers information is loaded from 'E:/kevin/myCode/microBlaze1/vitisHome/syncBlaze/export/syncBlaze/hw/design_1_wrapper.xsa'.
19:03:51 INFO  : 'configparams mdm-detect-bscan-mask 2' command is executed.
19:03:51 INFO  : Context for processor 'microblaze_0' is selected.
19:03:51 INFO  : System reset is completed.
19:03:54 INFO  : 'after 3000' command is executed.
19:03:54 INFO  : Context for processor 'microblaze_0' is selected.
19:03:54 INFO  : The application 'E:/kevin/myCode/microBlaze1/vitisHome/syncMain/Debug/syncMain.elf' is downloaded to processor 'microblaze_0'.
19:03:54 INFO  : ----------------XSDB Script----------------
connect -url tcp:127.0.0.1:3121
targets -set -filter {jtag_cable_name =~ "Digilent JTAG-HS2 201706300081" && level==0 && jtag_device_ctx=="jsn-JTAG-HS2-201706300081-13636093-0"}
fpga -file E:/kevin/myCode/microBlaze1/vitisHome/syncMain/_ide/bitstream/design_1_wrapper.bit
targets -set -nocase -filter {name =~ "*microblaze*#0" && bscan=="USER2" }
loadhw -hw E:/kevin/myCode/microBlaze1/vitisHome/syncBlaze/export/syncBlaze/hw/design_1_wrapper.xsa -regs
configparams mdm-detect-bscan-mask 2
targets -set -nocase -filter {name =~ "*microblaze*#0" && bscan=="USER2" }
rst -system
after 3000
targets -set -nocase -filter {name =~ "*microblaze*#0" && bscan=="USER2" }
dow E:/kevin/myCode/microBlaze1/vitisHome/syncMain/Debug/syncMain.elf
----------------End of Script----------------

19:03:54 INFO  : Context for processor 'microblaze_0' is selected.
19:03:54 INFO  : 'con' command is executed.
19:03:54 INFO  : ----------------XSDB Script (After Launch)----------------
targets -set -nocase -filter {name =~ "*microblaze*#0" && bscan=="USER2" }
con
----------------End of Script----------------

19:03:54 INFO  : Launch script is exported to file 'E:\kevin\myCode\microBlaze1\vitisHome\syncMain_system\_ide\scripts\systemdebugger_syncmain_system_standalone.tcl'
19:04:54 INFO  : Disconnected from the channel tcfchan#38.
19:04:56 INFO  : Checking for BSP changes to sync application flags for project 'syncMain'...
19:05:02 INFO  : Connected to target on host '127.0.0.1' and port '3121'.
19:05:02 INFO  : Jtag cable 'Digilent JTAG-HS2 201706300081' is selected.
19:05:02 INFO  : 'jtag frequency' command is executed.
19:05:02 INFO  : 'targets -set -filter {jtag_cable_name =~ "Digilent JTAG-HS2 201706300081" && level==0 && jtag_device_ctx=="jsn-JTAG-HS2-201706300081-13636093-0"}' command is executed.
19:05:10 INFO  : Device configured successfully with "E:/kevin/myCode/microBlaze1/vitisHome/syncMain/_ide/bitstream/design_1_wrapper.bit"
19:05:10 INFO  : Context for processor 'microblaze_0' is selected.
19:05:10 INFO  : Hardware design and registers information is loaded from 'E:/kevin/myCode/microBlaze1/vitisHome/syncBlaze/export/syncBlaze/hw/design_1_wrapper.xsa'.
19:05:10 INFO  : 'configparams mdm-detect-bscan-mask 2' command is executed.
19:05:10 INFO  : Context for processor 'microblaze_0' is selected.
19:05:10 INFO  : System reset is completed.
19:05:13 INFO  : 'after 3000' command is executed.
19:05:13 INFO  : Context for processor 'microblaze_0' is selected.
19:05:13 INFO  : The application 'E:/kevin/myCode/microBlaze1/vitisHome/syncMain/Debug/syncMain.elf' is downloaded to processor 'microblaze_0'.
19:05:13 INFO  : ----------------XSDB Script----------------
connect -url tcp:127.0.0.1:3121
targets -set -filter {jtag_cable_name =~ "Digilent JTAG-HS2 201706300081" && level==0 && jtag_device_ctx=="jsn-JTAG-HS2-201706300081-13636093-0"}
fpga -file E:/kevin/myCode/microBlaze1/vitisHome/syncMain/_ide/bitstream/design_1_wrapper.bit
targets -set -nocase -filter {name =~ "*microblaze*#0" && bscan=="USER2" }
loadhw -hw E:/kevin/myCode/microBlaze1/vitisHome/syncBlaze/export/syncBlaze/hw/design_1_wrapper.xsa -regs
configparams mdm-detect-bscan-mask 2
targets -set -nocase -filter {name =~ "*microblaze*#0" && bscan=="USER2" }
rst -system
after 3000
targets -set -nocase -filter {name =~ "*microblaze*#0" && bscan=="USER2" }
dow E:/kevin/myCode/microBlaze1/vitisHome/syncMain/Debug/syncMain.elf
----------------End of Script----------------

19:05:13 INFO  : Context for processor 'microblaze_0' is selected.
19:05:13 INFO  : 'con' command is executed.
19:05:13 INFO  : ----------------XSDB Script (After Launch)----------------
targets -set -nocase -filter {name =~ "*microblaze*#0" && bscan=="USER2" }
con
----------------End of Script----------------

19:05:13 INFO  : Launch script is exported to file 'E:\kevin\myCode\microBlaze1\vitisHome\syncMain_system\_ide\scripts\systemdebugger_syncmain_system_standalone.tcl'
19:05:39 INFO  : Disconnected from the channel tcfchan#39.
19:05:40 INFO  : Checking for BSP changes to sync application flags for project 'syncMain'...
19:05:44 INFO  : Connected to target on host '127.0.0.1' and port '3121'.
19:05:44 INFO  : Jtag cable 'Digilent JTAG-HS2 201706300081' is selected.
19:05:44 INFO  : 'jtag frequency' command is executed.
19:05:44 INFO  : 'targets -set -filter {jtag_cable_name =~ "Digilent JTAG-HS2 201706300081" && level==0 && jtag_device_ctx=="jsn-JTAG-HS2-201706300081-13636093-0"}' command is executed.
19:05:52 INFO  : Device configured successfully with "E:/kevin/myCode/microBlaze1/vitisHome/syncMain/_ide/bitstream/design_1_wrapper.bit"
19:05:52 INFO  : Context for processor 'microblaze_0' is selected.
19:05:52 INFO  : Hardware design and registers information is loaded from 'E:/kevin/myCode/microBlaze1/vitisHome/syncBlaze/export/syncBlaze/hw/design_1_wrapper.xsa'.
19:05:52 INFO  : 'configparams mdm-detect-bscan-mask 2' command is executed.
19:05:52 INFO  : Context for processor 'microblaze_0' is selected.
19:05:52 INFO  : System reset is completed.
19:05:55 INFO  : 'after 3000' command is executed.
19:05:55 INFO  : Context for processor 'microblaze_0' is selected.
19:05:55 INFO  : The application 'E:/kevin/myCode/microBlaze1/vitisHome/syncMain/Debug/syncMain.elf' is downloaded to processor 'microblaze_0'.
19:05:55 INFO  : ----------------XSDB Script----------------
connect -url tcp:127.0.0.1:3121
targets -set -filter {jtag_cable_name =~ "Digilent JTAG-HS2 201706300081" && level==0 && jtag_device_ctx=="jsn-JTAG-HS2-201706300081-13636093-0"}
fpga -file E:/kevin/myCode/microBlaze1/vitisHome/syncMain/_ide/bitstream/design_1_wrapper.bit
targets -set -nocase -filter {name =~ "*microblaze*#0" && bscan=="USER2" }
loadhw -hw E:/kevin/myCode/microBlaze1/vitisHome/syncBlaze/export/syncBlaze/hw/design_1_wrapper.xsa -regs
configparams mdm-detect-bscan-mask 2
targets -set -nocase -filter {name =~ "*microblaze*#0" && bscan=="USER2" }
rst -system
after 3000
targets -set -nocase -filter {name =~ "*microblaze*#0" && bscan=="USER2" }
dow E:/kevin/myCode/microBlaze1/vitisHome/syncMain/Debug/syncMain.elf
----------------End of Script----------------

19:05:55 INFO  : Context for processor 'microblaze_0' is selected.
19:05:55 INFO  : 'con' command is executed.
19:05:55 INFO  : ----------------XSDB Script (After Launch)----------------
targets -set -nocase -filter {name =~ "*microblaze*#0" && bscan=="USER2" }
con
----------------End of Script----------------

19:05:55 INFO  : Launch script is exported to file 'E:\kevin\myCode\microBlaze1\vitisHome\syncMain_system\_ide\scripts\systemdebugger_syncmain_system_standalone.tcl'
00:09:41 INFO  : Hardware specification for platform project 'syncBlaze' is updated.
00:09:50 INFO  : Result from executing command 'getProjects': syncBlaze
00:09:50 INFO  : Result from executing command 'getPlatforms': xilinx_vck190_base_202220_1|D:/vitis/Vitis/2022.2/base_platforms/xilinx_vck190_base_202220_1/xilinx_vck190_base_202220_1.xpfm;xilinx_vck190_base_dfx_202220_1|D:/vitis/Vitis/2022.2/base_platforms/xilinx_vck190_base_dfx_202220_1/xilinx_vck190_base_dfx_202220_1.xpfm;xilinx_vmk180_base_202220_1|D:/vitis/Vitis/2022.2/base_platforms/xilinx_vmk180_base_202220_1/xilinx_vmk180_base_202220_1.xpfm;xilinx_zcu102_base_202220_1|D:/vitis/Vitis/2022.2/base_platforms/xilinx_zcu102_base_202220_1/xilinx_zcu102_base_202220_1.xpfm;xilinx_zcu102_base_dfx_202220_1|D:/vitis/Vitis/2022.2/base_platforms/xilinx_zcu102_base_dfx_202220_1/xilinx_zcu102_base_dfx_202220_1.xpfm;xilinx_zcu104_base_202220_1|D:/vitis/Vitis/2022.2/base_platforms/xilinx_zcu104_base_202220_1/xilinx_zcu104_base_202220_1.xpfm
00:10:03 ERROR : XSCT server calls should not be made from TCF thread.
java.lang.RuntimeException: XSCT server calls should not be made from TCF thread.
	at com.xilinx.sdk.xsdb.XSDBCommandManager.issueAndWait(XSDBCommandManager.java:392) [com.xilinx.sdk.xsdb_1.0.0.202210132147.jar:?]
	at com.xilinx.sdk.xsdb.XsdbCommandUtils.executeAndRespond(XsdbCommandUtils.java:325) [com.xilinx.sdk.xsdb_1.0.0.202210132147.jar:?]
	at com.xilinx.sdk.hw.internal.HwPlatform.dispose(HwPlatform.java:1325) [com.xilinx.sdk.hw_1.0.0.202210132147.jar:?]
	at com.xilinx.sdk.hw.internal.HwSpecFactory.removeHwSpec(HwSpecFactory.java:92) [com.xilinx.sdk.hw_1.0.0.202210132147.jar:?]
	at com.xilinx.sdk.hw.internal.HwSpecFactory.validateGetFromCache(HwSpecFactory.java:78) [com.xilinx.sdk.hw_1.0.0.202210132147.jar:?]
	at com.xilinx.sdk.hw.internal.HwSpecFactory.createHwSpec(HwSpecFactory.java:48) [com.xilinx.sdk.hw_1.0.0.202210132147.jar:?]
	at com.xilinx.sdx.sdsoc.debug.ui.SdsLaunchConfigUtil.createHwPlatform(SdsLaunchConfigUtil.java:57) [com.xilinx.sdx.sdsoc.debug.ui_1.0.0.202210132147.jar:?]
	at com.xilinx.sdx.sdsoc.debug.ui.SdsLaunchConfigModel.iniHwPlatform(SdsLaunchConfigModel.java:187) [com.xilinx.sdx.sdsoc.debug.ui_1.0.0.202210132147.jar:?]
	at com.xilinx.sdk.tcf.internal.debug.ui.common.BaseLaunchConfigModel.getHwPlatform(BaseLaunchConfigModel.java:577) [com.xilinx.sdk.tcf.debug_1.0.0.202210132147.jar:?]
	at com.xilinx.sdk.tcf.internal.debug.ui.common.BaseLaunchConfigModel.readCrossTriggerModel(BaseLaunchConfigModel.java:173) [com.xilinx.sdk.tcf.debug_1.0.0.202210132147.jar:?]
	at com.xilinx.sdk.tcf.internal.debug.ui.common.BaseLaunchConfigModel.readAndSetAttributes(BaseLaunchConfigModel.java:156) [com.xilinx.sdk.tcf.debug_1.0.0.202210132147.jar:?]
	at com.xilinx.sdx.sdsoc.debug.ui.SdsLaunchConfigModel.newInstance(SdsLaunchConfigModel.java:109) [com.xilinx.sdx.sdsoc.debug.ui_1.0.0.202210132147.jar:?]
	at com.xilinx.sdx.sdsoc.debug.launch.SdsTcfLaunchDelegate.createConfigModel(SdsTcfLaunchDelegate.java:85) [com.xilinx.sdx.sdsoc.debug_1.0.0.202210132147.jar:?]
	at com.xilinx.sdx.sdsoc.debug.launch.SdsTcfLaunchDelegate.generateReports(SdsTcfLaunchDelegate.java:641) [com.xilinx.sdx.sdsoc.debug_1.0.0.202210132147.jar:?]
	at com.xilinx.sdx.sdsoc.debug.launch.SdsTcfLaunchDelegate.onDisconnected(SdsTcfLaunchDelegate.java:615) [com.xilinx.sdx.sdsoc.debug_1.0.0.202210132147.jar:?]
	at org.eclipse.tcf.internal.debug.ui.model.TCFModelManager$1.onDisconnected(TCFModelManager.java:79) [org.eclipse.tcf.debug.ui_1.7.0.202210132147.jar:?]
	at org.eclipse.tcf.internal.debug.model.TCFLaunch.onDisconnected(TCFLaunch.java:532) [org.eclipse.tcf.debug_1.7.0.202210132147.jar:?]
	at org.eclipse.tcf.internal.debug.model.TCFLaunch$43.onChannelClosed(TCFLaunch.java:1643) [org.eclipse.tcf.debug_1.7.0.202210132147.jar:?]
	at org.eclipse.tcf.core.AbstractChannel$9.run(AbstractChannel.java:858) [org.eclipse.tcf.core_1.7.0.202210132147.jar:?]
	at org.eclipse.tcf.EventQueue.run(EventQueue.java:98) [org.eclipse.tcf_1.7.0.202210132147.jar:?]
	at java.lang.Thread.run(Thread.java:829) [?:?]
00:10:03 INFO  : Disconnected from the channel tcfchan#40.
00:10:08 INFO  : The hardware specification used by project 'syncMain' is out of sync with the platform. Resource files extracted from the hardware specification will be updated.
00:10:08 INFO  : The file 'E:\kevin\myCode\microBlaze1\vitisHome\syncMain\_ide\bitstream\design_1_wrapper.bit' stored in project is removed.
00:10:08 INFO  : The file 'E:\kevin\myCode\microBlaze1\vitisHome\syncMain\_ide\bitstream\design_1_wrapper.mmi' stored in project is removed.
00:10:08 INFO  : The updated bitstream files are copied from platform to folder 'E:\kevin\myCode\microBlaze1\vitisHome\syncMain\_ide\bitstream' in project 'syncMain'.
00:10:09 INFO  : Connected to target on host '127.0.0.1' and port '3121'.
00:10:09 INFO  : Jtag cable 'Digilent JTAG-HS2 201706300081' is selected.
00:10:09 INFO  : 'jtag frequency' command is executed.
00:10:09 INFO  : 'targets -set -filter {jtag_cable_name =~ "Digilent JTAG-HS2 201706300081" && level==0 && jtag_device_ctx=="jsn-JTAG-HS2-201706300081-13636093-0"}' command is executed.
00:10:17 INFO  : Device configured successfully with "E:/kevin/myCode/microBlaze1/vitisHome/syncMain/_ide/bitstream/design_1_wrapper.bit"
00:10:17 INFO  : Context for processor 'microblaze_0' is selected.
00:10:17 INFO  : Hardware design and registers information is loaded from 'E:/kevin/myCode/microBlaze1/vitisHome/syncBlaze/export/syncBlaze/hw/design_1_wrapper.xsa'.
00:10:17 INFO  : 'configparams mdm-detect-bscan-mask 2' command is executed.
00:10:17 INFO  : Context for processor 'microblaze_0' is selected.
00:10:17 INFO  : System reset is completed.
00:10:20 INFO  : 'after 3000' command is executed.
00:10:20 INFO  : Context for processor 'microblaze_0' is selected.
00:10:20 INFO  : The application 'E:/kevin/myCode/microBlaze1/vitisHome/syncMain/Debug/syncMain.elf' is downloaded to processor 'microblaze_0'.
00:10:20 INFO  : ----------------XSDB Script----------------
connect -url tcp:127.0.0.1:3121
targets -set -filter {jtag_cable_name =~ "Digilent JTAG-HS2 201706300081" && level==0 && jtag_device_ctx=="jsn-JTAG-HS2-201706300081-13636093-0"}
fpga -file E:/kevin/myCode/microBlaze1/vitisHome/syncMain/_ide/bitstream/design_1_wrapper.bit
targets -set -nocase -filter {name =~ "*microblaze*#0" && bscan=="USER2" }
loadhw -hw E:/kevin/myCode/microBlaze1/vitisHome/syncBlaze/export/syncBlaze/hw/design_1_wrapper.xsa -regs
configparams mdm-detect-bscan-mask 2
targets -set -nocase -filter {name =~ "*microblaze*#0" && bscan=="USER2" }
rst -system
after 3000
targets -set -nocase -filter {name =~ "*microblaze*#0" && bscan=="USER2" }
dow E:/kevin/myCode/microBlaze1/vitisHome/syncMain/Debug/syncMain.elf
----------------End of Script----------------

00:10:20 INFO  : Context for processor 'microblaze_0' is selected.
00:10:20 INFO  : 'con' command is executed.
00:10:20 INFO  : ----------------XSDB Script (After Launch)----------------
targets -set -nocase -filter {name =~ "*microblaze*#0" && bscan=="USER2" }
con
----------------End of Script----------------

00:10:20 INFO  : Launch script is exported to file 'E:\kevin\myCode\microBlaze1\vitisHome\syncMain_system\_ide\scripts\systemdebugger_syncmain_system_standalone.tcl'
00:17:20 INFO  : Disconnected from the channel tcfchan#42.
00:17:21 INFO  : Checking for BSP changes to sync application flags for project 'syncMain'...
00:17:27 INFO  : Connected to target on host '127.0.0.1' and port '3121'.
00:17:28 INFO  : Jtag cable 'Digilent JTAG-HS2 201706300081' is selected.
00:17:28 INFO  : 'jtag frequency' command is executed.
00:17:28 INFO  : 'targets -set -filter {jtag_cable_name =~ "Digilent JTAG-HS2 201706300081" && level==0 && jtag_device_ctx=="jsn-JTAG-HS2-201706300081-13636093-0"}' command is executed.
00:17:36 INFO  : Device configured successfully with "E:/kevin/myCode/microBlaze1/vitisHome/syncMain/_ide/bitstream/design_1_wrapper.bit"
00:17:36 INFO  : Context for processor 'microblaze_0' is selected.
00:17:36 INFO  : Hardware design and registers information is loaded from 'E:/kevin/myCode/microBlaze1/vitisHome/syncBlaze/export/syncBlaze/hw/design_1_wrapper.xsa'.
00:17:36 INFO  : 'configparams mdm-detect-bscan-mask 2' command is executed.
00:17:36 INFO  : Context for processor 'microblaze_0' is selected.
00:17:36 INFO  : System reset is completed.
00:17:39 INFO  : 'after 3000' command is executed.
00:17:39 INFO  : Context for processor 'microblaze_0' is selected.
00:17:39 INFO  : The application 'E:/kevin/myCode/microBlaze1/vitisHome/syncMain/Debug/syncMain.elf' is downloaded to processor 'microblaze_0'.
00:17:39 INFO  : ----------------XSDB Script----------------
connect -url tcp:127.0.0.1:3121
targets -set -filter {jtag_cable_name =~ "Digilent JTAG-HS2 201706300081" && level==0 && jtag_device_ctx=="jsn-JTAG-HS2-201706300081-13636093-0"}
fpga -file E:/kevin/myCode/microBlaze1/vitisHome/syncMain/_ide/bitstream/design_1_wrapper.bit
targets -set -nocase -filter {name =~ "*microblaze*#0" && bscan=="USER2" }
loadhw -hw E:/kevin/myCode/microBlaze1/vitisHome/syncBlaze/export/syncBlaze/hw/design_1_wrapper.xsa -regs
configparams mdm-detect-bscan-mask 2
targets -set -nocase -filter {name =~ "*microblaze*#0" && bscan=="USER2" }
rst -system
after 3000
targets -set -nocase -filter {name =~ "*microblaze*#0" && bscan=="USER2" }
dow E:/kevin/myCode/microBlaze1/vitisHome/syncMain/Debug/syncMain.elf
----------------End of Script----------------

00:17:39 INFO  : Context for processor 'microblaze_0' is selected.
00:17:39 INFO  : 'con' command is executed.
00:17:39 INFO  : ----------------XSDB Script (After Launch)----------------
targets -set -nocase -filter {name =~ "*microblaze*#0" && bscan=="USER2" }
con
----------------End of Script----------------

00:17:39 INFO  : Launch script is exported to file 'E:\kevin\myCode\microBlaze1\vitisHome\syncMain_system\_ide\scripts\systemdebugger_syncmain_system_standalone.tcl'
00:19:07 INFO  : Disconnected from the channel tcfchan#43.
00:19:08 INFO  : Checking for BSP changes to sync application flags for project 'syncMain'...
00:19:13 INFO  : Connected to target on host '127.0.0.1' and port '3121'.
00:19:13 INFO  : Jtag cable 'Digilent JTAG-HS2 201706300081' is selected.
00:19:13 INFO  : 'jtag frequency' command is executed.
00:19:13 INFO  : 'targets -set -filter {jtag_cable_name =~ "Digilent JTAG-HS2 201706300081" && level==0 && jtag_device_ctx=="jsn-JTAG-HS2-201706300081-13636093-0"}' command is executed.
00:19:21 INFO  : Device configured successfully with "E:/kevin/myCode/microBlaze1/vitisHome/syncMain/_ide/bitstream/design_1_wrapper.bit"
00:19:21 INFO  : Context for processor 'microblaze_0' is selected.
00:19:21 INFO  : Hardware design and registers information is loaded from 'E:/kevin/myCode/microBlaze1/vitisHome/syncBlaze/export/syncBlaze/hw/design_1_wrapper.xsa'.
00:19:21 INFO  : 'configparams mdm-detect-bscan-mask 2' command is executed.
00:19:21 INFO  : Context for processor 'microblaze_0' is selected.
00:19:21 INFO  : System reset is completed.
00:19:24 INFO  : 'after 3000' command is executed.
00:19:24 INFO  : Context for processor 'microblaze_0' is selected.
00:19:25 INFO  : The application 'E:/kevin/myCode/microBlaze1/vitisHome/syncMain/Debug/syncMain.elf' is downloaded to processor 'microblaze_0'.
00:19:25 INFO  : ----------------XSDB Script----------------
connect -url tcp:127.0.0.1:3121
targets -set -filter {jtag_cable_name =~ "Digilent JTAG-HS2 201706300081" && level==0 && jtag_device_ctx=="jsn-JTAG-HS2-201706300081-13636093-0"}
fpga -file E:/kevin/myCode/microBlaze1/vitisHome/syncMain/_ide/bitstream/design_1_wrapper.bit
targets -set -nocase -filter {name =~ "*microblaze*#0" && bscan=="USER2" }
loadhw -hw E:/kevin/myCode/microBlaze1/vitisHome/syncBlaze/export/syncBlaze/hw/design_1_wrapper.xsa -regs
configparams mdm-detect-bscan-mask 2
targets -set -nocase -filter {name =~ "*microblaze*#0" && bscan=="USER2" }
rst -system
after 3000
targets -set -nocase -filter {name =~ "*microblaze*#0" && bscan=="USER2" }
dow E:/kevin/myCode/microBlaze1/vitisHome/syncMain/Debug/syncMain.elf
----------------End of Script----------------

00:19:25 INFO  : Context for processor 'microblaze_0' is selected.
00:19:25 INFO  : 'con' command is executed.
00:19:25 INFO  : ----------------XSDB Script (After Launch)----------------
targets -set -nocase -filter {name =~ "*microblaze*#0" && bscan=="USER2" }
con
----------------End of Script----------------

00:19:25 INFO  : Launch script is exported to file 'E:\kevin\myCode\microBlaze1\vitisHome\syncMain_system\_ide\scripts\systemdebugger_syncmain_system_standalone.tcl'
00:21:39 INFO  : Disconnected from the channel tcfchan#44.
00:21:41 INFO  : Checking for BSP changes to sync application flags for project 'syncMain'...
00:21:46 INFO  : Connected to target on host '127.0.0.1' and port '3121'.
00:21:46 INFO  : Jtag cable 'Digilent JTAG-HS2 201706300081' is selected.
00:21:46 INFO  : 'jtag frequency' command is executed.
00:21:46 INFO  : 'targets -set -filter {jtag_cable_name =~ "Digilent JTAG-HS2 201706300081" && level==0 && jtag_device_ctx=="jsn-JTAG-HS2-201706300081-13636093-0"}' command is executed.
00:21:54 INFO  : Device configured successfully with "E:/kevin/myCode/microBlaze1/vitisHome/syncMain/_ide/bitstream/design_1_wrapper.bit"
00:21:54 INFO  : Context for processor 'microblaze_0' is selected.
00:21:54 INFO  : Hardware design and registers information is loaded from 'E:/kevin/myCode/microBlaze1/vitisHome/syncBlaze/export/syncBlaze/hw/design_1_wrapper.xsa'.
00:21:54 INFO  : 'configparams mdm-detect-bscan-mask 2' command is executed.
00:21:54 INFO  : Context for processor 'microblaze_0' is selected.
00:21:54 INFO  : System reset is completed.
00:21:57 INFO  : 'after 3000' command is executed.
00:21:57 INFO  : Context for processor 'microblaze_0' is selected.
00:21:57 INFO  : The application 'E:/kevin/myCode/microBlaze1/vitisHome/syncMain/Debug/syncMain.elf' is downloaded to processor 'microblaze_0'.
00:21:57 INFO  : ----------------XSDB Script----------------
connect -url tcp:127.0.0.1:3121
targets -set -filter {jtag_cable_name =~ "Digilent JTAG-HS2 201706300081" && level==0 && jtag_device_ctx=="jsn-JTAG-HS2-201706300081-13636093-0"}
fpga -file E:/kevin/myCode/microBlaze1/vitisHome/syncMain/_ide/bitstream/design_1_wrapper.bit
targets -set -nocase -filter {name =~ "*microblaze*#0" && bscan=="USER2" }
loadhw -hw E:/kevin/myCode/microBlaze1/vitisHome/syncBlaze/export/syncBlaze/hw/design_1_wrapper.xsa -regs
configparams mdm-detect-bscan-mask 2
targets -set -nocase -filter {name =~ "*microblaze*#0" && bscan=="USER2" }
rst -system
after 3000
targets -set -nocase -filter {name =~ "*microblaze*#0" && bscan=="USER2" }
dow E:/kevin/myCode/microBlaze1/vitisHome/syncMain/Debug/syncMain.elf
----------------End of Script----------------

00:21:57 INFO  : Context for processor 'microblaze_0' is selected.
00:21:57 INFO  : 'con' command is executed.
00:21:57 INFO  : ----------------XSDB Script (After Launch)----------------
targets -set -nocase -filter {name =~ "*microblaze*#0" && bscan=="USER2" }
con
----------------End of Script----------------

00:21:57 INFO  : Launch script is exported to file 'E:\kevin\myCode\microBlaze1\vitisHome\syncMain_system\_ide\scripts\systemdebugger_syncmain_system_standalone.tcl'
00:26:12 INFO  : Disconnected from the channel tcfchan#45.
00:26:13 INFO  : Checking for BSP changes to sync application flags for project 'syncMain'...
00:26:19 INFO  : Connected to target on host '127.0.0.1' and port '3121'.
00:26:19 INFO  : Jtag cable 'Digilent JTAG-HS2 201706300081' is selected.
00:26:19 INFO  : 'jtag frequency' command is executed.
00:26:19 INFO  : 'targets -set -filter {jtag_cable_name =~ "Digilent JTAG-HS2 201706300081" && level==0 && jtag_device_ctx=="jsn-JTAG-HS2-201706300081-13636093-0"}' command is executed.
00:26:28 INFO  : Device configured successfully with "E:/kevin/myCode/microBlaze1/vitisHome/syncMain/_ide/bitstream/design_1_wrapper.bit"
00:26:28 INFO  : Context for processor 'microblaze_0' is selected.
00:26:28 INFO  : Hardware design and registers information is loaded from 'E:/kevin/myCode/microBlaze1/vitisHome/syncBlaze/export/syncBlaze/hw/design_1_wrapper.xsa'.
00:26:28 INFO  : 'configparams mdm-detect-bscan-mask 2' command is executed.
00:26:28 INFO  : Context for processor 'microblaze_0' is selected.
00:26:28 INFO  : System reset is completed.
00:26:31 INFO  : 'after 3000' command is executed.
00:26:31 INFO  : Context for processor 'microblaze_0' is selected.
00:26:31 INFO  : The application 'E:/kevin/myCode/microBlaze1/vitisHome/syncMain/Debug/syncMain.elf' is downloaded to processor 'microblaze_0'.
00:26:31 INFO  : ----------------XSDB Script----------------
connect -url tcp:127.0.0.1:3121
targets -set -filter {jtag_cable_name =~ "Digilent JTAG-HS2 201706300081" && level==0 && jtag_device_ctx=="jsn-JTAG-HS2-201706300081-13636093-0"}
fpga -file E:/kevin/myCode/microBlaze1/vitisHome/syncMain/_ide/bitstream/design_1_wrapper.bit
targets -set -nocase -filter {name =~ "*microblaze*#0" && bscan=="USER2" }
loadhw -hw E:/kevin/myCode/microBlaze1/vitisHome/syncBlaze/export/syncBlaze/hw/design_1_wrapper.xsa -regs
configparams mdm-detect-bscan-mask 2
targets -set -nocase -filter {name =~ "*microblaze*#0" && bscan=="USER2" }
rst -system
after 3000
targets -set -nocase -filter {name =~ "*microblaze*#0" && bscan=="USER2" }
dow E:/kevin/myCode/microBlaze1/vitisHome/syncMain/Debug/syncMain.elf
----------------End of Script----------------

00:26:31 INFO  : Context for processor 'microblaze_0' is selected.
00:26:31 INFO  : 'con' command is executed.
00:26:31 INFO  : ----------------XSDB Script (After Launch)----------------
targets -set -nocase -filter {name =~ "*microblaze*#0" && bscan=="USER2" }
con
----------------End of Script----------------

00:26:31 INFO  : Launch script is exported to file 'E:\kevin\myCode\microBlaze1\vitisHome\syncMain_system\_ide\scripts\systemdebugger_syncmain_system_standalone.tcl'
00:36:57 INFO  : Disconnected from the channel tcfchan#46.
00:37:01 INFO  : Checking for BSP changes to sync application flags for project 'syncMain'...
00:37:07 INFO  : Connected to target on host '127.0.0.1' and port '3121'.
00:37:07 INFO  : Jtag cable 'Digilent JTAG-HS2 201706300081' is selected.
00:37:07 INFO  : 'jtag frequency' command is executed.
00:37:07 INFO  : 'targets -set -filter {jtag_cable_name =~ "Digilent JTAG-HS2 201706300081" && level==0 && jtag_device_ctx=="jsn-JTAG-HS2-201706300081-13636093-0"}' command is executed.
00:37:15 INFO  : Device configured successfully with "E:/kevin/myCode/microBlaze1/vitisHome/syncMain/_ide/bitstream/design_1_wrapper.bit"
00:37:15 INFO  : Context for processor 'microblaze_0' is selected.
00:37:15 INFO  : Hardware design and registers information is loaded from 'E:/kevin/myCode/microBlaze1/vitisHome/syncBlaze/export/syncBlaze/hw/design_1_wrapper.xsa'.
00:37:15 INFO  : 'configparams mdm-detect-bscan-mask 2' command is executed.
00:37:15 INFO  : Context for processor 'microblaze_0' is selected.
00:37:15 INFO  : System reset is completed.
00:37:18 INFO  : 'after 3000' command is executed.
00:37:18 INFO  : Context for processor 'microblaze_0' is selected.
00:37:18 INFO  : The application 'E:/kevin/myCode/microBlaze1/vitisHome/syncMain/Debug/syncMain.elf' is downloaded to processor 'microblaze_0'.
00:37:18 INFO  : ----------------XSDB Script----------------
connect -url tcp:127.0.0.1:3121
targets -set -filter {jtag_cable_name =~ "Digilent JTAG-HS2 201706300081" && level==0 && jtag_device_ctx=="jsn-JTAG-HS2-201706300081-13636093-0"}
fpga -file E:/kevin/myCode/microBlaze1/vitisHome/syncMain/_ide/bitstream/design_1_wrapper.bit
targets -set -nocase -filter {name =~ "*microblaze*#0" && bscan=="USER2" }
loadhw -hw E:/kevin/myCode/microBlaze1/vitisHome/syncBlaze/export/syncBlaze/hw/design_1_wrapper.xsa -regs
configparams mdm-detect-bscan-mask 2
targets -set -nocase -filter {name =~ "*microblaze*#0" && bscan=="USER2" }
rst -system
after 3000
targets -set -nocase -filter {name =~ "*microblaze*#0" && bscan=="USER2" }
dow E:/kevin/myCode/microBlaze1/vitisHome/syncMain/Debug/syncMain.elf
----------------End of Script----------------

00:37:18 INFO  : Context for processor 'microblaze_0' is selected.
00:37:18 INFO  : 'con' command is executed.
00:37:18 INFO  : ----------------XSDB Script (After Launch)----------------
targets -set -nocase -filter {name =~ "*microblaze*#0" && bscan=="USER2" }
con
----------------End of Script----------------

00:37:18 INFO  : Launch script is exported to file 'E:\kevin\myCode\microBlaze1\vitisHome\syncMain_system\_ide\scripts\systemdebugger_syncmain_system_standalone.tcl'
00:37:38 INFO  : Disconnected from the channel tcfchan#47.
00:37:39 INFO  : Checking for BSP changes to sync application flags for project 'syncMain'...
00:37:56 INFO  : Connected to target on host '127.0.0.1' and port '3121'.
00:37:57 INFO  : Jtag cable 'Digilent JTAG-HS2 201706300081' is selected.
00:37:57 INFO  : 'jtag frequency' command is executed.
00:37:57 INFO  : 'targets -set -filter {jtag_cable_name =~ "Digilent JTAG-HS2 201706300081" && level==0 && jtag_device_ctx=="jsn-JTAG-HS2-201706300081-13636093-0"}' command is executed.
00:38:05 INFO  : Device configured successfully with "E:/kevin/myCode/microBlaze1/vitisHome/syncMain/_ide/bitstream/design_1_wrapper.bit"
00:38:05 INFO  : Context for processor 'microblaze_0' is selected.
00:38:05 INFO  : Hardware design and registers information is loaded from 'E:/kevin/myCode/microBlaze1/vitisHome/syncBlaze/export/syncBlaze/hw/design_1_wrapper.xsa'.
00:38:05 INFO  : 'configparams mdm-detect-bscan-mask 2' command is executed.
00:38:05 INFO  : Context for processor 'microblaze_0' is selected.
00:38:05 INFO  : System reset is completed.
00:38:08 INFO  : 'after 3000' command is executed.
00:38:08 INFO  : Context for processor 'microblaze_0' is selected.
00:38:08 INFO  : The application 'E:/kevin/myCode/microBlaze1/vitisHome/syncMain/Debug/syncMain.elf' is downloaded to processor 'microblaze_0'.
00:38:08 INFO  : ----------------XSDB Script----------------
connect -url tcp:127.0.0.1:3121
targets -set -filter {jtag_cable_name =~ "Digilent JTAG-HS2 201706300081" && level==0 && jtag_device_ctx=="jsn-JTAG-HS2-201706300081-13636093-0"}
fpga -file E:/kevin/myCode/microBlaze1/vitisHome/syncMain/_ide/bitstream/design_1_wrapper.bit
targets -set -nocase -filter {name =~ "*microblaze*#0" && bscan=="USER2" }
loadhw -hw E:/kevin/myCode/microBlaze1/vitisHome/syncBlaze/export/syncBlaze/hw/design_1_wrapper.xsa -regs
configparams mdm-detect-bscan-mask 2
targets -set -nocase -filter {name =~ "*microblaze*#0" && bscan=="USER2" }
rst -system
after 3000
targets -set -nocase -filter {name =~ "*microblaze*#0" && bscan=="USER2" }
dow E:/kevin/myCode/microBlaze1/vitisHome/syncMain/Debug/syncMain.elf
----------------End of Script----------------

00:38:08 INFO  : Context for processor 'microblaze_0' is selected.
00:38:08 INFO  : 'con' command is executed.
00:38:08 INFO  : ----------------XSDB Script (After Launch)----------------
targets -set -nocase -filter {name =~ "*microblaze*#0" && bscan=="USER2" }
con
----------------End of Script----------------

00:38:08 INFO  : Launch script is exported to file 'E:\kevin\myCode\microBlaze1\vitisHome\syncMain_system\_ide\scripts\systemdebugger_syncmain_system_standalone.tcl'
00:39:20 INFO  : Disconnected from the channel tcfchan#48.
00:39:22 INFO  : Result from executing command 'getProjects': syncBlaze
00:39:22 INFO  : Result from executing command 'getPlatforms': xilinx_vck190_base_202220_1|D:/vitis/Vitis/2022.2/base_platforms/xilinx_vck190_base_202220_1/xilinx_vck190_base_202220_1.xpfm;xilinx_vck190_base_dfx_202220_1|D:/vitis/Vitis/2022.2/base_platforms/xilinx_vck190_base_dfx_202220_1/xilinx_vck190_base_dfx_202220_1.xpfm;xilinx_vmk180_base_202220_1|D:/vitis/Vitis/2022.2/base_platforms/xilinx_vmk180_base_202220_1/xilinx_vmk180_base_202220_1.xpfm;xilinx_zcu102_base_202220_1|D:/vitis/Vitis/2022.2/base_platforms/xilinx_zcu102_base_202220_1/xilinx_zcu102_base_202220_1.xpfm;xilinx_zcu102_base_dfx_202220_1|D:/vitis/Vitis/2022.2/base_platforms/xilinx_zcu102_base_dfx_202220_1/xilinx_zcu102_base_dfx_202220_1.xpfm;xilinx_zcu104_base_202220_1|D:/vitis/Vitis/2022.2/base_platforms/xilinx_zcu104_base_202220_1/xilinx_zcu104_base_202220_1.xpfm
00:39:22 INFO  : Checking for BSP changes to sync application flags for project 'syncMain'...
00:39:28 INFO  : Connected to target on host '127.0.0.1' and port '3121'.
00:39:28 INFO  : Jtag cable 'Digilent JTAG-HS2 201706300081' is selected.
00:39:28 INFO  : 'jtag frequency' command is executed.
00:39:28 INFO  : 'targets -set -filter {jtag_cable_name =~ "Digilent JTAG-HS2 201706300081" && level==0 && jtag_device_ctx=="jsn-JTAG-HS2-201706300081-13636093-0"}' command is executed.
00:39:36 INFO  : Device configured successfully with "E:/kevin/myCode/microBlaze1/vitisHome/syncMain/_ide/bitstream/design_1_wrapper.bit"
00:39:36 INFO  : Context for processor 'microblaze_0' is selected.
00:39:36 INFO  : Hardware design and registers information is loaded from 'E:/kevin/myCode/microBlaze1/vitisHome/syncBlaze/export/syncBlaze/hw/design_1_wrapper.xsa'.
00:39:36 INFO  : 'configparams mdm-detect-bscan-mask 2' command is executed.
00:39:36 INFO  : Context for processor 'microblaze_0' is selected.
00:39:36 INFO  : System reset is completed.
00:39:39 INFO  : 'after 3000' command is executed.
00:39:39 INFO  : Context for processor 'microblaze_0' is selected.
00:39:39 INFO  : The application 'E:/kevin/myCode/microBlaze1/vitisHome/syncMain/Debug/syncMain.elf' is downloaded to processor 'microblaze_0'.
00:39:39 INFO  : ----------------XSDB Script----------------
connect -url tcp:127.0.0.1:3121
targets -set -filter {jtag_cable_name =~ "Digilent JTAG-HS2 201706300081" && level==0 && jtag_device_ctx=="jsn-JTAG-HS2-201706300081-13636093-0"}
fpga -file E:/kevin/myCode/microBlaze1/vitisHome/syncMain/_ide/bitstream/design_1_wrapper.bit
targets -set -nocase -filter {name =~ "*microblaze*#0" && bscan=="USER2" }
loadhw -hw E:/kevin/myCode/microBlaze1/vitisHome/syncBlaze/export/syncBlaze/hw/design_1_wrapper.xsa -regs
configparams mdm-detect-bscan-mask 2
targets -set -nocase -filter {name =~ "*microblaze*#0" && bscan=="USER2" }
rst -system
after 3000
targets -set -nocase -filter {name =~ "*microblaze*#0" && bscan=="USER2" }
dow E:/kevin/myCode/microBlaze1/vitisHome/syncMain/Debug/syncMain.elf
----------------End of Script----------------

00:39:39 INFO  : Context for processor 'microblaze_0' is selected.
00:39:39 INFO  : 'con' command is executed.
00:39:39 INFO  : ----------------XSDB Script (After Launch)----------------
targets -set -nocase -filter {name =~ "*microblaze*#0" && bscan=="USER2" }
con
----------------End of Script----------------

00:39:39 INFO  : Launch script is exported to file 'E:\kevin\myCode\microBlaze1\vitisHome\syncMain_system\_ide\scripts\systemdebugger_syncmain_system_standalone.tcl'
00:45:15 INFO  : Disconnected from the channel tcfchan#50.
00:45:17 INFO  : Checking for BSP changes to sync application flags for project 'syncMain'...
00:45:21 INFO  : Connected to target on host '127.0.0.1' and port '3121'.
00:45:21 INFO  : Jtag cable 'Digilent JTAG-HS2 201706300081' is selected.
00:45:21 INFO  : 'jtag frequency' command is executed.
00:45:21 INFO  : 'targets -set -filter {jtag_cable_name =~ "Digilent JTAG-HS2 201706300081" && level==0 && jtag_device_ctx=="jsn-JTAG-HS2-201706300081-13636093-0"}' command is executed.
00:45:29 INFO  : Device configured successfully with "E:/kevin/myCode/microBlaze1/vitisHome/syncMain/_ide/bitstream/design_1_wrapper.bit"
00:45:29 INFO  : Context for processor 'microblaze_0' is selected.
00:45:29 INFO  : Hardware design and registers information is loaded from 'E:/kevin/myCode/microBlaze1/vitisHome/syncBlaze/export/syncBlaze/hw/design_1_wrapper.xsa'.
00:45:29 INFO  : 'configparams mdm-detect-bscan-mask 2' command is executed.
00:45:29 INFO  : Context for processor 'microblaze_0' is selected.
00:45:29 INFO  : System reset is completed.
00:45:32 INFO  : 'after 3000' command is executed.
00:45:32 INFO  : Context for processor 'microblaze_0' is selected.
00:45:32 INFO  : The application 'E:/kevin/myCode/microBlaze1/vitisHome/syncMain/Debug/syncMain.elf' is downloaded to processor 'microblaze_0'.
00:45:32 INFO  : ----------------XSDB Script----------------
connect -url tcp:127.0.0.1:3121
targets -set -filter {jtag_cable_name =~ "Digilent JTAG-HS2 201706300081" && level==0 && jtag_device_ctx=="jsn-JTAG-HS2-201706300081-13636093-0"}
fpga -file E:/kevin/myCode/microBlaze1/vitisHome/syncMain/_ide/bitstream/design_1_wrapper.bit
targets -set -nocase -filter {name =~ "*microblaze*#0" && bscan=="USER2" }
loadhw -hw E:/kevin/myCode/microBlaze1/vitisHome/syncBlaze/export/syncBlaze/hw/design_1_wrapper.xsa -regs
configparams mdm-detect-bscan-mask 2
targets -set -nocase -filter {name =~ "*microblaze*#0" && bscan=="USER2" }
rst -system
after 3000
targets -set -nocase -filter {name =~ "*microblaze*#0" && bscan=="USER2" }
dow E:/kevin/myCode/microBlaze1/vitisHome/syncMain/Debug/syncMain.elf
----------------End of Script----------------

00:45:33 INFO  : Context for processor 'microblaze_0' is selected.
00:45:33 INFO  : 'con' command is executed.
00:45:33 INFO  : ----------------XSDB Script (After Launch)----------------
targets -set -nocase -filter {name =~ "*microblaze*#0" && bscan=="USER2" }
con
----------------End of Script----------------

00:45:33 INFO  : Launch script is exported to file 'E:\kevin\myCode\microBlaze1\vitisHome\syncMain_system\_ide\scripts\systemdebugger_syncmain_system_standalone.tcl'
00:47:11 INFO  : Disconnected from the channel tcfchan#51.
00:47:12 INFO  : Checking for BSP changes to sync application flags for project 'syncMain'...
00:47:19 INFO  : Connected to target on host '127.0.0.1' and port '3121'.
00:47:19 INFO  : Jtag cable 'Digilent JTAG-HS2 201706300081' is selected.
00:47:19 INFO  : 'jtag frequency' command is executed.
00:47:19 INFO  : 'targets -set -filter {jtag_cable_name =~ "Digilent JTAG-HS2 201706300081" && level==0 && jtag_device_ctx=="jsn-JTAG-HS2-201706300081-13636093-0"}' command is executed.
00:47:27 INFO  : Device configured successfully with "E:/kevin/myCode/microBlaze1/vitisHome/syncMain/_ide/bitstream/design_1_wrapper.bit"
00:47:27 INFO  : Context for processor 'microblaze_0' is selected.
00:47:27 INFO  : Hardware design and registers information is loaded from 'E:/kevin/myCode/microBlaze1/vitisHome/syncBlaze/export/syncBlaze/hw/design_1_wrapper.xsa'.
00:47:27 INFO  : 'configparams mdm-detect-bscan-mask 2' command is executed.
00:47:27 INFO  : Context for processor 'microblaze_0' is selected.
00:47:27 INFO  : System reset is completed.
00:47:30 INFO  : 'after 3000' command is executed.
00:47:30 INFO  : Context for processor 'microblaze_0' is selected.
00:47:30 INFO  : The application 'E:/kevin/myCode/microBlaze1/vitisHome/syncMain/Debug/syncMain.elf' is downloaded to processor 'microblaze_0'.
00:47:30 INFO  : ----------------XSDB Script----------------
connect -url tcp:127.0.0.1:3121
targets -set -filter {jtag_cable_name =~ "Digilent JTAG-HS2 201706300081" && level==0 && jtag_device_ctx=="jsn-JTAG-HS2-201706300081-13636093-0"}
fpga -file E:/kevin/myCode/microBlaze1/vitisHome/syncMain/_ide/bitstream/design_1_wrapper.bit
targets -set -nocase -filter {name =~ "*microblaze*#0" && bscan=="USER2" }
loadhw -hw E:/kevin/myCode/microBlaze1/vitisHome/syncBlaze/export/syncBlaze/hw/design_1_wrapper.xsa -regs
configparams mdm-detect-bscan-mask 2
targets -set -nocase -filter {name =~ "*microblaze*#0" && bscan=="USER2" }
rst -system
after 3000
targets -set -nocase -filter {name =~ "*microblaze*#0" && bscan=="USER2" }
dow E:/kevin/myCode/microBlaze1/vitisHome/syncMain/Debug/syncMain.elf
----------------End of Script----------------

00:47:31 INFO  : Context for processor 'microblaze_0' is selected.
00:47:31 INFO  : 'con' command is executed.
00:47:31 INFO  : ----------------XSDB Script (After Launch)----------------
targets -set -nocase -filter {name =~ "*microblaze*#0" && bscan=="USER2" }
con
----------------End of Script----------------

00:47:31 INFO  : Launch script is exported to file 'E:\kevin\myCode\microBlaze1\vitisHome\syncMain_system\_ide\scripts\systemdebugger_syncmain_system_standalone.tcl'
00:50:11 INFO  : Disconnected from the channel tcfchan#52.
00:50:12 INFO  : Checking for BSP changes to sync application flags for project 'syncMain'...
00:50:24 INFO  : Connected to target on host '127.0.0.1' and port '3121'.
00:50:24 INFO  : Jtag cable 'Digilent JTAG-HS2 201706300081' is selected.
00:50:24 INFO  : 'jtag frequency' command is executed.
00:50:24 INFO  : 'targets -set -filter {jtag_cable_name =~ "Digilent JTAG-HS2 201706300081" && level==0 && jtag_device_ctx=="jsn-JTAG-HS2-201706300081-13636093-0"}' command is executed.
00:50:32 INFO  : Device configured successfully with "E:/kevin/myCode/microBlaze1/vitisHome/syncMain/_ide/bitstream/design_1_wrapper.bit"
00:50:32 INFO  : Context for processor 'microblaze_0' is selected.
00:50:32 INFO  : Hardware design and registers information is loaded from 'E:/kevin/myCode/microBlaze1/vitisHome/syncBlaze/export/syncBlaze/hw/design_1_wrapper.xsa'.
00:50:32 INFO  : 'configparams mdm-detect-bscan-mask 2' command is executed.
00:50:32 INFO  : Context for processor 'microblaze_0' is selected.
00:50:32 INFO  : System reset is completed.
00:50:35 INFO  : 'after 3000' command is executed.
00:50:35 INFO  : Context for processor 'microblaze_0' is selected.
00:50:35 INFO  : The application 'E:/kevin/myCode/microBlaze1/vitisHome/syncMain/Debug/syncMain.elf' is downloaded to processor 'microblaze_0'.
00:50:35 INFO  : ----------------XSDB Script----------------
connect -url tcp:127.0.0.1:3121
targets -set -filter {jtag_cable_name =~ "Digilent JTAG-HS2 201706300081" && level==0 && jtag_device_ctx=="jsn-JTAG-HS2-201706300081-13636093-0"}
fpga -file E:/kevin/myCode/microBlaze1/vitisHome/syncMain/_ide/bitstream/design_1_wrapper.bit
targets -set -nocase -filter {name =~ "*microblaze*#0" && bscan=="USER2" }
loadhw -hw E:/kevin/myCode/microBlaze1/vitisHome/syncBlaze/export/syncBlaze/hw/design_1_wrapper.xsa -regs
configparams mdm-detect-bscan-mask 2
targets -set -nocase -filter {name =~ "*microblaze*#0" && bscan=="USER2" }
rst -system
after 3000
targets -set -nocase -filter {name =~ "*microblaze*#0" && bscan=="USER2" }
dow E:/kevin/myCode/microBlaze1/vitisHome/syncMain/Debug/syncMain.elf
----------------End of Script----------------

00:50:35 INFO  : Context for processor 'microblaze_0' is selected.
00:50:35 INFO  : 'con' command is executed.
00:50:35 INFO  : ----------------XSDB Script (After Launch)----------------
targets -set -nocase -filter {name =~ "*microblaze*#0" && bscan=="USER2" }
con
----------------End of Script----------------

00:50:35 INFO  : Launch script is exported to file 'E:\kevin\myCode\microBlaze1\vitisHome\syncMain_system\_ide\scripts\systemdebugger_syncmain_system_standalone.tcl'
01:12:00 INFO  : Hardware specification for platform project 'syncBlaze' is updated.
01:12:09 INFO  : Result from executing command 'getProjects': syncBlaze
01:12:09 INFO  : Result from executing command 'getPlatforms': syncBlaze|E:/kevin/myCode/microBlaze1/vitisHome/syncBlaze/export/syncBlaze/syncBlaze.xpfm;xilinx_vck190_base_202220_1|D:/vitis/Vitis/2022.2/base_platforms/xilinx_vck190_base_202220_1/xilinx_vck190_base_202220_1.xpfm;xilinx_vck190_base_dfx_202220_1|D:/vitis/Vitis/2022.2/base_platforms/xilinx_vck190_base_dfx_202220_1/xilinx_vck190_base_dfx_202220_1.xpfm;xilinx_vmk180_base_202220_1|D:/vitis/Vitis/2022.2/base_platforms/xilinx_vmk180_base_202220_1/xilinx_vmk180_base_202220_1.xpfm;xilinx_zcu102_base_202220_1|D:/vitis/Vitis/2022.2/base_platforms/xilinx_zcu102_base_202220_1/xilinx_zcu102_base_202220_1.xpfm;xilinx_zcu102_base_dfx_202220_1|D:/vitis/Vitis/2022.2/base_platforms/xilinx_zcu102_base_dfx_202220_1/xilinx_zcu102_base_dfx_202220_1.xpfm;xilinx_zcu104_base_202220_1|D:/vitis/Vitis/2022.2/base_platforms/xilinx_zcu104_base_202220_1/xilinx_zcu104_base_202220_1.xpfm
01:12:14 ERROR : XSCT server calls should not be made from TCF thread.
java.lang.RuntimeException: XSCT server calls should not be made from TCF thread.
	at com.xilinx.sdk.xsdb.XSDBCommandManager.issueAndWait(XSDBCommandManager.java:392) [com.xilinx.sdk.xsdb_1.0.0.202210132147.jar:?]
	at com.xilinx.sdk.xsdb.XsdbCommandUtils.executeAndRespond(XsdbCommandUtils.java:325) [com.xilinx.sdk.xsdb_1.0.0.202210132147.jar:?]
	at com.xilinx.sdk.hw.internal.HwPlatform.dispose(HwPlatform.java:1325) [com.xilinx.sdk.hw_1.0.0.202210132147.jar:?]
	at com.xilinx.sdk.hw.internal.HwSpecFactory.removeHwSpec(HwSpecFactory.java:92) [com.xilinx.sdk.hw_1.0.0.202210132147.jar:?]
	at com.xilinx.sdk.hw.internal.HwSpecFactory.validateGetFromCache(HwSpecFactory.java:78) [com.xilinx.sdk.hw_1.0.0.202210132147.jar:?]
	at com.xilinx.sdk.hw.internal.HwSpecFactory.createHwSpec(HwSpecFactory.java:48) [com.xilinx.sdk.hw_1.0.0.202210132147.jar:?]
	at com.xilinx.sdx.sdsoc.debug.ui.SdsLaunchConfigUtil.createHwPlatform(SdsLaunchConfigUtil.java:57) [com.xilinx.sdx.sdsoc.debug.ui_1.0.0.202210132147.jar:?]
	at com.xilinx.sdx.sdsoc.debug.ui.SdsLaunchConfigModel.iniHwPlatform(SdsLaunchConfigModel.java:187) [com.xilinx.sdx.sdsoc.debug.ui_1.0.0.202210132147.jar:?]
	at com.xilinx.sdk.tcf.internal.debug.ui.common.BaseLaunchConfigModel.getHwPlatform(BaseLaunchConfigModel.java:577) [com.xilinx.sdk.tcf.debug_1.0.0.202210132147.jar:?]
	at com.xilinx.sdk.tcf.internal.debug.ui.common.BaseLaunchConfigModel.readCrossTriggerModel(BaseLaunchConfigModel.java:173) [com.xilinx.sdk.tcf.debug_1.0.0.202210132147.jar:?]
	at com.xilinx.sdk.tcf.internal.debug.ui.common.BaseLaunchConfigModel.readAndSetAttributes(BaseLaunchConfigModel.java:156) [com.xilinx.sdk.tcf.debug_1.0.0.202210132147.jar:?]
	at com.xilinx.sdx.sdsoc.debug.ui.SdsLaunchConfigModel.newInstance(SdsLaunchConfigModel.java:109) [com.xilinx.sdx.sdsoc.debug.ui_1.0.0.202210132147.jar:?]
	at com.xilinx.sdx.sdsoc.debug.launch.SdsTcfLaunchDelegate.createConfigModel(SdsTcfLaunchDelegate.java:85) [com.xilinx.sdx.sdsoc.debug_1.0.0.202210132147.jar:?]
	at com.xilinx.sdx.sdsoc.debug.launch.SdsTcfLaunchDelegate.generateReports(SdsTcfLaunchDelegate.java:641) [com.xilinx.sdx.sdsoc.debug_1.0.0.202210132147.jar:?]
	at com.xilinx.sdx.sdsoc.debug.launch.SdsTcfLaunchDelegate.onDisconnected(SdsTcfLaunchDelegate.java:615) [com.xilinx.sdx.sdsoc.debug_1.0.0.202210132147.jar:?]
	at org.eclipse.tcf.internal.debug.ui.model.TCFModelManager$1.onDisconnected(TCFModelManager.java:79) [org.eclipse.tcf.debug.ui_1.7.0.202210132147.jar:?]
	at org.eclipse.tcf.internal.debug.model.TCFLaunch.onDisconnected(TCFLaunch.java:532) [org.eclipse.tcf.debug_1.7.0.202210132147.jar:?]
	at org.eclipse.tcf.internal.debug.model.TCFLaunch$43.onChannelClosed(TCFLaunch.java:1643) [org.eclipse.tcf.debug_1.7.0.202210132147.jar:?]
	at org.eclipse.tcf.core.AbstractChannel$9.run(AbstractChannel.java:858) [org.eclipse.tcf.core_1.7.0.202210132147.jar:?]
	at org.eclipse.tcf.EventQueue.run(EventQueue.java:98) [org.eclipse.tcf_1.7.0.202210132147.jar:?]
	at java.lang.Thread.run(Thread.java:829) [?:?]
01:12:14 INFO  : Disconnected from the channel tcfchan#53.
01:12:23 INFO  : Checking for BSP changes to sync application flags for project 'syncMain'...
01:12:28 INFO  : The hardware specification used by project 'syncMain' is out of sync with the platform. Resource files extracted from the hardware specification will be updated.
01:12:28 INFO  : The file 'E:\kevin\myCode\microBlaze1\vitisHome\syncMain\_ide\bitstream\design_1_wrapper.bit' stored in project is removed.
01:12:28 INFO  : The file 'E:\kevin\myCode\microBlaze1\vitisHome\syncMain\_ide\bitstream\design_1_wrapper.mmi' stored in project is removed.
01:12:28 INFO  : The updated bitstream files are copied from platform to folder 'E:\kevin\myCode\microBlaze1\vitisHome\syncMain\_ide\bitstream' in project 'syncMain'.
01:12:31 INFO  : Connected to target on host '127.0.0.1' and port '3121'.
01:12:31 INFO  : Jtag cable 'Digilent JTAG-HS2 201706300081' is selected.
01:12:31 INFO  : 'jtag frequency' command is executed.
01:12:31 INFO  : 'targets -set -filter {jtag_cable_name =~ "Digilent JTAG-HS2 201706300081" && level==0 && jtag_device_ctx=="jsn-JTAG-HS2-201706300081-13636093-0"}' command is executed.
01:12:39 INFO  : Device configured successfully with "E:/kevin/myCode/microBlaze1/vitisHome/syncMain/_ide/bitstream/design_1_wrapper.bit"
01:12:39 INFO  : Context for processor 'microblaze_0' is selected.
01:12:39 INFO  : Hardware design and registers information is loaded from 'E:/kevin/myCode/microBlaze1/vitisHome/syncBlaze/export/syncBlaze/hw/design_1_wrapper.xsa'.
01:12:39 INFO  : 'configparams mdm-detect-bscan-mask 2' command is executed.
01:12:39 INFO  : Context for processor 'microblaze_0' is selected.
01:12:39 INFO  : System reset is completed.
01:12:42 INFO  : 'after 3000' command is executed.
01:12:42 INFO  : Context for processor 'microblaze_0' is selected.
01:12:42 INFO  : The application 'E:/kevin/myCode/microBlaze1/vitisHome/syncMain/Debug/syncMain.elf' is downloaded to processor 'microblaze_0'.
01:12:42 INFO  : ----------------XSDB Script----------------
connect -url tcp:127.0.0.1:3121
targets -set -filter {jtag_cable_name =~ "Digilent JTAG-HS2 201706300081" && level==0 && jtag_device_ctx=="jsn-JTAG-HS2-201706300081-13636093-0"}
fpga -file E:/kevin/myCode/microBlaze1/vitisHome/syncMain/_ide/bitstream/design_1_wrapper.bit
targets -set -nocase -filter {name =~ "*microblaze*#0" && bscan=="USER2" }
loadhw -hw E:/kevin/myCode/microBlaze1/vitisHome/syncBlaze/export/syncBlaze/hw/design_1_wrapper.xsa -regs
configparams mdm-detect-bscan-mask 2
targets -set -nocase -filter {name =~ "*microblaze*#0" && bscan=="USER2" }
rst -system
after 3000
targets -set -nocase -filter {name =~ "*microblaze*#0" && bscan=="USER2" }
dow E:/kevin/myCode/microBlaze1/vitisHome/syncMain/Debug/syncMain.elf
----------------End of Script----------------

01:12:42 INFO  : Context for processor 'microblaze_0' is selected.
01:12:42 INFO  : 'con' command is executed.
01:12:42 INFO  : ----------------XSDB Script (After Launch)----------------
targets -set -nocase -filter {name =~ "*microblaze*#0" && bscan=="USER2" }
con
----------------End of Script----------------

01:12:42 INFO  : Launch script is exported to file 'E:\kevin\myCode\microBlaze1\vitisHome\syncMain_system\_ide\scripts\systemdebugger_syncmain_system_standalone.tcl'
10:03:25 INFO  : Disconnected from the channel tcfchan#55.
