TRACE::2025-03-24.15:43:28::SCWPlatform::Trying to open the hw design at E:/kevin/myCode/microBlaze1/vitisJson/syncBlaze/hw/design_1_wrapper.xsa
TRACE::2025-03-24.15:43:28::SCWPlatform::DSA given E:/kevin/myCode/microBlaze1/vitisJson/syncBlaze/hw/design_1_wrapper.xsa
TRACE::2025-03-24.15:43:28::SCWPlatform::DSA absoulate path E:/kevin/myCode/microBlaze1/vitisJson/syncBlaze/hw/design_1_wrapper.xsa
TRACE::2025-03-24.15:43:28::SCWPlatform::DSA directory E:/kevin/myCode/microBlaze1/vitisJson/syncBlaze/hw
TRACE::2025-03-24.15:43:28::SCWPlatform:: Platform Path E:/kevin/myCode/microBlaze1/vitisJson/syncBlaze/hw/design_1_wrapper.xsa
TRACE::2025-03-24.15:43:28::SCWPlatform:: Unique name xilinx:::0.0
TRACE::2025-03-24.15:43:28::SCWPlatform::Do not have an existing db opened. 
TRACE::2025-03-24.15:43:28::SCWPlatform::Opened new HwDB with name design_1_wrapper_0
TRACE::2025-03-24.15:43:28::SCWWriter::formatted JSON is {
	"platformName":	"syncBlaze",
	"sprVersion":	"2.0",
	"mode":	"gui",
	"dsaType":	"Fixed",
	"platformDesc":	"syncBlaze",
	"platHandOff":	"E:/kevin/myCode/microBlaze1/design_1_wrapper.xsa",
	"platIntHandOff":	"<platformDir>/hw/design_1_wrapper.xsa",
	"deviceType":	"FPGA",
	"platIsPrebuiltAutogen":	"false",
	"platIsNoBootBsp":	"false",
	"hasFsblMakeHasChanges":	"false",
	"hasPmufwMakeHasChanges":	"false",
	"platPreBuiltFlag":	false,
	"platformSamplesDir":	""
}
TRACE::2025-03-24.15:43:28::SCWWriter::formatted JSON is {
	"platformName":	"syncBlaze",
	"sprVersion":	"2.0",
	"mode":	"gui",
	"dsaType":	"Fixed",
	"platformDesc":	"syncBlaze",
	"platHandOff":	"E:/kevin/myCode/microBlaze1/design_1_wrapper.xsa",
	"platIntHandOff":	"<platformDir>/hw/design_1_wrapper.xsa",
	"deviceType":	"FPGA",
	"platIsPrebuiltAutogen":	"false",
	"platIsNoBootBsp":	"false",
	"hasFsblMakeHasChanges":	"false",
	"hasPmufwMakeHasChanges":	"false",
	"platPreBuiltFlag":	false,
	"platformSamplesDir":	"",
	"platActiveSys":	"syncBlaze",
	"systems":	[{
			"systemName":	"syncBlaze",
			"systemDesc":	"syncBlaze",
			"sysIsBootAutoGen":	"true",
			"systemDispName":	"syncBlaze"
		}]
}
TRACE::2025-03-24.15:43:28::SCWPlatform::Boot application domains not present, creating them
TRACE::2025-03-24.15:43:28::SCWPlatform::Pure FPGA device, no boot application will be created.
TRACE::2025-03-24.15:43:28::SCWWriter::formatted JSON is {
	"platformName":	"syncBlaze",
	"sprVersion":	"2.0",
	"mode":	"gui",
	"dsaType":	"Fixed",
	"platformDesc":	"syncBlaze",
	"platHandOff":	"E:/kevin/myCode/microBlaze1/design_1_wrapper.xsa",
	"platIntHandOff":	"<platformDir>/hw/design_1_wrapper.xsa",
	"deviceType":	"FPGA",
	"platIsPrebuiltAutogen":	"false",
	"platIsNoBootBsp":	"false",
	"hasFsblMakeHasChanges":	"false",
	"hasPmufwMakeHasChanges":	"false",
	"platPreBuiltFlag":	false,
	"platformSamplesDir":	"",
	"platActiveSys":	"syncBlaze",
	"systems":	[{
			"systemName":	"syncBlaze",
			"systemDesc":	"syncBlaze",
			"sysIsBootAutoGen":	"true",
			"systemDispName":	"syncBlaze"
		}]
}
TRACE::2025-03-24.15:43:28::SCWPlatform::Trying to open the hw design at E:/kevin/myCode/microBlaze1/vitisJson/syncBlaze/hw/design_1_wrapper.xsa
TRACE::2025-03-24.15:43:28::SCWPlatform::DSA given E:/kevin/myCode/microBlaze1/vitisJson/syncBlaze/hw/design_1_wrapper.xsa
TRACE::2025-03-24.15:43:28::SCWPlatform::DSA absoulate path E:/kevin/myCode/microBlaze1/vitisJson/syncBlaze/hw/design_1_wrapper.xsa
TRACE::2025-03-24.15:43:28::SCWPlatform::DSA directory E:/kevin/myCode/microBlaze1/vitisJson/syncBlaze/hw
TRACE::2025-03-24.15:43:28::SCWPlatform:: Platform Path E:/kevin/myCode/microBlaze1/vitisJson/syncBlaze/hw/design_1_wrapper.xsa
TRACE::2025-03-24.15:43:28::SCWPlatform:: Unique name xilinx:::0.0
TRACE::2025-03-24.15:43:28::SCWPlatform::Trying to set the existing hwdb with name design_1_wrapper_0
TRACE::2025-03-24.15:43:28::SCWPlatform::Opened existing hwdb design_1_wrapper_0
TRACE::2025-03-24.15:43:28::SCWPlatform::Found the Hw Db part of the input DSA
TRACE::2025-03-24.15:43:28::SCWPlatform::Trying to open the hw design at E:/kevin/myCode/microBlaze1/vitisJson/syncBlaze/hw/design_1_wrapper.xsa
TRACE::2025-03-24.15:43:28::SCWPlatform::DSA given E:/kevin/myCode/microBlaze1/vitisJson/syncBlaze/hw/design_1_wrapper.xsa
TRACE::2025-03-24.15:43:28::SCWPlatform::DSA absoulate path E:/kevin/myCode/microBlaze1/vitisJson/syncBlaze/hw/design_1_wrapper.xsa
TRACE::2025-03-24.15:43:28::SCWPlatform::DSA directory E:/kevin/myCode/microBlaze1/vitisJson/syncBlaze/hw
TRACE::2025-03-24.15:43:28::SCWPlatform:: Platform Path E:/kevin/myCode/microBlaze1/vitisJson/syncBlaze/hw/design_1_wrapper.xsa
TRACE::2025-03-24.15:43:28::SCWPlatform:: Unique name xilinx:::0.0
TRACE::2025-03-24.15:43:28::SCWPlatform::Trying to set the existing hwdb with name design_1_wrapper_0
TRACE::2025-03-24.15:43:28::SCWPlatform::Opened existing hwdb design_1_wrapper_0
TRACE::2025-03-24.15:43:28::SCWPlatform::Found the Hw Db part of the input DSA
TRACE::2025-03-24.15:43:28::SCWPlatform::Trying to open the hw design at E:/kevin/myCode/microBlaze1/vitisJson/syncBlaze/hw/design_1_wrapper.xsa
TRACE::2025-03-24.15:43:28::SCWPlatform::DSA given E:/kevin/myCode/microBlaze1/vitisJson/syncBlaze/hw/design_1_wrapper.xsa
TRACE::2025-03-24.15:43:28::SCWPlatform::DSA absoulate path E:/kevin/myCode/microBlaze1/vitisJson/syncBlaze/hw/design_1_wrapper.xsa
TRACE::2025-03-24.15:43:28::SCWPlatform::DSA directory E:/kevin/myCode/microBlaze1/vitisJson/syncBlaze/hw
TRACE::2025-03-24.15:43:28::SCWPlatform:: Platform Path E:/kevin/myCode/microBlaze1/vitisJson/syncBlaze/hw/design_1_wrapper.xsa
TRACE::2025-03-24.15:43:28::SCWPlatform:: Unique name xilinx:::0.0
TRACE::2025-03-24.15:43:28::SCWPlatform::Trying to set the existing hwdb with name design_1_wrapper_0
TRACE::2025-03-24.15:43:28::SCWPlatform::Opened existing hwdb design_1_wrapper_0
TRACE::2025-03-24.15:43:28::SCWPlatform::Found the Hw Db part of the input DSA
TRACE::2025-03-24.15:43:28::SCWDomain::checking for install qemu data   : 
TRACE::2025-03-24.15:43:28::SCWPlatform::Trying to open the hw design at E:/kevin/myCode/microBlaze1/vitisJson/syncBlaze/hw/design_1_wrapper.xsa
TRACE::2025-03-24.15:43:28::SCWPlatform::DSA given E:/kevin/myCode/microBlaze1/vitisJson/syncBlaze/hw/design_1_wrapper.xsa
TRACE::2025-03-24.15:43:28::SCWPlatform::DSA absoulate path E:/kevin/myCode/microBlaze1/vitisJson/syncBlaze/hw/design_1_wrapper.xsa
TRACE::2025-03-24.15:43:28::SCWPlatform::DSA directory E:/kevin/myCode/microBlaze1/vitisJson/syncBlaze/hw
TRACE::2025-03-24.15:43:28::SCWPlatform:: Platform Path E:/kevin/myCode/microBlaze1/vitisJson/syncBlaze/hw/design_1_wrapper.xsa
TRACE::2025-03-24.15:43:28::SCWPlatform:: Unique name xilinx:::0.0
TRACE::2025-03-24.15:43:28::SCWPlatform::Trying to set the existing hwdb with name design_1_wrapper_0
TRACE::2025-03-24.15:43:28::SCWPlatform::Opened existing hwdb design_1_wrapper_0
TRACE::2025-03-24.15:43:28::SCWPlatform::Found the Hw Db part of the input DSA
TRACE::2025-03-24.15:43:28::SCWPlatform::Trying to open the hw design at E:/kevin/myCode/microBlaze1/vitisJson/syncBlaze/hw/design_1_wrapper.xsa
TRACE::2025-03-24.15:43:28::SCWPlatform::DSA given E:/kevin/myCode/microBlaze1/vitisJson/syncBlaze/hw/design_1_wrapper.xsa
TRACE::2025-03-24.15:43:28::SCWPlatform::DSA absoulate path E:/kevin/myCode/microBlaze1/vitisJson/syncBlaze/hw/design_1_wrapper.xsa
TRACE::2025-03-24.15:43:28::SCWPlatform::DSA directory E:/kevin/myCode/microBlaze1/vitisJson/syncBlaze/hw
TRACE::2025-03-24.15:43:28::SCWPlatform:: Platform Path E:/kevin/myCode/microBlaze1/vitisJson/syncBlaze/hw/design_1_wrapper.xsa
TRACE::2025-03-24.15:43:28::SCWPlatform:: Unique name xilinx:::0.0
TRACE::2025-03-24.15:43:28::SCWPlatform::Trying to set the existing hwdb with name design_1_wrapper_0
TRACE::2025-03-24.15:43:28::SCWPlatform::Opened existing hwdb design_1_wrapper_0
TRACE::2025-03-24.15:43:28::SCWPlatform::Found the Hw Db part of the input DSA
TRACE::2025-03-24.15:43:28::SCWPlatform::Trying to open the hw design at E:/kevin/myCode/microBlaze1/vitisJson/syncBlaze/hw/design_1_wrapper.xsa
TRACE::2025-03-24.15:43:28::SCWPlatform::DSA given E:/kevin/myCode/microBlaze1/vitisJson/syncBlaze/hw/design_1_wrapper.xsa
TRACE::2025-03-24.15:43:28::SCWPlatform::DSA absoulate path E:/kevin/myCode/microBlaze1/vitisJson/syncBlaze/hw/design_1_wrapper.xsa
TRACE::2025-03-24.15:43:28::SCWPlatform::DSA directory E:/kevin/myCode/microBlaze1/vitisJson/syncBlaze/hw
TRACE::2025-03-24.15:43:28::SCWPlatform:: Platform Path E:/kevin/myCode/microBlaze1/vitisJson/syncBlaze/hw/design_1_wrapper.xsa
TRACE::2025-03-24.15:43:28::SCWPlatform:: Unique name xilinx:::0.0
TRACE::2025-03-24.15:43:28::SCWPlatform::Trying to set the existing hwdb with name design_1_wrapper_0
TRACE::2025-03-24.15:43:28::SCWPlatform::Opened existing hwdb design_1_wrapper_0
TRACE::2025-03-24.15:43:28::SCWPlatform::Found the Hw Db part of the input DSA
TRACE::2025-03-24.15:43:28::SCWMssOS::Checking the sw design at  E:/kevin/myCode/microBlaze1/vitisJson/syncBlaze/microblaze_0/standalone_domain/bsp/system.mss
TRACE::2025-03-24.15:43:28::SCWMssOS::DEBUG:  swdes dump  
TRACE::2025-03-24.15:43:28::SCWMssOS::No sw design opened at  E:/kevin/myCode/microBlaze1/vitisJson/syncBlaze/microblaze_0/standalone_domain/bsp/system.mss
TRACE::2025-03-24.15:43:28::SCWMssOS::mss does not exists at E:/kevin/myCode/microBlaze1/vitisJson/syncBlaze/microblaze_0/standalone_domain/bsp/system.mss
TRACE::2025-03-24.15:43:28::SCWMssOS::Creating sw design at  E:/kevin/myCode/microBlaze1/vitisJson/syncBlaze/microblaze_0/standalone_domain/bsp/system.mss
TRACE::2025-03-24.15:43:28::SCWMssOS::Adding the swdes entry, created swdb E:/kevin/myCode/microBlaze1/vitisJson/syncBlaze/microblaze_0/standalone_domain/bsp/system.mss with des name E:/kevin/myCode/microBlaze1/vitisJson/syncBlaze/microblaze_0/standalone_domain/bsp/system.mss
TRACE::2025-03-24.15:43:28::SCWMssOS::updating the scw layer changes to swdes at   E:/kevin/myCode/microBlaze1/vitisJson/syncBlaze/microblaze_0/standalone_domain/bsp/system.mss
TRACE::2025-03-24.15:43:28::SCWMssOS::Writing mss at E:/kevin/myCode/microBlaze1/vitisJson/syncBlaze/microblaze_0/standalone_domain/bsp/system.mss
TRACE::2025-03-24.15:43:28::SCWMssOS::Completed writing the mss file at E:/kevin/myCode/microBlaze1/vitisJson/syncBlaze/microblaze_0/standalone_domain/bsp
TRACE::2025-03-24.15:43:28::SCWMssOS::Picking up changes from newly written mss file into SCW Layer. 
TRACE::2025-03-24.15:43:28::SCWMssOS::Updated the changes from newly written mss file into SCW Layer. 
TRACE::2025-03-24.15:43:28::SCWMssOS::Completed writing the mss file at E:/kevin/myCode/microBlaze1/vitisJson/syncBlaze/microblaze_0/standalone_domain/bsp
TRACE::2025-03-24.15:43:28::SCWMssOS::Forcing BSP Sources regeneration.
TRACE::2025-03-24.15:43:46::SCWMssOS::Saving the mss changes E:/kevin/myCode/microBlaze1/vitisJson/syncBlaze/microblaze_0/standalone_domain/bsp/system.mss
TRACE::2025-03-24.15:43:46::SCWMssOS::Adding the swdes entry, mss present, able to open swdb E:/kevin/myCode/microBlaze1/vitisJson/syncBlaze/microblaze_0/standalone_domain/bsp/system.mss with des name system
TRACE::2025-03-24.15:43:46::SCWMssOS::Writing the mss file completed E:/kevin/myCode/microBlaze1/vitisJson/syncBlaze/microblaze_0/standalone_domain/bsp/system.mss
TRACE::2025-03-24.15:43:46::SCWMssOS::Commit changes completed.
TRACE::2025-03-24.15:43:46::SCWPlatform::Trying to open the hw design at E:/kevin/myCode/microBlaze1/vitisJson/syncBlaze/hw/design_1_wrapper.xsa
TRACE::2025-03-24.15:43:46::SCWPlatform::DSA given E:/kevin/myCode/microBlaze1/vitisJson/syncBlaze/hw/design_1_wrapper.xsa
TRACE::2025-03-24.15:43:46::SCWPlatform::DSA absoulate path E:/kevin/myCode/microBlaze1/vitisJson/syncBlaze/hw/design_1_wrapper.xsa
TRACE::2025-03-24.15:43:46::SCWPlatform::DSA directory E:/kevin/myCode/microBlaze1/vitisJson/syncBlaze/hw
TRACE::2025-03-24.15:43:46::SCWPlatform:: Platform Path E:/kevin/myCode/microBlaze1/vitisJson/syncBlaze/hw/design_1_wrapper.xsa
TRACE::2025-03-24.15:43:46::SCWPlatform:: Unique name xilinx:::0.0
TRACE::2025-03-24.15:43:46::SCWPlatform::Trying to set the existing hwdb with name design_1_wrapper_0
TRACE::2025-03-24.15:43:46::SCWPlatform::Opened existing hwdb design_1_wrapper_0
TRACE::2025-03-24.15:43:46::SCWPlatform::Found the Hw Db part of the input DSA
TRACE::2025-03-24.15:43:46::SCWMssOS::Checking the sw design at  E:/kevin/myCode/microBlaze1/vitisJson/syncBlaze/microblaze_0/standalone_domain/bsp/system.mss
TRACE::2025-03-24.15:43:46::SCWMssOS::DEBUG:  swdes dump  E:/kevin/myCode/microBlaze1/vitisJson/syncBlaze/microblaze_0/standalone_domain/bsp/system.mss|system||

TRACE::2025-03-24.15:43:46::SCWMssOS::Sw design exists and opened at  E:/kevin/myCode/microBlaze1/vitisJson/syncBlaze/microblaze_0/standalone_domain/bsp/system.mss
TRACE::2025-03-24.15:43:46::SCWPlatform::Trying to open the hw design at E:/kevin/myCode/microBlaze1/vitisJson/syncBlaze/hw/design_1_wrapper.xsa
TRACE::2025-03-24.15:43:46::SCWPlatform::DSA given E:/kevin/myCode/microBlaze1/vitisJson/syncBlaze/hw/design_1_wrapper.xsa
TRACE::2025-03-24.15:43:46::SCWPlatform::DSA absoulate path E:/kevin/myCode/microBlaze1/vitisJson/syncBlaze/hw/design_1_wrapper.xsa
TRACE::2025-03-24.15:43:46::SCWPlatform::DSA directory E:/kevin/myCode/microBlaze1/vitisJson/syncBlaze/hw
TRACE::2025-03-24.15:43:46::SCWPlatform:: Platform Path E:/kevin/myCode/microBlaze1/vitisJson/syncBlaze/hw/design_1_wrapper.xsa
TRACE::2025-03-24.15:43:46::SCWPlatform:: Unique name xilinx:::0.0
TRACE::2025-03-24.15:43:46::SCWPlatform::Trying to set the existing hwdb with name design_1_wrapper_0
TRACE::2025-03-24.15:43:46::SCWPlatform::Opened existing hwdb design_1_wrapper_0
TRACE::2025-03-24.15:43:46::SCWPlatform::Found the Hw Db part of the input DSA
TRACE::2025-03-24.15:43:46::SCWMssOS::Checking the sw design at  E:/kevin/myCode/microBlaze1/vitisJson/syncBlaze/microblaze_0/standalone_domain/bsp/system.mss
TRACE::2025-03-24.15:43:46::SCWMssOS::DEBUG:  swdes dump  E:/kevin/myCode/microBlaze1/vitisJson/syncBlaze/microblaze_0/standalone_domain/bsp/system.mss|system||

TRACE::2025-03-24.15:43:46::SCWMssOS::Sw design exists and opened at  E:/kevin/myCode/microBlaze1/vitisJson/syncBlaze/microblaze_0/standalone_domain/bsp/system.mss
TRACE::2025-03-24.15:43:46::SCWPlatform::Trying to open the hw design at E:/kevin/myCode/microBlaze1/vitisJson/syncBlaze/hw/design_1_wrapper.xsa
TRACE::2025-03-24.15:43:46::SCWPlatform::DSA given E:/kevin/myCode/microBlaze1/vitisJson/syncBlaze/hw/design_1_wrapper.xsa
TRACE::2025-03-24.15:43:46::SCWPlatform::DSA absoulate path E:/kevin/myCode/microBlaze1/vitisJson/syncBlaze/hw/design_1_wrapper.xsa
TRACE::2025-03-24.15:43:46::SCWPlatform::DSA directory E:/kevin/myCode/microBlaze1/vitisJson/syncBlaze/hw
TRACE::2025-03-24.15:43:46::SCWPlatform:: Platform Path E:/kevin/myCode/microBlaze1/vitisJson/syncBlaze/hw/design_1_wrapper.xsa
TRACE::2025-03-24.15:43:46::SCWPlatform:: Unique name xilinx:::0.0
TRACE::2025-03-24.15:43:46::SCWPlatform::Trying to set the existing hwdb with name design_1_wrapper_0
TRACE::2025-03-24.15:43:46::SCWPlatform::Opened existing hwdb design_1_wrapper_0
TRACE::2025-03-24.15:43:46::SCWPlatform::Found the Hw Db part of the input DSA
TRACE::2025-03-24.15:43:46::SCWMssOS::Checking the sw design at  E:/kevin/myCode/microBlaze1/vitisJson/syncBlaze/microblaze_0/standalone_domain/bsp/system.mss
TRACE::2025-03-24.15:43:46::SCWMssOS::DEBUG:  swdes dump  E:/kevin/myCode/microBlaze1/vitisJson/syncBlaze/microblaze_0/standalone_domain/bsp/system.mss|system||

TRACE::2025-03-24.15:43:46::SCWMssOS::Sw design exists and opened at  E:/kevin/myCode/microBlaze1/vitisJson/syncBlaze/microblaze_0/standalone_domain/bsp/system.mss
TRACE::2025-03-24.15:43:46::SCWWriter::formatted JSON is {
	"platformName":	"syncBlaze",
	"sprVersion":	"2.0",
	"mode":	"gui",
	"dsaType":	"Fixed",
	"platformDesc":	"syncBlaze",
	"platHandOff":	"E:/kevin/myCode/microBlaze1/design_1_wrapper.xsa",
	"platIntHandOff":	"<platformDir>/hw/design_1_wrapper.xsa",
	"deviceType":	"FPGA",
	"platIsPrebuiltAutogen":	"false",
	"platIsNoBootBsp":	"false",
	"hasFsblMakeHasChanges":	"false",
	"hasPmufwMakeHasChanges":	"false",
	"platPreBuiltFlag":	false,
	"platformSamplesDir":	"",
	"platActiveSys":	"syncBlaze",
	"systems":	[{
			"systemName":	"syncBlaze",
			"systemDesc":	"syncBlaze",
			"sysIsBootAutoGen":	"true",
			"systemDispName":	"syncBlaze",
			"sysActiveDom":	"standalone_domain",
			"sysDefaultDom":	"standalone_domain",
			"domains":	[{
					"domainName":	"standalone_domain",
					"domainDispName":	"standalone_domain",
					"domainDesc":	"standalone_domain",
					"processors":	"microblaze_0",
					"os":	"standalone",
					"sdxOs":	"standalone",
					"debugEnable":	"False",
					"domRuntimes":	["cpp"],
					"swRepo":	"",
					"mssOsVer":	"8.0",
					"mssFile":	"",
					"md5Digest":	"e2cdda41e7956801f4f51a65042beca0",
					"compatibleApp":	"",
					"domType":	"mssDomain",
					"arch":	"32-bit",
					"appSettings":	{
						"appCompilerFlags":	"",
						"appLinkerFlags":	""
					},
					"addedLibs":	[],
					"libOptions":	{
						"libsContainingOptions":	[]
					},
					"prebuiltLibs":	{
						"prebuiltIncPath":	[],
						"prebuiltLibPath":	[]
					},
					"isolation":	{
					}
				}]
		}]
}
LOG::2025-03-24.15:43:46::SCWPlatform::Started generating the artifacts platform syncBlaze
TRACE::2025-03-24.15:43:46::SCWPlatform::Sanity checking of platform is completed
LOG::2025-03-24.15:43:46::SCWPlatform::Started generating the artifacts for system configuration syncBlaze
LOG::2025-03-24.15:43:46::SCWSystem::Checking the domain standalone_domain
LOG::2025-03-24.15:43:46::SCWSystem::Not a boot domain 
LOG::2025-03-24.15:43:46::SCWSystem::Started Processing the domain standalone_domain
TRACE::2025-03-24.15:43:46::SCWDomain::Generating domain artifcats
TRACE::2025-03-24.15:43:46::SCWMssOS::Generating standalone artifcats
TRACE::2025-03-24.15:43:46::SCWMssOS:: Copying the user libraries. 
TRACE::2025-03-24.15:43:46::SCWPlatform::Trying to open the hw design at E:/kevin/myCode/microBlaze1/vitisJson/syncBlaze/hw/design_1_wrapper.xsa
TRACE::2025-03-24.15:43:46::SCWPlatform::DSA given E:/kevin/myCode/microBlaze1/vitisJson/syncBlaze/hw/design_1_wrapper.xsa
TRACE::2025-03-24.15:43:46::SCWPlatform::DSA absoulate path E:/kevin/myCode/microBlaze1/vitisJson/syncBlaze/hw/design_1_wrapper.xsa
TRACE::2025-03-24.15:43:46::SCWPlatform::DSA directory E:/kevin/myCode/microBlaze1/vitisJson/syncBlaze/hw
TRACE::2025-03-24.15:43:46::SCWPlatform:: Platform Path E:/kevin/myCode/microBlaze1/vitisJson/syncBlaze/hw/design_1_wrapper.xsa
TRACE::2025-03-24.15:43:46::SCWPlatform:: Unique name xilinx:::0.0
TRACE::2025-03-24.15:43:46::SCWPlatform::Trying to set the existing hwdb with name design_1_wrapper_0
TRACE::2025-03-24.15:43:46::SCWPlatform::Opened existing hwdb design_1_wrapper_0
TRACE::2025-03-24.15:43:46::SCWPlatform::Found the Hw Db part of the input DSA
TRACE::2025-03-24.15:43:46::SCWMssOS::Checking the sw design at  E:/kevin/myCode/microBlaze1/vitisJson/syncBlaze/microblaze_0/standalone_domain/bsp/system.mss
TRACE::2025-03-24.15:43:46::SCWMssOS::DEBUG:  swdes dump  E:/kevin/myCode/microBlaze1/vitisJson/syncBlaze/microblaze_0/standalone_domain/bsp/system.mss|system||

TRACE::2025-03-24.15:43:46::SCWMssOS::Sw design exists and opened at  E:/kevin/myCode/microBlaze1/vitisJson/syncBlaze/microblaze_0/standalone_domain/bsp/system.mss
TRACE::2025-03-24.15:43:46::SCWMssOS::Completed writing the mss file at E:/kevin/myCode/microBlaze1/vitisJson/syncBlaze/microblaze_0/standalone_domain/bsp
TRACE::2025-03-24.15:43:46::SCWMssOS::Mss edits present, copying mssfile into export location E:/kevin/myCode/microBlaze1/vitisJson/syncBlaze/microblaze_0/standalone_domain/bsp/system.mss
TRACE::2025-03-24.15:43:46::SCWMssOS::bsp generated is upto date with the mss file. Skipping bsp generation.
TRACE::2025-03-24.15:43:46::SCWMssOS::BSP is already built. skipping the bsp build ... 
TRACE::2025-03-24.15:43:46::SCWDomain::Skipping the build for domain :  standalone_domain
TRACE::2025-03-24.15:43:46::SCWMssOS::skipping the bsp build ... 
TRACE::2025-03-24.15:43:46::SCWMssOS::Copying to export directory.
TRACE::2025-03-24.15:43:46::SCWMssOS:: Checking if to create the Supporting Applications
TRACE::2025-03-24.15:43:46::SCWMssOS:: No Linux domain exists, trying to generate FSBL 
LOG::2025-03-24.15:43:46::SCWSystem::Completed Processing the domain standalone_domain
LOG::2025-03-24.15:43:46::SCWSystem::Completed Processing the sysconfig syncBlaze
LOG::2025-03-24.15:43:46::SCWPlatform::Completed generating the artifacts for system configuration syncBlaze
TRACE::2025-03-24.15:43:46::SCWPlatform::Started preparing the platform 
TRACE::2025-03-24.15:43:46::SCWSystem::Writing the bif file for system config syncBlaze
TRACE::2025-03-24.15:43:46::SCWSystem::dir created 
TRACE::2025-03-24.15:43:46::SCWSystem::Writing the bif 
TRACE::2025-03-24.15:43:46::SCWPlatform::Started writing the spfm file 
TRACE::2025-03-24.15:43:46::SCWPlatform::Started writing the xpfm file 
TRACE::2025-03-24.15:43:46::SCWPlatform::Completed generating the platform
TRACE::2025-03-24.15:43:46::SCWMssOS::Saving the mss changes E:/kevin/myCode/microBlaze1/vitisJson/syncBlaze/microblaze_0/standalone_domain/bsp/system.mss
TRACE::2025-03-24.15:43:46::SCWMssOS::Found a swdesign opened with the mssfile.
TRACE::2025-03-24.15:43:46::SCWMssOS::Completed writemss as part of save.
TRACE::2025-03-24.15:43:46::SCWMssOS::Commit changes completed.
TRACE::2025-03-24.15:43:46::SCWPlatform::Trying to open the hw design at E:/kevin/myCode/microBlaze1/vitisJson/syncBlaze/hw/design_1_wrapper.xsa
TRACE::2025-03-24.15:43:46::SCWPlatform::DSA given E:/kevin/myCode/microBlaze1/vitisJson/syncBlaze/hw/design_1_wrapper.xsa
TRACE::2025-03-24.15:43:46::SCWPlatform::DSA absoulate path E:/kevin/myCode/microBlaze1/vitisJson/syncBlaze/hw/design_1_wrapper.xsa
TRACE::2025-03-24.15:43:46::SCWPlatform::DSA directory E:/kevin/myCode/microBlaze1/vitisJson/syncBlaze/hw
TRACE::2025-03-24.15:43:46::SCWPlatform:: Platform Path E:/kevin/myCode/microBlaze1/vitisJson/syncBlaze/hw/design_1_wrapper.xsa
TRACE::2025-03-24.15:43:46::SCWPlatform:: Unique name xilinx:::0.0
TRACE::2025-03-24.15:43:46::SCWPlatform::Trying to set the existing hwdb with name design_1_wrapper_0
TRACE::2025-03-24.15:43:46::SCWPlatform::Opened existing hwdb design_1_wrapper_0
TRACE::2025-03-24.15:43:46::SCWPlatform::Found the Hw Db part of the input DSA
TRACE::2025-03-24.15:43:46::SCWMssOS::Checking the sw design at  E:/kevin/myCode/microBlaze1/vitisJson/syncBlaze/microblaze_0/standalone_domain/bsp/system.mss
TRACE::2025-03-24.15:43:46::SCWMssOS::DEBUG:  swdes dump  E:/kevin/myCode/microBlaze1/vitisJson/syncBlaze/microblaze_0/standalone_domain/bsp/system.mss|system||

TRACE::2025-03-24.15:43:46::SCWMssOS::Sw design exists and opened at  E:/kevin/myCode/microBlaze1/vitisJson/syncBlaze/microblaze_0/standalone_domain/bsp/system.mss
TRACE::2025-03-24.15:43:46::SCWPlatform::Trying to open the hw design at E:/kevin/myCode/microBlaze1/vitisJson/syncBlaze/hw/design_1_wrapper.xsa
TRACE::2025-03-24.15:43:46::SCWPlatform::DSA given E:/kevin/myCode/microBlaze1/vitisJson/syncBlaze/hw/design_1_wrapper.xsa
TRACE::2025-03-24.15:43:46::SCWPlatform::DSA absoulate path E:/kevin/myCode/microBlaze1/vitisJson/syncBlaze/hw/design_1_wrapper.xsa
TRACE::2025-03-24.15:43:46::SCWPlatform::DSA directory E:/kevin/myCode/microBlaze1/vitisJson/syncBlaze/hw
TRACE::2025-03-24.15:43:46::SCWPlatform:: Platform Path E:/kevin/myCode/microBlaze1/vitisJson/syncBlaze/hw/design_1_wrapper.xsa
TRACE::2025-03-24.15:43:46::SCWPlatform:: Unique name xilinx:::0.0
TRACE::2025-03-24.15:43:46::SCWPlatform::Trying to set the existing hwdb with name design_1_wrapper_0
TRACE::2025-03-24.15:43:46::SCWPlatform::Opened existing hwdb design_1_wrapper_0
TRACE::2025-03-24.15:43:46::SCWPlatform::Found the Hw Db part of the input DSA
TRACE::2025-03-24.15:43:46::SCWMssOS::Checking the sw design at  E:/kevin/myCode/microBlaze1/vitisJson/syncBlaze/microblaze_0/standalone_domain/bsp/system.mss
TRACE::2025-03-24.15:43:46::SCWMssOS::DEBUG:  swdes dump  E:/kevin/myCode/microBlaze1/vitisJson/syncBlaze/microblaze_0/standalone_domain/bsp/system.mss|system||

TRACE::2025-03-24.15:43:46::SCWMssOS::Sw design exists and opened at  E:/kevin/myCode/microBlaze1/vitisJson/syncBlaze/microblaze_0/standalone_domain/bsp/system.mss
TRACE::2025-03-24.15:43:46::SCWPlatform::Trying to open the hw design at E:/kevin/myCode/microBlaze1/vitisJson/syncBlaze/hw/design_1_wrapper.xsa
TRACE::2025-03-24.15:43:46::SCWPlatform::DSA given E:/kevin/myCode/microBlaze1/vitisJson/syncBlaze/hw/design_1_wrapper.xsa
TRACE::2025-03-24.15:43:46::SCWPlatform::DSA absoulate path E:/kevin/myCode/microBlaze1/vitisJson/syncBlaze/hw/design_1_wrapper.xsa
TRACE::2025-03-24.15:43:46::SCWPlatform::DSA directory E:/kevin/myCode/microBlaze1/vitisJson/syncBlaze/hw
TRACE::2025-03-24.15:43:46::SCWPlatform:: Platform Path E:/kevin/myCode/microBlaze1/vitisJson/syncBlaze/hw/design_1_wrapper.xsa
TRACE::2025-03-24.15:43:46::SCWPlatform:: Unique name xilinx:::0.0
TRACE::2025-03-24.15:43:46::SCWPlatform::Trying to set the existing hwdb with name design_1_wrapper_0
TRACE::2025-03-24.15:43:46::SCWPlatform::Opened existing hwdb design_1_wrapper_0
TRACE::2025-03-24.15:43:46::SCWPlatform::Found the Hw Db part of the input DSA
TRACE::2025-03-24.15:43:46::SCWMssOS::Checking the sw design at  E:/kevin/myCode/microBlaze1/vitisJson/syncBlaze/microblaze_0/standalone_domain/bsp/system.mss
TRACE::2025-03-24.15:43:46::SCWMssOS::DEBUG:  swdes dump  E:/kevin/myCode/microBlaze1/vitisJson/syncBlaze/microblaze_0/standalone_domain/bsp/system.mss|system||

TRACE::2025-03-24.15:43:46::SCWMssOS::Sw design exists and opened at  E:/kevin/myCode/microBlaze1/vitisJson/syncBlaze/microblaze_0/standalone_domain/bsp/system.mss
TRACE::2025-03-24.15:43:46::SCWWriter::formatted JSON is {
	"platformName":	"syncBlaze",
	"sprVersion":	"2.0",
	"mode":	"gui",
	"dsaType":	"Fixed",
	"platformDesc":	"syncBlaze",
	"platHandOff":	"E:/kevin/myCode/microBlaze1/design_1_wrapper.xsa",
	"platIntHandOff":	"<platformDir>/hw/design_1_wrapper.xsa",
	"deviceType":	"FPGA",
	"platIsPrebuiltAutogen":	"false",
	"platIsNoBootBsp":	"false",
	"hasFsblMakeHasChanges":	"false",
	"hasPmufwMakeHasChanges":	"false",
	"platPreBuiltFlag":	false,
	"platformSamplesDir":	"",
	"platActiveSys":	"syncBlaze",
	"systems":	[{
			"systemName":	"syncBlaze",
			"systemDesc":	"syncBlaze",
			"sysIsBootAutoGen":	"true",
			"systemDispName":	"syncBlaze",
			"sysActiveDom":	"standalone_domain",
			"sysDefaultDom":	"standalone_domain",
			"domains":	[{
					"domainName":	"standalone_domain",
					"domainDispName":	"standalone_domain",
					"domainDesc":	"standalone_domain",
					"processors":	"microblaze_0",
					"os":	"standalone",
					"sdxOs":	"standalone",
					"debugEnable":	"False",
					"domRuntimes":	["cpp"],
					"swRepo":	"",
					"mssOsVer":	"8.0",
					"mssFile":	"",
					"md5Digest":	"e2cdda41e7956801f4f51a65042beca0",
					"compatibleApp":	"",
					"domType":	"mssDomain",
					"arch":	"32-bit",
					"appSettings":	{
						"appCompilerFlags":	"",
						"appLinkerFlags":	""
					},
					"addedLibs":	[],
					"libOptions":	{
						"libsContainingOptions":	[]
					},
					"prebuiltLibs":	{
						"prebuiltIncPath":	[],
						"prebuiltLibPath":	[]
					},
					"isolation":	{
					}
				}]
		}]
}
KEYINFO::2025-03-24.15:43:46::SCWPlatform::updated the xpfm file.
TRACE::2025-03-24.15:43:46::SCWPlatform::Trying to open the hw design at E:/kevin/myCode/microBlaze1/vitisJson/syncBlaze/hw/design_1_wrapper.xsa
TRACE::2025-03-24.15:43:46::SCWPlatform::DSA given E:/kevin/myCode/microBlaze1/vitisJson/syncBlaze/hw/design_1_wrapper.xsa
TRACE::2025-03-24.15:43:46::SCWPlatform::DSA absoulate path E:/kevin/myCode/microBlaze1/vitisJson/syncBlaze/hw/design_1_wrapper.xsa
TRACE::2025-03-24.15:43:46::SCWPlatform::DSA directory E:/kevin/myCode/microBlaze1/vitisJson/syncBlaze/hw
TRACE::2025-03-24.15:43:46::SCWPlatform:: Platform Path E:/kevin/myCode/microBlaze1/vitisJson/syncBlaze/hw/design_1_wrapper.xsa
TRACE::2025-03-24.15:43:46::SCWPlatform:: Unique name xilinx:::0.0
TRACE::2025-03-24.15:43:46::SCWPlatform::Trying to set the existing hwdb with name design_1_wrapper_0
TRACE::2025-03-24.15:43:46::SCWPlatform::Opened existing hwdb design_1_wrapper_0
TRACE::2025-03-24.15:43:46::SCWPlatform::Found the Hw Db part of the input DSA
TRACE::2025-03-24.15:43:46::SCWMssOS::Checking the sw design at  E:/kevin/myCode/microBlaze1/vitisJson/syncBlaze/microblaze_0/standalone_domain/bsp/system.mss
TRACE::2025-03-24.15:43:46::SCWMssOS::DEBUG:  swdes dump  E:/kevin/myCode/microBlaze1/vitisJson/syncBlaze/microblaze_0/standalone_domain/bsp/system.mss|system||

TRACE::2025-03-24.15:43:46::SCWMssOS::Sw design exists and opened at  E:/kevin/myCode/microBlaze1/vitisJson/syncBlaze/microblaze_0/standalone_domain/bsp/system.mss
TRACE::2025-03-24.15:43:46::SCWMssOS::Saving the mss changes E:/kevin/myCode/microBlaze1/vitisJson/syncBlaze/microblaze_0/standalone_domain/bsp/system.mss
TRACE::2025-03-24.15:43:46::SCWMssOS::Found a swdesign opened with the mssfile.
TRACE::2025-03-24.15:43:46::SCWMssOS::Completed writemss as part of save.
TRACE::2025-03-24.15:43:46::SCWMssOS::Commit changes completed.
TRACE::2025-03-24.15:43:46::SCWPlatform::Trying to open the hw design at E:/kevin/myCode/microBlaze1/vitisJson/syncBlaze/hw/design_1_wrapper.xsa
TRACE::2025-03-24.15:43:46::SCWPlatform::DSA given E:/kevin/myCode/microBlaze1/vitisJson/syncBlaze/hw/design_1_wrapper.xsa
TRACE::2025-03-24.15:43:46::SCWPlatform::DSA absoulate path E:/kevin/myCode/microBlaze1/vitisJson/syncBlaze/hw/design_1_wrapper.xsa
TRACE::2025-03-24.15:43:46::SCWPlatform::DSA directory E:/kevin/myCode/microBlaze1/vitisJson/syncBlaze/hw
TRACE::2025-03-24.15:43:46::SCWPlatform:: Platform Path E:/kevin/myCode/microBlaze1/vitisJson/syncBlaze/hw/design_1_wrapper.xsa
TRACE::2025-03-24.15:43:46::SCWPlatform:: Unique name xilinx:::0.0
TRACE::2025-03-24.15:43:46::SCWPlatform::Trying to set the existing hwdb with name design_1_wrapper_0
TRACE::2025-03-24.15:43:46::SCWPlatform::Opened existing hwdb design_1_wrapper_0
TRACE::2025-03-24.15:43:46::SCWPlatform::Found the Hw Db part of the input DSA
TRACE::2025-03-24.15:43:46::SCWMssOS::Checking the sw design at  E:/kevin/myCode/microBlaze1/vitisJson/syncBlaze/microblaze_0/standalone_domain/bsp/system.mss
TRACE::2025-03-24.15:43:46::SCWMssOS::DEBUG:  swdes dump  E:/kevin/myCode/microBlaze1/vitisJson/syncBlaze/microblaze_0/standalone_domain/bsp/system.mss|system||

TRACE::2025-03-24.15:43:46::SCWMssOS::Sw design exists and opened at  E:/kevin/myCode/microBlaze1/vitisJson/syncBlaze/microblaze_0/standalone_domain/bsp/system.mss
TRACE::2025-03-24.15:43:46::SCWPlatform::Trying to open the hw design at E:/kevin/myCode/microBlaze1/vitisJson/syncBlaze/hw/design_1_wrapper.xsa
TRACE::2025-03-24.15:43:46::SCWPlatform::DSA given E:/kevin/myCode/microBlaze1/vitisJson/syncBlaze/hw/design_1_wrapper.xsa
TRACE::2025-03-24.15:43:46::SCWPlatform::DSA absoulate path E:/kevin/myCode/microBlaze1/vitisJson/syncBlaze/hw/design_1_wrapper.xsa
TRACE::2025-03-24.15:43:46::SCWPlatform::DSA directory E:/kevin/myCode/microBlaze1/vitisJson/syncBlaze/hw
TRACE::2025-03-24.15:43:46::SCWPlatform:: Platform Path E:/kevin/myCode/microBlaze1/vitisJson/syncBlaze/hw/design_1_wrapper.xsa
TRACE::2025-03-24.15:43:46::SCWPlatform:: Unique name xilinx:::0.0
TRACE::2025-03-24.15:43:46::SCWPlatform::Trying to set the existing hwdb with name design_1_wrapper_0
TRACE::2025-03-24.15:43:46::SCWPlatform::Opened existing hwdb design_1_wrapper_0
TRACE::2025-03-24.15:43:46::SCWPlatform::Found the Hw Db part of the input DSA
TRACE::2025-03-24.15:43:46::SCWMssOS::Checking the sw design at  E:/kevin/myCode/microBlaze1/vitisJson/syncBlaze/microblaze_0/standalone_domain/bsp/system.mss
TRACE::2025-03-24.15:43:46::SCWMssOS::DEBUG:  swdes dump  E:/kevin/myCode/microBlaze1/vitisJson/syncBlaze/microblaze_0/standalone_domain/bsp/system.mss|system||

TRACE::2025-03-24.15:43:46::SCWMssOS::Sw design exists and opened at  E:/kevin/myCode/microBlaze1/vitisJson/syncBlaze/microblaze_0/standalone_domain/bsp/system.mss
TRACE::2025-03-24.15:43:46::SCWPlatform::Trying to open the hw design at E:/kevin/myCode/microBlaze1/vitisJson/syncBlaze/hw/design_1_wrapper.xsa
TRACE::2025-03-24.15:43:46::SCWPlatform::DSA given E:/kevin/myCode/microBlaze1/vitisJson/syncBlaze/hw/design_1_wrapper.xsa
TRACE::2025-03-24.15:43:46::SCWPlatform::DSA absoulate path E:/kevin/myCode/microBlaze1/vitisJson/syncBlaze/hw/design_1_wrapper.xsa
TRACE::2025-03-24.15:43:46::SCWPlatform::DSA directory E:/kevin/myCode/microBlaze1/vitisJson/syncBlaze/hw
TRACE::2025-03-24.15:43:46::SCWPlatform:: Platform Path E:/kevin/myCode/microBlaze1/vitisJson/syncBlaze/hw/design_1_wrapper.xsa
TRACE::2025-03-24.15:43:46::SCWPlatform:: Unique name xilinx:::0.0
TRACE::2025-03-24.15:43:46::SCWPlatform::Trying to set the existing hwdb with name design_1_wrapper_0
TRACE::2025-03-24.15:43:46::SCWPlatform::Opened existing hwdb design_1_wrapper_0
TRACE::2025-03-24.15:43:46::SCWPlatform::Found the Hw Db part of the input DSA
TRACE::2025-03-24.15:43:46::SCWMssOS::Checking the sw design at  E:/kevin/myCode/microBlaze1/vitisJson/syncBlaze/microblaze_0/standalone_domain/bsp/system.mss
TRACE::2025-03-24.15:43:46::SCWMssOS::DEBUG:  swdes dump  E:/kevin/myCode/microBlaze1/vitisJson/syncBlaze/microblaze_0/standalone_domain/bsp/system.mss|system||

TRACE::2025-03-24.15:43:46::SCWMssOS::Sw design exists and opened at  E:/kevin/myCode/microBlaze1/vitisJson/syncBlaze/microblaze_0/standalone_domain/bsp/system.mss
TRACE::2025-03-24.15:43:46::SCWWriter::formatted JSON is {
	"platformName":	"syncBlaze",
	"sprVersion":	"2.0",
	"mode":	"gui",
	"dsaType":	"Fixed",
	"platformDesc":	"syncBlaze",
	"platHandOff":	"E:/kevin/myCode/microBlaze1/design_1_wrapper.xsa",
	"platIntHandOff":	"<platformDir>/hw/design_1_wrapper.xsa",
	"deviceType":	"FPGA",
	"platIsPrebuiltAutogen":	"false",
	"platIsNoBootBsp":	"false",
	"hasFsblMakeHasChanges":	"false",
	"hasPmufwMakeHasChanges":	"false",
	"platPreBuiltFlag":	false,
	"platformSamplesDir":	"",
	"platActiveSys":	"syncBlaze",
	"systems":	[{
			"systemName":	"syncBlaze",
			"systemDesc":	"syncBlaze",
			"sysIsBootAutoGen":	"true",
			"systemDispName":	"syncBlaze",
			"sysActiveDom":	"standalone_domain",
			"sysDefaultDom":	"standalone_domain",
			"domains":	[{
					"domainName":	"standalone_domain",
					"domainDispName":	"standalone_domain",
					"domainDesc":	"standalone_domain",
					"processors":	"microblaze_0",
					"os":	"standalone",
					"sdxOs":	"standalone",
					"debugEnable":	"False",
					"domRuntimes":	["cpp"],
					"swRepo":	"",
					"mssOsVer":	"8.0",
					"mssFile":	"",
					"md5Digest":	"e2cdda41e7956801f4f51a65042beca0",
					"compatibleApp":	"",
					"domType":	"mssDomain",
					"arch":	"32-bit",
					"appSettings":	{
						"appCompilerFlags":	"",
						"appLinkerFlags":	""
					},
					"addedLibs":	[],
					"libOptions":	{
						"libsContainingOptions":	[]
					},
					"prebuiltLibs":	{
						"prebuiltIncPath":	[],
						"prebuiltLibPath":	[]
					},
					"isolation":	{
					}
				}]
		}]
}
TRACE::2025-03-24.15:43:46::SCWPlatform::Trying to open the hw design at E:/kevin/myCode/microBlaze1/vitisJson/syncBlaze/hw/design_1_wrapper.xsa
TRACE::2025-03-24.15:43:46::SCWPlatform::DSA given E:/kevin/myCode/microBlaze1/vitisJson/syncBlaze/hw/design_1_wrapper.xsa
TRACE::2025-03-24.15:43:46::SCWPlatform::DSA absoulate path E:/kevin/myCode/microBlaze1/vitisJson/syncBlaze/hw/design_1_wrapper.xsa
TRACE::2025-03-24.15:43:46::SCWPlatform::DSA directory E:/kevin/myCode/microBlaze1/vitisJson/syncBlaze/hw
TRACE::2025-03-24.15:43:46::SCWPlatform:: Platform Path E:/kevin/myCode/microBlaze1/vitisJson/syncBlaze/hw/design_1_wrapper.xsa
TRACE::2025-03-24.15:43:46::SCWPlatform:: Unique name xilinx:::0.0
TRACE::2025-03-24.15:43:46::SCWPlatform::Trying to set the existing hwdb with name design_1_wrapper_0
TRACE::2025-03-24.15:43:46::SCWPlatform::Opened existing hwdb design_1_wrapper_0
TRACE::2025-03-24.15:43:46::SCWPlatform::Found the Hw Db part of the input DSA
TRACE::2025-03-24.15:43:46::SCWMssOS::Checking the sw design at  E:/kevin/myCode/microBlaze1/vitisJson/syncBlaze/microblaze_0/standalone_domain/bsp/system.mss
TRACE::2025-03-24.15:43:46::SCWMssOS::DEBUG:  swdes dump  E:/kevin/myCode/microBlaze1/vitisJson/syncBlaze/microblaze_0/standalone_domain/bsp/system.mss|system||

TRACE::2025-03-24.15:43:46::SCWMssOS::Sw design exists and opened at  E:/kevin/myCode/microBlaze1/vitisJson/syncBlaze/microblaze_0/standalone_domain/bsp/system.mss
TRACE::2025-03-24.15:43:46::SCWPlatform::Trying to open the hw design at E:/kevin/myCode/microBlaze1/vitisJson/syncBlaze/hw/design_1_wrapper.xsa
TRACE::2025-03-24.15:43:46::SCWPlatform::DSA given E:/kevin/myCode/microBlaze1/vitisJson/syncBlaze/hw/design_1_wrapper.xsa
TRACE::2025-03-24.15:43:46::SCWPlatform::DSA absoulate path E:/kevin/myCode/microBlaze1/vitisJson/syncBlaze/hw/design_1_wrapper.xsa
TRACE::2025-03-24.15:43:46::SCWPlatform::DSA directory E:/kevin/myCode/microBlaze1/vitisJson/syncBlaze/hw
TRACE::2025-03-24.15:43:46::SCWPlatform:: Platform Path E:/kevin/myCode/microBlaze1/vitisJson/syncBlaze/hw/design_1_wrapper.xsa
TRACE::2025-03-24.15:43:46::SCWPlatform:: Unique name xilinx:::0.0
TRACE::2025-03-24.15:43:46::SCWPlatform::Trying to set the existing hwdb with name design_1_wrapper_0
TRACE::2025-03-24.15:43:46::SCWPlatform::Opened existing hwdb design_1_wrapper_0
TRACE::2025-03-24.15:43:46::SCWPlatform::Found the Hw Db part of the input DSA
TRACE::2025-03-24.15:43:46::SCWMssOS::Checking the sw design at  E:/kevin/myCode/microBlaze1/vitisJson/syncBlaze/microblaze_0/standalone_domain/bsp/system.mss
TRACE::2025-03-24.15:43:46::SCWMssOS::DEBUG:  swdes dump  E:/kevin/myCode/microBlaze1/vitisJson/syncBlaze/microblaze_0/standalone_domain/bsp/system.mss|system||

TRACE::2025-03-24.15:43:46::SCWMssOS::Sw design exists and opened at  E:/kevin/myCode/microBlaze1/vitisJson/syncBlaze/microblaze_0/standalone_domain/bsp/system.mss
TRACE::2025-03-24.15:43:46::SCWPlatform::Trying to open the hw design at E:/kevin/myCode/microBlaze1/vitisJson/syncBlaze/hw/design_1_wrapper.xsa
TRACE::2025-03-24.15:43:46::SCWPlatform::DSA given E:/kevin/myCode/microBlaze1/vitisJson/syncBlaze/hw/design_1_wrapper.xsa
TRACE::2025-03-24.15:43:46::SCWPlatform::DSA absoulate path E:/kevin/myCode/microBlaze1/vitisJson/syncBlaze/hw/design_1_wrapper.xsa
TRACE::2025-03-24.15:43:46::SCWPlatform::DSA directory E:/kevin/myCode/microBlaze1/vitisJson/syncBlaze/hw
TRACE::2025-03-24.15:43:46::SCWPlatform:: Platform Path E:/kevin/myCode/microBlaze1/vitisJson/syncBlaze/hw/design_1_wrapper.xsa
TRACE::2025-03-24.15:43:46::SCWPlatform:: Unique name xilinx:::0.0
TRACE::2025-03-24.15:43:46::SCWPlatform::Trying to set the existing hwdb with name design_1_wrapper_0
TRACE::2025-03-24.15:43:46::SCWPlatform::Opened existing hwdb design_1_wrapper_0
TRACE::2025-03-24.15:43:46::SCWPlatform::Found the Hw Db part of the input DSA
TRACE::2025-03-24.15:43:46::SCWMssOS::Checking the sw design at  E:/kevin/myCode/microBlaze1/vitisJson/syncBlaze/microblaze_0/standalone_domain/bsp/system.mss
TRACE::2025-03-24.15:43:46::SCWMssOS::DEBUG:  swdes dump  E:/kevin/myCode/microBlaze1/vitisJson/syncBlaze/microblaze_0/standalone_domain/bsp/system.mss|system||

TRACE::2025-03-24.15:43:46::SCWMssOS::Sw design exists and opened at  E:/kevin/myCode/microBlaze1/vitisJson/syncBlaze/microblaze_0/standalone_domain/bsp/system.mss
TRACE::2025-03-24.15:43:46::SCWMssOS::Saving the mss changes E:/kevin/myCode/microBlaze1/vitisJson/syncBlaze/microblaze_0/standalone_domain/bsp/system.mss
TRACE::2025-03-24.15:43:46::SCWMssOS::Found a swdesign opened with the mssfile.
TRACE::2025-03-24.15:43:46::SCWMssOS::Completed writemss as part of save.
TRACE::2025-03-24.15:43:46::SCWMssOS::Commit changes completed.
TRACE::2025-03-24.15:43:46::SCWPlatform::Trying to open the hw design at E:/kevin/myCode/microBlaze1/vitisJson/syncBlaze/hw/design_1_wrapper.xsa
TRACE::2025-03-24.15:43:46::SCWPlatform::DSA given E:/kevin/myCode/microBlaze1/vitisJson/syncBlaze/hw/design_1_wrapper.xsa
TRACE::2025-03-24.15:43:46::SCWPlatform::DSA absoulate path E:/kevin/myCode/microBlaze1/vitisJson/syncBlaze/hw/design_1_wrapper.xsa
TRACE::2025-03-24.15:43:46::SCWPlatform::DSA directory E:/kevin/myCode/microBlaze1/vitisJson/syncBlaze/hw
TRACE::2025-03-24.15:43:46::SCWPlatform:: Platform Path E:/kevin/myCode/microBlaze1/vitisJson/syncBlaze/hw/design_1_wrapper.xsa
TRACE::2025-03-24.15:43:46::SCWPlatform:: Unique name xilinx:::0.0
TRACE::2025-03-24.15:43:46::SCWPlatform::Trying to set the existing hwdb with name design_1_wrapper_0
TRACE::2025-03-24.15:43:46::SCWPlatform::Opened existing hwdb design_1_wrapper_0
TRACE::2025-03-24.15:43:46::SCWPlatform::Found the Hw Db part of the input DSA
TRACE::2025-03-24.15:43:46::SCWMssOS::Checking the sw design at  E:/kevin/myCode/microBlaze1/vitisJson/syncBlaze/microblaze_0/standalone_domain/bsp/system.mss
TRACE::2025-03-24.15:43:46::SCWMssOS::DEBUG:  swdes dump  E:/kevin/myCode/microBlaze1/vitisJson/syncBlaze/microblaze_0/standalone_domain/bsp/system.mss|system||

TRACE::2025-03-24.15:43:46::SCWMssOS::Sw design exists and opened at  E:/kevin/myCode/microBlaze1/vitisJson/syncBlaze/microblaze_0/standalone_domain/bsp/system.mss
TRACE::2025-03-24.15:43:46::SCWPlatform::Trying to open the hw design at E:/kevin/myCode/microBlaze1/vitisJson/syncBlaze/hw/design_1_wrapper.xsa
TRACE::2025-03-24.15:43:46::SCWPlatform::DSA given E:/kevin/myCode/microBlaze1/vitisJson/syncBlaze/hw/design_1_wrapper.xsa
TRACE::2025-03-24.15:43:46::SCWPlatform::DSA absoulate path E:/kevin/myCode/microBlaze1/vitisJson/syncBlaze/hw/design_1_wrapper.xsa
TRACE::2025-03-24.15:43:46::SCWPlatform::DSA directory E:/kevin/myCode/microBlaze1/vitisJson/syncBlaze/hw
TRACE::2025-03-24.15:43:46::SCWPlatform:: Platform Path E:/kevin/myCode/microBlaze1/vitisJson/syncBlaze/hw/design_1_wrapper.xsa
TRACE::2025-03-24.15:43:46::SCWPlatform:: Unique name xilinx:::0.0
TRACE::2025-03-24.15:43:46::SCWPlatform::Trying to set the existing hwdb with name design_1_wrapper_0
TRACE::2025-03-24.15:43:46::SCWPlatform::Opened existing hwdb design_1_wrapper_0
TRACE::2025-03-24.15:43:46::SCWPlatform::Found the Hw Db part of the input DSA
TRACE::2025-03-24.15:43:46::SCWMssOS::Checking the sw design at  E:/kevin/myCode/microBlaze1/vitisJson/syncBlaze/microblaze_0/standalone_domain/bsp/system.mss
TRACE::2025-03-24.15:43:46::SCWMssOS::DEBUG:  swdes dump  E:/kevin/myCode/microBlaze1/vitisJson/syncBlaze/microblaze_0/standalone_domain/bsp/system.mss|system||

TRACE::2025-03-24.15:43:46::SCWMssOS::Sw design exists and opened at  E:/kevin/myCode/microBlaze1/vitisJson/syncBlaze/microblaze_0/standalone_domain/bsp/system.mss
TRACE::2025-03-24.15:43:46::SCWPlatform::Trying to open the hw design at E:/kevin/myCode/microBlaze1/vitisJson/syncBlaze/hw/design_1_wrapper.xsa
TRACE::2025-03-24.15:43:46::SCWPlatform::DSA given E:/kevin/myCode/microBlaze1/vitisJson/syncBlaze/hw/design_1_wrapper.xsa
TRACE::2025-03-24.15:43:46::SCWPlatform::DSA absoulate path E:/kevin/myCode/microBlaze1/vitisJson/syncBlaze/hw/design_1_wrapper.xsa
TRACE::2025-03-24.15:43:46::SCWPlatform::DSA directory E:/kevin/myCode/microBlaze1/vitisJson/syncBlaze/hw
TRACE::2025-03-24.15:43:46::SCWPlatform:: Platform Path E:/kevin/myCode/microBlaze1/vitisJson/syncBlaze/hw/design_1_wrapper.xsa
TRACE::2025-03-24.15:43:46::SCWPlatform:: Unique name xilinx:::0.0
TRACE::2025-03-24.15:43:46::SCWPlatform::Trying to set the existing hwdb with name design_1_wrapper_0
TRACE::2025-03-24.15:43:46::SCWPlatform::Opened existing hwdb design_1_wrapper_0
TRACE::2025-03-24.15:43:46::SCWPlatform::Found the Hw Db part of the input DSA
TRACE::2025-03-24.15:43:46::SCWMssOS::Checking the sw design at  E:/kevin/myCode/microBlaze1/vitisJson/syncBlaze/microblaze_0/standalone_domain/bsp/system.mss
TRACE::2025-03-24.15:43:46::SCWMssOS::DEBUG:  swdes dump  E:/kevin/myCode/microBlaze1/vitisJson/syncBlaze/microblaze_0/standalone_domain/bsp/system.mss|system||

TRACE::2025-03-24.15:43:46::SCWMssOS::Sw design exists and opened at  E:/kevin/myCode/microBlaze1/vitisJson/syncBlaze/microblaze_0/standalone_domain/bsp/system.mss
TRACE::2025-03-24.15:43:46::SCWWriter::formatted JSON is {
	"platformName":	"syncBlaze",
	"sprVersion":	"2.0",
	"mode":	"gui",
	"dsaType":	"Fixed",
	"platformDesc":	"syncBlaze",
	"platHandOff":	"E:/kevin/myCode/microBlaze1/design_1_wrapper.xsa",
	"platIntHandOff":	"<platformDir>/hw/design_1_wrapper.xsa",
	"deviceType":	"FPGA",
	"platIsPrebuiltAutogen":	"false",
	"platIsNoBootBsp":	"false",
	"hasFsblMakeHasChanges":	"false",
	"hasPmufwMakeHasChanges":	"false",
	"platPreBuiltFlag":	false,
	"platformSamplesDir":	"",
	"platActiveSys":	"syncBlaze",
	"systems":	[{
			"systemName":	"syncBlaze",
			"systemDesc":	"syncBlaze",
			"sysIsBootAutoGen":	"true",
			"systemDispName":	"syncBlaze",
			"sysActiveDom":	"standalone_domain",
			"sysDefaultDom":	"standalone_domain",
			"domains":	[{
					"domainName":	"standalone_domain",
					"domainDispName":	"standalone on microblaze_0",
					"domainDesc":	"standalone_domain",
					"processors":	"microblaze_0",
					"os":	"standalone",
					"sdxOs":	"standalone",
					"debugEnable":	"False",
					"domRuntimes":	["cpp"],
					"swRepo":	"",
					"mssOsVer":	"8.0",
					"mssFile":	"",
					"md5Digest":	"e2cdda41e7956801f4f51a65042beca0",
					"compatibleApp":	"",
					"domType":	"mssDomain",
					"arch":	"32-bit",
					"appSettings":	{
						"appCompilerFlags":	"",
						"appLinkerFlags":	""
					},
					"addedLibs":	[],
					"libOptions":	{
						"libsContainingOptions":	[]
					},
					"prebuiltLibs":	{
						"prebuiltIncPath":	[],
						"prebuiltLibPath":	[]
					},
					"isolation":	{
					}
				}]
		}]
}
TRACE::2025-03-24.15:43:46::SCWMssOS::Saving the mss changes E:/kevin/myCode/microBlaze1/vitisJson/syncBlaze/microblaze_0/standalone_domain/bsp/system.mss
TRACE::2025-03-24.15:43:46::SCWMssOS::Found a swdesign opened with the mssfile.
TRACE::2025-03-24.15:43:46::SCWMssOS::Completed writemss as part of save.
TRACE::2025-03-24.15:43:46::SCWMssOS::Commit changes completed.
TRACE::2025-03-24.15:43:46::SCWPlatform::Trying to open the hw design at E:/kevin/myCode/microBlaze1/vitisJson/syncBlaze/hw/design_1_wrapper.xsa
TRACE::2025-03-24.15:43:46::SCWPlatform::DSA given E:/kevin/myCode/microBlaze1/vitisJson/syncBlaze/hw/design_1_wrapper.xsa
TRACE::2025-03-24.15:43:46::SCWPlatform::DSA absoulate path E:/kevin/myCode/microBlaze1/vitisJson/syncBlaze/hw/design_1_wrapper.xsa
TRACE::2025-03-24.15:43:46::SCWPlatform::DSA directory E:/kevin/myCode/microBlaze1/vitisJson/syncBlaze/hw
TRACE::2025-03-24.15:43:46::SCWPlatform:: Platform Path E:/kevin/myCode/microBlaze1/vitisJson/syncBlaze/hw/design_1_wrapper.xsa
TRACE::2025-03-24.15:43:46::SCWPlatform:: Unique name xilinx:::0.0
TRACE::2025-03-24.15:43:46::SCWPlatform::Trying to set the existing hwdb with name design_1_wrapper_0
TRACE::2025-03-24.15:43:46::SCWPlatform::Opened existing hwdb design_1_wrapper_0
TRACE::2025-03-24.15:43:46::SCWPlatform::Found the Hw Db part of the input DSA
TRACE::2025-03-24.15:43:46::SCWMssOS::Checking the sw design at  E:/kevin/myCode/microBlaze1/vitisJson/syncBlaze/microblaze_0/standalone_domain/bsp/system.mss
TRACE::2025-03-24.15:43:46::SCWMssOS::DEBUG:  swdes dump  E:/kevin/myCode/microBlaze1/vitisJson/syncBlaze/microblaze_0/standalone_domain/bsp/system.mss|system||

TRACE::2025-03-24.15:43:46::SCWMssOS::Sw design exists and opened at  E:/kevin/myCode/microBlaze1/vitisJson/syncBlaze/microblaze_0/standalone_domain/bsp/system.mss
TRACE::2025-03-24.15:43:46::SCWPlatform::Trying to open the hw design at E:/kevin/myCode/microBlaze1/vitisJson/syncBlaze/hw/design_1_wrapper.xsa
TRACE::2025-03-24.15:43:46::SCWPlatform::DSA given E:/kevin/myCode/microBlaze1/vitisJson/syncBlaze/hw/design_1_wrapper.xsa
TRACE::2025-03-24.15:43:46::SCWPlatform::DSA absoulate path E:/kevin/myCode/microBlaze1/vitisJson/syncBlaze/hw/design_1_wrapper.xsa
TRACE::2025-03-24.15:43:46::SCWPlatform::DSA directory E:/kevin/myCode/microBlaze1/vitisJson/syncBlaze/hw
TRACE::2025-03-24.15:43:46::SCWPlatform:: Platform Path E:/kevin/myCode/microBlaze1/vitisJson/syncBlaze/hw/design_1_wrapper.xsa
TRACE::2025-03-24.15:43:46::SCWPlatform:: Unique name xilinx:::0.0
TRACE::2025-03-24.15:43:46::SCWPlatform::Trying to set the existing hwdb with name design_1_wrapper_0
TRACE::2025-03-24.15:43:46::SCWPlatform::Opened existing hwdb design_1_wrapper_0
TRACE::2025-03-24.15:43:46::SCWPlatform::Found the Hw Db part of the input DSA
TRACE::2025-03-24.15:43:46::SCWMssOS::Checking the sw design at  E:/kevin/myCode/microBlaze1/vitisJson/syncBlaze/microblaze_0/standalone_domain/bsp/system.mss
TRACE::2025-03-24.15:43:46::SCWMssOS::DEBUG:  swdes dump  E:/kevin/myCode/microBlaze1/vitisJson/syncBlaze/microblaze_0/standalone_domain/bsp/system.mss|system||

TRACE::2025-03-24.15:43:46::SCWMssOS::Sw design exists and opened at  E:/kevin/myCode/microBlaze1/vitisJson/syncBlaze/microblaze_0/standalone_domain/bsp/system.mss
TRACE::2025-03-24.15:43:46::SCWPlatform::Trying to open the hw design at E:/kevin/myCode/microBlaze1/vitisJson/syncBlaze/hw/design_1_wrapper.xsa
TRACE::2025-03-24.15:43:46::SCWPlatform::DSA given E:/kevin/myCode/microBlaze1/vitisJson/syncBlaze/hw/design_1_wrapper.xsa
TRACE::2025-03-24.15:43:46::SCWPlatform::DSA absoulate path E:/kevin/myCode/microBlaze1/vitisJson/syncBlaze/hw/design_1_wrapper.xsa
TRACE::2025-03-24.15:43:46::SCWPlatform::DSA directory E:/kevin/myCode/microBlaze1/vitisJson/syncBlaze/hw
TRACE::2025-03-24.15:43:46::SCWPlatform:: Platform Path E:/kevin/myCode/microBlaze1/vitisJson/syncBlaze/hw/design_1_wrapper.xsa
TRACE::2025-03-24.15:43:46::SCWPlatform:: Unique name xilinx:::0.0
TRACE::2025-03-24.15:43:46::SCWPlatform::Trying to set the existing hwdb with name design_1_wrapper_0
TRACE::2025-03-24.15:43:46::SCWPlatform::Opened existing hwdb design_1_wrapper_0
TRACE::2025-03-24.15:43:46::SCWPlatform::Found the Hw Db part of the input DSA
TRACE::2025-03-24.15:43:46::SCWMssOS::Checking the sw design at  E:/kevin/myCode/microBlaze1/vitisJson/syncBlaze/microblaze_0/standalone_domain/bsp/system.mss
TRACE::2025-03-24.15:43:46::SCWMssOS::DEBUG:  swdes dump  E:/kevin/myCode/microBlaze1/vitisJson/syncBlaze/microblaze_0/standalone_domain/bsp/system.mss|system||

TRACE::2025-03-24.15:43:46::SCWMssOS::Sw design exists and opened at  E:/kevin/myCode/microBlaze1/vitisJson/syncBlaze/microblaze_0/standalone_domain/bsp/system.mss
TRACE::2025-03-24.15:43:46::SCWWriter::formatted JSON is {
	"platformName":	"syncBlaze",
	"sprVersion":	"2.0",
	"mode":	"gui",
	"dsaType":	"Fixed",
	"platformDesc":	"syncBlaze",
	"platHandOff":	"E:/kevin/myCode/microBlaze1/design_1_wrapper.xsa",
	"platIntHandOff":	"<platformDir>/hw/design_1_wrapper.xsa",
	"deviceType":	"FPGA",
	"platIsPrebuiltAutogen":	"false",
	"platIsNoBootBsp":	"false",
	"hasFsblMakeHasChanges":	"false",
	"hasPmufwMakeHasChanges":	"false",
	"platPreBuiltFlag":	false,
	"platformSamplesDir":	"",
	"platActiveSys":	"syncBlaze",
	"systems":	[{
			"systemName":	"syncBlaze",
			"systemDesc":	"syncBlaze",
			"sysIsBootAutoGen":	"true",
			"systemDispName":	"syncBlaze",
			"sysActiveDom":	"standalone_domain",
			"sysDefaultDom":	"standalone_domain",
			"domains":	[{
					"domainName":	"standalone_domain",
					"domainDispName":	"standalone on microblaze_0",
					"domainDesc":	"standalone_domain",
					"processors":	"microblaze_0",
					"os":	"standalone",
					"sdxOs":	"standalone",
					"debugEnable":	"False",
					"domRuntimes":	["cpp"],
					"swRepo":	"",
					"mssOsVer":	"8.0",
					"mssFile":	"",
					"md5Digest":	"e2cdda41e7956801f4f51a65042beca0",
					"compatibleApp":	"",
					"domType":	"mssDomain",
					"arch":	"32-bit",
					"appSettings":	{
						"appCompilerFlags":	"",
						"appLinkerFlags":	""
					},
					"addedLibs":	[],
					"libOptions":	{
						"libsContainingOptions":	[]
					},
					"prebuiltLibs":	{
						"prebuiltIncPath":	[],
						"prebuiltLibPath":	[]
					},
					"isolation":	{
					}
				}]
		}]
}
TRACE::2025-03-24.15:43:47::SCWPlatform::Clearing the existing platform
TRACE::2025-03-24.15:43:47::SCWSystem::Clearing the existing sysconfig
TRACE::2025-03-24.15:43:47::SCWMssOS::Removing the swdes entry for  E:/kevin/myCode/microBlaze1/vitisJson/syncBlaze/microblaze_0/standalone_domain/bsp/system.mss
TRACE::2025-03-24.15:43:47::SCWSystem::Clearing the domains completed.
TRACE::2025-03-24.15:43:47::SCWPlatform::Clearing the opened hw db.
TRACE::2025-03-24.15:43:47::SCWPlatform::DSA given E:/kevin/myCode/microBlaze1/vitisJson/syncBlaze/hw/design_1_wrapper.xsa
TRACE::2025-03-24.15:43:47::SCWPlatform::DSA absoulate path E:/kevin/myCode/microBlaze1/vitisJson/syncBlaze/hw/design_1_wrapper.xsa
TRACE::2025-03-24.15:43:47::SCWPlatform:: Platform location is E:/kevin/myCode/microBlaze1/vitisJson/syncBlaze/hw
TRACE::2025-03-24.15:43:47::SCWPlatform:: Platform Path E:/kevin/myCode/microBlaze1/vitisJson/syncBlaze/hw/design_1_wrapper.xsa
TRACE::2025-03-24.15:43:47::SCWPlatform:: Unique name xilinx:::0.0
TRACE::2025-03-24.15:43:47::SCWPlatform::Removing the HwDB with name E:/kevin/myCode/microBlaze1/vitisJson/syncBlaze/hw/design_1_wrapper.xsa
TRACE::2025-03-24.15:43:47::SCWPlatform::Trying to open the hw design at E:/kevin/myCode/microBlaze1/vitisJson/syncBlaze/hw/design_1_wrapper.xsa
TRACE::2025-03-24.15:43:47::SCWPlatform::DSA given E:/kevin/myCode/microBlaze1/vitisJson/syncBlaze/hw/design_1_wrapper.xsa
TRACE::2025-03-24.15:43:47::SCWPlatform::DSA absoulate path E:/kevin/myCode/microBlaze1/vitisJson/syncBlaze/hw/design_1_wrapper.xsa
TRACE::2025-03-24.15:43:47::SCWPlatform::DSA directory E:/kevin/myCode/microBlaze1/vitisJson/syncBlaze/hw
TRACE::2025-03-24.15:43:47::SCWPlatform:: Platform Path E:/kevin/myCode/microBlaze1/vitisJson/syncBlaze/hw/design_1_wrapper.xsa
TRACE::2025-03-24.15:43:47::SCWPlatform:: Unique name xilinx:::0.0
TRACE::2025-03-24.15:43:47::SCWPlatform::Do not have an existing db opened. 
TRACE::2025-03-24.15:43:47::SCWPlatform::Opened new HwDB with name design_1_wrapper_1
TRACE::2025-03-24.15:43:47::SCWReader::Active system found as  syncBlaze
TRACE::2025-03-24.15:43:47::SCWReader::Handling sysconfig syncBlaze
TRACE::2025-03-24.15:43:47::SCWDomain::checking for install qemu data   : 
TRACE::2025-03-24.15:43:47::SCWPlatform::Trying to open the hw design at E:/kevin/myCode/microBlaze1/vitisJson/syncBlaze/hw/design_1_wrapper.xsa
TRACE::2025-03-24.15:43:47::SCWPlatform::DSA given E:/kevin/myCode/microBlaze1/vitisJson/syncBlaze/hw/design_1_wrapper.xsa
TRACE::2025-03-24.15:43:47::SCWPlatform::DSA absoulate path E:/kevin/myCode/microBlaze1/vitisJson/syncBlaze/hw/design_1_wrapper.xsa
TRACE::2025-03-24.15:43:47::SCWPlatform::DSA directory E:/kevin/myCode/microBlaze1/vitisJson/syncBlaze/hw
TRACE::2025-03-24.15:43:47::SCWPlatform:: Platform Path E:/kevin/myCode/microBlaze1/vitisJson/syncBlaze/hw/design_1_wrapper.xsa
TRACE::2025-03-24.15:43:47::SCWPlatform:: Unique name xilinx:::0.0
TRACE::2025-03-24.15:43:47::SCWPlatform::Trying to set the existing hwdb with name design_1_wrapper_1
TRACE::2025-03-24.15:43:47::SCWPlatform::Opened existing hwdb design_1_wrapper_1
TRACE::2025-03-24.15:43:47::SCWPlatform::Found the Hw Db part of the input DSA
TRACE::2025-03-24.15:43:47::SCWPlatform::Trying to open the hw design at E:/kevin/myCode/microBlaze1/vitisJson/syncBlaze/hw/design_1_wrapper.xsa
TRACE::2025-03-24.15:43:47::SCWPlatform::DSA given E:/kevin/myCode/microBlaze1/vitisJson/syncBlaze/hw/design_1_wrapper.xsa
TRACE::2025-03-24.15:43:47::SCWPlatform::DSA absoulate path E:/kevin/myCode/microBlaze1/vitisJson/syncBlaze/hw/design_1_wrapper.xsa
TRACE::2025-03-24.15:43:47::SCWPlatform::DSA directory E:/kevin/myCode/microBlaze1/vitisJson/syncBlaze/hw
TRACE::2025-03-24.15:43:47::SCWPlatform:: Platform Path E:/kevin/myCode/microBlaze1/vitisJson/syncBlaze/hw/design_1_wrapper.xsa
TRACE::2025-03-24.15:43:47::SCWPlatform:: Unique name xilinx:::0.0
TRACE::2025-03-24.15:43:47::SCWPlatform::Trying to set the existing hwdb with name design_1_wrapper_1
TRACE::2025-03-24.15:43:47::SCWPlatform::Opened existing hwdb design_1_wrapper_1
TRACE::2025-03-24.15:43:47::SCWPlatform::Found the Hw Db part of the input DSA
TRACE::2025-03-24.15:43:47::SCWPlatform::Trying to open the hw design at E:/kevin/myCode/microBlaze1/vitisJson/syncBlaze/hw/design_1_wrapper.xsa
TRACE::2025-03-24.15:43:47::SCWPlatform::DSA given E:/kevin/myCode/microBlaze1/vitisJson/syncBlaze/hw/design_1_wrapper.xsa
TRACE::2025-03-24.15:43:47::SCWPlatform::DSA absoulate path E:/kevin/myCode/microBlaze1/vitisJson/syncBlaze/hw/design_1_wrapper.xsa
TRACE::2025-03-24.15:43:47::SCWPlatform::DSA directory E:/kevin/myCode/microBlaze1/vitisJson/syncBlaze/hw
TRACE::2025-03-24.15:43:47::SCWPlatform:: Platform Path E:/kevin/myCode/microBlaze1/vitisJson/syncBlaze/hw/design_1_wrapper.xsa
TRACE::2025-03-24.15:43:47::SCWPlatform:: Unique name xilinx:::0.0
TRACE::2025-03-24.15:43:47::SCWPlatform::Trying to set the existing hwdb with name design_1_wrapper_1
TRACE::2025-03-24.15:43:47::SCWPlatform::Opened existing hwdb design_1_wrapper_1
TRACE::2025-03-24.15:43:47::SCWPlatform::Found the Hw Db part of the input DSA
TRACE::2025-03-24.15:43:47::SCWPlatform::Trying to open the hw design at E:/kevin/myCode/microBlaze1/vitisJson/syncBlaze/hw/design_1_wrapper.xsa
TRACE::2025-03-24.15:43:47::SCWPlatform::DSA given E:/kevin/myCode/microBlaze1/vitisJson/syncBlaze/hw/design_1_wrapper.xsa
TRACE::2025-03-24.15:43:47::SCWPlatform::DSA absoulate path E:/kevin/myCode/microBlaze1/vitisJson/syncBlaze/hw/design_1_wrapper.xsa
TRACE::2025-03-24.15:43:47::SCWPlatform::DSA directory E:/kevin/myCode/microBlaze1/vitisJson/syncBlaze/hw
TRACE::2025-03-24.15:43:47::SCWPlatform:: Platform Path E:/kevin/myCode/microBlaze1/vitisJson/syncBlaze/hw/design_1_wrapper.xsa
TRACE::2025-03-24.15:43:47::SCWPlatform:: Unique name xilinx:::0.0
TRACE::2025-03-24.15:43:47::SCWPlatform::Trying to set the existing hwdb with name design_1_wrapper_1
TRACE::2025-03-24.15:43:47::SCWPlatform::Opened existing hwdb design_1_wrapper_1
TRACE::2025-03-24.15:43:47::SCWPlatform::Found the Hw Db part of the input DSA
TRACE::2025-03-24.15:43:47::SCWMssOS::Checking the sw design at  E:/kevin/myCode/microBlaze1/vitisJson/syncBlaze/microblaze_0/standalone_domain/bsp/system.mss
TRACE::2025-03-24.15:43:47::SCWMssOS::DEBUG:  swdes dump  
TRACE::2025-03-24.15:43:47::SCWMssOS::No sw design opened at  E:/kevin/myCode/microBlaze1/vitisJson/syncBlaze/microblaze_0/standalone_domain/bsp/system.mss
TRACE::2025-03-24.15:43:47::SCWMssOS::mss exists loading the mss file  E:/kevin/myCode/microBlaze1/vitisJson/syncBlaze/microblaze_0/standalone_domain/bsp/system.mss
TRACE::2025-03-24.15:43:47::SCWMssOS::Opened the sw design from mss  E:/kevin/myCode/microBlaze1/vitisJson/syncBlaze/microblaze_0/standalone_domain/bsp/system.mss
TRACE::2025-03-24.15:43:47::SCWMssOS::Adding the swdes entry E:/kevin/myCode/microBlaze1/vitisJson/syncBlaze/microblaze_0/standalone_domain/bsp/system.mss with des name system
TRACE::2025-03-24.15:43:47::SCWMssOS::updating the scw layer about changes
TRACE::2025-03-24.15:43:47::SCWMssOS::Opened the sw design.  E:/kevin/myCode/microBlaze1/vitisJson/syncBlaze/microblaze_0/standalone_domain/bsp/system.mss
TRACE::2025-03-24.15:43:47::SCWMssOS::Saving the mss changes E:/kevin/myCode/microBlaze1/vitisJson/syncBlaze/microblaze_0/standalone_domain/bsp/system.mss
TRACE::2025-03-24.15:43:47::SCWMssOS::Found a swdesign opened with the mssfile.
TRACE::2025-03-24.15:43:47::SCWMssOS::Completed writemss as part of save.
TRACE::2025-03-24.15:43:47::SCWMssOS::Commit changes completed.
TRACE::2025-03-24.15:43:47::SCWReader::Adding prebuilt librarypaths as   
TRACE::2025-03-24.15:43:47::SCWReader::Adding prebuilt incpaths  as   
TRACE::2025-03-24.15:43:47::SCWPlatform::Trying to open the hw design at E:/kevin/myCode/microBlaze1/vitisJson/syncBlaze/hw/design_1_wrapper.xsa
TRACE::2025-03-24.15:43:47::SCWPlatform::DSA given E:/kevin/myCode/microBlaze1/vitisJson/syncBlaze/hw/design_1_wrapper.xsa
TRACE::2025-03-24.15:43:47::SCWPlatform::DSA absoulate path E:/kevin/myCode/microBlaze1/vitisJson/syncBlaze/hw/design_1_wrapper.xsa
TRACE::2025-03-24.15:43:47::SCWPlatform::DSA directory E:/kevin/myCode/microBlaze1/vitisJson/syncBlaze/hw
TRACE::2025-03-24.15:43:47::SCWPlatform:: Platform Path E:/kevin/myCode/microBlaze1/vitisJson/syncBlaze/hw/design_1_wrapper.xsa
TRACE::2025-03-24.15:43:47::SCWPlatform:: Unique name xilinx:::0.0
TRACE::2025-03-24.15:43:47::SCWPlatform::Trying to set the existing hwdb with name design_1_wrapper_1
TRACE::2025-03-24.15:43:47::SCWPlatform::Opened existing hwdb design_1_wrapper_1
TRACE::2025-03-24.15:43:47::SCWPlatform::Found the Hw Db part of the input DSA
TRACE::2025-03-24.15:43:47::SCWMssOS::Checking the sw design at  E:/kevin/myCode/microBlaze1/vitisJson/syncBlaze/microblaze_0/standalone_domain/bsp/system.mss
TRACE::2025-03-24.15:43:47::SCWMssOS::DEBUG:  swdes dump  E:/kevin/myCode/microBlaze1/vitisJson/syncBlaze/microblaze_0/standalone_domain/bsp/system.mss|system||

TRACE::2025-03-24.15:43:47::SCWMssOS::Sw design exists and opened at  E:/kevin/myCode/microBlaze1/vitisJson/syncBlaze/microblaze_0/standalone_domain/bsp/system.mss
TRACE::2025-03-24.15:43:47::SCWReader::No isolation master present  
TRACE::2025-03-24.15:53:12::SCWPlatform::DSA given E:/kevin/myCode/microBlaze1/vitisJson/syncBlaze/tempdsa/design_1_wrapper.xsa
TRACE::2025-03-24.15:53:12::SCWPlatform::DSA absoulate path E:/kevin/myCode/microBlaze1/vitisJson/syncBlaze/tempdsa/design_1_wrapper.xsa
TRACE::2025-03-24.15:53:12::SCWPlatform:: Platform location is E:/kevin/myCode/microBlaze1/vitisJson/syncBlaze/tempdsa
TRACE::2025-03-24.15:53:12::SCWPlatform:: Platform Path E:/kevin/myCode/microBlaze1/vitisJson/syncBlaze/tempdsa/design_1_wrapper.xsa
TRACE::2025-03-24.15:53:12::SCWPlatform:: Unique name xilinx:::0.0
TRACE::2025-03-24.15:53:13::SCWPlatform::Found the Hw Db part of the input DSA
TRACE::2025-03-24.15:53:13::SCWMssOS::Doing hw sync for the mss in domain: standalone_domain
TRACE::2025-03-24.15:53:13::SCWPlatform::Trying to open the hw design at E:/kevin/myCode/microBlaze1/vitisJson/syncBlaze/hw/design_1_wrapper.xsa
TRACE::2025-03-24.15:53:13::SCWPlatform::DSA given E:/kevin/myCode/microBlaze1/vitisJson/syncBlaze/hw/design_1_wrapper.xsa
TRACE::2025-03-24.15:53:13::SCWPlatform::DSA absoulate path E:/kevin/myCode/microBlaze1/vitisJson/syncBlaze/hw/design_1_wrapper.xsa
TRACE::2025-03-24.15:53:13::SCWPlatform::DSA directory E:/kevin/myCode/microBlaze1/vitisJson/syncBlaze/hw
TRACE::2025-03-24.15:53:13::SCWPlatform:: Platform Path E:/kevin/myCode/microBlaze1/vitisJson/syncBlaze/hw/design_1_wrapper.xsa
TRACE::2025-03-24.15:53:13::SCWPlatform:: Unique name xilinx:::0.0
TRACE::2025-03-24.15:53:13::SCWPlatform::Trying to set the existing hwdb with name design_1_wrapper_1
TRACE::2025-03-24.15:53:13::SCWPlatform::Opened existing hwdb design_1_wrapper_1
TRACE::2025-03-24.15:53:13::SCWPlatform::Found the Hw Db part of the input DSA
TRACE::2025-03-24.15:53:13::SCWPlatform::Trying to open the hw design at E:/kevin/myCode/microBlaze1/vitisJson/syncBlaze/hw/design_1_wrapper.xsa
TRACE::2025-03-24.15:53:13::SCWPlatform::DSA given E:/kevin/myCode/microBlaze1/vitisJson/syncBlaze/hw/design_1_wrapper.xsa
TRACE::2025-03-24.15:53:13::SCWPlatform::DSA absoulate path E:/kevin/myCode/microBlaze1/vitisJson/syncBlaze/hw/design_1_wrapper.xsa
TRACE::2025-03-24.15:53:13::SCWPlatform::DSA directory E:/kevin/myCode/microBlaze1/vitisJson/syncBlaze/hw
TRACE::2025-03-24.15:53:13::SCWPlatform:: Platform Path E:/kevin/myCode/microBlaze1/vitisJson/syncBlaze/hw/design_1_wrapper.xsa
TRACE::2025-03-24.15:53:13::SCWPlatform:: Unique name xilinx:::0.0
TRACE::2025-03-24.15:53:13::SCWPlatform::Trying to set the existing hwdb with name design_1_wrapper_1
TRACE::2025-03-24.15:53:13::SCWPlatform::Opened existing hwdb design_1_wrapper_1
TRACE::2025-03-24.15:53:13::SCWPlatform::Found the Hw Db part of the input DSA
TRACE::2025-03-24.15:53:13::SCWMssOS::Checking the sw design at  E:/kevin/myCode/microBlaze1/vitisJson/syncBlaze/microblaze_0/standalone_domain/bsp/system.mss
TRACE::2025-03-24.15:53:13::SCWMssOS::DEBUG:  swdes dump  E:/kevin/myCode/microBlaze1/vitisJson/syncBlaze/microblaze_0/standalone_domain/bsp/system.mss|system||

TRACE::2025-03-24.15:53:13::SCWMssOS::Sw design exists and opened at  E:/kevin/myCode/microBlaze1/vitisJson/syncBlaze/microblaze_0/standalone_domain/bsp/system.mss
TRACE::2025-03-24.15:53:13::SCWPlatform::Trying to open the hw design at E:/kevin/myCode/microBlaze1/vitisJson/syncBlaze/tempdsa/design_1_wrapper.xsa
TRACE::2025-03-24.15:53:13::SCWPlatform::DSA given E:/kevin/myCode/microBlaze1/vitisJson/syncBlaze/tempdsa/design_1_wrapper.xsa
TRACE::2025-03-24.15:53:13::SCWPlatform::DSA absoulate path E:/kevin/myCode/microBlaze1/vitisJson/syncBlaze/tempdsa/design_1_wrapper.xsa
TRACE::2025-03-24.15:53:13::SCWPlatform::DSA directory E:/kevin/myCode/microBlaze1/vitisJson/syncBlaze/tempdsa
TRACE::2025-03-24.15:53:13::SCWPlatform:: Platform Path E:/kevin/myCode/microBlaze1/vitisJson/syncBlaze/tempdsa/design_1_wrapper.xsa
TRACE::2025-03-24.15:53:13::SCWPlatform:: Unique name xilinx:::0.0
TRACE::2025-03-24.15:53:13::SCWPlatform::update - Opened existing hwdb design_1_wrapper_4
TRACE::2025-03-24.15:53:13::SCWPlatform::Found the Hw Db part of the input DSA
TRACE::2025-03-24.15:53:13::SCWMssOS::Saving the mss changes E:/kevin/myCode/microBlaze1/vitisJson/syncBlaze/microblaze_0/standalone_domain/bsp/system.mss
TRACE::2025-03-24.15:53:13::SCWMssOS::Found a swdesign opened with the mssfile.
TRACE::2025-03-24.15:53:13::SCWMssOS::Completed writemss as part of save.
TRACE::2025-03-24.15:53:13::SCWMssOS::Commit changes completed.
TRACE::2025-03-24.15:53:13::SCWMssOS::Completed hw sync for the mss in domain: standalone_domain
TRACE::2025-03-24.15:53:13::SCWMssOS::Removing the swdes entry for  E:/kevin/myCode/microBlaze1/vitisJson/syncBlaze/microblaze_0/standalone_domain/bsp/system.mss
TRACE::2025-03-24.15:53:13::SCWPlatform::Trying to open the hw design at E:/kevin/myCode/microBlaze1/vitisJson/syncBlaze/hw/design_1_wrapper.xsa
TRACE::2025-03-24.15:53:13::SCWPlatform::DSA given E:/kevin/myCode/microBlaze1/vitisJson/syncBlaze/hw/design_1_wrapper.xsa
TRACE::2025-03-24.15:53:13::SCWPlatform::DSA absoulate path E:/kevin/myCode/microBlaze1/vitisJson/syncBlaze/hw/design_1_wrapper.xsa
TRACE::2025-03-24.15:53:13::SCWPlatform::DSA directory E:/kevin/myCode/microBlaze1/vitisJson/syncBlaze/hw
TRACE::2025-03-24.15:53:13::SCWPlatform:: Platform Path E:/kevin/myCode/microBlaze1/vitisJson/syncBlaze/hw/design_1_wrapper.xsa
TRACE::2025-03-24.15:53:13::SCWPlatform:: Unique name xilinx:::0.0
TRACE::2025-03-24.15:53:13::SCWPlatform::Do not have an existing db opened. 
TRACE::2025-03-24.15:53:13::SCWPlatform::Opened new HwDB with name design_1_wrapper_5
TRACE::2025-03-24.15:53:13::SCWMssOS::Saving the mss changes E:/kevin/myCode/microBlaze1/vitisJson/syncBlaze/microblaze_0/standalone_domain/bsp/system.mss
TRACE::2025-03-24.15:53:13::SCWMssOS::Adding the swdes entry, mss present, able to open swdb E:/kevin/myCode/microBlaze1/vitisJson/syncBlaze/microblaze_0/standalone_domain/bsp/system.mss with des name system
TRACE::2025-03-24.15:53:13::SCWMssOS::Writing the mss file completed E:/kevin/myCode/microBlaze1/vitisJson/syncBlaze/microblaze_0/standalone_domain/bsp/system.mss
TRACE::2025-03-24.15:53:13::SCWMssOS::Commit changes completed.
TRACE::2025-03-24.15:53:13::SCWPlatform::Trying to open the hw design at E:/kevin/myCode/microBlaze1/vitisJson/syncBlaze/hw/design_1_wrapper.xsa
TRACE::2025-03-24.15:53:13::SCWPlatform::DSA given E:/kevin/myCode/microBlaze1/vitisJson/syncBlaze/hw/design_1_wrapper.xsa
TRACE::2025-03-24.15:53:13::SCWPlatform::DSA absoulate path E:/kevin/myCode/microBlaze1/vitisJson/syncBlaze/hw/design_1_wrapper.xsa
TRACE::2025-03-24.15:53:13::SCWPlatform::DSA directory E:/kevin/myCode/microBlaze1/vitisJson/syncBlaze/hw
TRACE::2025-03-24.15:53:13::SCWPlatform:: Platform Path E:/kevin/myCode/microBlaze1/vitisJson/syncBlaze/hw/design_1_wrapper.xsa
TRACE::2025-03-24.15:53:13::SCWPlatform:: Unique name xilinx:::0.0
TRACE::2025-03-24.15:53:13::SCWPlatform::Trying to set the existing hwdb with name design_1_wrapper_5
TRACE::2025-03-24.15:53:13::SCWPlatform::Opened existing hwdb design_1_wrapper_5
TRACE::2025-03-24.15:53:13::SCWPlatform::Found the Hw Db part of the input DSA
TRACE::2025-03-24.15:53:13::SCWMssOS::Checking the sw design at  E:/kevin/myCode/microBlaze1/vitisJson/syncBlaze/microblaze_0/standalone_domain/bsp/system.mss
TRACE::2025-03-24.15:53:13::SCWMssOS::DEBUG:  swdes dump  E:/kevin/myCode/microBlaze1/vitisJson/syncBlaze/microblaze_0/standalone_domain/bsp/system.mss|system||

TRACE::2025-03-24.15:53:13::SCWMssOS::Sw design exists and opened at  E:/kevin/myCode/microBlaze1/vitisJson/syncBlaze/microblaze_0/standalone_domain/bsp/system.mss
TRACE::2025-03-24.15:53:13::SCWWriter::formatted JSON is {
	"platformName":	"syncBlaze",
	"sprVersion":	"2.0",
	"mode":	"gui",
	"dsaType":	"Fixed",
	"platformDesc":	"syncBlaze",
	"platHandOff":	"E:/kevin/myCode/microBlaze1/design_1_wrapper.xsa",
	"platIntHandOff":	"<platformDir>/hw/design_1_wrapper.xsa",
	"deviceType":	"FPGA",
	"platIsPrebuiltAutogen":	"false",
	"platIsNoBootBsp":	"false",
	"hasFsblMakeHasChanges":	"false",
	"hasPmufwMakeHasChanges":	"false",
	"platPreBuiltFlag":	false,
	"platformSamplesDir":	"",
	"platActiveSys":	"syncBlaze",
	"systems":	[{
			"systemName":	"syncBlaze",
			"systemDesc":	"syncBlaze",
			"sysIsBootAutoGen":	"true",
			"systemDispName":	"syncBlaze",
			"sysActiveDom":	"standalone_domain",
			"sysDefaultDom":	"standalone_domain",
			"domains":	[{
					"domainName":	"standalone_domain",
					"domainDispName":	"standalone on microblaze_0",
					"domainDesc":	"standalone_domain",
					"processors":	"microblaze_0",
					"os":	"standalone",
					"sdxOs":	"standalone",
					"debugEnable":	"False",
					"domRuntimes":	["cpp"],
					"swRepo":	"",
					"mssOsVer":	"8.0",
					"mssFile":	"",
					"md5Digest":	"e2cdda41e7956801f4f51a65042beca01",
					"compatibleApp":	"",
					"domType":	"mssDomain",
					"arch":	"32-bit",
					"appSettings":	{
						"appCompilerFlags":	"",
						"appLinkerFlags":	""
					},
					"addedLibs":	[],
					"libOptions":	{
						"libsContainingOptions":	[]
					},
					"prebuiltLibs":	{
						"prebuiltIncPath":	[],
						"prebuiltLibPath":	[]
					},
					"isolation":	{
					}
				}]
		}]
}
TRACE::2025-03-24.15:53:14::SCWPlatform::Clearing the existing platform
TRACE::2025-03-24.15:53:14::SCWSystem::Clearing the existing sysconfig
TRACE::2025-03-24.15:53:14::SCWMssOS::Removing the swdes entry for  E:/kevin/myCode/microBlaze1/vitisJson/syncBlaze/microblaze_0/standalone_domain/bsp/system.mss
TRACE::2025-03-24.15:53:14::SCWSystem::Clearing the domains completed.
TRACE::2025-03-24.15:53:14::SCWPlatform::Clearing the opened hw db.
TRACE::2025-03-24.15:53:14::SCWPlatform::DSA given E:/kevin/myCode/microBlaze1/vitisJson/syncBlaze/hw/design_1_wrapper.xsa
TRACE::2025-03-24.15:53:14::SCWPlatform::DSA absoulate path E:/kevin/myCode/microBlaze1/vitisJson/syncBlaze/hw/design_1_wrapper.xsa
TRACE::2025-03-24.15:53:14::SCWPlatform:: Platform location is E:/kevin/myCode/microBlaze1/vitisJson/syncBlaze/hw
TRACE::2025-03-24.15:53:14::SCWPlatform:: Platform Path E:/kevin/myCode/microBlaze1/vitisJson/syncBlaze/hw/design_1_wrapper.xsa
TRACE::2025-03-24.15:53:14::SCWPlatform:: Unique name xilinx:::0.0
TRACE::2025-03-24.15:53:14::SCWPlatform::Removing the HwDB with name E:/kevin/myCode/microBlaze1/vitisJson/syncBlaze/hw/design_1_wrapper.xsa
TRACE::2025-03-24.15:53:14::SCWPlatform::Trying to open the hw design at E:/kevin/myCode/microBlaze1/vitisJson/syncBlaze/hw/design_1_wrapper.xsa
TRACE::2025-03-24.15:53:14::SCWPlatform::DSA given E:/kevin/myCode/microBlaze1/vitisJson/syncBlaze/hw/design_1_wrapper.xsa
TRACE::2025-03-24.15:53:14::SCWPlatform::DSA absoulate path E:/kevin/myCode/microBlaze1/vitisJson/syncBlaze/hw/design_1_wrapper.xsa
TRACE::2025-03-24.15:53:14::SCWPlatform::DSA directory E:/kevin/myCode/microBlaze1/vitisJson/syncBlaze/hw
TRACE::2025-03-24.15:53:14::SCWPlatform:: Platform Path E:/kevin/myCode/microBlaze1/vitisJson/syncBlaze/hw/design_1_wrapper.xsa
TRACE::2025-03-24.15:53:14::SCWPlatform:: Unique name xilinx:::0.0
TRACE::2025-03-24.15:53:14::SCWPlatform::Do not have an existing db opened. 
TRACE::2025-03-24.15:53:14::SCWPlatform::Opened new HwDB with name design_1_wrapper_6
TRACE::2025-03-24.15:53:14::SCWReader::Active system found as  syncBlaze
TRACE::2025-03-24.15:53:14::SCWReader::Handling sysconfig syncBlaze
TRACE::2025-03-24.15:53:14::SCWDomain::checking for install qemu data   : 
TRACE::2025-03-24.15:53:14::SCWPlatform::Trying to open the hw design at E:/kevin/myCode/microBlaze1/vitisJson/syncBlaze/hw/design_1_wrapper.xsa
TRACE::2025-03-24.15:53:14::SCWPlatform::DSA given E:/kevin/myCode/microBlaze1/vitisJson/syncBlaze/hw/design_1_wrapper.xsa
TRACE::2025-03-24.15:53:14::SCWPlatform::DSA absoulate path E:/kevin/myCode/microBlaze1/vitisJson/syncBlaze/hw/design_1_wrapper.xsa
TRACE::2025-03-24.15:53:14::SCWPlatform::DSA directory E:/kevin/myCode/microBlaze1/vitisJson/syncBlaze/hw
TRACE::2025-03-24.15:53:14::SCWPlatform:: Platform Path E:/kevin/myCode/microBlaze1/vitisJson/syncBlaze/hw/design_1_wrapper.xsa
TRACE::2025-03-24.15:53:14::SCWPlatform:: Unique name xilinx:::0.0
TRACE::2025-03-24.15:53:14::SCWPlatform::Trying to set the existing hwdb with name design_1_wrapper_6
TRACE::2025-03-24.15:53:14::SCWPlatform::Opened existing hwdb design_1_wrapper_6
TRACE::2025-03-24.15:53:14::SCWPlatform::Found the Hw Db part of the input DSA
TRACE::2025-03-24.15:53:14::SCWPlatform::Trying to open the hw design at E:/kevin/myCode/microBlaze1/vitisJson/syncBlaze/hw/design_1_wrapper.xsa
TRACE::2025-03-24.15:53:14::SCWPlatform::DSA given E:/kevin/myCode/microBlaze1/vitisJson/syncBlaze/hw/design_1_wrapper.xsa
TRACE::2025-03-24.15:53:14::SCWPlatform::DSA absoulate path E:/kevin/myCode/microBlaze1/vitisJson/syncBlaze/hw/design_1_wrapper.xsa
TRACE::2025-03-24.15:53:14::SCWPlatform::DSA directory E:/kevin/myCode/microBlaze1/vitisJson/syncBlaze/hw
TRACE::2025-03-24.15:53:14::SCWPlatform:: Platform Path E:/kevin/myCode/microBlaze1/vitisJson/syncBlaze/hw/design_1_wrapper.xsa
TRACE::2025-03-24.15:53:14::SCWPlatform:: Unique name xilinx:::0.0
TRACE::2025-03-24.15:53:14::SCWPlatform::Trying to set the existing hwdb with name design_1_wrapper_6
TRACE::2025-03-24.15:53:14::SCWPlatform::Opened existing hwdb design_1_wrapper_6
TRACE::2025-03-24.15:53:14::SCWPlatform::Found the Hw Db part of the input DSA
TRACE::2025-03-24.15:53:14::SCWPlatform::Trying to open the hw design at E:/kevin/myCode/microBlaze1/vitisJson/syncBlaze/hw/design_1_wrapper.xsa
TRACE::2025-03-24.15:53:14::SCWPlatform::DSA given E:/kevin/myCode/microBlaze1/vitisJson/syncBlaze/hw/design_1_wrapper.xsa
TRACE::2025-03-24.15:53:14::SCWPlatform::DSA absoulate path E:/kevin/myCode/microBlaze1/vitisJson/syncBlaze/hw/design_1_wrapper.xsa
TRACE::2025-03-24.15:53:14::SCWPlatform::DSA directory E:/kevin/myCode/microBlaze1/vitisJson/syncBlaze/hw
TRACE::2025-03-24.15:53:14::SCWPlatform:: Platform Path E:/kevin/myCode/microBlaze1/vitisJson/syncBlaze/hw/design_1_wrapper.xsa
TRACE::2025-03-24.15:53:14::SCWPlatform:: Unique name xilinx:::0.0
TRACE::2025-03-24.15:53:14::SCWPlatform::Trying to set the existing hwdb with name design_1_wrapper_6
TRACE::2025-03-24.15:53:14::SCWPlatform::Opened existing hwdb design_1_wrapper_6
TRACE::2025-03-24.15:53:14::SCWPlatform::Found the Hw Db part of the input DSA
TRACE::2025-03-24.15:53:14::SCWPlatform::Trying to open the hw design at E:/kevin/myCode/microBlaze1/vitisJson/syncBlaze/hw/design_1_wrapper.xsa
TRACE::2025-03-24.15:53:14::SCWPlatform::DSA given E:/kevin/myCode/microBlaze1/vitisJson/syncBlaze/hw/design_1_wrapper.xsa
TRACE::2025-03-24.15:53:14::SCWPlatform::DSA absoulate path E:/kevin/myCode/microBlaze1/vitisJson/syncBlaze/hw/design_1_wrapper.xsa
TRACE::2025-03-24.15:53:14::SCWPlatform::DSA directory E:/kevin/myCode/microBlaze1/vitisJson/syncBlaze/hw
TRACE::2025-03-24.15:53:14::SCWPlatform:: Platform Path E:/kevin/myCode/microBlaze1/vitisJson/syncBlaze/hw/design_1_wrapper.xsa
TRACE::2025-03-24.15:53:14::SCWPlatform:: Unique name xilinx:::0.0
TRACE::2025-03-24.15:53:14::SCWPlatform::Trying to set the existing hwdb with name design_1_wrapper_6
TRACE::2025-03-24.15:53:14::SCWPlatform::Opened existing hwdb design_1_wrapper_6
TRACE::2025-03-24.15:53:14::SCWPlatform::Found the Hw Db part of the input DSA
TRACE::2025-03-24.15:53:14::SCWMssOS::Checking the sw design at  E:/kevin/myCode/microBlaze1/vitisJson/syncBlaze/microblaze_0/standalone_domain/bsp/system.mss
TRACE::2025-03-24.15:53:14::SCWMssOS::DEBUG:  swdes dump  
TRACE::2025-03-24.15:53:14::SCWMssOS::No sw design opened at  E:/kevin/myCode/microBlaze1/vitisJson/syncBlaze/microblaze_0/standalone_domain/bsp/system.mss
TRACE::2025-03-24.15:53:14::SCWMssOS::mss exists loading the mss file  E:/kevin/myCode/microBlaze1/vitisJson/syncBlaze/microblaze_0/standalone_domain/bsp/system.mss
TRACE::2025-03-24.15:53:14::SCWMssOS::Opened the sw design from mss  E:/kevin/myCode/microBlaze1/vitisJson/syncBlaze/microblaze_0/standalone_domain/bsp/system.mss
TRACE::2025-03-24.15:53:14::SCWMssOS::Adding the swdes entry E:/kevin/myCode/microBlaze1/vitisJson/syncBlaze/microblaze_0/standalone_domain/bsp/system.mss with des name system
TRACE::2025-03-24.15:53:14::SCWMssOS::updating the scw layer about changes
TRACE::2025-03-24.15:53:14::SCWMssOS::Opened the sw design.  E:/kevin/myCode/microBlaze1/vitisJson/syncBlaze/microblaze_0/standalone_domain/bsp/system.mss
TRACE::2025-03-24.15:53:14::SCWMssOS::Saving the mss changes E:/kevin/myCode/microBlaze1/vitisJson/syncBlaze/microblaze_0/standalone_domain/bsp/system.mss
TRACE::2025-03-24.15:53:14::SCWMssOS::Found a swdesign opened with the mssfile.
TRACE::2025-03-24.15:53:14::SCWMssOS::Completed writemss as part of save.
TRACE::2025-03-24.15:53:14::SCWMssOS::Commit changes completed.
TRACE::2025-03-24.15:53:14::SCWReader::Adding prebuilt librarypaths as   
TRACE::2025-03-24.15:53:14::SCWReader::Adding prebuilt incpaths  as   
TRACE::2025-03-24.15:53:14::SCWPlatform::Trying to open the hw design at E:/kevin/myCode/microBlaze1/vitisJson/syncBlaze/hw/design_1_wrapper.xsa
TRACE::2025-03-24.15:53:14::SCWPlatform::DSA given E:/kevin/myCode/microBlaze1/vitisJson/syncBlaze/hw/design_1_wrapper.xsa
TRACE::2025-03-24.15:53:14::SCWPlatform::DSA absoulate path E:/kevin/myCode/microBlaze1/vitisJson/syncBlaze/hw/design_1_wrapper.xsa
TRACE::2025-03-24.15:53:14::SCWPlatform::DSA directory E:/kevin/myCode/microBlaze1/vitisJson/syncBlaze/hw
TRACE::2025-03-24.15:53:14::SCWPlatform:: Platform Path E:/kevin/myCode/microBlaze1/vitisJson/syncBlaze/hw/design_1_wrapper.xsa
TRACE::2025-03-24.15:53:14::SCWPlatform:: Unique name xilinx:::0.0
TRACE::2025-03-24.15:53:14::SCWPlatform::Trying to set the existing hwdb with name design_1_wrapper_6
TRACE::2025-03-24.15:53:14::SCWPlatform::Opened existing hwdb design_1_wrapper_6
TRACE::2025-03-24.15:53:14::SCWPlatform::Found the Hw Db part of the input DSA
TRACE::2025-03-24.15:53:14::SCWMssOS::Checking the sw design at  E:/kevin/myCode/microBlaze1/vitisJson/syncBlaze/microblaze_0/standalone_domain/bsp/system.mss
TRACE::2025-03-24.15:53:14::SCWMssOS::DEBUG:  swdes dump  E:/kevin/myCode/microBlaze1/vitisJson/syncBlaze/microblaze_0/standalone_domain/bsp/system.mss|system||

TRACE::2025-03-24.15:53:14::SCWMssOS::Sw design exists and opened at  E:/kevin/myCode/microBlaze1/vitisJson/syncBlaze/microblaze_0/standalone_domain/bsp/system.mss
TRACE::2025-03-24.15:53:14::SCWReader::No isolation master present  
LOG::2025-03-24.15:53:25::SCWPlatform::Started generating the artifacts platform syncBlaze
TRACE::2025-03-24.15:53:25::SCWPlatform::Sanity checking of platform is completed
LOG::2025-03-24.15:53:25::SCWPlatform::Started generating the artifacts for system configuration syncBlaze
LOG::2025-03-24.15:53:25::SCWSystem::Checking the domain standalone_domain
LOG::2025-03-24.15:53:25::SCWSystem::Not a boot domain 
LOG::2025-03-24.15:53:25::SCWSystem::Started Processing the domain standalone_domain
TRACE::2025-03-24.15:53:25::SCWDomain::Generating domain artifcats
TRACE::2025-03-24.15:53:25::SCWMssOS::Generating standalone artifcats
TRACE::2025-03-24.15:53:25::SCWMssOS:: Copying the user libraries. 
TRACE::2025-03-24.15:53:25::SCWPlatform::Trying to open the hw design at E:/kevin/myCode/microBlaze1/vitisJson/syncBlaze/hw/design_1_wrapper.xsa
TRACE::2025-03-24.15:53:25::SCWPlatform::DSA given E:/kevin/myCode/microBlaze1/vitisJson/syncBlaze/hw/design_1_wrapper.xsa
TRACE::2025-03-24.15:53:25::SCWPlatform::DSA absoulate path E:/kevin/myCode/microBlaze1/vitisJson/syncBlaze/hw/design_1_wrapper.xsa
TRACE::2025-03-24.15:53:25::SCWPlatform::DSA directory E:/kevin/myCode/microBlaze1/vitisJson/syncBlaze/hw
TRACE::2025-03-24.15:53:25::SCWPlatform:: Platform Path E:/kevin/myCode/microBlaze1/vitisJson/syncBlaze/hw/design_1_wrapper.xsa
TRACE::2025-03-24.15:53:25::SCWPlatform:: Unique name xilinx:::0.0
TRACE::2025-03-24.15:53:25::SCWPlatform::Trying to set the existing hwdb with name design_1_wrapper_6
TRACE::2025-03-24.15:53:25::SCWPlatform::Opened existing hwdb design_1_wrapper_6
TRACE::2025-03-24.15:53:25::SCWPlatform::Found the Hw Db part of the input DSA
TRACE::2025-03-24.15:53:25::SCWMssOS::Checking the sw design at  E:/kevin/myCode/microBlaze1/vitisJson/syncBlaze/microblaze_0/standalone_domain/bsp/system.mss
TRACE::2025-03-24.15:53:25::SCWMssOS::DEBUG:  swdes dump  E:/kevin/myCode/microBlaze1/vitisJson/syncBlaze/microblaze_0/standalone_domain/bsp/system.mss|system||

TRACE::2025-03-24.15:53:25::SCWMssOS::Sw design exists and opened at  E:/kevin/myCode/microBlaze1/vitisJson/syncBlaze/microblaze_0/standalone_domain/bsp/system.mss
TRACE::2025-03-24.15:53:25::SCWMssOS::Completed writing the mss file at E:/kevin/myCode/microBlaze1/vitisJson/syncBlaze/microblaze_0/standalone_domain/bsp
TRACE::2025-03-24.15:53:25::SCWMssOS::Mss edits present, copying mssfile into export location E:/kevin/myCode/microBlaze1/vitisJson/syncBlaze/microblaze_0/standalone_domain/bsp/system.mss
TRACE::2025-03-24.15:53:25::SCWMssOS::bsp generated is stale removing and regenerating. 
TRACE::2025-03-24.15:53:26::SCWMssOS::doing bsp build ... 
TRACE::2025-03-24.15:53:26::SCWMssOS::System Command Ran  E: & cd  E:/kevin/myCode/microBlaze1/vitisJson/syncBlaze/microblaze_0/standalone_domain/bsp & make 
TRACE::2025-03-24.15:53:26::SCWMssOS::make --no-print-directory seq_libs

TRACE::2025-03-24.15:53:26::SCWMssOS::'Finished building libraries sequentially.'

TRACE::2025-03-24.15:53:26::SCWMssOS::make -j 14 --no-print-directory par_libs

TRACE::2025-03-24.15:53:26::SCWMssOS::"Running Make include in microblaze_0/libsrc/bram_v4_8/src"

TRACE::2025-03-24.15:53:26::SCWMssOS::make -C microblaze_0/libsrc/bram_v4_8/src -s include  "SHELL=CMD" "COMPILER=mb-gcc" "ASSEMBLER=mb-as" "ARCHIVER=mb-ar" "COMPILE
TRACE::2025-03-24.15:53:26::SCWMssOS::R_FLAGS=  -O2 -c -mcpu=v11.0 -mlittle-endian -mxl-soft-mul" "EXTRA_COMPILER_FLAGS=-g -ffunction-sections -fdata-sections -Wall 
TRACE::2025-03-24.15:53:26::SCWMssOS::-Wextra -fno-tree-loop-distribute-patterns"

TRACE::2025-03-24.15:53:26::SCWMssOS::"Running Make include in microblaze_0/libsrc/intc_v3_15/src"

TRACE::2025-03-24.15:53:26::SCWMssOS::"Running Make include in microblaze_0/libsrc/gpio_v4_9/src"

TRACE::2025-03-24.15:53:26::SCWMssOS::"Running Make include in microblaze_0/libsrc/cpu_v2_16/src"

TRACE::2025-03-24.15:53:26::SCWMssOS::"Running Make include in microblaze_0/libsrc/standalone_v8_0/src"

TRACE::2025-03-24.15:53:26::SCWMssOS::make -C microblaze_0/libsrc/cpu_v2_16/src -s include  "SHELL=CMD" "COMPILER=mb-gcc" "ASSEMBLER=mb-as" "ARCHIVER=mb-ar" "COMPILE
TRACE::2025-03-24.15:53:26::SCWMssOS::R_FLAGS=  -O2 -c -mcpu=v11.0 -mlittle-endian -mxl-soft-mul" "EXTRA_COMPILER_FLAGS=-g -ffunction-sections -fdata-sections -Wall 
TRACE::2025-03-24.15:53:26::SCWMssOS::-Wextra -fno-tree-loop-distribute-patterns"

TRACE::2025-03-24.15:53:26::SCWMssOS::make -C microblaze_0/libsrc/gpio_v4_9/src -s include  "SHELL=CMD" "COMPILER=mb-gcc" "ASSEMBLER=mb-as" "ARCHIVER=mb-ar" "COMPILE
TRACE::2025-03-24.15:53:26::SCWMssOS::R_FLAGS=  -O2 -c -mcpu=v11.0 -mlittle-endian -mxl-soft-mul" "EXTRA_COMPILER_FLAGS=-g -ffunction-sections -fdata-sections -Wall 
TRACE::2025-03-24.15:53:26::SCWMssOS::-Wextra -fno-tree-loop-distribute-patterns"

TRACE::2025-03-24.15:53:26::SCWMssOS::"Running Make include in microblaze_0/libsrc/tmrctr_v4_9/src"

TRACE::2025-03-24.15:53:26::SCWMssOS::make -C microblaze_0/libsrc/intc_v3_15/src -s include  "SHELL=CMD" "COMPILER=mb-gcc" "ASSEMBLER=mb-as" "ARCHIVER=mb-ar" "COMPIL
TRACE::2025-03-24.15:53:26::SCWMssOS::ER_FLAGS=  -O2 -c -mcpu=v11.0 -mlittle-endian -mxl-soft-mul" "EXTRA_COMPILER_FLAGS=-g -ffunction-sections -fdata-sections -Wall
TRACE::2025-03-24.15:53:26::SCWMssOS:: -Wextra -fno-tree-loop-distribute-patterns"

TRACE::2025-03-24.15:53:26::SCWMssOS::make -C microblaze_0/libsrc/standalone_v8_0/src -s include  "SHELL=CMD" "COMPILER=mb-gcc" "ASSEMBLER=mb-as" "ARCHIVER=mb-ar" "C
TRACE::2025-03-24.15:53:26::SCWMssOS::OMPILER_FLAGS=  -O2 -c -mcpu=v11.0 -mlittle-endian -mxl-soft-mul" "EXTRA_COMPILER_FLAGS=-g -ffunction-sections -fdata-sections 
TRACE::2025-03-24.15:53:26::SCWMssOS::-Wall -Wextra -fno-tree-loop-distribute-patterns"

TRACE::2025-03-24.15:53:26::SCWMssOS::make -C microblaze_0/libsrc/tmrctr_v4_9/src -s include  "SHELL=CMD" "COMPILER=mb-gcc" "ASSEMBLER=mb-as" "ARCHIVER=mb-ar" "COMPI
TRACE::2025-03-24.15:53:26::SCWMssOS::LER_FLAGS=  -O2 -c -mcpu=v11.0 -mlittle-endian -mxl-soft-mul" "EXTRA_COMPILER_FLAGS=-g -ffunction-sections -fdata-sections -Wal
TRACE::2025-03-24.15:53:26::SCWMssOS::l -Wextra -fno-tree-loop-distribute-patterns"

TRACE::2025-03-24.15:53:26::SCWMssOS::"Running Make include in microblaze_0/libsrc/uartlite_v3_7/src"

TRACE::2025-03-24.15:53:26::SCWMssOS::make -C microblaze_0/libsrc/uartlite_v3_7/src -s include  "SHELL=CMD" "COMPILER=mb-gcc" "ASSEMBLER=mb-as" "ARCHIVER=mb-ar" "COM
TRACE::2025-03-24.15:53:26::SCWMssOS::PILER_FLAGS=  -O2 -c -mcpu=v11.0 -mlittle-endian -mxl-soft-mul" "EXTRA_COMPILER_FLAGS=-g -ffunction-sections -fdata-sections -W
TRACE::2025-03-24.15:53:26::SCWMssOS::all -Wextra -fno-tree-loop-distribute-patterns"

TRACE::2025-03-24.15:53:27::SCWMssOS::"Running Make libs in microblaze_0/libsrc/bram_v4_8/src"

TRACE::2025-03-24.15:53:27::SCWMssOS::make -C microblaze_0/libsrc/bram_v4_8/src -s libs  "SHELL=CMD" "COMPILER=mb-gcc" "ASSEMBLER=mb-as" "ARCHIVER=mb-ar" "COMPILER_F
TRACE::2025-03-24.15:53:27::SCWMssOS::LAGS=  -O2 -c -mcpu=v11.0 -mlittle-endian -mxl-soft-mul" "EXTRA_COMPILER_FLAGS=-g -ffunction-sections -fdata-sections -Wall -We
TRACE::2025-03-24.15:53:27::SCWMssOS::xtra -fno-tree-loop-distribute-patterns"

TRACE::2025-03-24.15:53:27::SCWMssOS::"Running Make libs in microblaze_0/libsrc/cpu_v2_16/src"

TRACE::2025-03-24.15:53:27::SCWMssOS::make -C microblaze_0/libsrc/cpu_v2_16/src -s libs  "SHELL=CMD" "COMPILER=mb-gcc" "ASSEMBLER=mb-as" "ARCHIVER=mb-ar" "COMPILER_F
TRACE::2025-03-24.15:53:27::SCWMssOS::LAGS=  -O2 -c -mcpu=v11.0 -mlittle-endian -mxl-soft-mul" "EXTRA_COMPILER_FLAGS=-g -ffunction-sections -fdata-sections -Wall -We
TRACE::2025-03-24.15:53:27::SCWMssOS::xtra -fno-tree-loop-distribute-patterns"

TRACE::2025-03-24.15:53:27::SCWMssOS::"Running Make libs in microblaze_0/libsrc/gpio_v4_9/src"

TRACE::2025-03-24.15:53:27::SCWMssOS::make -C microblaze_0/libsrc/gpio_v4_9/src -s libs  "SHELL=CMD" "COMPILER=mb-gcc" "ASSEMBLER=mb-as" "ARCHIVER=mb-ar" "COMPILER_F
TRACE::2025-03-24.15:53:27::SCWMssOS::LAGS=  -O2 -c -mcpu=v11.0 -mlittle-endian -mxl-soft-mul" "EXTRA_COMPILER_FLAGS=-g -ffunction-sections -fdata-sections -Wall -We
TRACE::2025-03-24.15:53:27::SCWMssOS::xtra -fno-tree-loop-distribute-patterns"

TRACE::2025-03-24.15:53:27::SCWMssOS::"Running Make libs in microblaze_0/libsrc/intc_v3_15/src"

TRACE::2025-03-24.15:53:27::SCWMssOS::make -C microblaze_0/libsrc/intc_v3_15/src -s libs  "SHELL=CMD" "COMPILER=mb-gcc" "ASSEMBLER=mb-as" "ARCHIVER=mb-ar" "COMPILER_
TRACE::2025-03-24.15:53:27::SCWMssOS::FLAGS=  -O2 -c -mcpu=v11.0 -mlittle-endian -mxl-soft-mul" "EXTRA_COMPILER_FLAGS=-g -ffunction-sections -fdata-sections -Wall -W
TRACE::2025-03-24.15:53:27::SCWMssOS::extra -fno-tree-loop-distribute-patterns"

TRACE::2025-03-24.15:53:27::SCWMssOS::"Running Make libs in microblaze_0/libsrc/standalone_v8_0/src"

TRACE::2025-03-24.15:53:27::SCWMssOS::make -C microblaze_0/libsrc/standalone_v8_0/src -s libs  "SHELL=CMD" "COMPILER=mb-gcc" "ASSEMBLER=mb-as" "ARCHIVER=mb-ar" "COMP
TRACE::2025-03-24.15:53:27::SCWMssOS::ILER_FLAGS=  -O2 -c -mcpu=v11.0 -mlittle-endian -mxl-soft-mul" "EXTRA_COMPILER_FLAGS=-g -ffunction-sections -fdata-sections -Wa
TRACE::2025-03-24.15:53:27::SCWMssOS::ll -Wextra -fno-tree-loop-distribute-patterns"

TRACE::2025-03-24.15:53:27::SCWMssOS::"Running Make libs in microblaze_0/libsrc/tmrctr_v4_9/src"

TRACE::2025-03-24.15:53:27::SCWMssOS::make -C microblaze_0/libsrc/tmrctr_v4_9/src -s libs  "SHELL=CMD" "COMPILER=mb-gcc" "ASSEMBLER=mb-as" "ARCHIVER=mb-ar" "COMPILER
TRACE::2025-03-24.15:53:27::SCWMssOS::_FLAGS=  -O2 -c -mcpu=v11.0 -mlittle-endian -mxl-soft-mul" "EXTRA_COMPILER_FLAGS=-g -ffunction-sections -fdata-sections -Wall -
TRACE::2025-03-24.15:53:27::SCWMssOS::Wextra -fno-tree-loop-distribute-patterns"

TRACE::2025-03-24.15:53:27::SCWMssOS::"Running Make libs in microblaze_0/libsrc/uartlite_v3_7/src"

TRACE::2025-03-24.15:53:27::SCWMssOS::make -C microblaze_0/libsrc/uartlite_v3_7/src -s libs  "SHELL=CMD" "COMPILER=mb-gcc" "ASSEMBLER=mb-as" "ARCHIVER=mb-ar" "COMPIL
TRACE::2025-03-24.15:53:27::SCWMssOS::ER_FLAGS=  -O2 -c -mcpu=v11.0 -mlittle-endian -mxl-soft-mul" "EXTRA_COMPILER_FLAGS=-g -ffunction-sections -fdata-sections -Wall
TRACE::2025-03-24.15:53:27::SCWMssOS:: -Wextra -fno-tree-loop-distribute-patterns"

TRACE::2025-03-24.15:53:28::SCWMssOS::"DEBUG NON_LTO_OBJECTS is ../../../lib/microblaze_interrupt_handler.o"

TRACE::2025-03-24.15:53:28::SCWMssOS::'Finished building libraries parallelly.'

TRACE::2025-03-24.15:53:28::SCWMssOS::make --no-print-directory archive

TRACE::2025-03-24.15:53:28::SCWMssOS::mb-ar -r  microblaze_0/lib/libxil.a microblaze_0/lib/_exit.o microblaze_0/lib/errno.o microblaze_0/lib/fcntl.o microblaze_0/lib
TRACE::2025-03-24.15:53:28::SCWMssOS::/hw_exception_handler.o microblaze_0/lib/inbyte.o microblaze_0/lib/microblaze_disable_dcache.o microblaze_0/lib/microblaze_disa
TRACE::2025-03-24.15:53:28::SCWMssOS::ble_exceptions.o microblaze_0/lib/microblaze_disable_icache.o microblaze_0/lib/microblaze_disable_interrupts.o microblaze_0/lib
TRACE::2025-03-24.15:53:28::SCWMssOS::/microblaze_enable_dcache.o microblaze_0/lib/microblaze_enable_exceptions.o microblaze_0/lib/microblaze_enable_icache.o microbl
TRACE::2025-03-24.15:53:28::SCWMssOS::aze_0/lib/microblaze_enable_interrupts.o microblaze_0/lib/microblaze_exception_handler.o microblaze_0/lib/microblaze_flush_cach
TRACE::2025-03-24.15:53:28::SCWMssOS::e_ext.o microblaze_0/lib/microblaze_flush_cache_ext_range.o microblaze_0/lib/microblaze_flush_dcache.o microblaze_0/lib/microbl
TRACE::2025-03-24.15:53:28::SCWMssOS::aze_flush_dcache_range.o microblaze_0/lib/microblaze_init_dcache_range.o microblaze_0/lib/microblaze_init_icache_range.o microb
TRACE::2025-03-24.15:53:28::SCWMssOS::laze_0/lib/microblaze_interrupt_handler.o microblaze_0/lib/microblaze_interrupts_g.o microblaze_0/lib/microblaze_invalidate_cac
TRACE::2025-03-24.15:53:28::SCWMssOS::he_ext.o microblaze_0/lib/microblaze_invalidate_cache_ext_range.o microblaze_0/lib/microblaze_invalidate_dcache.o microblaze_0/
TRACE::2025-03-24.15:53:28::SCWMssOS::lib/microblaze_invalidate_dcache_range.o microblaze_0/lib/microblaze_invalidate_icache.o microblaze_0/lib/microblaze_invalidate
TRACE::2025-03-24.15:53:28::SCWMssOS::_icache_range.o microblaze_0/lib/microblaze_scrub.o microblaze_0/lib/microblaze_selftest.o microblaze_0/lib/microblaze_sleep.o 
TRACE::2025-03-24.15:53:28::SCWMssOS::microblaze_0/lib/microblaze_update_dcache.o microblaze_0/lib/microblaze_update_icache.o microblaze_0/lib/outbyte.o microblaze_0
TRACE::2025-03-24.15:53:28::SCWMssOS::/lib/print.o microblaze_0/lib/pvr.o microblaze_0/lib/xbram.o microblaze_0/lib/xbram_g.o microblaze_0/lib/xbram_intr.o microblaz
TRACE::2025-03-24.15:53:28::SCWMssOS::e_0/lib/xbram_selftest.o microblaze_0/lib/xbram_sinit.o microblaze_0/lib/xgpio.o microblaze_0/lib/xgpio_extra.o microblaze_0/li
TRACE::2025-03-24.15:53:28::SCWMssOS::b/xgpio_g.o microblaze_0/lib/xgpio_intr.o microblaze_0/lib/xgpio_selftest.o microblaze_0/lib/xgpio_sinit.o microblaze_0/lib/xil
TRACE::2025-03-24.15:53:28::SCWMssOS::_assert.o microblaze_0/lib/xil_cache.o microblaze_0/lib/xil_clocking.o microblaze_0/lib/xil_exception.o microblaze_0/lib/xil_me
TRACE::2025-03-24.15:53:28::SCWMssOS::m.o microblaze_0/lib/xil_misc_psreset_api.o microblaze_0/lib/xil_printf.o microblaze_0/lib/xil_sleepcommon.o microblaze_0/lib/x
TRACE::2025-03-24.15:53:28::SCWMssOS::il_testcache.o microblaze_0/lib/xil_testio.o microblaze_0/lib/xil_testmem.o microblaze_0/lib/xil_util.o microblaze_0/lib/xintc.
TRACE::2025-03-24.15:53:28::SCWMssOS::o microblaze_0/lib/xintc_g.o microblaze_0/lib/xintc_intr.o microblaze_0/lib/xintc_l.o microblaze_0/lib/xintc_options.o microbla
TRACE::2025-03-24.15:53:28::SCWMssOS::ze_0/lib/xintc_selftest.o microblaze_0/lib/xinterrupt_wrap.o microblaze_0/lib/xio.o microblaze_0/lib/xplatform_info.o microblaz
TRACE::2025-03-24.15:53:28::SCWMssOS::e_0/lib/xtmrctr.o microblaze_0/lib/xtmrctr_g.o microblaze_0/lib/xtmrctr_intr.o microblaze_0/lib/xtmrctr_l.o microblaze_0/lib/xt
TRACE::2025-03-24.15:53:28::SCWMssOS::mrctr_options.o microblaze_0/lib/xtmrctr_selftest.o microblaze_0/lib/xtmrctr_sinit.o microblaze_0/lib/xtmrctr_stats.o microblaz
TRACE::2025-03-24.15:53:28::SCWMssOS::e_0/lib/xuartlite.o microblaze_0/lib/xuartlite_g.o microblaze_0/lib/xuartlite_intr.o microblaze_0/lib/xuartlite_l.o microblaze_
TRACE::2025-03-24.15:53:28::SCWMssOS::0/lib/xuartlite_selftest.o microblaze_0/lib/xuartlite_sinit.o microblaze_0/lib/xuartlite_stats.o

TRACE::2025-03-24.15:53:28::SCWMssOS::'Finished building libraries'

TRACE::2025-03-24.15:53:29::SCWMssOS:: Checking if to create the Supporting Applications
TRACE::2025-03-24.15:53:29::SCWMssOS:: No Linux domain exists, trying to generate FSBL 
LOG::2025-03-24.15:53:29::SCWSystem::Completed Processing the domain standalone_domain
LOG::2025-03-24.15:53:29::SCWSystem::Completed Processing the sysconfig syncBlaze
LOG::2025-03-24.15:53:29::SCWPlatform::Completed generating the artifacts for system configuration syncBlaze
TRACE::2025-03-24.15:53:29::SCWPlatform::Started preparing the platform 
TRACE::2025-03-24.15:53:29::SCWSystem::Writing the bif file for system config syncBlaze
TRACE::2025-03-24.15:53:29::SCWSystem::dir created 
TRACE::2025-03-24.15:53:29::SCWSystem::Writing the bif 
TRACE::2025-03-24.15:53:29::SCWPlatform::Started writing the spfm file 
TRACE::2025-03-24.15:53:29::SCWPlatform::Started writing the xpfm file 
TRACE::2025-03-24.15:53:29::SCWPlatform::Completed generating the platform
TRACE::2025-03-24.15:53:29::SCWMssOS::Saving the mss changes E:/kevin/myCode/microBlaze1/vitisJson/syncBlaze/microblaze_0/standalone_domain/bsp/system.mss
TRACE::2025-03-24.15:53:29::SCWMssOS::Adding the swdes entry, mss present, able to open swdb E:/kevin/myCode/microBlaze1/vitisJson/syncBlaze/microblaze_0/standalone_domain/bsp/system.mss with des name system
TRACE::2025-03-24.15:53:29::SCWMssOS::Writing the mss file completed E:/kevin/myCode/microBlaze1/vitisJson/syncBlaze/microblaze_0/standalone_domain/bsp/system.mss
TRACE::2025-03-24.15:53:29::SCWMssOS::Commit changes completed.
TRACE::2025-03-24.15:53:29::SCWPlatform::Trying to open the hw design at E:/kevin/myCode/microBlaze1/vitisJson/syncBlaze/hw/design_1_wrapper.xsa
TRACE::2025-03-24.15:53:29::SCWPlatform::DSA given E:/kevin/myCode/microBlaze1/vitisJson/syncBlaze/hw/design_1_wrapper.xsa
TRACE::2025-03-24.15:53:29::SCWPlatform::DSA absoulate path E:/kevin/myCode/microBlaze1/vitisJson/syncBlaze/hw/design_1_wrapper.xsa
TRACE::2025-03-24.15:53:29::SCWPlatform::DSA directory E:/kevin/myCode/microBlaze1/vitisJson/syncBlaze/hw
TRACE::2025-03-24.15:53:29::SCWPlatform:: Platform Path E:/kevin/myCode/microBlaze1/vitisJson/syncBlaze/hw/design_1_wrapper.xsa
TRACE::2025-03-24.15:53:29::SCWPlatform:: Unique name xilinx:::0.0
TRACE::2025-03-24.15:53:29::SCWPlatform::Trying to set the existing hwdb with name design_1_wrapper_6
TRACE::2025-03-24.15:53:29::SCWPlatform::Opened existing hwdb design_1_wrapper_6
TRACE::2025-03-24.15:53:29::SCWPlatform::Found the Hw Db part of the input DSA
TRACE::2025-03-24.15:53:29::SCWMssOS::Checking the sw design at  E:/kevin/myCode/microBlaze1/vitisJson/syncBlaze/microblaze_0/standalone_domain/bsp/system.mss
TRACE::2025-03-24.15:53:29::SCWMssOS::DEBUG:  swdes dump  E:/kevin/myCode/microBlaze1/vitisJson/syncBlaze/microblaze_0/standalone_domain/bsp/system.mss|system||

TRACE::2025-03-24.15:53:29::SCWMssOS::Sw design exists and opened at  E:/kevin/myCode/microBlaze1/vitisJson/syncBlaze/microblaze_0/standalone_domain/bsp/system.mss
TRACE::2025-03-24.15:53:29::SCWWriter::formatted JSON is {
	"platformName":	"syncBlaze",
	"sprVersion":	"2.0",
	"mode":	"gui",
	"dsaType":	"Fixed",
	"platformDesc":	"syncBlaze",
	"platHandOff":	"E:/kevin/myCode/microBlaze1/design_1_wrapper.xsa",
	"platIntHandOff":	"<platformDir>/hw/design_1_wrapper.xsa",
	"deviceType":	"FPGA",
	"platIsPrebuiltAutogen":	"false",
	"platIsNoBootBsp":	"false",
	"hasFsblMakeHasChanges":	"false",
	"hasPmufwMakeHasChanges":	"false",
	"platPreBuiltFlag":	false,
	"platformSamplesDir":	"",
	"platActiveSys":	"syncBlaze",
	"systems":	[{
			"systemName":	"syncBlaze",
			"systemDesc":	"syncBlaze",
			"sysIsBootAutoGen":	"true",
			"systemDispName":	"syncBlaze",
			"sysActiveDom":	"standalone_domain",
			"sysDefaultDom":	"standalone_domain",
			"domains":	[{
					"domainName":	"standalone_domain",
					"domainDispName":	"standalone on microblaze_0",
					"domainDesc":	"standalone_domain",
					"processors":	"microblaze_0",
					"os":	"standalone",
					"sdxOs":	"standalone",
					"debugEnable":	"False",
					"domRuntimes":	["cpp"],
					"swRepo":	"",
					"mssOsVer":	"8.0",
					"mssFile":	"",
					"md5Digest":	"e2cdda41e7956801f4f51a65042beca0",
					"compatibleApp":	"",
					"domType":	"mssDomain",
					"arch":	"32-bit",
					"appSettings":	{
						"appCompilerFlags":	"",
						"appLinkerFlags":	""
					},
					"addedLibs":	[],
					"libOptions":	{
						"libsContainingOptions":	[]
					},
					"prebuiltLibs":	{
						"prebuiltIncPath":	[],
						"prebuiltLibPath":	[]
					},
					"isolation":	{
					}
				}]
		}]
}
KEYINFO::2025-03-24.15:53:29::SCWPlatform::updated the xpfm file.
TRACE::2025-03-24.15:53:29::SCWPlatform::Trying to open the hw design at E:/kevin/myCode/microBlaze1/vitisJson/syncBlaze/hw/design_1_wrapper.xsa
TRACE::2025-03-24.15:53:29::SCWPlatform::DSA given E:/kevin/myCode/microBlaze1/vitisJson/syncBlaze/hw/design_1_wrapper.xsa
TRACE::2025-03-24.15:53:29::SCWPlatform::DSA absoulate path E:/kevin/myCode/microBlaze1/vitisJson/syncBlaze/hw/design_1_wrapper.xsa
TRACE::2025-03-24.15:53:29::SCWPlatform::DSA directory E:/kevin/myCode/microBlaze1/vitisJson/syncBlaze/hw
TRACE::2025-03-24.15:53:29::SCWPlatform:: Platform Path E:/kevin/myCode/microBlaze1/vitisJson/syncBlaze/hw/design_1_wrapper.xsa
TRACE::2025-03-24.15:53:29::SCWPlatform:: Unique name xilinx:::0.0
TRACE::2025-03-24.15:53:29::SCWPlatform::Trying to set the existing hwdb with name design_1_wrapper_6
TRACE::2025-03-24.15:53:29::SCWPlatform::Opened existing hwdb design_1_wrapper_6
TRACE::2025-03-24.15:53:29::SCWPlatform::Found the Hw Db part of the input DSA
TRACE::2025-03-24.15:53:29::SCWMssOS::Checking the sw design at  E:/kevin/myCode/microBlaze1/vitisJson/syncBlaze/microblaze_0/standalone_domain/bsp/system.mss
TRACE::2025-03-24.15:53:29::SCWMssOS::DEBUG:  swdes dump  E:/kevin/myCode/microBlaze1/vitisJson/syncBlaze/microblaze_0/standalone_domain/bsp/system.mss|system||

TRACE::2025-03-24.15:53:29::SCWMssOS::Sw design exists and opened at  E:/kevin/myCode/microBlaze1/vitisJson/syncBlaze/microblaze_0/standalone_domain/bsp/system.mss
TRACE::2025-03-24.16:20:59::SCWPlatform::DSA given E:/kevin/myCode/microBlaze1/vitisJson/syncBlaze/tempdsa/design_1_wrapper.xsa
TRACE::2025-03-24.16:20:59::SCWPlatform::DSA absoulate path E:/kevin/myCode/microBlaze1/vitisJson/syncBlaze/tempdsa/design_1_wrapper.xsa
TRACE::2025-03-24.16:20:59::SCWPlatform:: Platform location is E:/kevin/myCode/microBlaze1/vitisJson/syncBlaze/tempdsa
TRACE::2025-03-24.16:20:59::SCWPlatform:: Platform Path E:/kevin/myCode/microBlaze1/vitisJson/syncBlaze/tempdsa/design_1_wrapper.xsa
TRACE::2025-03-24.16:20:59::SCWPlatform:: Unique name xilinx:::0.0
TRACE::2025-03-24.16:20:59::SCWPlatform::Found the Hw Db part of the input DSA
TRACE::2025-03-24.16:20:59::SCWMssOS::Doing hw sync for the mss in domain: standalone_domain
TRACE::2025-03-24.16:20:59::SCWPlatform::Trying to open the hw design at E:/kevin/myCode/microBlaze1/vitisJson/syncBlaze/hw/design_1_wrapper.xsa
TRACE::2025-03-24.16:20:59::SCWPlatform::DSA given E:/kevin/myCode/microBlaze1/vitisJson/syncBlaze/hw/design_1_wrapper.xsa
TRACE::2025-03-24.16:20:59::SCWPlatform::DSA absoulate path E:/kevin/myCode/microBlaze1/vitisJson/syncBlaze/hw/design_1_wrapper.xsa
TRACE::2025-03-24.16:20:59::SCWPlatform::DSA directory E:/kevin/myCode/microBlaze1/vitisJson/syncBlaze/hw
TRACE::2025-03-24.16:20:59::SCWPlatform:: Platform Path E:/kevin/myCode/microBlaze1/vitisJson/syncBlaze/hw/design_1_wrapper.xsa
TRACE::2025-03-24.16:20:59::SCWPlatform:: Unique name xilinx:::0.0
TRACE::2025-03-24.16:20:59::SCWPlatform::Trying to set the existing hwdb with name design_1_wrapper_6
TRACE::2025-03-24.16:20:59::SCWPlatform::Opened existing hwdb design_1_wrapper_6
TRACE::2025-03-24.16:20:59::SCWPlatform::Found the Hw Db part of the input DSA
TRACE::2025-03-24.16:20:59::SCWPlatform::Trying to open the hw design at E:/kevin/myCode/microBlaze1/vitisJson/syncBlaze/hw/design_1_wrapper.xsa
TRACE::2025-03-24.16:20:59::SCWPlatform::DSA given E:/kevin/myCode/microBlaze1/vitisJson/syncBlaze/hw/design_1_wrapper.xsa
TRACE::2025-03-24.16:20:59::SCWPlatform::DSA absoulate path E:/kevin/myCode/microBlaze1/vitisJson/syncBlaze/hw/design_1_wrapper.xsa
TRACE::2025-03-24.16:20:59::SCWPlatform::DSA directory E:/kevin/myCode/microBlaze1/vitisJson/syncBlaze/hw
TRACE::2025-03-24.16:20:59::SCWPlatform:: Platform Path E:/kevin/myCode/microBlaze1/vitisJson/syncBlaze/hw/design_1_wrapper.xsa
TRACE::2025-03-24.16:20:59::SCWPlatform:: Unique name xilinx:::0.0
TRACE::2025-03-24.16:20:59::SCWPlatform::Trying to set the existing hwdb with name design_1_wrapper_6
TRACE::2025-03-24.16:20:59::SCWPlatform::Opened existing hwdb design_1_wrapper_6
TRACE::2025-03-24.16:20:59::SCWPlatform::Found the Hw Db part of the input DSA
TRACE::2025-03-24.16:20:59::SCWMssOS::Checking the sw design at  E:/kevin/myCode/microBlaze1/vitisJson/syncBlaze/microblaze_0/standalone_domain/bsp/system.mss
TRACE::2025-03-24.16:20:59::SCWMssOS::DEBUG:  swdes dump  E:/kevin/myCode/microBlaze1/vitisJson/syncBlaze/microblaze_0/standalone_domain/bsp/system.mss|system||

TRACE::2025-03-24.16:20:59::SCWMssOS::Sw design exists and opened at  E:/kevin/myCode/microBlaze1/vitisJson/syncBlaze/microblaze_0/standalone_domain/bsp/system.mss
TRACE::2025-03-24.16:20:59::SCWPlatform::Trying to open the hw design at E:/kevin/myCode/microBlaze1/vitisJson/syncBlaze/tempdsa/design_1_wrapper.xsa
TRACE::2025-03-24.16:20:59::SCWPlatform::DSA given E:/kevin/myCode/microBlaze1/vitisJson/syncBlaze/tempdsa/design_1_wrapper.xsa
TRACE::2025-03-24.16:20:59::SCWPlatform::DSA absoulate path E:/kevin/myCode/microBlaze1/vitisJson/syncBlaze/tempdsa/design_1_wrapper.xsa
TRACE::2025-03-24.16:20:59::SCWPlatform::DSA directory E:/kevin/myCode/microBlaze1/vitisJson/syncBlaze/tempdsa
TRACE::2025-03-24.16:20:59::SCWPlatform:: Platform Path E:/kevin/myCode/microBlaze1/vitisJson/syncBlaze/tempdsa/design_1_wrapper.xsa
TRACE::2025-03-24.16:20:59::SCWPlatform:: Unique name xilinx:::0.0
TRACE::2025-03-24.16:20:59::SCWPlatform::update - Opened existing hwdb design_1_wrapper_7
TRACE::2025-03-24.16:20:59::SCWPlatform::Found the Hw Db part of the input DSA
TRACE::2025-03-24.16:20:59::SCWMssOS::Saving the mss changes E:/kevin/myCode/microBlaze1/vitisJson/syncBlaze/microblaze_0/standalone_domain/bsp/system.mss
TRACE::2025-03-24.16:20:59::SCWMssOS::Found a swdesign opened with the mssfile.
TRACE::2025-03-24.16:20:59::SCWMssOS::Completed writemss as part of save.
TRACE::2025-03-24.16:20:59::SCWMssOS::Commit changes completed.
TRACE::2025-03-24.16:20:59::SCWMssOS::Completed hw sync for the mss in domain: standalone_domain
TRACE::2025-03-24.16:20:59::SCWMssOS::Removing the swdes entry for  E:/kevin/myCode/microBlaze1/vitisJson/syncBlaze/microblaze_0/standalone_domain/bsp/system.mss
TRACE::2025-03-24.16:20:59::SCWPlatform::Trying to open the hw design at E:/kevin/myCode/microBlaze1/vitisJson/syncBlaze/hw/design_1_wrapper.xsa
TRACE::2025-03-24.16:20:59::SCWPlatform::DSA given E:/kevin/myCode/microBlaze1/vitisJson/syncBlaze/hw/design_1_wrapper.xsa
TRACE::2025-03-24.16:20:59::SCWPlatform::DSA absoulate path E:/kevin/myCode/microBlaze1/vitisJson/syncBlaze/hw/design_1_wrapper.xsa
TRACE::2025-03-24.16:20:59::SCWPlatform::DSA directory E:/kevin/myCode/microBlaze1/vitisJson/syncBlaze/hw
TRACE::2025-03-24.16:20:59::SCWPlatform:: Platform Path E:/kevin/myCode/microBlaze1/vitisJson/syncBlaze/hw/design_1_wrapper.xsa
TRACE::2025-03-24.16:20:59::SCWPlatform:: Unique name xilinx:::0.0
TRACE::2025-03-24.16:20:59::SCWPlatform::Do not have an existing db opened. 
TRACE::2025-03-24.16:20:59::SCWPlatform::Opened new HwDB with name design_1_wrapper_8
TRACE::2025-03-24.16:20:59::SCWMssOS::Saving the mss changes E:/kevin/myCode/microBlaze1/vitisJson/syncBlaze/microblaze_0/standalone_domain/bsp/system.mss
TRACE::2025-03-24.16:20:59::SCWMssOS::Adding the swdes entry, mss present, able to open swdb E:/kevin/myCode/microBlaze1/vitisJson/syncBlaze/microblaze_0/standalone_domain/bsp/system.mss with des name system
TRACE::2025-03-24.16:20:59::SCWMssOS::Writing the mss file completed E:/kevin/myCode/microBlaze1/vitisJson/syncBlaze/microblaze_0/standalone_domain/bsp/system.mss
TRACE::2025-03-24.16:20:59::SCWMssOS::Commit changes completed.
TRACE::2025-03-24.16:20:59::SCWPlatform::Trying to open the hw design at E:/kevin/myCode/microBlaze1/vitisJson/syncBlaze/hw/design_1_wrapper.xsa
TRACE::2025-03-24.16:20:59::SCWPlatform::DSA given E:/kevin/myCode/microBlaze1/vitisJson/syncBlaze/hw/design_1_wrapper.xsa
TRACE::2025-03-24.16:20:59::SCWPlatform::DSA absoulate path E:/kevin/myCode/microBlaze1/vitisJson/syncBlaze/hw/design_1_wrapper.xsa
TRACE::2025-03-24.16:20:59::SCWPlatform::DSA directory E:/kevin/myCode/microBlaze1/vitisJson/syncBlaze/hw
TRACE::2025-03-24.16:20:59::SCWPlatform:: Platform Path E:/kevin/myCode/microBlaze1/vitisJson/syncBlaze/hw/design_1_wrapper.xsa
TRACE::2025-03-24.16:20:59::SCWPlatform:: Unique name xilinx:::0.0
TRACE::2025-03-24.16:20:59::SCWPlatform::Trying to set the existing hwdb with name design_1_wrapper_8
TRACE::2025-03-24.16:20:59::SCWPlatform::Opened existing hwdb design_1_wrapper_8
TRACE::2025-03-24.16:20:59::SCWPlatform::Found the Hw Db part of the input DSA
TRACE::2025-03-24.16:20:59::SCWMssOS::Checking the sw design at  E:/kevin/myCode/microBlaze1/vitisJson/syncBlaze/microblaze_0/standalone_domain/bsp/system.mss
TRACE::2025-03-24.16:20:59::SCWMssOS::DEBUG:  swdes dump  E:/kevin/myCode/microBlaze1/vitisJson/syncBlaze/microblaze_0/standalone_domain/bsp/system.mss|system||

TRACE::2025-03-24.16:20:59::SCWMssOS::Sw design exists and opened at  E:/kevin/myCode/microBlaze1/vitisJson/syncBlaze/microblaze_0/standalone_domain/bsp/system.mss
TRACE::2025-03-24.16:20:59::SCWWriter::formatted JSON is {
	"platformName":	"syncBlaze",
	"sprVersion":	"2.0",
	"mode":	"gui",
	"dsaType":	"Fixed",
	"platformDesc":	"syncBlaze",
	"platHandOff":	"E:/kevin/myCode/microBlaze1/design_1_wrapper.xsa",
	"platIntHandOff":	"<platformDir>/hw/design_1_wrapper.xsa",
	"deviceType":	"FPGA",
	"platIsPrebuiltAutogen":	"false",
	"platIsNoBootBsp":	"false",
	"hasFsblMakeHasChanges":	"false",
	"hasPmufwMakeHasChanges":	"false",
	"platPreBuiltFlag":	false,
	"platformSamplesDir":	"",
	"platActiveSys":	"syncBlaze",
	"systems":	[{
			"systemName":	"syncBlaze",
			"systemDesc":	"syncBlaze",
			"sysIsBootAutoGen":	"true",
			"systemDispName":	"syncBlaze",
			"sysActiveDom":	"standalone_domain",
			"sysDefaultDom":	"standalone_domain",
			"domains":	[{
					"domainName":	"standalone_domain",
					"domainDispName":	"standalone on microblaze_0",
					"domainDesc":	"standalone_domain",
					"processors":	"microblaze_0",
					"os":	"standalone",
					"sdxOs":	"standalone",
					"debugEnable":	"False",
					"domRuntimes":	["cpp"],
					"swRepo":	"",
					"mssOsVer":	"8.0",
					"mssFile":	"",
					"md5Digest":	"e2cdda41e7956801f4f51a65042beca01",
					"compatibleApp":	"",
					"domType":	"mssDomain",
					"arch":	"32-bit",
					"appSettings":	{
						"appCompilerFlags":	"",
						"appLinkerFlags":	""
					},
					"addedLibs":	[],
					"libOptions":	{
						"libsContainingOptions":	[]
					},
					"prebuiltLibs":	{
						"prebuiltIncPath":	[],
						"prebuiltLibPath":	[]
					},
					"isolation":	{
					}
				}]
		}]
}
TRACE::2025-03-24.16:21:00::SCWPlatform::Clearing the existing platform
TRACE::2025-03-24.16:21:00::SCWSystem::Clearing the existing sysconfig
TRACE::2025-03-24.16:21:00::SCWMssOS::Removing the swdes entry for  E:/kevin/myCode/microBlaze1/vitisJson/syncBlaze/microblaze_0/standalone_domain/bsp/system.mss
TRACE::2025-03-24.16:21:00::SCWSystem::Clearing the domains completed.
TRACE::2025-03-24.16:21:00::SCWPlatform::Clearing the opened hw db.
TRACE::2025-03-24.16:21:00::SCWPlatform::DSA given E:/kevin/myCode/microBlaze1/vitisJson/syncBlaze/hw/design_1_wrapper.xsa
TRACE::2025-03-24.16:21:00::SCWPlatform::DSA absoulate path E:/kevin/myCode/microBlaze1/vitisJson/syncBlaze/hw/design_1_wrapper.xsa
TRACE::2025-03-24.16:21:00::SCWPlatform:: Platform location is E:/kevin/myCode/microBlaze1/vitisJson/syncBlaze/hw
TRACE::2025-03-24.16:21:00::SCWPlatform:: Platform Path E:/kevin/myCode/microBlaze1/vitisJson/syncBlaze/hw/design_1_wrapper.xsa
TRACE::2025-03-24.16:21:00::SCWPlatform:: Unique name xilinx:::0.0
TRACE::2025-03-24.16:21:00::SCWPlatform::Removing the HwDB with name E:/kevin/myCode/microBlaze1/vitisJson/syncBlaze/hw/design_1_wrapper.xsa
TRACE::2025-03-24.16:21:00::SCWPlatform::Trying to open the hw design at E:/kevin/myCode/microBlaze1/vitisJson/syncBlaze/hw/design_1_wrapper.xsa
TRACE::2025-03-24.16:21:00::SCWPlatform::DSA given E:/kevin/myCode/microBlaze1/vitisJson/syncBlaze/hw/design_1_wrapper.xsa
TRACE::2025-03-24.16:21:00::SCWPlatform::DSA absoulate path E:/kevin/myCode/microBlaze1/vitisJson/syncBlaze/hw/design_1_wrapper.xsa
TRACE::2025-03-24.16:21:00::SCWPlatform::DSA directory E:/kevin/myCode/microBlaze1/vitisJson/syncBlaze/hw
TRACE::2025-03-24.16:21:00::SCWPlatform:: Platform Path E:/kevin/myCode/microBlaze1/vitisJson/syncBlaze/hw/design_1_wrapper.xsa
TRACE::2025-03-24.16:21:00::SCWPlatform:: Unique name xilinx:::0.0
TRACE::2025-03-24.16:21:00::SCWPlatform::Do not have an existing db opened. 
TRACE::2025-03-24.16:21:00::SCWPlatform::Opened new HwDB with name design_1_wrapper_9
TRACE::2025-03-24.16:21:00::SCWReader::Active system found as  syncBlaze
TRACE::2025-03-24.16:21:00::SCWReader::Handling sysconfig syncBlaze
TRACE::2025-03-24.16:21:00::SCWDomain::checking for install qemu data   : 
TRACE::2025-03-24.16:21:00::SCWPlatform::Trying to open the hw design at E:/kevin/myCode/microBlaze1/vitisJson/syncBlaze/hw/design_1_wrapper.xsa
TRACE::2025-03-24.16:21:00::SCWPlatform::DSA given E:/kevin/myCode/microBlaze1/vitisJson/syncBlaze/hw/design_1_wrapper.xsa
TRACE::2025-03-24.16:21:00::SCWPlatform::DSA absoulate path E:/kevin/myCode/microBlaze1/vitisJson/syncBlaze/hw/design_1_wrapper.xsa
TRACE::2025-03-24.16:21:00::SCWPlatform::DSA directory E:/kevin/myCode/microBlaze1/vitisJson/syncBlaze/hw
TRACE::2025-03-24.16:21:00::SCWPlatform:: Platform Path E:/kevin/myCode/microBlaze1/vitisJson/syncBlaze/hw/design_1_wrapper.xsa
TRACE::2025-03-24.16:21:00::SCWPlatform:: Unique name xilinx:::0.0
TRACE::2025-03-24.16:21:00::SCWPlatform::Trying to set the existing hwdb with name design_1_wrapper_9
TRACE::2025-03-24.16:21:00::SCWPlatform::Opened existing hwdb design_1_wrapper_9
TRACE::2025-03-24.16:21:00::SCWPlatform::Found the Hw Db part of the input DSA
TRACE::2025-03-24.16:21:00::SCWPlatform::Trying to open the hw design at E:/kevin/myCode/microBlaze1/vitisJson/syncBlaze/hw/design_1_wrapper.xsa
TRACE::2025-03-24.16:21:00::SCWPlatform::DSA given E:/kevin/myCode/microBlaze1/vitisJson/syncBlaze/hw/design_1_wrapper.xsa
TRACE::2025-03-24.16:21:00::SCWPlatform::DSA absoulate path E:/kevin/myCode/microBlaze1/vitisJson/syncBlaze/hw/design_1_wrapper.xsa
TRACE::2025-03-24.16:21:00::SCWPlatform::DSA directory E:/kevin/myCode/microBlaze1/vitisJson/syncBlaze/hw
TRACE::2025-03-24.16:21:00::SCWPlatform:: Platform Path E:/kevin/myCode/microBlaze1/vitisJson/syncBlaze/hw/design_1_wrapper.xsa
TRACE::2025-03-24.16:21:00::SCWPlatform:: Unique name xilinx:::0.0
TRACE::2025-03-24.16:21:00::SCWPlatform::Trying to set the existing hwdb with name design_1_wrapper_9
TRACE::2025-03-24.16:21:00::SCWPlatform::Opened existing hwdb design_1_wrapper_9
TRACE::2025-03-24.16:21:00::SCWPlatform::Found the Hw Db part of the input DSA
TRACE::2025-03-24.16:21:00::SCWPlatform::Trying to open the hw design at E:/kevin/myCode/microBlaze1/vitisJson/syncBlaze/hw/design_1_wrapper.xsa
TRACE::2025-03-24.16:21:00::SCWPlatform::DSA given E:/kevin/myCode/microBlaze1/vitisJson/syncBlaze/hw/design_1_wrapper.xsa
TRACE::2025-03-24.16:21:00::SCWPlatform::DSA absoulate path E:/kevin/myCode/microBlaze1/vitisJson/syncBlaze/hw/design_1_wrapper.xsa
TRACE::2025-03-24.16:21:00::SCWPlatform::DSA directory E:/kevin/myCode/microBlaze1/vitisJson/syncBlaze/hw
TRACE::2025-03-24.16:21:00::SCWPlatform:: Platform Path E:/kevin/myCode/microBlaze1/vitisJson/syncBlaze/hw/design_1_wrapper.xsa
TRACE::2025-03-24.16:21:00::SCWPlatform:: Unique name xilinx:::0.0
TRACE::2025-03-24.16:21:00::SCWPlatform::Trying to set the existing hwdb with name design_1_wrapper_9
TRACE::2025-03-24.16:21:00::SCWPlatform::Opened existing hwdb design_1_wrapper_9
TRACE::2025-03-24.16:21:00::SCWPlatform::Found the Hw Db part of the input DSA
TRACE::2025-03-24.16:21:00::SCWPlatform::Trying to open the hw design at E:/kevin/myCode/microBlaze1/vitisJson/syncBlaze/hw/design_1_wrapper.xsa
TRACE::2025-03-24.16:21:00::SCWPlatform::DSA given E:/kevin/myCode/microBlaze1/vitisJson/syncBlaze/hw/design_1_wrapper.xsa
TRACE::2025-03-24.16:21:00::SCWPlatform::DSA absoulate path E:/kevin/myCode/microBlaze1/vitisJson/syncBlaze/hw/design_1_wrapper.xsa
TRACE::2025-03-24.16:21:00::SCWPlatform::DSA directory E:/kevin/myCode/microBlaze1/vitisJson/syncBlaze/hw
TRACE::2025-03-24.16:21:00::SCWPlatform:: Platform Path E:/kevin/myCode/microBlaze1/vitisJson/syncBlaze/hw/design_1_wrapper.xsa
TRACE::2025-03-24.16:21:00::SCWPlatform:: Unique name xilinx:::0.0
TRACE::2025-03-24.16:21:00::SCWPlatform::Trying to set the existing hwdb with name design_1_wrapper_9
TRACE::2025-03-24.16:21:00::SCWPlatform::Opened existing hwdb design_1_wrapper_9
TRACE::2025-03-24.16:21:00::SCWPlatform::Found the Hw Db part of the input DSA
TRACE::2025-03-24.16:21:00::SCWMssOS::Checking the sw design at  E:/kevin/myCode/microBlaze1/vitisJson/syncBlaze/microblaze_0/standalone_domain/bsp/system.mss
TRACE::2025-03-24.16:21:00::SCWMssOS::DEBUG:  swdes dump  
TRACE::2025-03-24.16:21:00::SCWMssOS::No sw design opened at  E:/kevin/myCode/microBlaze1/vitisJson/syncBlaze/microblaze_0/standalone_domain/bsp/system.mss
TRACE::2025-03-24.16:21:00::SCWMssOS::mss exists loading the mss file  E:/kevin/myCode/microBlaze1/vitisJson/syncBlaze/microblaze_0/standalone_domain/bsp/system.mss
TRACE::2025-03-24.16:21:00::SCWMssOS::Opened the sw design from mss  E:/kevin/myCode/microBlaze1/vitisJson/syncBlaze/microblaze_0/standalone_domain/bsp/system.mss
TRACE::2025-03-24.16:21:00::SCWMssOS::Adding the swdes entry E:/kevin/myCode/microBlaze1/vitisJson/syncBlaze/microblaze_0/standalone_domain/bsp/system.mss with des name system
TRACE::2025-03-24.16:21:00::SCWMssOS::updating the scw layer about changes
TRACE::2025-03-24.16:21:00::SCWMssOS::Opened the sw design.  E:/kevin/myCode/microBlaze1/vitisJson/syncBlaze/microblaze_0/standalone_domain/bsp/system.mss
TRACE::2025-03-24.16:21:00::SCWMssOS::Saving the mss changes E:/kevin/myCode/microBlaze1/vitisJson/syncBlaze/microblaze_0/standalone_domain/bsp/system.mss
TRACE::2025-03-24.16:21:00::SCWMssOS::Found a swdesign opened with the mssfile.
TRACE::2025-03-24.16:21:00::SCWMssOS::Completed writemss as part of save.
TRACE::2025-03-24.16:21:00::SCWMssOS::Commit changes completed.
TRACE::2025-03-24.16:21:00::SCWReader::Adding prebuilt librarypaths as   
TRACE::2025-03-24.16:21:00::SCWReader::Adding prebuilt incpaths  as   
TRACE::2025-03-24.16:21:00::SCWPlatform::Trying to open the hw design at E:/kevin/myCode/microBlaze1/vitisJson/syncBlaze/hw/design_1_wrapper.xsa
TRACE::2025-03-24.16:21:00::SCWPlatform::DSA given E:/kevin/myCode/microBlaze1/vitisJson/syncBlaze/hw/design_1_wrapper.xsa
TRACE::2025-03-24.16:21:00::SCWPlatform::DSA absoulate path E:/kevin/myCode/microBlaze1/vitisJson/syncBlaze/hw/design_1_wrapper.xsa
TRACE::2025-03-24.16:21:00::SCWPlatform::DSA directory E:/kevin/myCode/microBlaze1/vitisJson/syncBlaze/hw
TRACE::2025-03-24.16:21:00::SCWPlatform:: Platform Path E:/kevin/myCode/microBlaze1/vitisJson/syncBlaze/hw/design_1_wrapper.xsa
TRACE::2025-03-24.16:21:00::SCWPlatform:: Unique name xilinx:::0.0
TRACE::2025-03-24.16:21:00::SCWPlatform::Trying to set the existing hwdb with name design_1_wrapper_9
TRACE::2025-03-24.16:21:00::SCWPlatform::Opened existing hwdb design_1_wrapper_9
TRACE::2025-03-24.16:21:00::SCWPlatform::Found the Hw Db part of the input DSA
TRACE::2025-03-24.16:21:00::SCWMssOS::Checking the sw design at  E:/kevin/myCode/microBlaze1/vitisJson/syncBlaze/microblaze_0/standalone_domain/bsp/system.mss
TRACE::2025-03-24.16:21:00::SCWMssOS::DEBUG:  swdes dump  E:/kevin/myCode/microBlaze1/vitisJson/syncBlaze/microblaze_0/standalone_domain/bsp/system.mss|system||

TRACE::2025-03-24.16:21:00::SCWMssOS::Sw design exists and opened at  E:/kevin/myCode/microBlaze1/vitisJson/syncBlaze/microblaze_0/standalone_domain/bsp/system.mss
TRACE::2025-03-24.16:21:00::SCWReader::No isolation master present  
LOG::2025-03-24.16:21:09::SCWPlatform::Started generating the artifacts platform syncBlaze
TRACE::2025-03-24.16:21:09::SCWPlatform::Sanity checking of platform is completed
LOG::2025-03-24.16:21:09::SCWPlatform::Started generating the artifacts for system configuration syncBlaze
LOG::2025-03-24.16:21:09::SCWSystem::Checking the domain standalone_domain
LOG::2025-03-24.16:21:09::SCWSystem::Not a boot domain 
LOG::2025-03-24.16:21:09::SCWSystem::Started Processing the domain standalone_domain
TRACE::2025-03-24.16:21:09::SCWDomain::Generating domain artifcats
TRACE::2025-03-24.16:21:09::SCWMssOS::Generating standalone artifcats
TRACE::2025-03-24.16:21:09::SCWMssOS:: Copying the user libraries. 
TRACE::2025-03-24.16:21:09::SCWPlatform::Trying to open the hw design at E:/kevin/myCode/microBlaze1/vitisJson/syncBlaze/hw/design_1_wrapper.xsa
TRACE::2025-03-24.16:21:09::SCWPlatform::DSA given E:/kevin/myCode/microBlaze1/vitisJson/syncBlaze/hw/design_1_wrapper.xsa
TRACE::2025-03-24.16:21:09::SCWPlatform::DSA absoulate path E:/kevin/myCode/microBlaze1/vitisJson/syncBlaze/hw/design_1_wrapper.xsa
TRACE::2025-03-24.16:21:09::SCWPlatform::DSA directory E:/kevin/myCode/microBlaze1/vitisJson/syncBlaze/hw
TRACE::2025-03-24.16:21:09::SCWPlatform:: Platform Path E:/kevin/myCode/microBlaze1/vitisJson/syncBlaze/hw/design_1_wrapper.xsa
TRACE::2025-03-24.16:21:09::SCWPlatform:: Unique name xilinx:::0.0
TRACE::2025-03-24.16:21:09::SCWPlatform::Trying to set the existing hwdb with name design_1_wrapper_9
TRACE::2025-03-24.16:21:09::SCWPlatform::Could not get the HWDB from existing dbname
TRACE::2025-03-24.16:21:09::SCWPlatform::Do not have an existing db opened. Attempting to open the hwDb. 
TRACE::2025-03-24.16:21:09::SCWPlatform::Opened new HwDB with name design_1_wrapper_10
TRACE::2025-03-24.16:21:09::SCWMssOS::Checking the sw design at  E:/kevin/myCode/microBlaze1/vitisJson/syncBlaze/microblaze_0/standalone_domain/bsp/system.mss
TRACE::2025-03-24.16:21:09::SCWMssOS::DEBUG:  swdes dump  E:/kevin/myCode/microBlaze1/vitisJson/syncBlaze/microblaze_0/standalone_domain/bsp/system.mss|system||

TRACE::2025-03-24.16:21:09::SCWMssOS::Sw design exists and opened at  E:/kevin/myCode/microBlaze1/vitisJson/syncBlaze/microblaze_0/standalone_domain/bsp/system.mss
TRACE::2025-03-24.16:21:09::SCWMssOS::Completed writing the mss file at E:/kevin/myCode/microBlaze1/vitisJson/syncBlaze/microblaze_0/standalone_domain/bsp
TRACE::2025-03-24.16:21:09::SCWMssOS::Mss edits present, copying mssfile into export location E:/kevin/myCode/microBlaze1/vitisJson/syncBlaze/microblaze_0/standalone_domain/bsp/system.mss
TRACE::2025-03-24.16:21:09::SCWMssOS::bsp generated is stale removing and regenerating. 
TRACE::2025-03-24.16:21:10::SCWMssOS::doing bsp build ... 
TRACE::2025-03-24.16:21:10::SCWMssOS::System Command Ran  E: & cd  E:/kevin/myCode/microBlaze1/vitisJson/syncBlaze/microblaze_0/standalone_domain/bsp & make 
TRACE::2025-03-24.16:21:10::SCWMssOS::make --no-print-directory seq_libs

TRACE::2025-03-24.16:21:10::SCWMssOS::'Finished building libraries sequentially.'

TRACE::2025-03-24.16:21:10::SCWMssOS::make -j 14 --no-print-directory par_libs

TRACE::2025-03-24.16:21:10::SCWMssOS::"Running Make include in microblaze_0/libsrc/bram_v4_8/src"

TRACE::2025-03-24.16:21:10::SCWMssOS::make -C microblaze_0/libsrc/bram_v4_8/src -s include  "SHELL=CMD" "COMPILER=mb-gcc" "ASSEMBLER=mb-as" "ARCHIVER=mb-ar" "COMPILE
TRACE::2025-03-24.16:21:10::SCWMssOS::R_FLAGS=  -O2 -c -mcpu=v11.0 -mlittle-endian -mxl-soft-mul" "EXTRA_COMPILER_FLAGS=-g -ffunction-sections -fdata-sections -Wall 
TRACE::2025-03-24.16:21:10::SCWMssOS::-Wextra -fno-tree-loop-distribute-patterns"

TRACE::2025-03-24.16:21:10::SCWMssOS::"Running Make include in microblaze_0/libsrc/cpu_v2_16/src"

TRACE::2025-03-24.16:21:10::SCWMssOS::make -C microblaze_0/libsrc/cpu_v2_16/src -s include  "SHELL=CMD" "COMPILER=mb-gcc" "ASSEMBLER=mb-as" "ARCHIVER=mb-ar" "COMPILE
TRACE::2025-03-24.16:21:10::SCWMssOS::R_FLAGS=  -O2 -c -mcpu=v11.0 -mlittle-endian -mxl-soft-mul" "EXTRA_COMPILER_FLAGS=-g -ffunction-sections -fdata-sections -Wall 
TRACE::2025-03-24.16:21:10::SCWMssOS::-Wextra -fno-tree-loop-distribute-patterns"

TRACE::2025-03-24.16:21:10::SCWMssOS::"Running Make include in microblaze_0/libsrc/gpio_v4_9/src"

TRACE::2025-03-24.16:21:10::SCWMssOS::make -C microblaze_0/libsrc/gpio_v4_9/src -s include  "SHELL=CMD" "COMPILER=mb-gcc" "ASSEMBLER=mb-as" "ARCHIVER=mb-ar" "COMPILE
TRACE::2025-03-24.16:21:10::SCWMssOS::R_FLAGS=  -O2 -c -mcpu=v11.0 -mlittle-endian -mxl-soft-mul" "EXTRA_COMPILER_FLAGS=-g -ffunction-sections -fdata-sections -Wall 
TRACE::2025-03-24.16:21:10::SCWMssOS::-Wextra -fno-tree-loop-distribute-patterns"

TRACE::2025-03-24.16:21:10::SCWMssOS::"Running Make include in microblaze_0/libsrc/intc_v3_15/src"

TRACE::2025-03-24.16:21:10::SCWMssOS::make -C microblaze_0/libsrc/intc_v3_15/src -s include  "SHELL=CMD" "COMPILER=mb-gcc" "ASSEMBLER=mb-as" "ARCHIVER=mb-ar" "COMPIL
TRACE::2025-03-24.16:21:10::SCWMssOS::ER_FLAGS=  -O2 -c -mcpu=v11.0 -mlittle-endian -mxl-soft-mul" "EXTRA_COMPILER_FLAGS=-g -ffunction-sections -fdata-sections -Wall
TRACE::2025-03-24.16:21:10::SCWMssOS:: -Wextra -fno-tree-loop-distribute-patterns"

TRACE::2025-03-24.16:21:10::SCWMssOS::"Running Make include in microblaze_0/libsrc/standalone_v8_0/src"

TRACE::2025-03-24.16:21:10::SCWMssOS::make -C microblaze_0/libsrc/standalone_v8_0/src -s include  "SHELL=CMD" "COMPILER=mb-gcc" "ASSEMBLER=mb-as" "ARCHIVER=mb-ar" "C
TRACE::2025-03-24.16:21:10::SCWMssOS::OMPILER_FLAGS=  -O2 -c -mcpu=v11.0 -mlittle-endian -mxl-soft-mul" "EXTRA_COMPILER_FLAGS=-g -ffunction-sections -fdata-sections 
TRACE::2025-03-24.16:21:10::SCWMssOS::-Wall -Wextra -fno-tree-loop-distribute-patterns"

TRACE::2025-03-24.16:21:10::SCWMssOS::"Running Make include in microblaze_0/libsrc/tmrctr_v4_9/src"

TRACE::2025-03-24.16:21:10::SCWMssOS::make -C microblaze_0/libsrc/tmrctr_v4_9/src -s include  "SHELL=CMD" "COMPILER=mb-gcc" "ASSEMBLER=mb-as" "ARCHIVER=mb-ar" "COMPI
TRACE::2025-03-24.16:21:10::SCWMssOS::LER_FLAGS=  -O2 -c -mcpu=v11.0 -mlittle-endian -mxl-soft-mul" "EXTRA_COMPILER_FLAGS=-g -ffunction-sections -fdata-sections -Wal
TRACE::2025-03-24.16:21:10::SCWMssOS::l -Wextra -fno-tree-loop-distribute-patterns"

TRACE::2025-03-24.16:21:10::SCWMssOS::"Running Make include in microblaze_0/libsrc/uartlite_v3_7/src"

TRACE::2025-03-24.16:21:10::SCWMssOS::make -C microblaze_0/libsrc/uartlite_v3_7/src -s include  "SHELL=CMD" "COMPILER=mb-gcc" "ASSEMBLER=mb-as" "ARCHIVER=mb-ar" "COM
TRACE::2025-03-24.16:21:10::SCWMssOS::PILER_FLAGS=  -O2 -c -mcpu=v11.0 -mlittle-endian -mxl-soft-mul" "EXTRA_COMPILER_FLAGS=-g -ffunction-sections -fdata-sections -W
TRACE::2025-03-24.16:21:10::SCWMssOS::all -Wextra -fno-tree-loop-distribute-patterns"

TRACE::2025-03-24.16:21:10::SCWMssOS::"Running Make libs in microblaze_0/libsrc/bram_v4_8/src"

TRACE::2025-03-24.16:21:10::SCWMssOS::make -C microblaze_0/libsrc/bram_v4_8/src -s libs  "SHELL=CMD" "COMPILER=mb-gcc" "ASSEMBLER=mb-as" "ARCHIVER=mb-ar" "COMPILER_F
TRACE::2025-03-24.16:21:10::SCWMssOS::LAGS=  -O2 -c -mcpu=v11.0 -mlittle-endian -mxl-soft-mul" "EXTRA_COMPILER_FLAGS=-g -ffunction-sections -fdata-sections -Wall -We
TRACE::2025-03-24.16:21:10::SCWMssOS::xtra -fno-tree-loop-distribute-patterns"

TRACE::2025-03-24.16:21:10::SCWMssOS::"Running Make libs in microblaze_0/libsrc/cpu_v2_16/src"

TRACE::2025-03-24.16:21:10::SCWMssOS::make -C microblaze_0/libsrc/cpu_v2_16/src -s libs  "SHELL=CMD" "COMPILER=mb-gcc" "ASSEMBLER=mb-as" "ARCHIVER=mb-ar" "COMPILER_F
TRACE::2025-03-24.16:21:10::SCWMssOS::LAGS=  -O2 -c -mcpu=v11.0 -mlittle-endian -mxl-soft-mul" "EXTRA_COMPILER_FLAGS=-g -ffunction-sections -fdata-sections -Wall -We
TRACE::2025-03-24.16:21:10::SCWMssOS::xtra -fno-tree-loop-distribute-patterns"

TRACE::2025-03-24.16:21:10::SCWMssOS::"Running Make libs in microblaze_0/libsrc/gpio_v4_9/src"

TRACE::2025-03-24.16:21:10::SCWMssOS::make -C microblaze_0/libsrc/gpio_v4_9/src -s libs  "SHELL=CMD" "COMPILER=mb-gcc" "ASSEMBLER=mb-as" "ARCHIVER=mb-ar" "COMPILER_F
TRACE::2025-03-24.16:21:10::SCWMssOS::LAGS=  -O2 -c -mcpu=v11.0 -mlittle-endian -mxl-soft-mul" "EXTRA_COMPILER_FLAGS=-g -ffunction-sections -fdata-sections -Wall -We
TRACE::2025-03-24.16:21:10::SCWMssOS::xtra -fno-tree-loop-distribute-patterns"

TRACE::2025-03-24.16:21:10::SCWMssOS::"Running Make libs in microblaze_0/libsrc/intc_v3_15/src"

TRACE::2025-03-24.16:21:10::SCWMssOS::make -C microblaze_0/libsrc/intc_v3_15/src -s libs  "SHELL=CMD" "COMPILER=mb-gcc" "ASSEMBLER=mb-as" "ARCHIVER=mb-ar" "COMPILER_
TRACE::2025-03-24.16:21:10::SCWMssOS::FLAGS=  -O2 -c -mcpu=v11.0 -mlittle-endian -mxl-soft-mul" "EXTRA_COMPILER_FLAGS=-g -ffunction-sections -fdata-sections -Wall -W
TRACE::2025-03-24.16:21:10::SCWMssOS::extra -fno-tree-loop-distribute-patterns"

TRACE::2025-03-24.16:21:10::SCWMssOS::"Running Make libs in microblaze_0/libsrc/standalone_v8_0/src"

TRACE::2025-03-24.16:21:10::SCWMssOS::make -C microblaze_0/libsrc/standalone_v8_0/src -s libs  "SHELL=CMD" "COMPILER=mb-gcc" "ASSEMBLER=mb-as" "ARCHIVER=mb-ar" "COMP
TRACE::2025-03-24.16:21:10::SCWMssOS::ILER_FLAGS=  -O2 -c -mcpu=v11.0 -mlittle-endian -mxl-soft-mul" "EXTRA_COMPILER_FLAGS=-g -ffunction-sections -fdata-sections -Wa
TRACE::2025-03-24.16:21:10::SCWMssOS::ll -Wextra -fno-tree-loop-distribute-patterns"

TRACE::2025-03-24.16:21:10::SCWMssOS::"Running Make libs in microblaze_0/libsrc/tmrctr_v4_9/src"

TRACE::2025-03-24.16:21:10::SCWMssOS::make -C microblaze_0/libsrc/tmrctr_v4_9/src -s libs  "SHELL=CMD" "COMPILER=mb-gcc" "ASSEMBLER=mb-as" "ARCHIVER=mb-ar" "COMPILER
TRACE::2025-03-24.16:21:10::SCWMssOS::_FLAGS=  -O2 -c -mcpu=v11.0 -mlittle-endian -mxl-soft-mul" "EXTRA_COMPILER_FLAGS=-g -ffunction-sections -fdata-sections -Wall -
TRACE::2025-03-24.16:21:10::SCWMssOS::Wextra -fno-tree-loop-distribute-patterns"

TRACE::2025-03-24.16:21:10::SCWMssOS::"Running Make libs in microblaze_0/libsrc/uartlite_v3_7/src"

TRACE::2025-03-24.16:21:10::SCWMssOS::make -C microblaze_0/libsrc/uartlite_v3_7/src -s libs  "SHELL=CMD" "COMPILER=mb-gcc" "ASSEMBLER=mb-as" "ARCHIVER=mb-ar" "COMPIL
TRACE::2025-03-24.16:21:10::SCWMssOS::ER_FLAGS=  -O2 -c -mcpu=v11.0 -mlittle-endian -mxl-soft-mul" "EXTRA_COMPILER_FLAGS=-g -ffunction-sections -fdata-sections -Wall
TRACE::2025-03-24.16:21:10::SCWMssOS:: -Wextra -fno-tree-loop-distribute-patterns"

TRACE::2025-03-24.16:21:11::SCWMssOS::"DEBUG NON_LTO_OBJECTS is ../../../lib/microblaze_interrupt_handler.o"

TRACE::2025-03-24.16:21:11::SCWMssOS::'Finished building libraries parallelly.'

TRACE::2025-03-24.16:21:11::SCWMssOS::make --no-print-directory archive

TRACE::2025-03-24.16:21:11::SCWMssOS::mb-ar -r  microblaze_0/lib/libxil.a microblaze_0/lib/_exit.o microblaze_0/lib/errno.o microblaze_0/lib/fcntl.o microblaze_0/lib
TRACE::2025-03-24.16:21:11::SCWMssOS::/hw_exception_handler.o microblaze_0/lib/inbyte.o microblaze_0/lib/microblaze_disable_dcache.o microblaze_0/lib/microblaze_disa
TRACE::2025-03-24.16:21:11::SCWMssOS::ble_exceptions.o microblaze_0/lib/microblaze_disable_icache.o microblaze_0/lib/microblaze_disable_interrupts.o microblaze_0/lib
TRACE::2025-03-24.16:21:11::SCWMssOS::/microblaze_enable_dcache.o microblaze_0/lib/microblaze_enable_exceptions.o microblaze_0/lib/microblaze_enable_icache.o microbl
TRACE::2025-03-24.16:21:11::SCWMssOS::aze_0/lib/microblaze_enable_interrupts.o microblaze_0/lib/microblaze_exception_handler.o microblaze_0/lib/microblaze_flush_cach
TRACE::2025-03-24.16:21:11::SCWMssOS::e_ext.o microblaze_0/lib/microblaze_flush_cache_ext_range.o microblaze_0/lib/microblaze_flush_dcache.o microblaze_0/lib/microbl
TRACE::2025-03-24.16:21:11::SCWMssOS::aze_flush_dcache_range.o microblaze_0/lib/microblaze_init_dcache_range.o microblaze_0/lib/microblaze_init_icache_range.o microb
TRACE::2025-03-24.16:21:11::SCWMssOS::laze_0/lib/microblaze_interrupt_handler.o microblaze_0/lib/microblaze_interrupts_g.o microblaze_0/lib/microblaze_invalidate_cac
TRACE::2025-03-24.16:21:11::SCWMssOS::he_ext.o microblaze_0/lib/microblaze_invalidate_cache_ext_range.o microblaze_0/lib/microblaze_invalidate_dcache.o microblaze_0/
TRACE::2025-03-24.16:21:11::SCWMssOS::lib/microblaze_invalidate_dcache_range.o microblaze_0/lib/microblaze_invalidate_icache.o microblaze_0/lib/microblaze_invalidate
TRACE::2025-03-24.16:21:11::SCWMssOS::_icache_range.o microblaze_0/lib/microblaze_scrub.o microblaze_0/lib/microblaze_selftest.o microblaze_0/lib/microblaze_sleep.o 
TRACE::2025-03-24.16:21:11::SCWMssOS::microblaze_0/lib/microblaze_update_dcache.o microblaze_0/lib/microblaze_update_icache.o microblaze_0/lib/outbyte.o microblaze_0
TRACE::2025-03-24.16:21:11::SCWMssOS::/lib/print.o microblaze_0/lib/pvr.o microblaze_0/lib/xbram.o microblaze_0/lib/xbram_g.o microblaze_0/lib/xbram_intr.o microblaz
TRACE::2025-03-24.16:21:11::SCWMssOS::e_0/lib/xbram_selftest.o microblaze_0/lib/xbram_sinit.o microblaze_0/lib/xgpio.o microblaze_0/lib/xgpio_extra.o microblaze_0/li
TRACE::2025-03-24.16:21:11::SCWMssOS::b/xgpio_g.o microblaze_0/lib/xgpio_intr.o microblaze_0/lib/xgpio_selftest.o microblaze_0/lib/xgpio_sinit.o microblaze_0/lib/xil
TRACE::2025-03-24.16:21:11::SCWMssOS::_assert.o microblaze_0/lib/xil_cache.o microblaze_0/lib/xil_clocking.o microblaze_0/lib/xil_exception.o microblaze_0/lib/xil_me
TRACE::2025-03-24.16:21:11::SCWMssOS::m.o microblaze_0/lib/xil_misc_psreset_api.o microblaze_0/lib/xil_printf.o microblaze_0/lib/xil_sleepcommon.o microblaze_0/lib/x
TRACE::2025-03-24.16:21:11::SCWMssOS::il_testcache.o microblaze_0/lib/xil_testio.o microblaze_0/lib/xil_testmem.o microblaze_0/lib/xil_util.o microblaze_0/lib/xintc.
TRACE::2025-03-24.16:21:11::SCWMssOS::o microblaze_0/lib/xintc_g.o microblaze_0/lib/xintc_intr.o microblaze_0/lib/xintc_l.o microblaze_0/lib/xintc_options.o microbla
TRACE::2025-03-24.16:21:11::SCWMssOS::ze_0/lib/xintc_selftest.o microblaze_0/lib/xinterrupt_wrap.o microblaze_0/lib/xio.o microblaze_0/lib/xplatform_info.o microblaz
TRACE::2025-03-24.16:21:11::SCWMssOS::e_0/lib/xtmrctr.o microblaze_0/lib/xtmrctr_g.o microblaze_0/lib/xtmrctr_intr.o microblaze_0/lib/xtmrctr_l.o microblaze_0/lib/xt
TRACE::2025-03-24.16:21:11::SCWMssOS::mrctr_options.o microblaze_0/lib/xtmrctr_selftest.o microblaze_0/lib/xtmrctr_sinit.o microblaze_0/lib/xtmrctr_stats.o microblaz
TRACE::2025-03-24.16:21:11::SCWMssOS::e_0/lib/xuartlite.o microblaze_0/lib/xuartlite_g.o microblaze_0/lib/xuartlite_intr.o microblaze_0/lib/xuartlite_l.o microblaze_
TRACE::2025-03-24.16:21:11::SCWMssOS::0/lib/xuartlite_selftest.o microblaze_0/lib/xuartlite_sinit.o microblaze_0/lib/xuartlite_stats.o

TRACE::2025-03-24.16:21:11::SCWMssOS::'Finished building libraries'

TRACE::2025-03-24.16:21:11::SCWMssOS:: Checking if to create the Supporting Applications
TRACE::2025-03-24.16:21:11::SCWMssOS:: No Linux domain exists, trying to generate FSBL 
LOG::2025-03-24.16:21:11::SCWSystem::Completed Processing the domain standalone_domain
LOG::2025-03-24.16:21:11::SCWSystem::Completed Processing the sysconfig syncBlaze
LOG::2025-03-24.16:21:11::SCWPlatform::Completed generating the artifacts for system configuration syncBlaze
TRACE::2025-03-24.16:21:11::SCWPlatform::Started preparing the platform 
TRACE::2025-03-24.16:21:11::SCWSystem::Writing the bif file for system config syncBlaze
TRACE::2025-03-24.16:21:11::SCWSystem::dir created 
TRACE::2025-03-24.16:21:11::SCWSystem::Writing the bif 
TRACE::2025-03-24.16:21:11::SCWPlatform::Started writing the spfm file 
TRACE::2025-03-24.16:21:11::SCWPlatform::Started writing the xpfm file 
TRACE::2025-03-24.16:21:11::SCWPlatform::Completed generating the platform
TRACE::2025-03-24.16:21:11::SCWMssOS::Saving the mss changes E:/kevin/myCode/microBlaze1/vitisJson/syncBlaze/microblaze_0/standalone_domain/bsp/system.mss
TRACE::2025-03-24.16:21:12::SCWMssOS::Adding the swdes entry, mss present, able to open swdb E:/kevin/myCode/microBlaze1/vitisJson/syncBlaze/microblaze_0/standalone_domain/bsp/system.mss with des name system
TRACE::2025-03-24.16:21:12::SCWMssOS::Writing the mss file completed E:/kevin/myCode/microBlaze1/vitisJson/syncBlaze/microblaze_0/standalone_domain/bsp/system.mss
TRACE::2025-03-24.16:21:12::SCWMssOS::Commit changes completed.
TRACE::2025-03-24.16:21:12::SCWPlatform::Trying to open the hw design at E:/kevin/myCode/microBlaze1/vitisJson/syncBlaze/hw/design_1_wrapper.xsa
TRACE::2025-03-24.16:21:12::SCWPlatform::DSA given E:/kevin/myCode/microBlaze1/vitisJson/syncBlaze/hw/design_1_wrapper.xsa
TRACE::2025-03-24.16:21:12::SCWPlatform::DSA absoulate path E:/kevin/myCode/microBlaze1/vitisJson/syncBlaze/hw/design_1_wrapper.xsa
TRACE::2025-03-24.16:21:12::SCWPlatform::DSA directory E:/kevin/myCode/microBlaze1/vitisJson/syncBlaze/hw
TRACE::2025-03-24.16:21:12::SCWPlatform:: Platform Path E:/kevin/myCode/microBlaze1/vitisJson/syncBlaze/hw/design_1_wrapper.xsa
TRACE::2025-03-24.16:21:12::SCWPlatform:: Unique name xilinx:::0.0
TRACE::2025-03-24.16:21:12::SCWPlatform::Trying to set the existing hwdb with name design_1_wrapper_10
TRACE::2025-03-24.16:21:12::SCWPlatform::Opened existing hwdb design_1_wrapper_10
TRACE::2025-03-24.16:21:12::SCWPlatform::Found the Hw Db part of the input DSA
TRACE::2025-03-24.16:21:12::SCWMssOS::Checking the sw design at  E:/kevin/myCode/microBlaze1/vitisJson/syncBlaze/microblaze_0/standalone_domain/bsp/system.mss
TRACE::2025-03-24.16:21:12::SCWMssOS::DEBUG:  swdes dump  E:/kevin/myCode/microBlaze1/vitisJson/syncBlaze/microblaze_0/standalone_domain/bsp/system.mss|system||

TRACE::2025-03-24.16:21:12::SCWMssOS::Sw design exists and opened at  E:/kevin/myCode/microBlaze1/vitisJson/syncBlaze/microblaze_0/standalone_domain/bsp/system.mss
TRACE::2025-03-24.16:21:12::SCWWriter::formatted JSON is {
	"platformName":	"syncBlaze",
	"sprVersion":	"2.0",
	"mode":	"gui",
	"dsaType":	"Fixed",
	"platformDesc":	"syncBlaze",
	"platHandOff":	"E:/kevin/myCode/microBlaze1/design_1_wrapper.xsa",
	"platIntHandOff":	"<platformDir>/hw/design_1_wrapper.xsa",
	"deviceType":	"FPGA",
	"platIsPrebuiltAutogen":	"false",
	"platIsNoBootBsp":	"false",
	"hasFsblMakeHasChanges":	"false",
	"hasPmufwMakeHasChanges":	"false",
	"platPreBuiltFlag":	false,
	"platformSamplesDir":	"",
	"platActiveSys":	"syncBlaze",
	"systems":	[{
			"systemName":	"syncBlaze",
			"systemDesc":	"syncBlaze",
			"sysIsBootAutoGen":	"true",
			"systemDispName":	"syncBlaze",
			"sysActiveDom":	"standalone_domain",
			"sysDefaultDom":	"standalone_domain",
			"domains":	[{
					"domainName":	"standalone_domain",
					"domainDispName":	"standalone on microblaze_0",
					"domainDesc":	"standalone_domain",
					"processors":	"microblaze_0",
					"os":	"standalone",
					"sdxOs":	"standalone",
					"debugEnable":	"False",
					"domRuntimes":	["cpp"],
					"swRepo":	"",
					"mssOsVer":	"8.0",
					"mssFile":	"",
					"md5Digest":	"e2cdda41e7956801f4f51a65042beca0",
					"compatibleApp":	"",
					"domType":	"mssDomain",
					"arch":	"32-bit",
					"appSettings":	{
						"appCompilerFlags":	"",
						"appLinkerFlags":	""
					},
					"addedLibs":	[],
					"libOptions":	{
						"libsContainingOptions":	[]
					},
					"prebuiltLibs":	{
						"prebuiltIncPath":	[],
						"prebuiltLibPath":	[]
					},
					"isolation":	{
					}
				}]
		}]
}
KEYINFO::2025-03-24.16:21:12::SCWPlatform::updated the xpfm file.
TRACE::2025-03-24.16:21:12::SCWPlatform::Trying to open the hw design at E:/kevin/myCode/microBlaze1/vitisJson/syncBlaze/hw/design_1_wrapper.xsa
TRACE::2025-03-24.16:21:12::SCWPlatform::DSA given E:/kevin/myCode/microBlaze1/vitisJson/syncBlaze/hw/design_1_wrapper.xsa
TRACE::2025-03-24.16:21:12::SCWPlatform::DSA absoulate path E:/kevin/myCode/microBlaze1/vitisJson/syncBlaze/hw/design_1_wrapper.xsa
TRACE::2025-03-24.16:21:12::SCWPlatform::DSA directory E:/kevin/myCode/microBlaze1/vitisJson/syncBlaze/hw
TRACE::2025-03-24.16:21:12::SCWPlatform:: Platform Path E:/kevin/myCode/microBlaze1/vitisJson/syncBlaze/hw/design_1_wrapper.xsa
TRACE::2025-03-24.16:21:12::SCWPlatform:: Unique name xilinx:::0.0
TRACE::2025-03-24.16:21:12::SCWPlatform::Trying to set the existing hwdb with name design_1_wrapper_10
TRACE::2025-03-24.16:21:12::SCWPlatform::Opened existing hwdb design_1_wrapper_10
TRACE::2025-03-24.16:21:12::SCWPlatform::Found the Hw Db part of the input DSA
TRACE::2025-03-24.16:21:12::SCWMssOS::Checking the sw design at  E:/kevin/myCode/microBlaze1/vitisJson/syncBlaze/microblaze_0/standalone_domain/bsp/system.mss
TRACE::2025-03-24.16:21:12::SCWMssOS::DEBUG:  swdes dump  E:/kevin/myCode/microBlaze1/vitisJson/syncBlaze/microblaze_0/standalone_domain/bsp/system.mss|system||

TRACE::2025-03-24.16:21:12::SCWMssOS::Sw design exists and opened at  E:/kevin/myCode/microBlaze1/vitisJson/syncBlaze/microblaze_0/standalone_domain/bsp/system.mss
TRACE::2025-03-24.18:01:17::SCWPlatform::DSA given E:/kevin/myCode/microBlaze1/vitisJson/syncBlaze/tempdsa/design_1_wrapper.xsa
TRACE::2025-03-24.18:01:17::SCWPlatform::DSA absoulate path E:/kevin/myCode/microBlaze1/vitisJson/syncBlaze/tempdsa/design_1_wrapper.xsa
TRACE::2025-03-24.18:01:17::SCWPlatform:: Platform location is E:/kevin/myCode/microBlaze1/vitisJson/syncBlaze/tempdsa
TRACE::2025-03-24.18:01:17::SCWPlatform:: Platform Path E:/kevin/myCode/microBlaze1/vitisJson/syncBlaze/tempdsa/design_1_wrapper.xsa
TRACE::2025-03-24.18:01:17::SCWPlatform:: Unique name xilinx:::0.0
TRACE::2025-03-24.18:01:17::SCWPlatform::Found the Hw Db part of the input DSA
TRACE::2025-03-24.18:01:17::SCWMssOS::Doing hw sync for the mss in domain: standalone_domain
TRACE::2025-03-24.18:01:17::SCWPlatform::Trying to open the hw design at E:/kevin/myCode/microBlaze1/vitisJson/syncBlaze/hw/design_1_wrapper.xsa
TRACE::2025-03-24.18:01:17::SCWPlatform::DSA given E:/kevin/myCode/microBlaze1/vitisJson/syncBlaze/hw/design_1_wrapper.xsa
TRACE::2025-03-24.18:01:17::SCWPlatform::DSA absoulate path E:/kevin/myCode/microBlaze1/vitisJson/syncBlaze/hw/design_1_wrapper.xsa
TRACE::2025-03-24.18:01:17::SCWPlatform::DSA directory E:/kevin/myCode/microBlaze1/vitisJson/syncBlaze/hw
TRACE::2025-03-24.18:01:17::SCWPlatform:: Platform Path E:/kevin/myCode/microBlaze1/vitisJson/syncBlaze/hw/design_1_wrapper.xsa
TRACE::2025-03-24.18:01:17::SCWPlatform:: Unique name xilinx:::0.0
TRACE::2025-03-24.18:01:17::SCWPlatform::Trying to set the existing hwdb with name design_1_wrapper_10
TRACE::2025-03-24.18:01:17::SCWPlatform::Opened existing hwdb design_1_wrapper_10
TRACE::2025-03-24.18:01:17::SCWPlatform::Found the Hw Db part of the input DSA
TRACE::2025-03-24.18:01:17::SCWPlatform::Trying to open the hw design at E:/kevin/myCode/microBlaze1/vitisJson/syncBlaze/hw/design_1_wrapper.xsa
TRACE::2025-03-24.18:01:17::SCWPlatform::DSA given E:/kevin/myCode/microBlaze1/vitisJson/syncBlaze/hw/design_1_wrapper.xsa
TRACE::2025-03-24.18:01:17::SCWPlatform::DSA absoulate path E:/kevin/myCode/microBlaze1/vitisJson/syncBlaze/hw/design_1_wrapper.xsa
TRACE::2025-03-24.18:01:17::SCWPlatform::DSA directory E:/kevin/myCode/microBlaze1/vitisJson/syncBlaze/hw
TRACE::2025-03-24.18:01:17::SCWPlatform:: Platform Path E:/kevin/myCode/microBlaze1/vitisJson/syncBlaze/hw/design_1_wrapper.xsa
TRACE::2025-03-24.18:01:17::SCWPlatform:: Unique name xilinx:::0.0
TRACE::2025-03-24.18:01:17::SCWPlatform::Trying to set the existing hwdb with name design_1_wrapper_10
TRACE::2025-03-24.18:01:17::SCWPlatform::Opened existing hwdb design_1_wrapper_10
TRACE::2025-03-24.18:01:17::SCWPlatform::Found the Hw Db part of the input DSA
TRACE::2025-03-24.18:01:17::SCWMssOS::Checking the sw design at  E:/kevin/myCode/microBlaze1/vitisJson/syncBlaze/microblaze_0/standalone_domain/bsp/system.mss
TRACE::2025-03-24.18:01:17::SCWMssOS::DEBUG:  swdes dump  E:/kevin/myCode/microBlaze1/vitisJson/syncBlaze/microblaze_0/standalone_domain/bsp/system.mss|system||

TRACE::2025-03-24.18:01:17::SCWMssOS::Sw design exists and opened at  E:/kevin/myCode/microBlaze1/vitisJson/syncBlaze/microblaze_0/standalone_domain/bsp/system.mss
TRACE::2025-03-24.18:01:17::SCWPlatform::Trying to open the hw design at E:/kevin/myCode/microBlaze1/vitisJson/syncBlaze/tempdsa/design_1_wrapper.xsa
TRACE::2025-03-24.18:01:17::SCWPlatform::DSA given E:/kevin/myCode/microBlaze1/vitisJson/syncBlaze/tempdsa/design_1_wrapper.xsa
TRACE::2025-03-24.18:01:17::SCWPlatform::DSA absoulate path E:/kevin/myCode/microBlaze1/vitisJson/syncBlaze/tempdsa/design_1_wrapper.xsa
TRACE::2025-03-24.18:01:17::SCWPlatform::DSA directory E:/kevin/myCode/microBlaze1/vitisJson/syncBlaze/tempdsa
TRACE::2025-03-24.18:01:17::SCWPlatform:: Platform Path E:/kevin/myCode/microBlaze1/vitisJson/syncBlaze/tempdsa/design_1_wrapper.xsa
TRACE::2025-03-24.18:01:17::SCWPlatform:: Unique name xilinx:::0.0
TRACE::2025-03-24.18:01:17::SCWPlatform::update - Opened existing hwdb design_1_wrapper_11
TRACE::2025-03-24.18:01:17::SCWPlatform::Found the Hw Db part of the input DSA
TRACE::2025-03-24.18:01:17::SCWMssOS::Saving the mss changes E:/kevin/myCode/microBlaze1/vitisJson/syncBlaze/microblaze_0/standalone_domain/bsp/system.mss
TRACE::2025-03-24.18:01:17::SCWMssOS::Found a swdesign opened with the mssfile.
TRACE::2025-03-24.18:01:17::SCWMssOS::Completed writemss as part of save.
TRACE::2025-03-24.18:01:17::SCWMssOS::Commit changes completed.
TRACE::2025-03-24.18:01:17::SCWMssOS::Completed hw sync for the mss in domain: standalone_domain
TRACE::2025-03-24.18:01:17::SCWMssOS::Removing the swdes entry for  E:/kevin/myCode/microBlaze1/vitisJson/syncBlaze/microblaze_0/standalone_domain/bsp/system.mss
TRACE::2025-03-24.18:01:17::SCWPlatform::Trying to open the hw design at E:/kevin/myCode/microBlaze1/vitisJson/syncBlaze/hw/design_1_wrapper.xsa
TRACE::2025-03-24.18:01:17::SCWPlatform::DSA given E:/kevin/myCode/microBlaze1/vitisJson/syncBlaze/hw/design_1_wrapper.xsa
TRACE::2025-03-24.18:01:17::SCWPlatform::DSA absoulate path E:/kevin/myCode/microBlaze1/vitisJson/syncBlaze/hw/design_1_wrapper.xsa
TRACE::2025-03-24.18:01:17::SCWPlatform::DSA directory E:/kevin/myCode/microBlaze1/vitisJson/syncBlaze/hw
TRACE::2025-03-24.18:01:17::SCWPlatform:: Platform Path E:/kevin/myCode/microBlaze1/vitisJson/syncBlaze/hw/design_1_wrapper.xsa
TRACE::2025-03-24.18:01:17::SCWPlatform:: Unique name xilinx:::0.0
TRACE::2025-03-24.18:01:17::SCWPlatform::Do not have an existing db opened. 
TRACE::2025-03-24.18:01:17::SCWPlatform::Opened new HwDB with name design_1_wrapper_12
TRACE::2025-03-24.18:01:17::SCWMssOS::Saving the mss changes E:/kevin/myCode/microBlaze1/vitisJson/syncBlaze/microblaze_0/standalone_domain/bsp/system.mss
TRACE::2025-03-24.18:01:17::SCWMssOS::Adding the swdes entry, mss present, able to open swdb E:/kevin/myCode/microBlaze1/vitisJson/syncBlaze/microblaze_0/standalone_domain/bsp/system.mss with des name system
TRACE::2025-03-24.18:01:17::SCWMssOS::Writing the mss file completed E:/kevin/myCode/microBlaze1/vitisJson/syncBlaze/microblaze_0/standalone_domain/bsp/system.mss
TRACE::2025-03-24.18:01:17::SCWMssOS::Commit changes completed.
TRACE::2025-03-24.18:01:17::SCWPlatform::Trying to open the hw design at E:/kevin/myCode/microBlaze1/vitisJson/syncBlaze/hw/design_1_wrapper.xsa
TRACE::2025-03-24.18:01:17::SCWPlatform::DSA given E:/kevin/myCode/microBlaze1/vitisJson/syncBlaze/hw/design_1_wrapper.xsa
TRACE::2025-03-24.18:01:17::SCWPlatform::DSA absoulate path E:/kevin/myCode/microBlaze1/vitisJson/syncBlaze/hw/design_1_wrapper.xsa
TRACE::2025-03-24.18:01:17::SCWPlatform::DSA directory E:/kevin/myCode/microBlaze1/vitisJson/syncBlaze/hw
TRACE::2025-03-24.18:01:17::SCWPlatform:: Platform Path E:/kevin/myCode/microBlaze1/vitisJson/syncBlaze/hw/design_1_wrapper.xsa
TRACE::2025-03-24.18:01:17::SCWPlatform:: Unique name xilinx:::0.0
TRACE::2025-03-24.18:01:17::SCWPlatform::Trying to set the existing hwdb with name design_1_wrapper_12
TRACE::2025-03-24.18:01:17::SCWPlatform::Opened existing hwdb design_1_wrapper_12
TRACE::2025-03-24.18:01:17::SCWPlatform::Found the Hw Db part of the input DSA
TRACE::2025-03-24.18:01:17::SCWMssOS::Checking the sw design at  E:/kevin/myCode/microBlaze1/vitisJson/syncBlaze/microblaze_0/standalone_domain/bsp/system.mss
TRACE::2025-03-24.18:01:17::SCWMssOS::DEBUG:  swdes dump  E:/kevin/myCode/microBlaze1/vitisJson/syncBlaze/microblaze_0/standalone_domain/bsp/system.mss|system||

TRACE::2025-03-24.18:01:17::SCWMssOS::Sw design exists and opened at  E:/kevin/myCode/microBlaze1/vitisJson/syncBlaze/microblaze_0/standalone_domain/bsp/system.mss
TRACE::2025-03-24.18:01:17::SCWWriter::formatted JSON is {
	"platformName":	"syncBlaze",
	"sprVersion":	"2.0",
	"mode":	"gui",
	"dsaType":	"Fixed",
	"platformDesc":	"syncBlaze",
	"platHandOff":	"E:/kevin/myCode/microBlaze1/design_1_wrapper.xsa",
	"platIntHandOff":	"<platformDir>/hw/design_1_wrapper.xsa",
	"deviceType":	"FPGA",
	"platIsPrebuiltAutogen":	"false",
	"platIsNoBootBsp":	"false",
	"hasFsblMakeHasChanges":	"false",
	"hasPmufwMakeHasChanges":	"false",
	"platPreBuiltFlag":	false,
	"platformSamplesDir":	"",
	"platActiveSys":	"syncBlaze",
	"systems":	[{
			"systemName":	"syncBlaze",
			"systemDesc":	"syncBlaze",
			"sysIsBootAutoGen":	"true",
			"systemDispName":	"syncBlaze",
			"sysActiveDom":	"standalone_domain",
			"sysDefaultDom":	"standalone_domain",
			"domains":	[{
					"domainName":	"standalone_domain",
					"domainDispName":	"standalone on microblaze_0",
					"domainDesc":	"standalone_domain",
					"processors":	"microblaze_0",
					"os":	"standalone",
					"sdxOs":	"standalone",
					"debugEnable":	"False",
					"domRuntimes":	["cpp"],
					"swRepo":	"",
					"mssOsVer":	"8.0",
					"mssFile":	"",
					"md5Digest":	"e2cdda41e7956801f4f51a65042beca01",
					"compatibleApp":	"",
					"domType":	"mssDomain",
					"arch":	"32-bit",
					"appSettings":	{
						"appCompilerFlags":	"",
						"appLinkerFlags":	""
					},
					"addedLibs":	[],
					"libOptions":	{
						"libsContainingOptions":	[]
					},
					"prebuiltLibs":	{
						"prebuiltIncPath":	[],
						"prebuiltLibPath":	[]
					},
					"isolation":	{
					}
				}]
		}]
}
TRACE::2025-03-24.18:01:19::SCWPlatform::Clearing the existing platform
TRACE::2025-03-24.18:01:19::SCWSystem::Clearing the existing sysconfig
TRACE::2025-03-24.18:01:19::SCWMssOS::Removing the swdes entry for  E:/kevin/myCode/microBlaze1/vitisJson/syncBlaze/microblaze_0/standalone_domain/bsp/system.mss
TRACE::2025-03-24.18:01:19::SCWSystem::Clearing the domains completed.
TRACE::2025-03-24.18:01:19::SCWPlatform::Clearing the opened hw db.
TRACE::2025-03-24.18:01:19::SCWPlatform::DSA given E:/kevin/myCode/microBlaze1/vitisJson/syncBlaze/hw/design_1_wrapper.xsa
TRACE::2025-03-24.18:01:19::SCWPlatform::DSA absoulate path E:/kevin/myCode/microBlaze1/vitisJson/syncBlaze/hw/design_1_wrapper.xsa
TRACE::2025-03-24.18:01:19::SCWPlatform:: Platform location is E:/kevin/myCode/microBlaze1/vitisJson/syncBlaze/hw
TRACE::2025-03-24.18:01:19::SCWPlatform:: Platform Path E:/kevin/myCode/microBlaze1/vitisJson/syncBlaze/hw/design_1_wrapper.xsa
TRACE::2025-03-24.18:01:19::SCWPlatform:: Unique name xilinx:::0.0
TRACE::2025-03-24.18:01:19::SCWPlatform::Removing the HwDB with name E:/kevin/myCode/microBlaze1/vitisJson/syncBlaze/hw/design_1_wrapper.xsa
TRACE::2025-03-24.18:01:19::SCWPlatform::Trying to open the hw design at E:/kevin/myCode/microBlaze1/vitisJson/syncBlaze/hw/design_1_wrapper.xsa
TRACE::2025-03-24.18:01:19::SCWPlatform::DSA given E:/kevin/myCode/microBlaze1/vitisJson/syncBlaze/hw/design_1_wrapper.xsa
TRACE::2025-03-24.18:01:19::SCWPlatform::DSA absoulate path E:/kevin/myCode/microBlaze1/vitisJson/syncBlaze/hw/design_1_wrapper.xsa
TRACE::2025-03-24.18:01:19::SCWPlatform::DSA directory E:/kevin/myCode/microBlaze1/vitisJson/syncBlaze/hw
TRACE::2025-03-24.18:01:19::SCWPlatform:: Platform Path E:/kevin/myCode/microBlaze1/vitisJson/syncBlaze/hw/design_1_wrapper.xsa
TRACE::2025-03-24.18:01:19::SCWPlatform:: Unique name xilinx:::0.0
TRACE::2025-03-24.18:01:19::SCWPlatform::Do not have an existing db opened. 
TRACE::2025-03-24.18:01:19::SCWPlatform::Opened new HwDB with name design_1_wrapper_13
TRACE::2025-03-24.18:01:19::SCWReader::Active system found as  syncBlaze
TRACE::2025-03-24.18:01:19::SCWReader::Handling sysconfig syncBlaze
TRACE::2025-03-24.18:01:19::SCWDomain::checking for install qemu data   : 
TRACE::2025-03-24.18:01:19::SCWPlatform::Trying to open the hw design at E:/kevin/myCode/microBlaze1/vitisJson/syncBlaze/hw/design_1_wrapper.xsa
TRACE::2025-03-24.18:01:19::SCWPlatform::DSA given E:/kevin/myCode/microBlaze1/vitisJson/syncBlaze/hw/design_1_wrapper.xsa
TRACE::2025-03-24.18:01:19::SCWPlatform::DSA absoulate path E:/kevin/myCode/microBlaze1/vitisJson/syncBlaze/hw/design_1_wrapper.xsa
TRACE::2025-03-24.18:01:19::SCWPlatform::DSA directory E:/kevin/myCode/microBlaze1/vitisJson/syncBlaze/hw
TRACE::2025-03-24.18:01:19::SCWPlatform:: Platform Path E:/kevin/myCode/microBlaze1/vitisJson/syncBlaze/hw/design_1_wrapper.xsa
TRACE::2025-03-24.18:01:19::SCWPlatform:: Unique name xilinx:::0.0
TRACE::2025-03-24.18:01:19::SCWPlatform::Trying to set the existing hwdb with name design_1_wrapper_13
TRACE::2025-03-24.18:01:19::SCWPlatform::Opened existing hwdb design_1_wrapper_13
TRACE::2025-03-24.18:01:19::SCWPlatform::Found the Hw Db part of the input DSA
TRACE::2025-03-24.18:01:19::SCWPlatform::Trying to open the hw design at E:/kevin/myCode/microBlaze1/vitisJson/syncBlaze/hw/design_1_wrapper.xsa
TRACE::2025-03-24.18:01:19::SCWPlatform::DSA given E:/kevin/myCode/microBlaze1/vitisJson/syncBlaze/hw/design_1_wrapper.xsa
TRACE::2025-03-24.18:01:19::SCWPlatform::DSA absoulate path E:/kevin/myCode/microBlaze1/vitisJson/syncBlaze/hw/design_1_wrapper.xsa
TRACE::2025-03-24.18:01:19::SCWPlatform::DSA directory E:/kevin/myCode/microBlaze1/vitisJson/syncBlaze/hw
TRACE::2025-03-24.18:01:19::SCWPlatform:: Platform Path E:/kevin/myCode/microBlaze1/vitisJson/syncBlaze/hw/design_1_wrapper.xsa
TRACE::2025-03-24.18:01:19::SCWPlatform:: Unique name xilinx:::0.0
TRACE::2025-03-24.18:01:19::SCWPlatform::Trying to set the existing hwdb with name design_1_wrapper_13
TRACE::2025-03-24.18:01:19::SCWPlatform::Opened existing hwdb design_1_wrapper_13
TRACE::2025-03-24.18:01:19::SCWPlatform::Found the Hw Db part of the input DSA
TRACE::2025-03-24.18:01:19::SCWPlatform::Trying to open the hw design at E:/kevin/myCode/microBlaze1/vitisJson/syncBlaze/hw/design_1_wrapper.xsa
TRACE::2025-03-24.18:01:19::SCWPlatform::DSA given E:/kevin/myCode/microBlaze1/vitisJson/syncBlaze/hw/design_1_wrapper.xsa
TRACE::2025-03-24.18:01:19::SCWPlatform::DSA absoulate path E:/kevin/myCode/microBlaze1/vitisJson/syncBlaze/hw/design_1_wrapper.xsa
TRACE::2025-03-24.18:01:19::SCWPlatform::DSA directory E:/kevin/myCode/microBlaze1/vitisJson/syncBlaze/hw
TRACE::2025-03-24.18:01:19::SCWPlatform:: Platform Path E:/kevin/myCode/microBlaze1/vitisJson/syncBlaze/hw/design_1_wrapper.xsa
TRACE::2025-03-24.18:01:19::SCWPlatform:: Unique name xilinx:::0.0
TRACE::2025-03-24.18:01:19::SCWPlatform::Trying to set the existing hwdb with name design_1_wrapper_13
TRACE::2025-03-24.18:01:19::SCWPlatform::Opened existing hwdb design_1_wrapper_13
TRACE::2025-03-24.18:01:19::SCWPlatform::Found the Hw Db part of the input DSA
TRACE::2025-03-24.18:01:19::SCWPlatform::Trying to open the hw design at E:/kevin/myCode/microBlaze1/vitisJson/syncBlaze/hw/design_1_wrapper.xsa
TRACE::2025-03-24.18:01:19::SCWPlatform::DSA given E:/kevin/myCode/microBlaze1/vitisJson/syncBlaze/hw/design_1_wrapper.xsa
TRACE::2025-03-24.18:01:19::SCWPlatform::DSA absoulate path E:/kevin/myCode/microBlaze1/vitisJson/syncBlaze/hw/design_1_wrapper.xsa
TRACE::2025-03-24.18:01:19::SCWPlatform::DSA directory E:/kevin/myCode/microBlaze1/vitisJson/syncBlaze/hw
TRACE::2025-03-24.18:01:19::SCWPlatform:: Platform Path E:/kevin/myCode/microBlaze1/vitisJson/syncBlaze/hw/design_1_wrapper.xsa
TRACE::2025-03-24.18:01:19::SCWPlatform:: Unique name xilinx:::0.0
TRACE::2025-03-24.18:01:19::SCWPlatform::Trying to set the existing hwdb with name design_1_wrapper_13
TRACE::2025-03-24.18:01:19::SCWPlatform::Opened existing hwdb design_1_wrapper_13
TRACE::2025-03-24.18:01:19::SCWPlatform::Found the Hw Db part of the input DSA
TRACE::2025-03-24.18:01:19::SCWMssOS::Checking the sw design at  E:/kevin/myCode/microBlaze1/vitisJson/syncBlaze/microblaze_0/standalone_domain/bsp/system.mss
TRACE::2025-03-24.18:01:19::SCWMssOS::DEBUG:  swdes dump  
TRACE::2025-03-24.18:01:19::SCWMssOS::No sw design opened at  E:/kevin/myCode/microBlaze1/vitisJson/syncBlaze/microblaze_0/standalone_domain/bsp/system.mss
TRACE::2025-03-24.18:01:19::SCWMssOS::mss exists loading the mss file  E:/kevin/myCode/microBlaze1/vitisJson/syncBlaze/microblaze_0/standalone_domain/bsp/system.mss
TRACE::2025-03-24.18:01:19::SCWMssOS::Opened the sw design from mss  E:/kevin/myCode/microBlaze1/vitisJson/syncBlaze/microblaze_0/standalone_domain/bsp/system.mss
TRACE::2025-03-24.18:01:19::SCWMssOS::Adding the swdes entry E:/kevin/myCode/microBlaze1/vitisJson/syncBlaze/microblaze_0/standalone_domain/bsp/system.mss with des name system
TRACE::2025-03-24.18:01:19::SCWMssOS::updating the scw layer about changes
TRACE::2025-03-24.18:01:19::SCWMssOS::Opened the sw design.  E:/kevin/myCode/microBlaze1/vitisJson/syncBlaze/microblaze_0/standalone_domain/bsp/system.mss
TRACE::2025-03-24.18:01:19::SCWMssOS::Saving the mss changes E:/kevin/myCode/microBlaze1/vitisJson/syncBlaze/microblaze_0/standalone_domain/bsp/system.mss
TRACE::2025-03-24.18:01:19::SCWMssOS::Found a swdesign opened with the mssfile.
TRACE::2025-03-24.18:01:19::SCWMssOS::Completed writemss as part of save.
TRACE::2025-03-24.18:01:19::SCWMssOS::Commit changes completed.
TRACE::2025-03-24.18:01:19::SCWReader::Adding prebuilt librarypaths as   
TRACE::2025-03-24.18:01:19::SCWReader::Adding prebuilt incpaths  as   
TRACE::2025-03-24.18:01:19::SCWPlatform::Trying to open the hw design at E:/kevin/myCode/microBlaze1/vitisJson/syncBlaze/hw/design_1_wrapper.xsa
TRACE::2025-03-24.18:01:19::SCWPlatform::DSA given E:/kevin/myCode/microBlaze1/vitisJson/syncBlaze/hw/design_1_wrapper.xsa
TRACE::2025-03-24.18:01:19::SCWPlatform::DSA absoulate path E:/kevin/myCode/microBlaze1/vitisJson/syncBlaze/hw/design_1_wrapper.xsa
TRACE::2025-03-24.18:01:19::SCWPlatform::DSA directory E:/kevin/myCode/microBlaze1/vitisJson/syncBlaze/hw
TRACE::2025-03-24.18:01:19::SCWPlatform:: Platform Path E:/kevin/myCode/microBlaze1/vitisJson/syncBlaze/hw/design_1_wrapper.xsa
TRACE::2025-03-24.18:01:19::SCWPlatform:: Unique name xilinx:::0.0
TRACE::2025-03-24.18:01:19::SCWPlatform::Trying to set the existing hwdb with name design_1_wrapper_13
TRACE::2025-03-24.18:01:19::SCWPlatform::Opened existing hwdb design_1_wrapper_13
TRACE::2025-03-24.18:01:19::SCWPlatform::Found the Hw Db part of the input DSA
TRACE::2025-03-24.18:01:19::SCWMssOS::Checking the sw design at  E:/kevin/myCode/microBlaze1/vitisJson/syncBlaze/microblaze_0/standalone_domain/bsp/system.mss
TRACE::2025-03-24.18:01:19::SCWMssOS::DEBUG:  swdes dump  E:/kevin/myCode/microBlaze1/vitisJson/syncBlaze/microblaze_0/standalone_domain/bsp/system.mss|system||

TRACE::2025-03-24.18:01:19::SCWMssOS::Sw design exists and opened at  E:/kevin/myCode/microBlaze1/vitisJson/syncBlaze/microblaze_0/standalone_domain/bsp/system.mss
TRACE::2025-03-24.18:01:19::SCWReader::No isolation master present  
LOG::2025-03-24.18:01:47::SCWPlatform::Started generating the artifacts platform syncBlaze
TRACE::2025-03-24.18:01:47::SCWPlatform::Sanity checking of platform is completed
LOG::2025-03-24.18:01:47::SCWPlatform::Started generating the artifacts for system configuration syncBlaze
LOG::2025-03-24.18:01:47::SCWSystem::Checking the domain standalone_domain
LOG::2025-03-24.18:01:47::SCWSystem::Not a boot domain 
LOG::2025-03-24.18:01:47::SCWSystem::Started Processing the domain standalone_domain
TRACE::2025-03-24.18:01:47::SCWDomain::Generating domain artifcats
TRACE::2025-03-24.18:01:47::SCWMssOS::Generating standalone artifcats
TRACE::2025-03-24.18:01:47::SCWMssOS:: Copying the user libraries. 
TRACE::2025-03-24.18:01:47::SCWPlatform::Trying to open the hw design at E:/kevin/myCode/microBlaze1/vitisJson/syncBlaze/hw/design_1_wrapper.xsa
TRACE::2025-03-24.18:01:47::SCWPlatform::DSA given E:/kevin/myCode/microBlaze1/vitisJson/syncBlaze/hw/design_1_wrapper.xsa
TRACE::2025-03-24.18:01:47::SCWPlatform::DSA absoulate path E:/kevin/myCode/microBlaze1/vitisJson/syncBlaze/hw/design_1_wrapper.xsa
TRACE::2025-03-24.18:01:47::SCWPlatform::DSA directory E:/kevin/myCode/microBlaze1/vitisJson/syncBlaze/hw
TRACE::2025-03-24.18:01:47::SCWPlatform:: Platform Path E:/kevin/myCode/microBlaze1/vitisJson/syncBlaze/hw/design_1_wrapper.xsa
TRACE::2025-03-24.18:01:47::SCWPlatform:: Unique name xilinx:::0.0
TRACE::2025-03-24.18:01:47::SCWPlatform::Trying to set the existing hwdb with name design_1_wrapper_13
TRACE::2025-03-24.18:01:47::SCWPlatform::Could not get the HWDB from existing dbname
TRACE::2025-03-24.18:01:47::SCWPlatform::Do not have an existing db opened. Attempting to open the hwDb. 
TRACE::2025-03-24.18:01:47::SCWPlatform::Opened new HwDB with name design_1_wrapper_14
TRACE::2025-03-24.18:01:47::SCWMssOS::Checking the sw design at  E:/kevin/myCode/microBlaze1/vitisJson/syncBlaze/microblaze_0/standalone_domain/bsp/system.mss
TRACE::2025-03-24.18:01:47::SCWMssOS::DEBUG:  swdes dump  E:/kevin/myCode/microBlaze1/vitisJson/syncBlaze/microblaze_0/standalone_domain/bsp/system.mss|system||

TRACE::2025-03-24.18:01:47::SCWMssOS::Sw design exists and opened at  E:/kevin/myCode/microBlaze1/vitisJson/syncBlaze/microblaze_0/standalone_domain/bsp/system.mss
TRACE::2025-03-24.18:01:47::SCWMssOS::Completed writing the mss file at E:/kevin/myCode/microBlaze1/vitisJson/syncBlaze/microblaze_0/standalone_domain/bsp
TRACE::2025-03-24.18:01:47::SCWMssOS::Mss edits present, copying mssfile into export location E:/kevin/myCode/microBlaze1/vitisJson/syncBlaze/microblaze_0/standalone_domain/bsp/system.mss
TRACE::2025-03-24.18:01:47::SCWMssOS::bsp generated is stale removing and regenerating. 
TRACE::2025-03-24.18:01:52::SCWMssOS::doing bsp build ... 
TRACE::2025-03-24.18:01:52::SCWMssOS::System Command Ran  E: & cd  E:/kevin/myCode/microBlaze1/vitisJson/syncBlaze/microblaze_0/standalone_domain/bsp & make 
TRACE::2025-03-24.18:01:52::SCWMssOS::make --no-print-directory seq_libs

TRACE::2025-03-24.18:01:52::SCWMssOS::'Finished building libraries sequentially.'

TRACE::2025-03-24.18:01:52::SCWMssOS::make -j 14 --no-print-directory par_libs

TRACE::2025-03-24.18:01:52::SCWMssOS::"Running Make include in microblaze_0/libsrc/bram_v4_8/src"

TRACE::2025-03-24.18:01:52::SCWMssOS::make -C microblaze_0/libsrc/bram_v4_8/src -s include  "SHELL=CMD" "COMPILER=mb-gcc" "ASSEMBLER=mb-as" "ARCHIVER=mb-ar" "COMPILE
TRACE::2025-03-24.18:01:52::SCWMssOS::R_FLAGS=  -O2 -c -mcpu=v11.0 -mlittle-endian -mxl-soft-mul" "EXTRA_COMPILER_FLAGS=-g -ffunction-sections -fdata-sections -Wall 
TRACE::2025-03-24.18:01:52::SCWMssOS::-Wextra -fno-tree-loop-distribute-patterns"

TRACE::2025-03-24.18:01:52::SCWMssOS::"Running Make include in microblaze_0/libsrc/cpu_v2_16/src"

TRACE::2025-03-24.18:01:52::SCWMssOS::make -C microblaze_0/libsrc/cpu_v2_16/src -s include  "SHELL=CMD" "COMPILER=mb-gcc" "ASSEMBLER=mb-as" "ARCHIVER=mb-ar" "COMPILE
TRACE::2025-03-24.18:01:52::SCWMssOS::R_FLAGS=  -O2 -c -mcpu=v11.0 -mlittle-endian -mxl-soft-mul" "EXTRA_COMPILER_FLAGS=-g -ffunction-sections -fdata-sections -Wall 
TRACE::2025-03-24.18:01:52::SCWMssOS::-Wextra -fno-tree-loop-distribute-patterns"

TRACE::2025-03-24.18:01:52::SCWMssOS::"Running Make include in microblaze_0/libsrc/gpio_v4_9/src"

TRACE::2025-03-24.18:01:52::SCWMssOS::make -C microblaze_0/libsrc/gpio_v4_9/src -s include  "SHELL=CMD" "COMPILER=mb-gcc" "ASSEMBLER=mb-as" "ARCHIVER=mb-ar" "COMPILE
TRACE::2025-03-24.18:01:52::SCWMssOS::R_FLAGS=  -O2 -c -mcpu=v11.0 -mlittle-endian -mxl-soft-mul" "EXTRA_COMPILER_FLAGS=-g -ffunction-sections -fdata-sections -Wall 
TRACE::2025-03-24.18:01:52::SCWMssOS::-Wextra -fno-tree-loop-distribute-patterns"

TRACE::2025-03-24.18:01:52::SCWMssOS::"Running Make include in microblaze_0/libsrc/intc_v3_15/src"

TRACE::2025-03-24.18:01:52::SCWMssOS::make -C microblaze_0/libsrc/intc_v3_15/src -s include  "SHELL=CMD" "COMPILER=mb-gcc" "ASSEMBLER=mb-as" "ARCHIVER=mb-ar" "COMPIL
TRACE::2025-03-24.18:01:52::SCWMssOS::ER_FLAGS=  -O2 -c -mcpu=v11.0 -mlittle-endian -mxl-soft-mul" "EXTRA_COMPILER_FLAGS=-g -ffunction-sections -fdata-sections -Wall
TRACE::2025-03-24.18:01:52::SCWMssOS:: -Wextra -fno-tree-loop-distribute-patterns"

TRACE::2025-03-24.18:01:52::SCWMssOS::"Running Make include in microblaze_0/libsrc/standalone_v8_0/src"

TRACE::2025-03-24.18:01:52::SCWMssOS::make -C microblaze_0/libsrc/standalone_v8_0/src -s include  "SHELL=CMD" "COMPILER=mb-gcc" "ASSEMBLER=mb-as" "ARCHIVER=mb-ar" "C
TRACE::2025-03-24.18:01:52::SCWMssOS::OMPILER_FLAGS=  -O2 -c -mcpu=v11.0 -mlittle-endian -mxl-soft-mul" "EXTRA_COMPILER_FLAGS=-g -ffunction-sections -fdata-sections 
TRACE::2025-03-24.18:01:52::SCWMssOS::-Wall -Wextra -fno-tree-loop-distribute-patterns"

TRACE::2025-03-24.18:01:52::SCWMssOS::"Running Make include in microblaze_0/libsrc/tmrctr_v4_9/src"

TRACE::2025-03-24.18:01:52::SCWMssOS::make -C microblaze_0/libsrc/tmrctr_v4_9/src -s include  "SHELL=CMD" "COMPILER=mb-gcc" "ASSEMBLER=mb-as" "ARCHIVER=mb-ar" "COMPI
TRACE::2025-03-24.18:01:52::SCWMssOS::LER_FLAGS=  -O2 -c -mcpu=v11.0 -mlittle-endian -mxl-soft-mul" "EXTRA_COMPILER_FLAGS=-g -ffunction-sections -fdata-sections -Wal
TRACE::2025-03-24.18:01:52::SCWMssOS::l -Wextra -fno-tree-loop-distribute-patterns"

TRACE::2025-03-24.18:01:52::SCWMssOS::"Running Make include in microblaze_0/libsrc/uartlite_v3_7/src"

TRACE::2025-03-24.18:01:52::SCWMssOS::make -C microblaze_0/libsrc/uartlite_v3_7/src -s include  "SHELL=CMD" "COMPILER=mb-gcc" "ASSEMBLER=mb-as" "ARCHIVER=mb-ar" "COM
TRACE::2025-03-24.18:01:52::SCWMssOS::PILER_FLAGS=  -O2 -c -mcpu=v11.0 -mlittle-endian -mxl-soft-mul" "EXTRA_COMPILER_FLAGS=-g -ffunction-sections -fdata-sections -W
TRACE::2025-03-24.18:01:52::SCWMssOS::all -Wextra -fno-tree-loop-distribute-patterns"

TRACE::2025-03-24.18:01:52::SCWMssOS::"Running Make libs in microblaze_0/libsrc/bram_v4_8/src"

TRACE::2025-03-24.18:01:52::SCWMssOS::make -C microblaze_0/libsrc/bram_v4_8/src -s libs  "SHELL=CMD" "COMPILER=mb-gcc" "ASSEMBLER=mb-as" "ARCHIVER=mb-ar" "COMPILER_F
TRACE::2025-03-24.18:01:52::SCWMssOS::LAGS=  -O2 -c -mcpu=v11.0 -mlittle-endian -mxl-soft-mul" "EXTRA_COMPILER_FLAGS=-g -ffunction-sections -fdata-sections -Wall -We
TRACE::2025-03-24.18:01:52::SCWMssOS::xtra -fno-tree-loop-distribute-patterns"

TRACE::2025-03-24.18:01:52::SCWMssOS::"Running Make libs in microblaze_0/libsrc/cpu_v2_16/src"

TRACE::2025-03-24.18:01:52::SCWMssOS::make -C microblaze_0/libsrc/cpu_v2_16/src -s libs  "SHELL=CMD" "COMPILER=mb-gcc" "ASSEMBLER=mb-as" "ARCHIVER=mb-ar" "COMPILER_F
TRACE::2025-03-24.18:01:52::SCWMssOS::LAGS=  -O2 -c -mcpu=v11.0 -mlittle-endian -mxl-soft-mul" "EXTRA_COMPILER_FLAGS=-g -ffunction-sections -fdata-sections -Wall -We
TRACE::2025-03-24.18:01:52::SCWMssOS::xtra -fno-tree-loop-distribute-patterns"

TRACE::2025-03-24.18:01:52::SCWMssOS::"Running Make libs in microblaze_0/libsrc/gpio_v4_9/src"

TRACE::2025-03-24.18:01:52::SCWMssOS::make -C microblaze_0/libsrc/gpio_v4_9/src -s libs  "SHELL=CMD" "COMPILER=mb-gcc" "ASSEMBLER=mb-as" "ARCHIVER=mb-ar" "COMPILER_F
TRACE::2025-03-24.18:01:52::SCWMssOS::LAGS=  -O2 -c -mcpu=v11.0 -mlittle-endian -mxl-soft-mul" "EXTRA_COMPILER_FLAGS=-g -ffunction-sections -fdata-sections -Wall -We
TRACE::2025-03-24.18:01:52::SCWMssOS::xtra -fno-tree-loop-distribute-patterns"

TRACE::2025-03-24.18:01:52::SCWMssOS::"Running Make libs in microblaze_0/libsrc/intc_v3_15/src"

TRACE::2025-03-24.18:01:52::SCWMssOS::make -C microblaze_0/libsrc/intc_v3_15/src -s libs  "SHELL=CMD" "COMPILER=mb-gcc" "ASSEMBLER=mb-as" "ARCHIVER=mb-ar" "COMPILER_
TRACE::2025-03-24.18:01:52::SCWMssOS::FLAGS=  -O2 -c -mcpu=v11.0 -mlittle-endian -mxl-soft-mul" "EXTRA_COMPILER_FLAGS=-g -ffunction-sections -fdata-sections -Wall -W
TRACE::2025-03-24.18:01:52::SCWMssOS::extra -fno-tree-loop-distribute-patterns"

TRACE::2025-03-24.18:01:52::SCWMssOS::"Running Make libs in microblaze_0/libsrc/standalone_v8_0/src"

TRACE::2025-03-24.18:01:52::SCWMssOS::make -C microblaze_0/libsrc/standalone_v8_0/src -s libs  "SHELL=CMD" "COMPILER=mb-gcc" "ASSEMBLER=mb-as" "ARCHIVER=mb-ar" "COMP
TRACE::2025-03-24.18:01:52::SCWMssOS::ILER_FLAGS=  -O2 -c -mcpu=v11.0 -mlittle-endian -mxl-soft-mul" "EXTRA_COMPILER_FLAGS=-g -ffunction-sections -fdata-sections -Wa
TRACE::2025-03-24.18:01:52::SCWMssOS::ll -Wextra -fno-tree-loop-distribute-patterns"

TRACE::2025-03-24.18:01:52::SCWMssOS::"Running Make libs in microblaze_0/libsrc/tmrctr_v4_9/src"

TRACE::2025-03-24.18:01:52::SCWMssOS::make -C microblaze_0/libsrc/tmrctr_v4_9/src -s libs  "SHELL=CMD" "COMPILER=mb-gcc" "ASSEMBLER=mb-as" "ARCHIVER=mb-ar" "COMPILER
TRACE::2025-03-24.18:01:52::SCWMssOS::_FLAGS=  -O2 -c -mcpu=v11.0 -mlittle-endian -mxl-soft-mul" "EXTRA_COMPILER_FLAGS=-g -ffunction-sections -fdata-sections -Wall -
TRACE::2025-03-24.18:01:52::SCWMssOS::Wextra -fno-tree-loop-distribute-patterns"

TRACE::2025-03-24.18:01:53::SCWMssOS::"Running Make libs in microblaze_0/libsrc/uartlite_v3_7/src"

TRACE::2025-03-24.18:01:53::SCWMssOS::make -C microblaze_0/libsrc/uartlite_v3_7/src -s libs  "SHELL=CMD" "COMPILER=mb-gcc" "ASSEMBLER=mb-as" "ARCHIVER=mb-ar" "COMPIL
TRACE::2025-03-24.18:01:53::SCWMssOS::ER_FLAGS=  -O2 -c -mcpu=v11.0 -mlittle-endian -mxl-soft-mul" "EXTRA_COMPILER_FLAGS=-g -ffunction-sections -fdata-sections -Wall
TRACE::2025-03-24.18:01:53::SCWMssOS:: -Wextra -fno-tree-loop-distribute-patterns"

TRACE::2025-03-24.18:01:54::SCWMssOS::"DEBUG NON_LTO_OBJECTS is ../../../lib/microblaze_interrupt_handler.o"

TRACE::2025-03-24.18:01:54::SCWMssOS::'Finished building libraries parallelly.'

TRACE::2025-03-24.18:01:54::SCWMssOS::make --no-print-directory archive

TRACE::2025-03-24.18:01:54::SCWMssOS::mb-ar -r  microblaze_0/lib/libxil.a microblaze_0/lib/_exit.o microblaze_0/lib/errno.o microblaze_0/lib/fcntl.o microblaze_0/lib
TRACE::2025-03-24.18:01:54::SCWMssOS::/hw_exception_handler.o microblaze_0/lib/inbyte.o microblaze_0/lib/microblaze_disable_dcache.o microblaze_0/lib/microblaze_disa
TRACE::2025-03-24.18:01:54::SCWMssOS::ble_exceptions.o microblaze_0/lib/microblaze_disable_icache.o microblaze_0/lib/microblaze_disable_interrupts.o microblaze_0/lib
TRACE::2025-03-24.18:01:54::SCWMssOS::/microblaze_enable_dcache.o microblaze_0/lib/microblaze_enable_exceptions.o microblaze_0/lib/microblaze_enable_icache.o microbl
TRACE::2025-03-24.18:01:54::SCWMssOS::aze_0/lib/microblaze_enable_interrupts.o microblaze_0/lib/microblaze_exception_handler.o microblaze_0/lib/microblaze_flush_cach
TRACE::2025-03-24.18:01:54::SCWMssOS::e_ext.o microblaze_0/lib/microblaze_flush_cache_ext_range.o microblaze_0/lib/microblaze_flush_dcache.o microblaze_0/lib/microbl
TRACE::2025-03-24.18:01:54::SCWMssOS::aze_flush_dcache_range.o microblaze_0/lib/microblaze_init_dcache_range.o microblaze_0/lib/microblaze_init_icache_range.o microb
TRACE::2025-03-24.18:01:54::SCWMssOS::laze_0/lib/microblaze_interrupt_handler.o microblaze_0/lib/microblaze_interrupts_g.o microblaze_0/lib/microblaze_invalidate_cac
TRACE::2025-03-24.18:01:54::SCWMssOS::he_ext.o microblaze_0/lib/microblaze_invalidate_cache_ext_range.o microblaze_0/lib/microblaze_invalidate_dcache.o microblaze_0/
TRACE::2025-03-24.18:01:54::SCWMssOS::lib/microblaze_invalidate_dcache_range.o microblaze_0/lib/microblaze_invalidate_icache.o microblaze_0/lib/microblaze_invalidate
TRACE::2025-03-24.18:01:54::SCWMssOS::_icache_range.o microblaze_0/lib/microblaze_scrub.o microblaze_0/lib/microblaze_selftest.o microblaze_0/lib/microblaze_sleep.o 
TRACE::2025-03-24.18:01:54::SCWMssOS::microblaze_0/lib/microblaze_update_dcache.o microblaze_0/lib/microblaze_update_icache.o microblaze_0/lib/outbyte.o microblaze_0
TRACE::2025-03-24.18:01:54::SCWMssOS::/lib/print.o microblaze_0/lib/pvr.o microblaze_0/lib/xbram.o microblaze_0/lib/xbram_g.o microblaze_0/lib/xbram_intr.o microblaz
TRACE::2025-03-24.18:01:54::SCWMssOS::e_0/lib/xbram_selftest.o microblaze_0/lib/xbram_sinit.o microblaze_0/lib/xgpio.o microblaze_0/lib/xgpio_extra.o microblaze_0/li
TRACE::2025-03-24.18:01:54::SCWMssOS::b/xgpio_g.o microblaze_0/lib/xgpio_intr.o microblaze_0/lib/xgpio_selftest.o microblaze_0/lib/xgpio_sinit.o microblaze_0/lib/xil
TRACE::2025-03-24.18:01:54::SCWMssOS::_assert.o microblaze_0/lib/xil_cache.o microblaze_0/lib/xil_clocking.o microblaze_0/lib/xil_exception.o microblaze_0/lib/xil_me
TRACE::2025-03-24.18:01:54::SCWMssOS::m.o microblaze_0/lib/xil_misc_psreset_api.o microblaze_0/lib/xil_printf.o microblaze_0/lib/xil_sleepcommon.o microblaze_0/lib/x
TRACE::2025-03-24.18:01:54::SCWMssOS::il_testcache.o microblaze_0/lib/xil_testio.o microblaze_0/lib/xil_testmem.o microblaze_0/lib/xil_util.o microblaze_0/lib/xintc.
TRACE::2025-03-24.18:01:54::SCWMssOS::o microblaze_0/lib/xintc_g.o microblaze_0/lib/xintc_intr.o microblaze_0/lib/xintc_l.o microblaze_0/lib/xintc_options.o microbla
TRACE::2025-03-24.18:01:54::SCWMssOS::ze_0/lib/xintc_selftest.o microblaze_0/lib/xinterrupt_wrap.o microblaze_0/lib/xio.o microblaze_0/lib/xplatform_info.o microblaz
TRACE::2025-03-24.18:01:54::SCWMssOS::e_0/lib/xtmrctr.o microblaze_0/lib/xtmrctr_g.o microblaze_0/lib/xtmrctr_intr.o microblaze_0/lib/xtmrctr_l.o microblaze_0/lib/xt
TRACE::2025-03-24.18:01:54::SCWMssOS::mrctr_options.o microblaze_0/lib/xtmrctr_selftest.o microblaze_0/lib/xtmrctr_sinit.o microblaze_0/lib/xtmrctr_stats.o microblaz
TRACE::2025-03-24.18:01:54::SCWMssOS::e_0/lib/xuartlite.o microblaze_0/lib/xuartlite_g.o microblaze_0/lib/xuartlite_intr.o microblaze_0/lib/xuartlite_l.o microblaze_
TRACE::2025-03-24.18:01:54::SCWMssOS::0/lib/xuartlite_selftest.o microblaze_0/lib/xuartlite_sinit.o microblaze_0/lib/xuartlite_stats.o

TRACE::2025-03-24.18:01:54::SCWMssOS::'Finished building libraries'

TRACE::2025-03-24.18:01:54::SCWMssOS:: Checking if to create the Supporting Applications
TRACE::2025-03-24.18:01:54::SCWMssOS:: No Linux domain exists, trying to generate FSBL 
LOG::2025-03-24.18:01:54::SCWSystem::Completed Processing the domain standalone_domain
LOG::2025-03-24.18:01:54::SCWSystem::Completed Processing the sysconfig syncBlaze
LOG::2025-03-24.18:01:54::SCWPlatform::Completed generating the artifacts for system configuration syncBlaze
TRACE::2025-03-24.18:01:54::SCWPlatform::Started preparing the platform 
TRACE::2025-03-24.18:01:54::SCWSystem::Writing the bif file for system config syncBlaze
TRACE::2025-03-24.18:01:54::SCWSystem::dir created 
TRACE::2025-03-24.18:01:54::SCWSystem::Writing the bif 
TRACE::2025-03-24.18:01:54::SCWPlatform::Started writing the spfm file 
TRACE::2025-03-24.18:01:54::SCWPlatform::Started writing the xpfm file 
TRACE::2025-03-24.18:01:54::SCWPlatform::Completed generating the platform
TRACE::2025-03-24.18:01:54::SCWMssOS::Saving the mss changes E:/kevin/myCode/microBlaze1/vitisJson/syncBlaze/microblaze_0/standalone_domain/bsp/system.mss
TRACE::2025-03-24.18:01:54::SCWMssOS::Adding the swdes entry, mss present, able to open swdb E:/kevin/myCode/microBlaze1/vitisJson/syncBlaze/microblaze_0/standalone_domain/bsp/system.mss with des name system
TRACE::2025-03-24.18:01:54::SCWMssOS::Writing the mss file completed E:/kevin/myCode/microBlaze1/vitisJson/syncBlaze/microblaze_0/standalone_domain/bsp/system.mss
TRACE::2025-03-24.18:01:54::SCWMssOS::Commit changes completed.
TRACE::2025-03-24.18:01:54::SCWPlatform::Trying to open the hw design at E:/kevin/myCode/microBlaze1/vitisJson/syncBlaze/hw/design_1_wrapper.xsa
TRACE::2025-03-24.18:01:54::SCWPlatform::DSA given E:/kevin/myCode/microBlaze1/vitisJson/syncBlaze/hw/design_1_wrapper.xsa
TRACE::2025-03-24.18:01:54::SCWPlatform::DSA absoulate path E:/kevin/myCode/microBlaze1/vitisJson/syncBlaze/hw/design_1_wrapper.xsa
TRACE::2025-03-24.18:01:54::SCWPlatform::DSA directory E:/kevin/myCode/microBlaze1/vitisJson/syncBlaze/hw
TRACE::2025-03-24.18:01:54::SCWPlatform:: Platform Path E:/kevin/myCode/microBlaze1/vitisJson/syncBlaze/hw/design_1_wrapper.xsa
TRACE::2025-03-24.18:01:54::SCWPlatform:: Unique name xilinx:::0.0
TRACE::2025-03-24.18:01:54::SCWPlatform::Trying to set the existing hwdb with name design_1_wrapper_14
TRACE::2025-03-24.18:01:54::SCWPlatform::Opened existing hwdb design_1_wrapper_14
TRACE::2025-03-24.18:01:54::SCWPlatform::Found the Hw Db part of the input DSA
TRACE::2025-03-24.18:01:54::SCWMssOS::Checking the sw design at  E:/kevin/myCode/microBlaze1/vitisJson/syncBlaze/microblaze_0/standalone_domain/bsp/system.mss
TRACE::2025-03-24.18:01:54::SCWMssOS::DEBUG:  swdes dump  E:/kevin/myCode/microBlaze1/vitisJson/syncBlaze/microblaze_0/standalone_domain/bsp/system.mss|system||

TRACE::2025-03-24.18:01:54::SCWMssOS::Sw design exists and opened at  E:/kevin/myCode/microBlaze1/vitisJson/syncBlaze/microblaze_0/standalone_domain/bsp/system.mss
TRACE::2025-03-24.18:01:54::SCWWriter::formatted JSON is {
	"platformName":	"syncBlaze",
	"sprVersion":	"2.0",
	"mode":	"gui",
	"dsaType":	"Fixed",
	"platformDesc":	"syncBlaze",
	"platHandOff":	"E:/kevin/myCode/microBlaze1/design_1_wrapper.xsa",
	"platIntHandOff":	"<platformDir>/hw/design_1_wrapper.xsa",
	"deviceType":	"FPGA",
	"platIsPrebuiltAutogen":	"false",
	"platIsNoBootBsp":	"false",
	"hasFsblMakeHasChanges":	"false",
	"hasPmufwMakeHasChanges":	"false",
	"platPreBuiltFlag":	false,
	"platformSamplesDir":	"",
	"platActiveSys":	"syncBlaze",
	"systems":	[{
			"systemName":	"syncBlaze",
			"systemDesc":	"syncBlaze",
			"sysIsBootAutoGen":	"true",
			"systemDispName":	"syncBlaze",
			"sysActiveDom":	"standalone_domain",
			"sysDefaultDom":	"standalone_domain",
			"domains":	[{
					"domainName":	"standalone_domain",
					"domainDispName":	"standalone on microblaze_0",
					"domainDesc":	"standalone_domain",
					"processors":	"microblaze_0",
					"os":	"standalone",
					"sdxOs":	"standalone",
					"debugEnable":	"False",
					"domRuntimes":	["cpp"],
					"swRepo":	"",
					"mssOsVer":	"8.0",
					"mssFile":	"",
					"md5Digest":	"e2cdda41e7956801f4f51a65042beca0",
					"compatibleApp":	"",
					"domType":	"mssDomain",
					"arch":	"32-bit",
					"appSettings":	{
						"appCompilerFlags":	"",
						"appLinkerFlags":	""
					},
					"addedLibs":	[],
					"libOptions":	{
						"libsContainingOptions":	[]
					},
					"prebuiltLibs":	{
						"prebuiltIncPath":	[],
						"prebuiltLibPath":	[]
					},
					"isolation":	{
					}
				}]
		}]
}
KEYINFO::2025-03-24.18:01:54::SCWPlatform::updated the xpfm file.
TRACE::2025-03-24.18:01:55::SCWPlatform::Trying to open the hw design at E:/kevin/myCode/microBlaze1/vitisJson/syncBlaze/hw/design_1_wrapper.xsa
TRACE::2025-03-24.18:01:55::SCWPlatform::DSA given E:/kevin/myCode/microBlaze1/vitisJson/syncBlaze/hw/design_1_wrapper.xsa
TRACE::2025-03-24.18:01:55::SCWPlatform::DSA absoulate path E:/kevin/myCode/microBlaze1/vitisJson/syncBlaze/hw/design_1_wrapper.xsa
TRACE::2025-03-24.18:01:55::SCWPlatform::DSA directory E:/kevin/myCode/microBlaze1/vitisJson/syncBlaze/hw
TRACE::2025-03-24.18:01:55::SCWPlatform:: Platform Path E:/kevin/myCode/microBlaze1/vitisJson/syncBlaze/hw/design_1_wrapper.xsa
TRACE::2025-03-24.18:01:55::SCWPlatform:: Unique name xilinx:::0.0
TRACE::2025-03-24.18:01:55::SCWPlatform::Trying to set the existing hwdb with name design_1_wrapper_14
TRACE::2025-03-24.18:01:55::SCWPlatform::Opened existing hwdb design_1_wrapper_14
TRACE::2025-03-24.18:01:55::SCWPlatform::Found the Hw Db part of the input DSA
TRACE::2025-03-24.18:01:55::SCWMssOS::Checking the sw design at  E:/kevin/myCode/microBlaze1/vitisJson/syncBlaze/microblaze_0/standalone_domain/bsp/system.mss
TRACE::2025-03-24.18:01:55::SCWMssOS::DEBUG:  swdes dump  E:/kevin/myCode/microBlaze1/vitisJson/syncBlaze/microblaze_0/standalone_domain/bsp/system.mss|system||

TRACE::2025-03-24.18:01:55::SCWMssOS::Sw design exists and opened at  E:/kevin/myCode/microBlaze1/vitisJson/syncBlaze/microblaze_0/standalone_domain/bsp/system.mss
TRACE::2025-03-24.18:14:51::SCWPlatform::DSA given E:/kevin/myCode/microBlaze1/vitisJson/syncBlaze/tempdsa/design_1_wrapper.xsa
TRACE::2025-03-24.18:14:51::SCWPlatform::DSA absoulate path E:/kevin/myCode/microBlaze1/vitisJson/syncBlaze/tempdsa/design_1_wrapper.xsa
TRACE::2025-03-24.18:14:51::SCWPlatform:: Platform location is E:/kevin/myCode/microBlaze1/vitisJson/syncBlaze/tempdsa
TRACE::2025-03-24.18:14:51::SCWPlatform:: Platform Path E:/kevin/myCode/microBlaze1/vitisJson/syncBlaze/tempdsa/design_1_wrapper.xsa
TRACE::2025-03-24.18:14:51::SCWPlatform:: Unique name xilinx:::0.0
TRACE::2025-03-24.18:14:51::SCWPlatform::Found the Hw Db part of the input DSA
TRACE::2025-03-24.18:14:51::SCWMssOS::Doing hw sync for the mss in domain: standalone_domain
TRACE::2025-03-24.18:14:51::SCWPlatform::Trying to open the hw design at E:/kevin/myCode/microBlaze1/vitisJson/syncBlaze/hw/design_1_wrapper.xsa
TRACE::2025-03-24.18:14:51::SCWPlatform::DSA given E:/kevin/myCode/microBlaze1/vitisJson/syncBlaze/hw/design_1_wrapper.xsa
TRACE::2025-03-24.18:14:51::SCWPlatform::DSA absoulate path E:/kevin/myCode/microBlaze1/vitisJson/syncBlaze/hw/design_1_wrapper.xsa
TRACE::2025-03-24.18:14:51::SCWPlatform::DSA directory E:/kevin/myCode/microBlaze1/vitisJson/syncBlaze/hw
TRACE::2025-03-24.18:14:51::SCWPlatform:: Platform Path E:/kevin/myCode/microBlaze1/vitisJson/syncBlaze/hw/design_1_wrapper.xsa
TRACE::2025-03-24.18:14:51::SCWPlatform:: Unique name xilinx:::0.0
TRACE::2025-03-24.18:14:51::SCWPlatform::Trying to set the existing hwdb with name design_1_wrapper_14
TRACE::2025-03-24.18:14:51::SCWPlatform::Opened existing hwdb design_1_wrapper_14
TRACE::2025-03-24.18:14:51::SCWPlatform::Found the Hw Db part of the input DSA
TRACE::2025-03-24.18:14:51::SCWPlatform::Trying to open the hw design at E:/kevin/myCode/microBlaze1/vitisJson/syncBlaze/hw/design_1_wrapper.xsa
TRACE::2025-03-24.18:14:51::SCWPlatform::DSA given E:/kevin/myCode/microBlaze1/vitisJson/syncBlaze/hw/design_1_wrapper.xsa
TRACE::2025-03-24.18:14:51::SCWPlatform::DSA absoulate path E:/kevin/myCode/microBlaze1/vitisJson/syncBlaze/hw/design_1_wrapper.xsa
TRACE::2025-03-24.18:14:51::SCWPlatform::DSA directory E:/kevin/myCode/microBlaze1/vitisJson/syncBlaze/hw
TRACE::2025-03-24.18:14:51::SCWPlatform:: Platform Path E:/kevin/myCode/microBlaze1/vitisJson/syncBlaze/hw/design_1_wrapper.xsa
TRACE::2025-03-24.18:14:51::SCWPlatform:: Unique name xilinx:::0.0
TRACE::2025-03-24.18:14:51::SCWPlatform::Trying to set the existing hwdb with name design_1_wrapper_14
TRACE::2025-03-24.18:14:51::SCWPlatform::Opened existing hwdb design_1_wrapper_14
TRACE::2025-03-24.18:14:51::SCWPlatform::Found the Hw Db part of the input DSA
TRACE::2025-03-24.18:14:51::SCWMssOS::Checking the sw design at  E:/kevin/myCode/microBlaze1/vitisJson/syncBlaze/microblaze_0/standalone_domain/bsp/system.mss
TRACE::2025-03-24.18:14:51::SCWMssOS::DEBUG:  swdes dump  E:/kevin/myCode/microBlaze1/vitisJson/syncBlaze/microblaze_0/standalone_domain/bsp/system.mss|system||

TRACE::2025-03-24.18:14:51::SCWMssOS::Sw design exists and opened at  E:/kevin/myCode/microBlaze1/vitisJson/syncBlaze/microblaze_0/standalone_domain/bsp/system.mss
TRACE::2025-03-24.18:14:51::SCWPlatform::Trying to open the hw design at E:/kevin/myCode/microBlaze1/vitisJson/syncBlaze/tempdsa/design_1_wrapper.xsa
TRACE::2025-03-24.18:14:51::SCWPlatform::DSA given E:/kevin/myCode/microBlaze1/vitisJson/syncBlaze/tempdsa/design_1_wrapper.xsa
TRACE::2025-03-24.18:14:51::SCWPlatform::DSA absoulate path E:/kevin/myCode/microBlaze1/vitisJson/syncBlaze/tempdsa/design_1_wrapper.xsa
TRACE::2025-03-24.18:14:51::SCWPlatform::DSA directory E:/kevin/myCode/microBlaze1/vitisJson/syncBlaze/tempdsa
TRACE::2025-03-24.18:14:51::SCWPlatform:: Platform Path E:/kevin/myCode/microBlaze1/vitisJson/syncBlaze/tempdsa/design_1_wrapper.xsa
TRACE::2025-03-24.18:14:51::SCWPlatform:: Unique name xilinx:::0.0
TRACE::2025-03-24.18:14:51::SCWPlatform::update - Opened existing hwdb design_1_wrapper_16
TRACE::2025-03-24.18:14:51::SCWPlatform::Found the Hw Db part of the input DSA
TRACE::2025-03-24.18:14:51::SCWMssOS::Saving the mss changes E:/kevin/myCode/microBlaze1/vitisJson/syncBlaze/microblaze_0/standalone_domain/bsp/system.mss
TRACE::2025-03-24.18:14:51::SCWMssOS::Found a swdesign opened with the mssfile.
TRACE::2025-03-24.18:14:51::SCWMssOS::Completed writemss as part of save.
TRACE::2025-03-24.18:14:51::SCWMssOS::Commit changes completed.
TRACE::2025-03-24.18:14:51::SCWMssOS::Completed hw sync for the mss in domain: standalone_domain
TRACE::2025-03-24.18:14:51::SCWMssOS::Removing the swdes entry for  E:/kevin/myCode/microBlaze1/vitisJson/syncBlaze/microblaze_0/standalone_domain/bsp/system.mss
TRACE::2025-03-24.18:14:51::SCWPlatform::Trying to open the hw design at E:/kevin/myCode/microBlaze1/vitisJson/syncBlaze/hw/design_1_wrapper.xsa
TRACE::2025-03-24.18:14:51::SCWPlatform::DSA given E:/kevin/myCode/microBlaze1/vitisJson/syncBlaze/hw/design_1_wrapper.xsa
TRACE::2025-03-24.18:14:51::SCWPlatform::DSA absoulate path E:/kevin/myCode/microBlaze1/vitisJson/syncBlaze/hw/design_1_wrapper.xsa
TRACE::2025-03-24.18:14:51::SCWPlatform::DSA directory E:/kevin/myCode/microBlaze1/vitisJson/syncBlaze/hw
TRACE::2025-03-24.18:14:51::SCWPlatform:: Platform Path E:/kevin/myCode/microBlaze1/vitisJson/syncBlaze/hw/design_1_wrapper.xsa
TRACE::2025-03-24.18:14:51::SCWPlatform:: Unique name xilinx:::0.0
TRACE::2025-03-24.18:14:51::SCWPlatform::Do not have an existing db opened. 
TRACE::2025-03-24.18:14:52::SCWPlatform::Opened new HwDB with name design_1_wrapper_17
TRACE::2025-03-24.18:14:52::SCWMssOS::Saving the mss changes E:/kevin/myCode/microBlaze1/vitisJson/syncBlaze/microblaze_0/standalone_domain/bsp/system.mss
TRACE::2025-03-24.18:14:52::SCWMssOS::Adding the swdes entry, mss present, able to open swdb E:/kevin/myCode/microBlaze1/vitisJson/syncBlaze/microblaze_0/standalone_domain/bsp/system.mss with des name system
TRACE::2025-03-24.18:14:52::SCWMssOS::Writing the mss file completed E:/kevin/myCode/microBlaze1/vitisJson/syncBlaze/microblaze_0/standalone_domain/bsp/system.mss
TRACE::2025-03-24.18:14:52::SCWMssOS::Commit changes completed.
TRACE::2025-03-24.18:14:52::SCWPlatform::Trying to open the hw design at E:/kevin/myCode/microBlaze1/vitisJson/syncBlaze/hw/design_1_wrapper.xsa
TRACE::2025-03-24.18:14:52::SCWPlatform::DSA given E:/kevin/myCode/microBlaze1/vitisJson/syncBlaze/hw/design_1_wrapper.xsa
TRACE::2025-03-24.18:14:52::SCWPlatform::DSA absoulate path E:/kevin/myCode/microBlaze1/vitisJson/syncBlaze/hw/design_1_wrapper.xsa
TRACE::2025-03-24.18:14:52::SCWPlatform::DSA directory E:/kevin/myCode/microBlaze1/vitisJson/syncBlaze/hw
TRACE::2025-03-24.18:14:52::SCWPlatform:: Platform Path E:/kevin/myCode/microBlaze1/vitisJson/syncBlaze/hw/design_1_wrapper.xsa
TRACE::2025-03-24.18:14:52::SCWPlatform:: Unique name xilinx:::0.0
TRACE::2025-03-24.18:14:52::SCWPlatform::Trying to set the existing hwdb with name design_1_wrapper_17
TRACE::2025-03-24.18:14:52::SCWPlatform::Opened existing hwdb design_1_wrapper_17
TRACE::2025-03-24.18:14:52::SCWPlatform::Found the Hw Db part of the input DSA
TRACE::2025-03-24.18:14:52::SCWMssOS::Checking the sw design at  E:/kevin/myCode/microBlaze1/vitisJson/syncBlaze/microblaze_0/standalone_domain/bsp/system.mss
TRACE::2025-03-24.18:14:52::SCWMssOS::DEBUG:  swdes dump  E:/kevin/myCode/microBlaze1/vitisJson/syncBlaze/microblaze_0/standalone_domain/bsp/system.mss|system||

TRACE::2025-03-24.18:14:52::SCWMssOS::Sw design exists and opened at  E:/kevin/myCode/microBlaze1/vitisJson/syncBlaze/microblaze_0/standalone_domain/bsp/system.mss
TRACE::2025-03-24.18:14:52::SCWWriter::formatted JSON is {
	"platformName":	"syncBlaze",
	"sprVersion":	"2.0",
	"mode":	"gui",
	"dsaType":	"Fixed",
	"platformDesc":	"syncBlaze",
	"platHandOff":	"E:/kevin/myCode/microBlaze1/design_1_wrapper.xsa",
	"platIntHandOff":	"<platformDir>/hw/design_1_wrapper.xsa",
	"deviceType":	"FPGA",
	"platIsPrebuiltAutogen":	"false",
	"platIsNoBootBsp":	"false",
	"hasFsblMakeHasChanges":	"false",
	"hasPmufwMakeHasChanges":	"false",
	"platPreBuiltFlag":	false,
	"platformSamplesDir":	"",
	"platActiveSys":	"syncBlaze",
	"systems":	[{
			"systemName":	"syncBlaze",
			"systemDesc":	"syncBlaze",
			"sysIsBootAutoGen":	"true",
			"systemDispName":	"syncBlaze",
			"sysActiveDom":	"standalone_domain",
			"sysDefaultDom":	"standalone_domain",
			"domains":	[{
					"domainName":	"standalone_domain",
					"domainDispName":	"standalone on microblaze_0",
					"domainDesc":	"standalone_domain",
					"processors":	"microblaze_0",
					"os":	"standalone",
					"sdxOs":	"standalone",
					"debugEnable":	"False",
					"domRuntimes":	["cpp"],
					"swRepo":	"",
					"mssOsVer":	"8.0",
					"mssFile":	"",
					"md5Digest":	"e2cdda41e7956801f4f51a65042beca01",
					"compatibleApp":	"",
					"domType":	"mssDomain",
					"arch":	"32-bit",
					"appSettings":	{
						"appCompilerFlags":	"",
						"appLinkerFlags":	""
					},
					"addedLibs":	[],
					"libOptions":	{
						"libsContainingOptions":	[]
					},
					"prebuiltLibs":	{
						"prebuiltIncPath":	[],
						"prebuiltLibPath":	[]
					},
					"isolation":	{
					}
				}]
		}]
}
TRACE::2025-03-24.18:14:53::SCWPlatform::Clearing the existing platform
TRACE::2025-03-24.18:14:53::SCWSystem::Clearing the existing sysconfig
TRACE::2025-03-24.18:14:53::SCWMssOS::Removing the swdes entry for  E:/kevin/myCode/microBlaze1/vitisJson/syncBlaze/microblaze_0/standalone_domain/bsp/system.mss
TRACE::2025-03-24.18:14:53::SCWSystem::Clearing the domains completed.
TRACE::2025-03-24.18:14:53::SCWPlatform::Clearing the opened hw db.
TRACE::2025-03-24.18:14:53::SCWPlatform::DSA given E:/kevin/myCode/microBlaze1/vitisJson/syncBlaze/hw/design_1_wrapper.xsa
TRACE::2025-03-24.18:14:53::SCWPlatform::DSA absoulate path E:/kevin/myCode/microBlaze1/vitisJson/syncBlaze/hw/design_1_wrapper.xsa
TRACE::2025-03-24.18:14:53::SCWPlatform:: Platform location is E:/kevin/myCode/microBlaze1/vitisJson/syncBlaze/hw
TRACE::2025-03-24.18:14:53::SCWPlatform:: Platform Path E:/kevin/myCode/microBlaze1/vitisJson/syncBlaze/hw/design_1_wrapper.xsa
TRACE::2025-03-24.18:14:53::SCWPlatform:: Unique name xilinx:::0.0
TRACE::2025-03-24.18:14:53::SCWPlatform::Removing the HwDB with name E:/kevin/myCode/microBlaze1/vitisJson/syncBlaze/hw/design_1_wrapper.xsa
TRACE::2025-03-24.18:14:53::SCWPlatform::Trying to open the hw design at E:/kevin/myCode/microBlaze1/vitisJson/syncBlaze/hw/design_1_wrapper.xsa
TRACE::2025-03-24.18:14:53::SCWPlatform::DSA given E:/kevin/myCode/microBlaze1/vitisJson/syncBlaze/hw/design_1_wrapper.xsa
TRACE::2025-03-24.18:14:53::SCWPlatform::DSA absoulate path E:/kevin/myCode/microBlaze1/vitisJson/syncBlaze/hw/design_1_wrapper.xsa
TRACE::2025-03-24.18:14:53::SCWPlatform::DSA directory E:/kevin/myCode/microBlaze1/vitisJson/syncBlaze/hw
TRACE::2025-03-24.18:14:53::SCWPlatform:: Platform Path E:/kevin/myCode/microBlaze1/vitisJson/syncBlaze/hw/design_1_wrapper.xsa
TRACE::2025-03-24.18:14:53::SCWPlatform:: Unique name xilinx:::0.0
TRACE::2025-03-24.18:14:53::SCWPlatform::Do not have an existing db opened. 
TRACE::2025-03-24.18:14:53::SCWPlatform::Opened new HwDB with name design_1_wrapper_18
TRACE::2025-03-24.18:14:53::SCWReader::Active system found as  syncBlaze
TRACE::2025-03-24.18:14:53::SCWReader::Handling sysconfig syncBlaze
TRACE::2025-03-24.18:14:53::SCWDomain::checking for install qemu data   : 
TRACE::2025-03-24.18:14:53::SCWPlatform::Trying to open the hw design at E:/kevin/myCode/microBlaze1/vitisJson/syncBlaze/hw/design_1_wrapper.xsa
TRACE::2025-03-24.18:14:53::SCWPlatform::DSA given E:/kevin/myCode/microBlaze1/vitisJson/syncBlaze/hw/design_1_wrapper.xsa
TRACE::2025-03-24.18:14:53::SCWPlatform::DSA absoulate path E:/kevin/myCode/microBlaze1/vitisJson/syncBlaze/hw/design_1_wrapper.xsa
TRACE::2025-03-24.18:14:53::SCWPlatform::DSA directory E:/kevin/myCode/microBlaze1/vitisJson/syncBlaze/hw
TRACE::2025-03-24.18:14:53::SCWPlatform:: Platform Path E:/kevin/myCode/microBlaze1/vitisJson/syncBlaze/hw/design_1_wrapper.xsa
TRACE::2025-03-24.18:14:53::SCWPlatform:: Unique name xilinx:::0.0
TRACE::2025-03-24.18:14:53::SCWPlatform::Trying to set the existing hwdb with name design_1_wrapper_18
TRACE::2025-03-24.18:14:53::SCWPlatform::Opened existing hwdb design_1_wrapper_18
TRACE::2025-03-24.18:14:53::SCWPlatform::Found the Hw Db part of the input DSA
TRACE::2025-03-24.18:14:53::SCWPlatform::Trying to open the hw design at E:/kevin/myCode/microBlaze1/vitisJson/syncBlaze/hw/design_1_wrapper.xsa
TRACE::2025-03-24.18:14:53::SCWPlatform::DSA given E:/kevin/myCode/microBlaze1/vitisJson/syncBlaze/hw/design_1_wrapper.xsa
TRACE::2025-03-24.18:14:53::SCWPlatform::DSA absoulate path E:/kevin/myCode/microBlaze1/vitisJson/syncBlaze/hw/design_1_wrapper.xsa
TRACE::2025-03-24.18:14:53::SCWPlatform::DSA directory E:/kevin/myCode/microBlaze1/vitisJson/syncBlaze/hw
TRACE::2025-03-24.18:14:53::SCWPlatform:: Platform Path E:/kevin/myCode/microBlaze1/vitisJson/syncBlaze/hw/design_1_wrapper.xsa
TRACE::2025-03-24.18:14:53::SCWPlatform:: Unique name xilinx:::0.0
TRACE::2025-03-24.18:14:53::SCWPlatform::Trying to set the existing hwdb with name design_1_wrapper_18
TRACE::2025-03-24.18:14:53::SCWPlatform::Opened existing hwdb design_1_wrapper_18
TRACE::2025-03-24.18:14:53::SCWPlatform::Found the Hw Db part of the input DSA
TRACE::2025-03-24.18:14:53::SCWPlatform::Trying to open the hw design at E:/kevin/myCode/microBlaze1/vitisJson/syncBlaze/hw/design_1_wrapper.xsa
TRACE::2025-03-24.18:14:53::SCWPlatform::DSA given E:/kevin/myCode/microBlaze1/vitisJson/syncBlaze/hw/design_1_wrapper.xsa
TRACE::2025-03-24.18:14:53::SCWPlatform::DSA absoulate path E:/kevin/myCode/microBlaze1/vitisJson/syncBlaze/hw/design_1_wrapper.xsa
TRACE::2025-03-24.18:14:53::SCWPlatform::DSA directory E:/kevin/myCode/microBlaze1/vitisJson/syncBlaze/hw
TRACE::2025-03-24.18:14:53::SCWPlatform:: Platform Path E:/kevin/myCode/microBlaze1/vitisJson/syncBlaze/hw/design_1_wrapper.xsa
TRACE::2025-03-24.18:14:53::SCWPlatform:: Unique name xilinx:::0.0
TRACE::2025-03-24.18:14:53::SCWPlatform::Trying to set the existing hwdb with name design_1_wrapper_18
TRACE::2025-03-24.18:14:53::SCWPlatform::Opened existing hwdb design_1_wrapper_18
TRACE::2025-03-24.18:14:53::SCWPlatform::Found the Hw Db part of the input DSA
TRACE::2025-03-24.18:14:53::SCWPlatform::Trying to open the hw design at E:/kevin/myCode/microBlaze1/vitisJson/syncBlaze/hw/design_1_wrapper.xsa
TRACE::2025-03-24.18:14:53::SCWPlatform::DSA given E:/kevin/myCode/microBlaze1/vitisJson/syncBlaze/hw/design_1_wrapper.xsa
TRACE::2025-03-24.18:14:53::SCWPlatform::DSA absoulate path E:/kevin/myCode/microBlaze1/vitisJson/syncBlaze/hw/design_1_wrapper.xsa
TRACE::2025-03-24.18:14:53::SCWPlatform::DSA directory E:/kevin/myCode/microBlaze1/vitisJson/syncBlaze/hw
TRACE::2025-03-24.18:14:53::SCWPlatform:: Platform Path E:/kevin/myCode/microBlaze1/vitisJson/syncBlaze/hw/design_1_wrapper.xsa
TRACE::2025-03-24.18:14:53::SCWPlatform:: Unique name xilinx:::0.0
TRACE::2025-03-24.18:14:53::SCWPlatform::Trying to set the existing hwdb with name design_1_wrapper_18
TRACE::2025-03-24.18:14:53::SCWPlatform::Opened existing hwdb design_1_wrapper_18
TRACE::2025-03-24.18:14:53::SCWPlatform::Found the Hw Db part of the input DSA
TRACE::2025-03-24.18:14:53::SCWMssOS::Checking the sw design at  E:/kevin/myCode/microBlaze1/vitisJson/syncBlaze/microblaze_0/standalone_domain/bsp/system.mss
TRACE::2025-03-24.18:14:53::SCWMssOS::DEBUG:  swdes dump  
TRACE::2025-03-24.18:14:53::SCWMssOS::No sw design opened at  E:/kevin/myCode/microBlaze1/vitisJson/syncBlaze/microblaze_0/standalone_domain/bsp/system.mss
TRACE::2025-03-24.18:14:53::SCWMssOS::mss exists loading the mss file  E:/kevin/myCode/microBlaze1/vitisJson/syncBlaze/microblaze_0/standalone_domain/bsp/system.mss
TRACE::2025-03-24.18:14:53::SCWMssOS::Opened the sw design from mss  E:/kevin/myCode/microBlaze1/vitisJson/syncBlaze/microblaze_0/standalone_domain/bsp/system.mss
TRACE::2025-03-24.18:14:53::SCWMssOS::Adding the swdes entry E:/kevin/myCode/microBlaze1/vitisJson/syncBlaze/microblaze_0/standalone_domain/bsp/system.mss with des name system
TRACE::2025-03-24.18:14:53::SCWMssOS::updating the scw layer about changes
TRACE::2025-03-24.18:14:53::SCWMssOS::Opened the sw design.  E:/kevin/myCode/microBlaze1/vitisJson/syncBlaze/microblaze_0/standalone_domain/bsp/system.mss
TRACE::2025-03-24.18:14:53::SCWMssOS::Saving the mss changes E:/kevin/myCode/microBlaze1/vitisJson/syncBlaze/microblaze_0/standalone_domain/bsp/system.mss
TRACE::2025-03-24.18:14:53::SCWMssOS::Found a swdesign opened with the mssfile.
TRACE::2025-03-24.18:14:53::SCWMssOS::Completed writemss as part of save.
TRACE::2025-03-24.18:14:53::SCWMssOS::Commit changes completed.
TRACE::2025-03-24.18:14:53::SCWReader::Adding prebuilt librarypaths as   
TRACE::2025-03-24.18:14:53::SCWReader::Adding prebuilt incpaths  as   
TRACE::2025-03-24.18:14:53::SCWPlatform::Trying to open the hw design at E:/kevin/myCode/microBlaze1/vitisJson/syncBlaze/hw/design_1_wrapper.xsa
TRACE::2025-03-24.18:14:53::SCWPlatform::DSA given E:/kevin/myCode/microBlaze1/vitisJson/syncBlaze/hw/design_1_wrapper.xsa
TRACE::2025-03-24.18:14:53::SCWPlatform::DSA absoulate path E:/kevin/myCode/microBlaze1/vitisJson/syncBlaze/hw/design_1_wrapper.xsa
TRACE::2025-03-24.18:14:53::SCWPlatform::DSA directory E:/kevin/myCode/microBlaze1/vitisJson/syncBlaze/hw
TRACE::2025-03-24.18:14:53::SCWPlatform:: Platform Path E:/kevin/myCode/microBlaze1/vitisJson/syncBlaze/hw/design_1_wrapper.xsa
TRACE::2025-03-24.18:14:53::SCWPlatform:: Unique name xilinx:::0.0
TRACE::2025-03-24.18:14:53::SCWPlatform::Trying to set the existing hwdb with name design_1_wrapper_18
TRACE::2025-03-24.18:14:53::SCWPlatform::Opened existing hwdb design_1_wrapper_18
TRACE::2025-03-24.18:14:53::SCWPlatform::Found the Hw Db part of the input DSA
TRACE::2025-03-24.18:14:53::SCWMssOS::Checking the sw design at  E:/kevin/myCode/microBlaze1/vitisJson/syncBlaze/microblaze_0/standalone_domain/bsp/system.mss
TRACE::2025-03-24.18:14:53::SCWMssOS::DEBUG:  swdes dump  E:/kevin/myCode/microBlaze1/vitisJson/syncBlaze/microblaze_0/standalone_domain/bsp/system.mss|system||

TRACE::2025-03-24.18:14:53::SCWMssOS::Sw design exists and opened at  E:/kevin/myCode/microBlaze1/vitisJson/syncBlaze/microblaze_0/standalone_domain/bsp/system.mss
TRACE::2025-03-24.18:14:53::SCWReader::No isolation master present  
LOG::2025-03-24.18:15:07::SCWPlatform::Started generating the artifacts platform syncBlaze
TRACE::2025-03-24.18:15:07::SCWPlatform::Sanity checking of platform is completed
LOG::2025-03-24.18:15:07::SCWPlatform::Started generating the artifacts for system configuration syncBlaze
LOG::2025-03-24.18:15:07::SCWSystem::Checking the domain standalone_domain
LOG::2025-03-24.18:15:07::SCWSystem::Not a boot domain 
LOG::2025-03-24.18:15:07::SCWSystem::Started Processing the domain standalone_domain
TRACE::2025-03-24.18:15:07::SCWDomain::Generating domain artifcats
TRACE::2025-03-24.18:15:07::SCWMssOS::Generating standalone artifcats
TRACE::2025-03-24.18:15:07::SCWMssOS:: Copying the user libraries. 
TRACE::2025-03-24.18:15:07::SCWPlatform::Trying to open the hw design at E:/kevin/myCode/microBlaze1/vitisJson/syncBlaze/hw/design_1_wrapper.xsa
TRACE::2025-03-24.18:15:07::SCWPlatform::DSA given E:/kevin/myCode/microBlaze1/vitisJson/syncBlaze/hw/design_1_wrapper.xsa
TRACE::2025-03-24.18:15:07::SCWPlatform::DSA absoulate path E:/kevin/myCode/microBlaze1/vitisJson/syncBlaze/hw/design_1_wrapper.xsa
TRACE::2025-03-24.18:15:07::SCWPlatform::DSA directory E:/kevin/myCode/microBlaze1/vitisJson/syncBlaze/hw
TRACE::2025-03-24.18:15:07::SCWPlatform:: Platform Path E:/kevin/myCode/microBlaze1/vitisJson/syncBlaze/hw/design_1_wrapper.xsa
TRACE::2025-03-24.18:15:07::SCWPlatform:: Unique name xilinx:::0.0
TRACE::2025-03-24.18:15:07::SCWPlatform::Trying to set the existing hwdb with name design_1_wrapper_18
TRACE::2025-03-24.18:15:07::SCWPlatform::Could not get the HWDB from existing dbname
TRACE::2025-03-24.18:15:07::SCWPlatform::Do not have an existing db opened. Attempting to open the hwDb. 
TRACE::2025-03-24.18:15:07::SCWPlatform::Opened new HwDB with name design_1_wrapper_19
TRACE::2025-03-24.18:15:07::SCWMssOS::Checking the sw design at  E:/kevin/myCode/microBlaze1/vitisJson/syncBlaze/microblaze_0/standalone_domain/bsp/system.mss
TRACE::2025-03-24.18:15:07::SCWMssOS::DEBUG:  swdes dump  E:/kevin/myCode/microBlaze1/vitisJson/syncBlaze/microblaze_0/standalone_domain/bsp/system.mss|system||

TRACE::2025-03-24.18:15:07::SCWMssOS::Sw design exists and opened at  E:/kevin/myCode/microBlaze1/vitisJson/syncBlaze/microblaze_0/standalone_domain/bsp/system.mss
TRACE::2025-03-24.18:15:07::SCWMssOS::Completed writing the mss file at E:/kevin/myCode/microBlaze1/vitisJson/syncBlaze/microblaze_0/standalone_domain/bsp
TRACE::2025-03-24.18:15:07::SCWMssOS::Mss edits present, copying mssfile into export location E:/kevin/myCode/microBlaze1/vitisJson/syncBlaze/microblaze_0/standalone_domain/bsp/system.mss
TRACE::2025-03-24.18:15:07::SCWMssOS::bsp generated is stale removing and regenerating. 
TRACE::2025-03-24.18:15:08::SCWMssOS::doing bsp build ... 
TRACE::2025-03-24.18:15:08::SCWMssOS::System Command Ran  E: & cd  E:/kevin/myCode/microBlaze1/vitisJson/syncBlaze/microblaze_0/standalone_domain/bsp & make 
TRACE::2025-03-24.18:15:08::SCWMssOS::make --no-print-directory seq_libs

TRACE::2025-03-24.18:15:08::SCWMssOS::'Finished building libraries sequentially.'

TRACE::2025-03-24.18:15:08::SCWMssOS::make -j 14 --no-print-directory par_libs

TRACE::2025-03-24.18:15:08::SCWMssOS::"Running Make include in microblaze_0/libsrc/bram_v4_8/src"

TRACE::2025-03-24.18:15:08::SCWMssOS::make -C microblaze_0/libsrc/bram_v4_8/src -s include  "SHELL=CMD" "COMPILER=mb-gcc" "ASSEMBLER=mb-as" "ARCHIVER=mb-ar" "COMPILE
TRACE::2025-03-24.18:15:08::SCWMssOS::R_FLAGS=  -O2 -c -mcpu=v11.0 -mlittle-endian -mxl-soft-mul" "EXTRA_COMPILER_FLAGS=-g -ffunction-sections -fdata-sections -Wall 
TRACE::2025-03-24.18:15:08::SCWMssOS::-Wextra -fno-tree-loop-distribute-patterns"

TRACE::2025-03-24.18:15:08::SCWMssOS::"Running Make include in microblaze_0/libsrc/cpu_v2_16/src"

TRACE::2025-03-24.18:15:08::SCWMssOS::make -C microblaze_0/libsrc/cpu_v2_16/src -s include  "SHELL=CMD" "COMPILER=mb-gcc" "ASSEMBLER=mb-as" "ARCHIVER=mb-ar" "COMPILE
TRACE::2025-03-24.18:15:08::SCWMssOS::R_FLAGS=  -O2 -c -mcpu=v11.0 -mlittle-endian -mxl-soft-mul" "EXTRA_COMPILER_FLAGS=-g -ffunction-sections -fdata-sections -Wall 
TRACE::2025-03-24.18:15:08::SCWMssOS::-Wextra -fno-tree-loop-distribute-patterns"

TRACE::2025-03-24.18:15:08::SCWMssOS::"Running Make include in microblaze_0/libsrc/gpio_v4_9/src"

TRACE::2025-03-24.18:15:08::SCWMssOS::make -C microblaze_0/libsrc/gpio_v4_9/src -s include  "SHELL=CMD" "COMPILER=mb-gcc" "ASSEMBLER=mb-as" "ARCHIVER=mb-ar" "COMPILE
TRACE::2025-03-24.18:15:08::SCWMssOS::R_FLAGS=  -O2 -c -mcpu=v11.0 -mlittle-endian -mxl-soft-mul" "EXTRA_COMPILER_FLAGS=-g -ffunction-sections -fdata-sections -Wall 
TRACE::2025-03-24.18:15:08::SCWMssOS::-Wextra -fno-tree-loop-distribute-patterns"

TRACE::2025-03-24.18:15:08::SCWMssOS::"Running Make include in microblaze_0/libsrc/intc_v3_15/src"

TRACE::2025-03-24.18:15:08::SCWMssOS::make -C microblaze_0/libsrc/intc_v3_15/src -s include  "SHELL=CMD" "COMPILER=mb-gcc" "ASSEMBLER=mb-as" "ARCHIVER=mb-ar" "COMPIL
TRACE::2025-03-24.18:15:08::SCWMssOS::ER_FLAGS=  -O2 -c -mcpu=v11.0 -mlittle-endian -mxl-soft-mul" "EXTRA_COMPILER_FLAGS=-g -ffunction-sections -fdata-sections -Wall
TRACE::2025-03-24.18:15:08::SCWMssOS:: -Wextra -fno-tree-loop-distribute-patterns"

TRACE::2025-03-24.18:15:08::SCWMssOS::"Running Make include in microblaze_0/libsrc/standalone_v8_0/src"

TRACE::2025-03-24.18:15:08::SCWMssOS::make -C microblaze_0/libsrc/standalone_v8_0/src -s include  "SHELL=CMD" "COMPILER=mb-gcc" "ASSEMBLER=mb-as" "ARCHIVER=mb-ar" "C
TRACE::2025-03-24.18:15:08::SCWMssOS::OMPILER_FLAGS=  -O2 -c -mcpu=v11.0 -mlittle-endian -mxl-soft-mul" "EXTRA_COMPILER_FLAGS=-g -ffunction-sections -fdata-sections 
TRACE::2025-03-24.18:15:08::SCWMssOS::-Wall -Wextra -fno-tree-loop-distribute-patterns"

TRACE::2025-03-24.18:15:08::SCWMssOS::"Running Make include in microblaze_0/libsrc/tmrctr_v4_9/src"

TRACE::2025-03-24.18:15:08::SCWMssOS::make -C microblaze_0/libsrc/tmrctr_v4_9/src -s include  "SHELL=CMD" "COMPILER=mb-gcc" "ASSEMBLER=mb-as" "ARCHIVER=mb-ar" "COMPI
TRACE::2025-03-24.18:15:08::SCWMssOS::LER_FLAGS=  -O2 -c -mcpu=v11.0 -mlittle-endian -mxl-soft-mul" "EXTRA_COMPILER_FLAGS=-g -ffunction-sections -fdata-sections -Wal
TRACE::2025-03-24.18:15:08::SCWMssOS::l -Wextra -fno-tree-loop-distribute-patterns"

TRACE::2025-03-24.18:15:08::SCWMssOS::"Running Make include in microblaze_0/libsrc/uartlite_v3_7/src"

TRACE::2025-03-24.18:15:08::SCWMssOS::make -C microblaze_0/libsrc/uartlite_v3_7/src -s include  "SHELL=CMD" "COMPILER=mb-gcc" "ASSEMBLER=mb-as" "ARCHIVER=mb-ar" "COM
TRACE::2025-03-24.18:15:08::SCWMssOS::PILER_FLAGS=  -O2 -c -mcpu=v11.0 -mlittle-endian -mxl-soft-mul" "EXTRA_COMPILER_FLAGS=-g -ffunction-sections -fdata-sections -W
TRACE::2025-03-24.18:15:08::SCWMssOS::all -Wextra -fno-tree-loop-distribute-patterns"

TRACE::2025-03-24.18:15:08::SCWMssOS::"Running Make libs in microblaze_0/libsrc/bram_v4_8/src"

TRACE::2025-03-24.18:15:08::SCWMssOS::make -C microblaze_0/libsrc/bram_v4_8/src -s libs  "SHELL=CMD" "COMPILER=mb-gcc" "ASSEMBLER=mb-as" "ARCHIVER=mb-ar" "COMPILER_F
TRACE::2025-03-24.18:15:08::SCWMssOS::LAGS=  -O2 -c -mcpu=v11.0 -mlittle-endian -mxl-soft-mul" "EXTRA_COMPILER_FLAGS=-g -ffunction-sections -fdata-sections -Wall -We
TRACE::2025-03-24.18:15:08::SCWMssOS::xtra -fno-tree-loop-distribute-patterns"

TRACE::2025-03-24.18:15:08::SCWMssOS::"Running Make libs in microblaze_0/libsrc/cpu_v2_16/src"

TRACE::2025-03-24.18:15:08::SCWMssOS::make -C microblaze_0/libsrc/cpu_v2_16/src -s libs  "SHELL=CMD" "COMPILER=mb-gcc" "ASSEMBLER=mb-as" "ARCHIVER=mb-ar" "COMPILER_F
TRACE::2025-03-24.18:15:08::SCWMssOS::LAGS=  -O2 -c -mcpu=v11.0 -mlittle-endian -mxl-soft-mul" "EXTRA_COMPILER_FLAGS=-g -ffunction-sections -fdata-sections -Wall -We
TRACE::2025-03-24.18:15:08::SCWMssOS::xtra -fno-tree-loop-distribute-patterns"

TRACE::2025-03-24.18:15:08::SCWMssOS::"Running Make libs in microblaze_0/libsrc/gpio_v4_9/src"

TRACE::2025-03-24.18:15:08::SCWMssOS::make -C microblaze_0/libsrc/gpio_v4_9/src -s libs  "SHELL=CMD" "COMPILER=mb-gcc" "ASSEMBLER=mb-as" "ARCHIVER=mb-ar" "COMPILER_F
TRACE::2025-03-24.18:15:08::SCWMssOS::LAGS=  -O2 -c -mcpu=v11.0 -mlittle-endian -mxl-soft-mul" "EXTRA_COMPILER_FLAGS=-g -ffunction-sections -fdata-sections -Wall -We
TRACE::2025-03-24.18:15:08::SCWMssOS::xtra -fno-tree-loop-distribute-patterns"

TRACE::2025-03-24.18:15:08::SCWMssOS::"Running Make libs in microblaze_0/libsrc/intc_v3_15/src"

TRACE::2025-03-24.18:15:08::SCWMssOS::make -C microblaze_0/libsrc/intc_v3_15/src -s libs  "SHELL=CMD" "COMPILER=mb-gcc" "ASSEMBLER=mb-as" "ARCHIVER=mb-ar" "COMPILER_
TRACE::2025-03-24.18:15:08::SCWMssOS::FLAGS=  -O2 -c -mcpu=v11.0 -mlittle-endian -mxl-soft-mul" "EXTRA_COMPILER_FLAGS=-g -ffunction-sections -fdata-sections -Wall -W
TRACE::2025-03-24.18:15:08::SCWMssOS::extra -fno-tree-loop-distribute-patterns"

TRACE::2025-03-24.18:15:08::SCWMssOS::"Running Make libs in microblaze_0/libsrc/standalone_v8_0/src"

TRACE::2025-03-24.18:15:08::SCWMssOS::make -C microblaze_0/libsrc/standalone_v8_0/src -s libs  "SHELL=CMD" "COMPILER=mb-gcc" "ASSEMBLER=mb-as" "ARCHIVER=mb-ar" "COMP
TRACE::2025-03-24.18:15:08::SCWMssOS::ILER_FLAGS=  -O2 -c -mcpu=v11.0 -mlittle-endian -mxl-soft-mul" "EXTRA_COMPILER_FLAGS=-g -ffunction-sections -fdata-sections -Wa
TRACE::2025-03-24.18:15:08::SCWMssOS::ll -Wextra -fno-tree-loop-distribute-patterns"

TRACE::2025-03-24.18:15:08::SCWMssOS::"Running Make libs in microblaze_0/libsrc/tmrctr_v4_9/src"

TRACE::2025-03-24.18:15:08::SCWMssOS::make -C microblaze_0/libsrc/tmrctr_v4_9/src -s libs  "SHELL=CMD" "COMPILER=mb-gcc" "ASSEMBLER=mb-as" "ARCHIVER=mb-ar" "COMPILER
TRACE::2025-03-24.18:15:08::SCWMssOS::_FLAGS=  -O2 -c -mcpu=v11.0 -mlittle-endian -mxl-soft-mul" "EXTRA_COMPILER_FLAGS=-g -ffunction-sections -fdata-sections -Wall -
TRACE::2025-03-24.18:15:08::SCWMssOS::Wextra -fno-tree-loop-distribute-patterns"

TRACE::2025-03-24.18:15:09::SCWMssOS::"Running Make libs in microblaze_0/libsrc/uartlite_v3_7/src"

TRACE::2025-03-24.18:15:09::SCWMssOS::make -C microblaze_0/libsrc/uartlite_v3_7/src -s libs  "SHELL=CMD" "COMPILER=mb-gcc" "ASSEMBLER=mb-as" "ARCHIVER=mb-ar" "COMPIL
TRACE::2025-03-24.18:15:09::SCWMssOS::ER_FLAGS=  -O2 -c -mcpu=v11.0 -mlittle-endian -mxl-soft-mul" "EXTRA_COMPILER_FLAGS=-g -ffunction-sections -fdata-sections -Wall
TRACE::2025-03-24.18:15:09::SCWMssOS:: -Wextra -fno-tree-loop-distribute-patterns"

TRACE::2025-03-24.18:15:10::SCWMssOS::"DEBUG NON_LTO_OBJECTS is ../../../lib/microblaze_interrupt_handler.o"

TRACE::2025-03-24.18:15:10::SCWMssOS::'Finished building libraries parallelly.'

TRACE::2025-03-24.18:15:10::SCWMssOS::make --no-print-directory archive

TRACE::2025-03-24.18:15:10::SCWMssOS::mb-ar -r  microblaze_0/lib/libxil.a microblaze_0/lib/_exit.o microblaze_0/lib/errno.o microblaze_0/lib/fcntl.o microblaze_0/lib
TRACE::2025-03-24.18:15:10::SCWMssOS::/hw_exception_handler.o microblaze_0/lib/inbyte.o microblaze_0/lib/microblaze_disable_dcache.o microblaze_0/lib/microblaze_disa
TRACE::2025-03-24.18:15:10::SCWMssOS::ble_exceptions.o microblaze_0/lib/microblaze_disable_icache.o microblaze_0/lib/microblaze_disable_interrupts.o microblaze_0/lib
TRACE::2025-03-24.18:15:10::SCWMssOS::/microblaze_enable_dcache.o microblaze_0/lib/microblaze_enable_exceptions.o microblaze_0/lib/microblaze_enable_icache.o microbl
TRACE::2025-03-24.18:15:10::SCWMssOS::aze_0/lib/microblaze_enable_interrupts.o microblaze_0/lib/microblaze_exception_handler.o microblaze_0/lib/microblaze_flush_cach
TRACE::2025-03-24.18:15:10::SCWMssOS::e_ext.o microblaze_0/lib/microblaze_flush_cache_ext_range.o microblaze_0/lib/microblaze_flush_dcache.o microblaze_0/lib/microbl
TRACE::2025-03-24.18:15:10::SCWMssOS::aze_flush_dcache_range.o microblaze_0/lib/microblaze_init_dcache_range.o microblaze_0/lib/microblaze_init_icache_range.o microb
TRACE::2025-03-24.18:15:10::SCWMssOS::laze_0/lib/microblaze_interrupt_handler.o microblaze_0/lib/microblaze_interrupts_g.o microblaze_0/lib/microblaze_invalidate_cac
TRACE::2025-03-24.18:15:10::SCWMssOS::he_ext.o microblaze_0/lib/microblaze_invalidate_cache_ext_range.o microblaze_0/lib/microblaze_invalidate_dcache.o microblaze_0/
TRACE::2025-03-24.18:15:10::SCWMssOS::lib/microblaze_invalidate_dcache_range.o microblaze_0/lib/microblaze_invalidate_icache.o microblaze_0/lib/microblaze_invalidate
TRACE::2025-03-24.18:15:10::SCWMssOS::_icache_range.o microblaze_0/lib/microblaze_scrub.o microblaze_0/lib/microblaze_selftest.o microblaze_0/lib/microblaze_sleep.o 
TRACE::2025-03-24.18:15:10::SCWMssOS::microblaze_0/lib/microblaze_update_dcache.o microblaze_0/lib/microblaze_update_icache.o microblaze_0/lib/outbyte.o microblaze_0
TRACE::2025-03-24.18:15:10::SCWMssOS::/lib/print.o microblaze_0/lib/pvr.o microblaze_0/lib/xbram.o microblaze_0/lib/xbram_g.o microblaze_0/lib/xbram_intr.o microblaz
TRACE::2025-03-24.18:15:10::SCWMssOS::e_0/lib/xbram_selftest.o microblaze_0/lib/xbram_sinit.o microblaze_0/lib/xgpio.o microblaze_0/lib/xgpio_extra.o microblaze_0/li
TRACE::2025-03-24.18:15:10::SCWMssOS::b/xgpio_g.o microblaze_0/lib/xgpio_intr.o microblaze_0/lib/xgpio_selftest.o microblaze_0/lib/xgpio_sinit.o microblaze_0/lib/xil
TRACE::2025-03-24.18:15:10::SCWMssOS::_assert.o microblaze_0/lib/xil_cache.o microblaze_0/lib/xil_clocking.o microblaze_0/lib/xil_exception.o microblaze_0/lib/xil_me
TRACE::2025-03-24.18:15:10::SCWMssOS::m.o microblaze_0/lib/xil_misc_psreset_api.o microblaze_0/lib/xil_printf.o microblaze_0/lib/xil_sleepcommon.o microblaze_0/lib/x
TRACE::2025-03-24.18:15:10::SCWMssOS::il_testcache.o microblaze_0/lib/xil_testio.o microblaze_0/lib/xil_testmem.o microblaze_0/lib/xil_util.o microblaze_0/lib/xintc.
TRACE::2025-03-24.18:15:10::SCWMssOS::o microblaze_0/lib/xintc_g.o microblaze_0/lib/xintc_intr.o microblaze_0/lib/xintc_l.o microblaze_0/lib/xintc_options.o microbla
TRACE::2025-03-24.18:15:10::SCWMssOS::ze_0/lib/xintc_selftest.o microblaze_0/lib/xinterrupt_wrap.o microblaze_0/lib/xio.o microblaze_0/lib/xplatform_info.o microblaz
TRACE::2025-03-24.18:15:10::SCWMssOS::e_0/lib/xtmrctr.o microblaze_0/lib/xtmrctr_g.o microblaze_0/lib/xtmrctr_intr.o microblaze_0/lib/xtmrctr_l.o microblaze_0/lib/xt
TRACE::2025-03-24.18:15:10::SCWMssOS::mrctr_options.o microblaze_0/lib/xtmrctr_selftest.o microblaze_0/lib/xtmrctr_sinit.o microblaze_0/lib/xtmrctr_stats.o microblaz
TRACE::2025-03-24.18:15:10::SCWMssOS::e_0/lib/xuartlite.o microblaze_0/lib/xuartlite_g.o microblaze_0/lib/xuartlite_intr.o microblaze_0/lib/xuartlite_l.o microblaze_
TRACE::2025-03-24.18:15:10::SCWMssOS::0/lib/xuartlite_selftest.o microblaze_0/lib/xuartlite_sinit.o microblaze_0/lib/xuartlite_stats.o

TRACE::2025-03-24.18:15:10::SCWMssOS::'Finished building libraries'

TRACE::2025-03-24.18:15:10::SCWMssOS:: Checking if to create the Supporting Applications
TRACE::2025-03-24.18:15:10::SCWMssOS:: No Linux domain exists, trying to generate FSBL 
LOG::2025-03-24.18:15:10::SCWSystem::Completed Processing the domain standalone_domain
LOG::2025-03-24.18:15:10::SCWSystem::Completed Processing the sysconfig syncBlaze
LOG::2025-03-24.18:15:10::SCWPlatform::Completed generating the artifacts for system configuration syncBlaze
TRACE::2025-03-24.18:15:10::SCWPlatform::Started preparing the platform 
TRACE::2025-03-24.18:15:10::SCWSystem::Writing the bif file for system config syncBlaze
TRACE::2025-03-24.18:15:10::SCWSystem::dir created 
TRACE::2025-03-24.18:15:10::SCWSystem::Writing the bif 
TRACE::2025-03-24.18:15:10::SCWPlatform::Started writing the spfm file 
TRACE::2025-03-24.18:15:10::SCWPlatform::Started writing the xpfm file 
TRACE::2025-03-24.18:15:10::SCWPlatform::Completed generating the platform
TRACE::2025-03-24.18:15:10::SCWMssOS::Saving the mss changes E:/kevin/myCode/microBlaze1/vitisJson/syncBlaze/microblaze_0/standalone_domain/bsp/system.mss
TRACE::2025-03-24.18:15:10::SCWMssOS::Adding the swdes entry, mss present, able to open swdb E:/kevin/myCode/microBlaze1/vitisJson/syncBlaze/microblaze_0/standalone_domain/bsp/system.mss with des name system
TRACE::2025-03-24.18:15:10::SCWMssOS::Writing the mss file completed E:/kevin/myCode/microBlaze1/vitisJson/syncBlaze/microblaze_0/standalone_domain/bsp/system.mss
TRACE::2025-03-24.18:15:10::SCWMssOS::Commit changes completed.
TRACE::2025-03-24.18:15:10::SCWPlatform::Trying to open the hw design at E:/kevin/myCode/microBlaze1/vitisJson/syncBlaze/hw/design_1_wrapper.xsa
TRACE::2025-03-24.18:15:10::SCWPlatform::DSA given E:/kevin/myCode/microBlaze1/vitisJson/syncBlaze/hw/design_1_wrapper.xsa
TRACE::2025-03-24.18:15:10::SCWPlatform::DSA absoulate path E:/kevin/myCode/microBlaze1/vitisJson/syncBlaze/hw/design_1_wrapper.xsa
TRACE::2025-03-24.18:15:10::SCWPlatform::DSA directory E:/kevin/myCode/microBlaze1/vitisJson/syncBlaze/hw
TRACE::2025-03-24.18:15:10::SCWPlatform:: Platform Path E:/kevin/myCode/microBlaze1/vitisJson/syncBlaze/hw/design_1_wrapper.xsa
TRACE::2025-03-24.18:15:10::SCWPlatform:: Unique name xilinx:::0.0
TRACE::2025-03-24.18:15:10::SCWPlatform::Trying to set the existing hwdb with name design_1_wrapper_19
TRACE::2025-03-24.18:15:10::SCWPlatform::Opened existing hwdb design_1_wrapper_19
TRACE::2025-03-24.18:15:10::SCWPlatform::Found the Hw Db part of the input DSA
TRACE::2025-03-24.18:15:10::SCWMssOS::Checking the sw design at  E:/kevin/myCode/microBlaze1/vitisJson/syncBlaze/microblaze_0/standalone_domain/bsp/system.mss
TRACE::2025-03-24.18:15:10::SCWMssOS::DEBUG:  swdes dump  E:/kevin/myCode/microBlaze1/vitisJson/syncBlaze/microblaze_0/standalone_domain/bsp/system.mss|system||

TRACE::2025-03-24.18:15:10::SCWMssOS::Sw design exists and opened at  E:/kevin/myCode/microBlaze1/vitisJson/syncBlaze/microblaze_0/standalone_domain/bsp/system.mss
TRACE::2025-03-24.18:15:10::SCWWriter::formatted JSON is {
	"platformName":	"syncBlaze",
	"sprVersion":	"2.0",
	"mode":	"gui",
	"dsaType":	"Fixed",
	"platformDesc":	"syncBlaze",
	"platHandOff":	"E:/kevin/myCode/microBlaze1/design_1_wrapper.xsa",
	"platIntHandOff":	"<platformDir>/hw/design_1_wrapper.xsa",
	"deviceType":	"FPGA",
	"platIsPrebuiltAutogen":	"false",
	"platIsNoBootBsp":	"false",
	"hasFsblMakeHasChanges":	"false",
	"hasPmufwMakeHasChanges":	"false",
	"platPreBuiltFlag":	false,
	"platformSamplesDir":	"",
	"platActiveSys":	"syncBlaze",
	"systems":	[{
			"systemName":	"syncBlaze",
			"systemDesc":	"syncBlaze",
			"sysIsBootAutoGen":	"true",
			"systemDispName":	"syncBlaze",
			"sysActiveDom":	"standalone_domain",
			"sysDefaultDom":	"standalone_domain",
			"domains":	[{
					"domainName":	"standalone_domain",
					"domainDispName":	"standalone on microblaze_0",
					"domainDesc":	"standalone_domain",
					"processors":	"microblaze_0",
					"os":	"standalone",
					"sdxOs":	"standalone",
					"debugEnable":	"False",
					"domRuntimes":	["cpp"],
					"swRepo":	"",
					"mssOsVer":	"8.0",
					"mssFile":	"",
					"md5Digest":	"e2cdda41e7956801f4f51a65042beca0",
					"compatibleApp":	"",
					"domType":	"mssDomain",
					"arch":	"32-bit",
					"appSettings":	{
						"appCompilerFlags":	"",
						"appLinkerFlags":	""
					},
					"addedLibs":	[],
					"libOptions":	{
						"libsContainingOptions":	[]
					},
					"prebuiltLibs":	{
						"prebuiltIncPath":	[],
						"prebuiltLibPath":	[]
					},
					"isolation":	{
					}
				}]
		}]
}
KEYINFO::2025-03-24.18:15:10::SCWPlatform::updated the xpfm file.
TRACE::2025-03-24.18:15:11::SCWPlatform::Trying to open the hw design at E:/kevin/myCode/microBlaze1/vitisJson/syncBlaze/hw/design_1_wrapper.xsa
TRACE::2025-03-24.18:15:11::SCWPlatform::DSA given E:/kevin/myCode/microBlaze1/vitisJson/syncBlaze/hw/design_1_wrapper.xsa
TRACE::2025-03-24.18:15:11::SCWPlatform::DSA absoulate path E:/kevin/myCode/microBlaze1/vitisJson/syncBlaze/hw/design_1_wrapper.xsa
TRACE::2025-03-24.18:15:11::SCWPlatform::DSA directory E:/kevin/myCode/microBlaze1/vitisJson/syncBlaze/hw
TRACE::2025-03-24.18:15:11::SCWPlatform:: Platform Path E:/kevin/myCode/microBlaze1/vitisJson/syncBlaze/hw/design_1_wrapper.xsa
TRACE::2025-03-24.18:15:11::SCWPlatform:: Unique name xilinx:::0.0
TRACE::2025-03-24.18:15:11::SCWPlatform::Trying to set the existing hwdb with name design_1_wrapper_19
TRACE::2025-03-24.18:15:11::SCWPlatform::Opened existing hwdb design_1_wrapper_19
TRACE::2025-03-24.18:15:11::SCWPlatform::Found the Hw Db part of the input DSA
TRACE::2025-03-24.18:15:11::SCWMssOS::Checking the sw design at  E:/kevin/myCode/microBlaze1/vitisJson/syncBlaze/microblaze_0/standalone_domain/bsp/system.mss
TRACE::2025-03-24.18:15:11::SCWMssOS::DEBUG:  swdes dump  E:/kevin/myCode/microBlaze1/vitisJson/syncBlaze/microblaze_0/standalone_domain/bsp/system.mss|system||

TRACE::2025-03-24.18:15:11::SCWMssOS::Sw design exists and opened at  E:/kevin/myCode/microBlaze1/vitisJson/syncBlaze/microblaze_0/standalone_domain/bsp/system.mss
TRACE::2025-03-24.19:13:44::SCWPlatform::Clearing the existing platform
TRACE::2025-03-24.19:13:44::SCWSystem::Clearing the existing sysconfig
TRACE::2025-03-24.19:13:44::SCWMssOS::Removing the swdes entry for  E:/kevin/myCode/microBlaze1/vitisJson/syncBlaze/microblaze_0/standalone_domain/bsp/system.mss
TRACE::2025-03-24.19:13:44::SCWSystem::Clearing the domains completed.
TRACE::2025-03-24.19:13:44::SCWPlatform::Clearing the opened hw db.
TRACE::2025-03-24.19:13:44::SCWPlatform::DSA given E:/kevin/myCode/microBlaze1/vitisJson/syncBlaze/hw/design_1_wrapper.xsa
TRACE::2025-03-24.19:13:44::SCWPlatform::DSA absoulate path E:/kevin/myCode/microBlaze1/vitisJson/syncBlaze/hw/design_1_wrapper.xsa
TRACE::2025-03-24.19:13:44::SCWPlatform:: Platform location is E:/kevin/myCode/microBlaze1/vitisJson/syncBlaze/hw
TRACE::2025-03-24.19:13:44::SCWPlatform:: Platform Path E:/kevin/myCode/microBlaze1/vitisJson/syncBlaze/hw/design_1_wrapper.xsa
TRACE::2025-03-24.19:13:44::SCWPlatform:: Unique name xilinx:::0.0
TRACE::2025-03-24.19:13:44::SCWPlatform::Removing the HwDB with name E:/kevin/myCode/microBlaze1/vitisJson/syncBlaze/hw/design_1_wrapper.xsa
TRACE::2025-03-24.19:13:44::SCWPlatform::Trying to open the hw design at E:/kevin/myCode/microBlaze1/vitisJson/syncBlaze/hw/design_1_wrapper.xsa
TRACE::2025-03-24.19:13:44::SCWPlatform::DSA given E:/kevin/myCode/microBlaze1/vitisJson/syncBlaze/hw/design_1_wrapper.xsa
TRACE::2025-03-24.19:13:44::SCWPlatform::DSA absoulate path E:/kevin/myCode/microBlaze1/vitisJson/syncBlaze/hw/design_1_wrapper.xsa
TRACE::2025-03-24.19:13:44::SCWPlatform::DSA directory E:/kevin/myCode/microBlaze1/vitisJson/syncBlaze/hw
TRACE::2025-03-24.19:13:44::SCWPlatform:: Platform Path E:/kevin/myCode/microBlaze1/vitisJson/syncBlaze/hw/design_1_wrapper.xsa
TRACE::2025-03-24.19:13:44::SCWPlatform:: Unique name xilinx:::0.0
TRACE::2025-03-24.19:13:44::SCWPlatform::Do not have an existing db opened. 
TRACE::2025-03-24.19:13:44::SCWPlatform::Opened new HwDB with name design_1_wrapper_21
TRACE::2025-03-24.19:13:44::SCWReader::Active system found as  syncBlaze
TRACE::2025-03-24.19:13:44::SCWReader::Handling sysconfig syncBlaze
TRACE::2025-03-24.19:13:44::SCWDomain::checking for install qemu data   : 
TRACE::2025-03-24.19:13:44::SCWPlatform::Trying to open the hw design at E:/kevin/myCode/microBlaze1/vitisJson/syncBlaze/hw/design_1_wrapper.xsa
TRACE::2025-03-24.19:13:44::SCWPlatform::DSA given E:/kevin/myCode/microBlaze1/vitisJson/syncBlaze/hw/design_1_wrapper.xsa
TRACE::2025-03-24.19:13:44::SCWPlatform::DSA absoulate path E:/kevin/myCode/microBlaze1/vitisJson/syncBlaze/hw/design_1_wrapper.xsa
TRACE::2025-03-24.19:13:44::SCWPlatform::DSA directory E:/kevin/myCode/microBlaze1/vitisJson/syncBlaze/hw
TRACE::2025-03-24.19:13:44::SCWPlatform:: Platform Path E:/kevin/myCode/microBlaze1/vitisJson/syncBlaze/hw/design_1_wrapper.xsa
TRACE::2025-03-24.19:13:44::SCWPlatform:: Unique name xilinx:::0.0
TRACE::2025-03-24.19:13:44::SCWPlatform::Trying to set the existing hwdb with name design_1_wrapper_21
TRACE::2025-03-24.19:13:44::SCWPlatform::Opened existing hwdb design_1_wrapper_21
TRACE::2025-03-24.19:13:44::SCWPlatform::Found the Hw Db part of the input DSA
TRACE::2025-03-24.19:13:44::SCWPlatform::Trying to open the hw design at E:/kevin/myCode/microBlaze1/vitisJson/syncBlaze/hw/design_1_wrapper.xsa
TRACE::2025-03-24.19:13:44::SCWPlatform::DSA given E:/kevin/myCode/microBlaze1/vitisJson/syncBlaze/hw/design_1_wrapper.xsa
TRACE::2025-03-24.19:13:44::SCWPlatform::DSA absoulate path E:/kevin/myCode/microBlaze1/vitisJson/syncBlaze/hw/design_1_wrapper.xsa
TRACE::2025-03-24.19:13:44::SCWPlatform::DSA directory E:/kevin/myCode/microBlaze1/vitisJson/syncBlaze/hw
TRACE::2025-03-24.19:13:44::SCWPlatform:: Platform Path E:/kevin/myCode/microBlaze1/vitisJson/syncBlaze/hw/design_1_wrapper.xsa
TRACE::2025-03-24.19:13:44::SCWPlatform:: Unique name xilinx:::0.0
TRACE::2025-03-24.19:13:44::SCWPlatform::Trying to set the existing hwdb with name design_1_wrapper_21
TRACE::2025-03-24.19:13:44::SCWPlatform::Opened existing hwdb design_1_wrapper_21
TRACE::2025-03-24.19:13:44::SCWPlatform::Found the Hw Db part of the input DSA
TRACE::2025-03-24.19:13:44::SCWPlatform::Trying to open the hw design at E:/kevin/myCode/microBlaze1/vitisJson/syncBlaze/hw/design_1_wrapper.xsa
TRACE::2025-03-24.19:13:44::SCWPlatform::DSA given E:/kevin/myCode/microBlaze1/vitisJson/syncBlaze/hw/design_1_wrapper.xsa
TRACE::2025-03-24.19:13:44::SCWPlatform::DSA absoulate path E:/kevin/myCode/microBlaze1/vitisJson/syncBlaze/hw/design_1_wrapper.xsa
TRACE::2025-03-24.19:13:44::SCWPlatform::DSA directory E:/kevin/myCode/microBlaze1/vitisJson/syncBlaze/hw
TRACE::2025-03-24.19:13:44::SCWPlatform:: Platform Path E:/kevin/myCode/microBlaze1/vitisJson/syncBlaze/hw/design_1_wrapper.xsa
TRACE::2025-03-24.19:13:44::SCWPlatform:: Unique name xilinx:::0.0
TRACE::2025-03-24.19:13:44::SCWPlatform::Trying to set the existing hwdb with name design_1_wrapper_21
TRACE::2025-03-24.19:13:44::SCWPlatform::Opened existing hwdb design_1_wrapper_21
TRACE::2025-03-24.19:13:44::SCWPlatform::Found the Hw Db part of the input DSA
TRACE::2025-03-24.19:13:44::SCWPlatform::Trying to open the hw design at E:/kevin/myCode/microBlaze1/vitisJson/syncBlaze/hw/design_1_wrapper.xsa
TRACE::2025-03-24.19:13:44::SCWPlatform::DSA given E:/kevin/myCode/microBlaze1/vitisJson/syncBlaze/hw/design_1_wrapper.xsa
TRACE::2025-03-24.19:13:44::SCWPlatform::DSA absoulate path E:/kevin/myCode/microBlaze1/vitisJson/syncBlaze/hw/design_1_wrapper.xsa
TRACE::2025-03-24.19:13:44::SCWPlatform::DSA directory E:/kevin/myCode/microBlaze1/vitisJson/syncBlaze/hw
TRACE::2025-03-24.19:13:44::SCWPlatform:: Platform Path E:/kevin/myCode/microBlaze1/vitisJson/syncBlaze/hw/design_1_wrapper.xsa
TRACE::2025-03-24.19:13:44::SCWPlatform:: Unique name xilinx:::0.0
TRACE::2025-03-24.19:13:44::SCWPlatform::Trying to set the existing hwdb with name design_1_wrapper_21
TRACE::2025-03-24.19:13:44::SCWPlatform::Opened existing hwdb design_1_wrapper_21
TRACE::2025-03-24.19:13:44::SCWPlatform::Found the Hw Db part of the input DSA
TRACE::2025-03-24.19:13:44::SCWMssOS::Checking the sw design at  E:/kevin/myCode/microBlaze1/vitisJson/syncBlaze/microblaze_0/standalone_domain/bsp/system.mss
TRACE::2025-03-24.19:13:44::SCWMssOS::DEBUG:  swdes dump  
TRACE::2025-03-24.19:13:44::SCWMssOS::No sw design opened at  E:/kevin/myCode/microBlaze1/vitisJson/syncBlaze/microblaze_0/standalone_domain/bsp/system.mss
TRACE::2025-03-24.19:13:44::SCWMssOS::mss exists loading the mss file  E:/kevin/myCode/microBlaze1/vitisJson/syncBlaze/microblaze_0/standalone_domain/bsp/system.mss
TRACE::2025-03-24.19:13:44::SCWMssOS::Opened the sw design from mss  E:/kevin/myCode/microBlaze1/vitisJson/syncBlaze/microblaze_0/standalone_domain/bsp/system.mss
TRACE::2025-03-24.19:13:44::SCWMssOS::Adding the swdes entry E:/kevin/myCode/microBlaze1/vitisJson/syncBlaze/microblaze_0/standalone_domain/bsp/system.mss with des name system
TRACE::2025-03-24.19:13:44::SCWMssOS::updating the scw layer about changes
TRACE::2025-03-24.19:13:44::SCWMssOS::Opened the sw design.  E:/kevin/myCode/microBlaze1/vitisJson/syncBlaze/microblaze_0/standalone_domain/bsp/system.mss
TRACE::2025-03-24.19:13:44::SCWMssOS::Saving the mss changes E:/kevin/myCode/microBlaze1/vitisJson/syncBlaze/microblaze_0/standalone_domain/bsp/system.mss
TRACE::2025-03-24.19:13:44::SCWMssOS::Found a swdesign opened with the mssfile.
TRACE::2025-03-24.19:13:44::SCWMssOS::Completed writemss as part of save.
TRACE::2025-03-24.19:13:44::SCWMssOS::Commit changes completed.
TRACE::2025-03-24.19:13:44::SCWReader::Adding prebuilt librarypaths as   
TRACE::2025-03-24.19:13:44::SCWReader::Adding prebuilt incpaths  as   
TRACE::2025-03-24.19:13:44::SCWPlatform::Trying to open the hw design at E:/kevin/myCode/microBlaze1/vitisJson/syncBlaze/hw/design_1_wrapper.xsa
TRACE::2025-03-24.19:13:44::SCWPlatform::DSA given E:/kevin/myCode/microBlaze1/vitisJson/syncBlaze/hw/design_1_wrapper.xsa
TRACE::2025-03-24.19:13:44::SCWPlatform::DSA absoulate path E:/kevin/myCode/microBlaze1/vitisJson/syncBlaze/hw/design_1_wrapper.xsa
TRACE::2025-03-24.19:13:44::SCWPlatform::DSA directory E:/kevin/myCode/microBlaze1/vitisJson/syncBlaze/hw
TRACE::2025-03-24.19:13:44::SCWPlatform:: Platform Path E:/kevin/myCode/microBlaze1/vitisJson/syncBlaze/hw/design_1_wrapper.xsa
TRACE::2025-03-24.19:13:44::SCWPlatform:: Unique name xilinx:::0.0
TRACE::2025-03-24.19:13:44::SCWPlatform::Trying to set the existing hwdb with name design_1_wrapper_21
TRACE::2025-03-24.19:13:44::SCWPlatform::Opened existing hwdb design_1_wrapper_21
TRACE::2025-03-24.19:13:44::SCWPlatform::Found the Hw Db part of the input DSA
TRACE::2025-03-24.19:13:44::SCWMssOS::Checking the sw design at  E:/kevin/myCode/microBlaze1/vitisJson/syncBlaze/microblaze_0/standalone_domain/bsp/system.mss
TRACE::2025-03-24.19:13:44::SCWMssOS::DEBUG:  swdes dump  E:/kevin/myCode/microBlaze1/vitisJson/syncBlaze/microblaze_0/standalone_domain/bsp/system.mss|system||

TRACE::2025-03-24.19:13:44::SCWMssOS::Sw design exists and opened at  E:/kevin/myCode/microBlaze1/vitisJson/syncBlaze/microblaze_0/standalone_domain/bsp/system.mss
TRACE::2025-03-24.19:13:44::SCWReader::No isolation master present  
TRACE::2025-03-24.19:13:47::SCWPlatform::DSA given E:/kevin/myCode/microBlaze1/vitisJson/syncBlaze/tempdsa/design_1_wrapper.xsa
TRACE::2025-03-24.19:13:47::SCWPlatform::DSA absoulate path E:/kevin/myCode/microBlaze1/vitisJson/syncBlaze/tempdsa/design_1_wrapper.xsa
TRACE::2025-03-24.19:13:47::SCWPlatform:: Platform location is E:/kevin/myCode/microBlaze1/vitisJson/syncBlaze/tempdsa
TRACE::2025-03-24.19:13:47::SCWPlatform:: Platform Path E:/kevin/myCode/microBlaze1/vitisJson/syncBlaze/tempdsa/design_1_wrapper.xsa
TRACE::2025-03-24.19:13:47::SCWPlatform:: Unique name xilinx:::0.0
TRACE::2025-03-24.19:13:47::SCWPlatform::Found the Hw Db part of the input DSA
TRACE::2025-03-24.19:13:47::SCWMssOS::Doing hw sync for the mss in domain: standalone_domain
TRACE::2025-03-24.19:13:47::SCWPlatform::Trying to open the hw design at E:/kevin/myCode/microBlaze1/vitisJson/syncBlaze/hw/design_1_wrapper.xsa
TRACE::2025-03-24.19:13:47::SCWPlatform::DSA given E:/kevin/myCode/microBlaze1/vitisJson/syncBlaze/hw/design_1_wrapper.xsa
TRACE::2025-03-24.19:13:47::SCWPlatform::DSA absoulate path E:/kevin/myCode/microBlaze1/vitisJson/syncBlaze/hw/design_1_wrapper.xsa
TRACE::2025-03-24.19:13:47::SCWPlatform::DSA directory E:/kevin/myCode/microBlaze1/vitisJson/syncBlaze/hw
TRACE::2025-03-24.19:13:47::SCWPlatform:: Platform Path E:/kevin/myCode/microBlaze1/vitisJson/syncBlaze/hw/design_1_wrapper.xsa
TRACE::2025-03-24.19:13:47::SCWPlatform:: Unique name xilinx:::0.0
TRACE::2025-03-24.19:13:47::SCWPlatform::Trying to set the existing hwdb with name design_1_wrapper_21
TRACE::2025-03-24.19:13:47::SCWPlatform::Opened existing hwdb design_1_wrapper_21
TRACE::2025-03-24.19:13:47::SCWPlatform::Found the Hw Db part of the input DSA
TRACE::2025-03-24.19:13:47::SCWPlatform::Trying to open the hw design at E:/kevin/myCode/microBlaze1/vitisJson/syncBlaze/hw/design_1_wrapper.xsa
TRACE::2025-03-24.19:13:47::SCWPlatform::DSA given E:/kevin/myCode/microBlaze1/vitisJson/syncBlaze/hw/design_1_wrapper.xsa
TRACE::2025-03-24.19:13:47::SCWPlatform::DSA absoulate path E:/kevin/myCode/microBlaze1/vitisJson/syncBlaze/hw/design_1_wrapper.xsa
TRACE::2025-03-24.19:13:47::SCWPlatform::DSA directory E:/kevin/myCode/microBlaze1/vitisJson/syncBlaze/hw
TRACE::2025-03-24.19:13:47::SCWPlatform:: Platform Path E:/kevin/myCode/microBlaze1/vitisJson/syncBlaze/hw/design_1_wrapper.xsa
TRACE::2025-03-24.19:13:47::SCWPlatform:: Unique name xilinx:::0.0
TRACE::2025-03-24.19:13:47::SCWPlatform::Trying to set the existing hwdb with name design_1_wrapper_21
TRACE::2025-03-24.19:13:47::SCWPlatform::Opened existing hwdb design_1_wrapper_21
TRACE::2025-03-24.19:13:47::SCWPlatform::Found the Hw Db part of the input DSA
TRACE::2025-03-24.19:13:47::SCWMssOS::Checking the sw design at  E:/kevin/myCode/microBlaze1/vitisJson/syncBlaze/microblaze_0/standalone_domain/bsp/system.mss
TRACE::2025-03-24.19:13:47::SCWMssOS::DEBUG:  swdes dump  E:/kevin/myCode/microBlaze1/vitisJson/syncBlaze/microblaze_0/standalone_domain/bsp/system.mss|system||

TRACE::2025-03-24.19:13:47::SCWMssOS::Sw design exists and opened at  E:/kevin/myCode/microBlaze1/vitisJson/syncBlaze/microblaze_0/standalone_domain/bsp/system.mss
TRACE::2025-03-24.19:13:47::SCWPlatform::Trying to open the hw design at E:/kevin/myCode/microBlaze1/vitisJson/syncBlaze/tempdsa/design_1_wrapper.xsa
TRACE::2025-03-24.19:13:47::SCWPlatform::DSA given E:/kevin/myCode/microBlaze1/vitisJson/syncBlaze/tempdsa/design_1_wrapper.xsa
TRACE::2025-03-24.19:13:47::SCWPlatform::DSA absoulate path E:/kevin/myCode/microBlaze1/vitisJson/syncBlaze/tempdsa/design_1_wrapper.xsa
TRACE::2025-03-24.19:13:47::SCWPlatform::DSA directory E:/kevin/myCode/microBlaze1/vitisJson/syncBlaze/tempdsa
TRACE::2025-03-24.19:13:47::SCWPlatform:: Platform Path E:/kevin/myCode/microBlaze1/vitisJson/syncBlaze/tempdsa/design_1_wrapper.xsa
TRACE::2025-03-24.19:13:47::SCWPlatform:: Unique name xilinx:::0.0
TRACE::2025-03-24.19:13:47::SCWPlatform::update - Opened existing hwdb design_1_wrapper_22
TRACE::2025-03-24.19:13:47::SCWPlatform::Found the Hw Db part of the input DSA
TRACE::2025-03-24.19:13:47::SCWMssOS::Saving the mss changes E:/kevin/myCode/microBlaze1/vitisJson/syncBlaze/microblaze_0/standalone_domain/bsp/system.mss
TRACE::2025-03-24.19:13:47::SCWMssOS::Found a swdesign opened with the mssfile.
TRACE::2025-03-24.19:13:47::SCWMssOS::Completed writemss as part of save.
TRACE::2025-03-24.19:13:47::SCWMssOS::Commit changes completed.
TRACE::2025-03-24.19:13:47::SCWMssOS::Completed hw sync for the mss in domain: standalone_domain
TRACE::2025-03-24.19:13:47::SCWMssOS::Removing the swdes entry for  E:/kevin/myCode/microBlaze1/vitisJson/syncBlaze/microblaze_0/standalone_domain/bsp/system.mss
TRACE::2025-03-24.19:13:47::SCWPlatform::Trying to open the hw design at E:/kevin/myCode/microBlaze1/vitisJson/syncBlaze/hw/design_1_wrapper.xsa
TRACE::2025-03-24.19:13:47::SCWPlatform::DSA given E:/kevin/myCode/microBlaze1/vitisJson/syncBlaze/hw/design_1_wrapper.xsa
TRACE::2025-03-24.19:13:47::SCWPlatform::DSA absoulate path E:/kevin/myCode/microBlaze1/vitisJson/syncBlaze/hw/design_1_wrapper.xsa
TRACE::2025-03-24.19:13:47::SCWPlatform::DSA directory E:/kevin/myCode/microBlaze1/vitisJson/syncBlaze/hw
TRACE::2025-03-24.19:13:47::SCWPlatform:: Platform Path E:/kevin/myCode/microBlaze1/vitisJson/syncBlaze/hw/design_1_wrapper.xsa
TRACE::2025-03-24.19:13:47::SCWPlatform:: Unique name xilinx:::0.0
TRACE::2025-03-24.19:13:47::SCWPlatform::Do not have an existing db opened. 
TRACE::2025-03-24.19:13:48::SCWPlatform::Opened new HwDB with name design_1_wrapper_23
TRACE::2025-03-24.19:13:48::SCWMssOS::Saving the mss changes E:/kevin/myCode/microBlaze1/vitisJson/syncBlaze/microblaze_0/standalone_domain/bsp/system.mss
TRACE::2025-03-24.19:13:48::SCWMssOS::Adding the swdes entry, mss present, able to open swdb E:/kevin/myCode/microBlaze1/vitisJson/syncBlaze/microblaze_0/standalone_domain/bsp/system.mss with des name system
TRACE::2025-03-24.19:13:48::SCWMssOS::Writing the mss file completed E:/kevin/myCode/microBlaze1/vitisJson/syncBlaze/microblaze_0/standalone_domain/bsp/system.mss
TRACE::2025-03-24.19:13:48::SCWMssOS::Commit changes completed.
TRACE::2025-03-24.19:13:48::SCWPlatform::Trying to open the hw design at E:/kevin/myCode/microBlaze1/vitisJson/syncBlaze/hw/design_1_wrapper.xsa
TRACE::2025-03-24.19:13:48::SCWPlatform::DSA given E:/kevin/myCode/microBlaze1/vitisJson/syncBlaze/hw/design_1_wrapper.xsa
TRACE::2025-03-24.19:13:48::SCWPlatform::DSA absoulate path E:/kevin/myCode/microBlaze1/vitisJson/syncBlaze/hw/design_1_wrapper.xsa
TRACE::2025-03-24.19:13:48::SCWPlatform::DSA directory E:/kevin/myCode/microBlaze1/vitisJson/syncBlaze/hw
TRACE::2025-03-24.19:13:48::SCWPlatform:: Platform Path E:/kevin/myCode/microBlaze1/vitisJson/syncBlaze/hw/design_1_wrapper.xsa
TRACE::2025-03-24.19:13:48::SCWPlatform:: Unique name xilinx:::0.0
TRACE::2025-03-24.19:13:48::SCWPlatform::Trying to set the existing hwdb with name design_1_wrapper_23
TRACE::2025-03-24.19:13:48::SCWPlatform::Opened existing hwdb design_1_wrapper_23
TRACE::2025-03-24.19:13:48::SCWPlatform::Found the Hw Db part of the input DSA
TRACE::2025-03-24.19:13:48::SCWMssOS::Checking the sw design at  E:/kevin/myCode/microBlaze1/vitisJson/syncBlaze/microblaze_0/standalone_domain/bsp/system.mss
TRACE::2025-03-24.19:13:48::SCWMssOS::DEBUG:  swdes dump  E:/kevin/myCode/microBlaze1/vitisJson/syncBlaze/microblaze_0/standalone_domain/bsp/system.mss|system||

TRACE::2025-03-24.19:13:48::SCWMssOS::Sw design exists and opened at  E:/kevin/myCode/microBlaze1/vitisJson/syncBlaze/microblaze_0/standalone_domain/bsp/system.mss
TRACE::2025-03-24.19:13:48::SCWWriter::formatted JSON is {
	"platformName":	"syncBlaze",
	"sprVersion":	"2.0",
	"mode":	"gui",
	"dsaType":	"Fixed",
	"platformDesc":	"syncBlaze",
	"platHandOff":	"E:/kevin/myCode/microBlaze1/design_1_wrapper.xsa",
	"platIntHandOff":	"<platformDir>/hw/design_1_wrapper.xsa",
	"deviceType":	"FPGA",
	"platIsPrebuiltAutogen":	"false",
	"platIsNoBootBsp":	"false",
	"hasFsblMakeHasChanges":	"false",
	"hasPmufwMakeHasChanges":	"false",
	"platPreBuiltFlag":	false,
	"platformSamplesDir":	"",
	"platActiveSys":	"syncBlaze",
	"systems":	[{
			"systemName":	"syncBlaze",
			"systemDesc":	"syncBlaze",
			"sysIsBootAutoGen":	"true",
			"systemDispName":	"syncBlaze",
			"sysActiveDom":	"standalone_domain",
			"sysDefaultDom":	"standalone_domain",
			"domains":	[{
					"domainName":	"standalone_domain",
					"domainDispName":	"standalone on microblaze_0",
					"domainDesc":	"standalone_domain",
					"processors":	"microblaze_0",
					"os":	"standalone",
					"sdxOs":	"standalone",
					"debugEnable":	"False",
					"domRuntimes":	["cpp"],
					"swRepo":	"",
					"mssOsVer":	"8.0",
					"mssFile":	"",
					"md5Digest":	"e2cdda41e7956801f4f51a65042beca01",
					"compatibleApp":	"",
					"domType":	"mssDomain",
					"arch":	"32-bit",
					"appSettings":	{
						"appCompilerFlags":	"",
						"appLinkerFlags":	""
					},
					"addedLibs":	[],
					"libOptions":	{
						"libsContainingOptions":	[]
					},
					"prebuiltLibs":	{
						"prebuiltIncPath":	[],
						"prebuiltLibPath":	[]
					},
					"isolation":	{
					}
				}]
		}]
}
LOG::2025-03-24.19:13:55::SCWPlatform::Started generating the artifacts platform syncBlaze
TRACE::2025-03-24.19:13:55::SCWPlatform::Sanity checking of platform is completed
LOG::2025-03-24.19:13:55::SCWPlatform::Started generating the artifacts for system configuration syncBlaze
LOG::2025-03-24.19:13:55::SCWSystem::Checking the domain standalone_domain
LOG::2025-03-24.19:13:55::SCWSystem::Not a boot domain 
LOG::2025-03-24.19:13:55::SCWSystem::Started Processing the domain standalone_domain
TRACE::2025-03-24.19:13:55::SCWDomain::Generating domain artifcats
TRACE::2025-03-24.19:13:55::SCWMssOS::Generating standalone artifcats
TRACE::2025-03-24.19:13:55::SCWMssOS:: Copying the user libraries. 
TRACE::2025-03-24.19:13:55::SCWPlatform::Trying to open the hw design at E:/kevin/myCode/microBlaze1/vitisJson/syncBlaze/hw/design_1_wrapper.xsa
TRACE::2025-03-24.19:13:55::SCWPlatform::DSA given E:/kevin/myCode/microBlaze1/vitisJson/syncBlaze/hw/design_1_wrapper.xsa
TRACE::2025-03-24.19:13:55::SCWPlatform::DSA absoulate path E:/kevin/myCode/microBlaze1/vitisJson/syncBlaze/hw/design_1_wrapper.xsa
TRACE::2025-03-24.19:13:55::SCWPlatform::DSA directory E:/kevin/myCode/microBlaze1/vitisJson/syncBlaze/hw
TRACE::2025-03-24.19:13:55::SCWPlatform:: Platform Path E:/kevin/myCode/microBlaze1/vitisJson/syncBlaze/hw/design_1_wrapper.xsa
TRACE::2025-03-24.19:13:55::SCWPlatform:: Unique name xilinx:::0.0
TRACE::2025-03-24.19:13:55::SCWPlatform::Trying to set the existing hwdb with name design_1_wrapper_23
TRACE::2025-03-24.19:13:55::SCWPlatform::Opened existing hwdb design_1_wrapper_23
TRACE::2025-03-24.19:13:55::SCWPlatform::Found the Hw Db part of the input DSA
TRACE::2025-03-24.19:13:55::SCWMssOS::Checking the sw design at  E:/kevin/myCode/microBlaze1/vitisJson/syncBlaze/microblaze_0/standalone_domain/bsp/system.mss
TRACE::2025-03-24.19:13:55::SCWMssOS::DEBUG:  swdes dump  E:/kevin/myCode/microBlaze1/vitisJson/syncBlaze/microblaze_0/standalone_domain/bsp/system.mss|system||

TRACE::2025-03-24.19:13:55::SCWMssOS::Sw design exists and opened at  E:/kevin/myCode/microBlaze1/vitisJson/syncBlaze/microblaze_0/standalone_domain/bsp/system.mss
TRACE::2025-03-24.19:13:55::SCWMssOS::Completed writing the mss file at E:/kevin/myCode/microBlaze1/vitisJson/syncBlaze/microblaze_0/standalone_domain/bsp
TRACE::2025-03-24.19:13:55::SCWMssOS::Mss edits present, copying mssfile into export location E:/kevin/myCode/microBlaze1/vitisJson/syncBlaze/microblaze_0/standalone_domain/bsp/system.mss
TRACE::2025-03-24.19:13:55::SCWMssOS::bsp generated is stale removing and regenerating. 
TRACE::2025-03-24.19:13:56::SCWMssOS::doing bsp build ... 
TRACE::2025-03-24.19:13:56::SCWMssOS::System Command Ran  E: & cd  E:/kevin/myCode/microBlaze1/vitisJson/syncBlaze/microblaze_0/standalone_domain/bsp & make 
TRACE::2025-03-24.19:13:56::SCWMssOS::make --no-print-directory seq_libs

TRACE::2025-03-24.19:13:56::SCWMssOS::'Finished building libraries sequentially.'

TRACE::2025-03-24.19:13:56::SCWMssOS::make -j 14 --no-print-directory par_libs

TRACE::2025-03-24.19:13:56::SCWMssOS::"Running Make include in microblaze_0/libsrc/bram_v4_8/src"

TRACE::2025-03-24.19:13:56::SCWMssOS::"Running Make include in microblaze_0/libsrc/tmrctr_v4_9/src"

TRACE::2025-03-24.19:13:56::SCWMssOS::"Running Make include in microblaze_0/libsrc/standalone_v8_0/src"

TRACE::2025-03-24.19:13:56::SCWMssOS::"Running Make include in microblaze_0/libsrc/intc_v3_15/src"

TRACE::2025-03-24.19:13:56::SCWMssOS::"Running Make include in microblaze_0/libsrc/cpu_v2_16/src"

TRACE::2025-03-24.19:13:56::SCWMssOS::"Running Make include in microblaze_0/libsrc/gpio_v4_9/src"

TRACE::2025-03-24.19:13:56::SCWMssOS::make -C microblaze_0/libsrc/bram_v4_8/src -s include  "SHELL=CMD" "COMPILER=mb-gcc" "ASSEMBLER=mb-as" "ARCHIVER=mb-ar" "COMPILE
TRACE::2025-03-24.19:13:56::SCWMssOS::R_FLAGS=  -O2 -c -mcpu=v11.0 -mlittle-endian -mxl-soft-mul" "EXTRA_COMPILER_FLAGS=-g -ffunction-sections -fdata-sections -Wall 
TRACE::2025-03-24.19:13:56::SCWMssOS::-Wextra -fno-tree-loop-distribute-patterns"

TRACE::2025-03-24.19:13:56::SCWMssOS::"Running Make include in microblaze_0/libsrc/uartlite_v3_7/src"

TRACE::2025-03-24.19:13:56::SCWMssOS::make -C microblaze_0/libsrc/cpu_v2_16/src -s include  "SHELL=CMD" "COMPILER=mb-gcc" "ASSEMBLER=mb-as" "ARCHIVER=mb-ar" "COMPILE
TRACE::2025-03-24.19:13:56::SCWMssOS::R_FLAGS=  -O2 -c -mcpu=v11.0 -mlittle-endian -mxl-soft-mul" "EXTRA_COMPILER_FLAGS=-g -ffunction-sections -fdata-sections -Wall 
TRACE::2025-03-24.19:13:56::SCWMssOS::-Wextra -fno-tree-loop-distribute-patterns"

TRACE::2025-03-24.19:13:56::SCWMssOS::make -C microblaze_0/libsrc/gpio_v4_9/src -s include  "SHELL=CMD" "COMPILER=mb-gcc" "ASSEMBLER=mb-as" "ARCHIVER=mb-ar" "COMPILE
TRACE::2025-03-24.19:13:56::SCWMssOS::R_FLAGS=  -O2 -c -mcpu=v11.0 -mlittle-endian -mxl-soft-mul" "EXTRA_COMPILER_FLAGS=-g -ffunction-sections -fdata-sections -Wall 
TRACE::2025-03-24.19:13:56::SCWMssOS::-Wextra -fno-tree-loop-distribute-patterns"

TRACE::2025-03-24.19:13:56::SCWMssOS::make -C microblaze_0/libsrc/intc_v3_15/src -s include  "SHELL=CMD" "COMPILER=mb-gcc" "ASSEMBLER=mb-as" "ARCHIVER=mb-ar" "COMPIL
TRACE::2025-03-24.19:13:56::SCWMssOS::ER_FLAGS=  -O2 -c -mcpu=v11.0 -mlittle-endian -mxl-soft-mul" "EXTRA_COMPILER_FLAGS=-g -ffunction-sections -fdata-sections -Wall
TRACE::2025-03-24.19:13:56::SCWMssOS:: -Wextra -fno-tree-loop-distribute-patterns"

TRACE::2025-03-24.19:13:56::SCWMssOS::make -C microblaze_0/libsrc/standalone_v8_0/src -s include  "SHELL=CMD" "COMPILER=mb-gcc" "ASSEMBLER=mb-as" "ARCHIVER=mb-ar" "C
TRACE::2025-03-24.19:13:56::SCWMssOS::OMPILER_FLAGS=  -O2 -c -mcpu=v11.0 -mlittle-endian -mxl-soft-mul" "EXTRA_COMPILER_FLAGS=-g -ffunction-sections -fdata-sections 
TRACE::2025-03-24.19:13:56::SCWMssOS::-Wall -Wextra -fno-tree-loop-distribute-patterns"

TRACE::2025-03-24.19:13:56::SCWMssOS::make -C microblaze_0/libsrc/tmrctr_v4_9/src -s include  "SHELL=CMD" "COMPILER=mb-gcc" "ASSEMBLER=mb-as" "ARCHIVER=mb-ar" "COMPI
TRACE::2025-03-24.19:13:56::SCWMssOS::LER_FLAGS=  -O2 -c -mcpu=v11.0 -mlittle-endian -mxl-soft-mul" "EXTRA_COMPILER_FLAGS=-g -ffunction-sections -fdata-sections -Wal
TRACE::2025-03-24.19:13:56::SCWMssOS::l -Wextra -fno-tree-loop-distribute-patterns"

TRACE::2025-03-24.19:13:56::SCWMssOS::make -C microblaze_0/libsrc/uartlite_v3_7/src -s include  "SHELL=CMD" "COMPILER=mb-gcc" "ASSEMBLER=mb-as" "ARCHIVER=mb-ar" "COM
TRACE::2025-03-24.19:13:56::SCWMssOS::PILER_FLAGS=  -O2 -c -mcpu=v11.0 -mlittle-endian -mxl-soft-mul" "EXTRA_COMPILER_FLAGS=-g -ffunction-sections -fdata-sections -W
TRACE::2025-03-24.19:13:56::SCWMssOS::all -Wextra -fno-tree-loop-distribute-patterns"

TRACE::2025-03-24.19:13:57::SCWMssOS::"Running Make libs in microblaze_0/libsrc/bram_v4_8/src"

TRACE::2025-03-24.19:13:57::SCWMssOS::make -C microblaze_0/libsrc/bram_v4_8/src -s libs  "SHELL=CMD" "COMPILER=mb-gcc" "ASSEMBLER=mb-as" "ARCHIVER=mb-ar" "COMPILER_F
TRACE::2025-03-24.19:13:57::SCWMssOS::LAGS=  -O2 -c -mcpu=v11.0 -mlittle-endian -mxl-soft-mul" "EXTRA_COMPILER_FLAGS=-g -ffunction-sections -fdata-sections -Wall -We
TRACE::2025-03-24.19:13:57::SCWMssOS::xtra -fno-tree-loop-distribute-patterns"

TRACE::2025-03-24.19:13:57::SCWMssOS::"Running Make libs in microblaze_0/libsrc/cpu_v2_16/src"

TRACE::2025-03-24.19:13:57::SCWMssOS::make -C microblaze_0/libsrc/cpu_v2_16/src -s libs  "SHELL=CMD" "COMPILER=mb-gcc" "ASSEMBLER=mb-as" "ARCHIVER=mb-ar" "COMPILER_F
TRACE::2025-03-24.19:13:57::SCWMssOS::LAGS=  -O2 -c -mcpu=v11.0 -mlittle-endian -mxl-soft-mul" "EXTRA_COMPILER_FLAGS=-g -ffunction-sections -fdata-sections -Wall -We
TRACE::2025-03-24.19:13:57::SCWMssOS::xtra -fno-tree-loop-distribute-patterns"

TRACE::2025-03-24.19:13:57::SCWMssOS::"Running Make libs in microblaze_0/libsrc/gpio_v4_9/src"

TRACE::2025-03-24.19:13:57::SCWMssOS::make -C microblaze_0/libsrc/gpio_v4_9/src -s libs  "SHELL=CMD" "COMPILER=mb-gcc" "ASSEMBLER=mb-as" "ARCHIVER=mb-ar" "COMPILER_F
TRACE::2025-03-24.19:13:57::SCWMssOS::LAGS=  -O2 -c -mcpu=v11.0 -mlittle-endian -mxl-soft-mul" "EXTRA_COMPILER_FLAGS=-g -ffunction-sections -fdata-sections -Wall -We
TRACE::2025-03-24.19:13:57::SCWMssOS::xtra -fno-tree-loop-distribute-patterns"

TRACE::2025-03-24.19:13:57::SCWMssOS::"Running Make libs in microblaze_0/libsrc/intc_v3_15/src"

TRACE::2025-03-24.19:13:57::SCWMssOS::make -C microblaze_0/libsrc/intc_v3_15/src -s libs  "SHELL=CMD" "COMPILER=mb-gcc" "ASSEMBLER=mb-as" "ARCHIVER=mb-ar" "COMPILER_
TRACE::2025-03-24.19:13:57::SCWMssOS::FLAGS=  -O2 -c -mcpu=v11.0 -mlittle-endian -mxl-soft-mul" "EXTRA_COMPILER_FLAGS=-g -ffunction-sections -fdata-sections -Wall -W
TRACE::2025-03-24.19:13:57::SCWMssOS::extra -fno-tree-loop-distribute-patterns"

TRACE::2025-03-24.19:13:57::SCWMssOS::"Running Make libs in microblaze_0/libsrc/standalone_v8_0/src"

TRACE::2025-03-24.19:13:57::SCWMssOS::make -C microblaze_0/libsrc/standalone_v8_0/src -s libs  "SHELL=CMD" "COMPILER=mb-gcc" "ASSEMBLER=mb-as" "ARCHIVER=mb-ar" "COMP
TRACE::2025-03-24.19:13:57::SCWMssOS::ILER_FLAGS=  -O2 -c -mcpu=v11.0 -mlittle-endian -mxl-soft-mul" "EXTRA_COMPILER_FLAGS=-g -ffunction-sections -fdata-sections -Wa
TRACE::2025-03-24.19:13:57::SCWMssOS::ll -Wextra -fno-tree-loop-distribute-patterns"

TRACE::2025-03-24.19:13:57::SCWMssOS::"Running Make libs in microblaze_0/libsrc/tmrctr_v4_9/src"

TRACE::2025-03-24.19:13:57::SCWMssOS::make -C microblaze_0/libsrc/tmrctr_v4_9/src -s libs  "SHELL=CMD" "COMPILER=mb-gcc" "ASSEMBLER=mb-as" "ARCHIVER=mb-ar" "COMPILER
TRACE::2025-03-24.19:13:57::SCWMssOS::_FLAGS=  -O2 -c -mcpu=v11.0 -mlittle-endian -mxl-soft-mul" "EXTRA_COMPILER_FLAGS=-g -ffunction-sections -fdata-sections -Wall -
TRACE::2025-03-24.19:13:57::SCWMssOS::Wextra -fno-tree-loop-distribute-patterns"

TRACE::2025-03-24.19:13:57::SCWMssOS::"Running Make libs in microblaze_0/libsrc/uartlite_v3_7/src"

TRACE::2025-03-24.19:13:57::SCWMssOS::make -C microblaze_0/libsrc/uartlite_v3_7/src -s libs  "SHELL=CMD" "COMPILER=mb-gcc" "ASSEMBLER=mb-as" "ARCHIVER=mb-ar" "COMPIL
TRACE::2025-03-24.19:13:57::SCWMssOS::ER_FLAGS=  -O2 -c -mcpu=v11.0 -mlittle-endian -mxl-soft-mul" "EXTRA_COMPILER_FLAGS=-g -ffunction-sections -fdata-sections -Wall
TRACE::2025-03-24.19:13:57::SCWMssOS:: -Wextra -fno-tree-loop-distribute-patterns"

TRACE::2025-03-24.19:13:58::SCWMssOS::"DEBUG NON_LTO_OBJECTS is ../../../lib/microblaze_interrupt_handler.o"

TRACE::2025-03-24.19:13:58::SCWMssOS::'Finished building libraries parallelly.'

TRACE::2025-03-24.19:13:58::SCWMssOS::make --no-print-directory archive

TRACE::2025-03-24.19:13:58::SCWMssOS::mb-ar -r  microblaze_0/lib/libxil.a microblaze_0/lib/_exit.o microblaze_0/lib/errno.o microblaze_0/lib/fcntl.o microblaze_0/lib
TRACE::2025-03-24.19:13:58::SCWMssOS::/hw_exception_handler.o microblaze_0/lib/inbyte.o microblaze_0/lib/microblaze_disable_dcache.o microblaze_0/lib/microblaze_disa
TRACE::2025-03-24.19:13:58::SCWMssOS::ble_exceptions.o microblaze_0/lib/microblaze_disable_icache.o microblaze_0/lib/microblaze_disable_interrupts.o microblaze_0/lib
TRACE::2025-03-24.19:13:58::SCWMssOS::/microblaze_enable_dcache.o microblaze_0/lib/microblaze_enable_exceptions.o microblaze_0/lib/microblaze_enable_icache.o microbl
TRACE::2025-03-24.19:13:58::SCWMssOS::aze_0/lib/microblaze_enable_interrupts.o microblaze_0/lib/microblaze_exception_handler.o microblaze_0/lib/microblaze_flush_cach
TRACE::2025-03-24.19:13:58::SCWMssOS::e_ext.o microblaze_0/lib/microblaze_flush_cache_ext_range.o microblaze_0/lib/microblaze_flush_dcache.o microblaze_0/lib/microbl
TRACE::2025-03-24.19:13:58::SCWMssOS::aze_flush_dcache_range.o microblaze_0/lib/microblaze_init_dcache_range.o microblaze_0/lib/microblaze_init_icache_range.o microb
TRACE::2025-03-24.19:13:58::SCWMssOS::laze_0/lib/microblaze_interrupt_handler.o microblaze_0/lib/microblaze_interrupts_g.o microblaze_0/lib/microblaze_invalidate_cac
TRACE::2025-03-24.19:13:58::SCWMssOS::he_ext.o microblaze_0/lib/microblaze_invalidate_cache_ext_range.o microblaze_0/lib/microblaze_invalidate_dcache.o microblaze_0/
TRACE::2025-03-24.19:13:58::SCWMssOS::lib/microblaze_invalidate_dcache_range.o microblaze_0/lib/microblaze_invalidate_icache.o microblaze_0/lib/microblaze_invalidate
TRACE::2025-03-24.19:13:58::SCWMssOS::_icache_range.o microblaze_0/lib/microblaze_scrub.o microblaze_0/lib/microblaze_selftest.o microblaze_0/lib/microblaze_sleep.o 
TRACE::2025-03-24.19:13:58::SCWMssOS::microblaze_0/lib/microblaze_update_dcache.o microblaze_0/lib/microblaze_update_icache.o microblaze_0/lib/outbyte.o microblaze_0
TRACE::2025-03-24.19:13:58::SCWMssOS::/lib/print.o microblaze_0/lib/pvr.o microblaze_0/lib/xbram.o microblaze_0/lib/xbram_g.o microblaze_0/lib/xbram_intr.o microblaz
TRACE::2025-03-24.19:13:58::SCWMssOS::e_0/lib/xbram_selftest.o microblaze_0/lib/xbram_sinit.o microblaze_0/lib/xgpio.o microblaze_0/lib/xgpio_extra.o microblaze_0/li
TRACE::2025-03-24.19:13:58::SCWMssOS::b/xgpio_g.o microblaze_0/lib/xgpio_intr.o microblaze_0/lib/xgpio_selftest.o microblaze_0/lib/xgpio_sinit.o microblaze_0/lib/xil
TRACE::2025-03-24.19:13:58::SCWMssOS::_assert.o microblaze_0/lib/xil_cache.o microblaze_0/lib/xil_clocking.o microblaze_0/lib/xil_exception.o microblaze_0/lib/xil_me
TRACE::2025-03-24.19:13:58::SCWMssOS::m.o microblaze_0/lib/xil_misc_psreset_api.o microblaze_0/lib/xil_printf.o microblaze_0/lib/xil_sleepcommon.o microblaze_0/lib/x
TRACE::2025-03-24.19:13:58::SCWMssOS::il_testcache.o microblaze_0/lib/xil_testio.o microblaze_0/lib/xil_testmem.o microblaze_0/lib/xil_util.o microblaze_0/lib/xintc.
TRACE::2025-03-24.19:13:58::SCWMssOS::o microblaze_0/lib/xintc_g.o microblaze_0/lib/xintc_intr.o microblaze_0/lib/xintc_l.o microblaze_0/lib/xintc_options.o microbla
TRACE::2025-03-24.19:13:58::SCWMssOS::ze_0/lib/xintc_selftest.o microblaze_0/lib/xinterrupt_wrap.o microblaze_0/lib/xio.o microblaze_0/lib/xplatform_info.o microblaz
TRACE::2025-03-24.19:13:58::SCWMssOS::e_0/lib/xtmrctr.o microblaze_0/lib/xtmrctr_g.o microblaze_0/lib/xtmrctr_intr.o microblaze_0/lib/xtmrctr_l.o microblaze_0/lib/xt
TRACE::2025-03-24.19:13:58::SCWMssOS::mrctr_options.o microblaze_0/lib/xtmrctr_selftest.o microblaze_0/lib/xtmrctr_sinit.o microblaze_0/lib/xtmrctr_stats.o microblaz
TRACE::2025-03-24.19:13:58::SCWMssOS::e_0/lib/xuartlite.o microblaze_0/lib/xuartlite_g.o microblaze_0/lib/xuartlite_intr.o microblaze_0/lib/xuartlite_l.o microblaze_
TRACE::2025-03-24.19:13:58::SCWMssOS::0/lib/xuartlite_selftest.o microblaze_0/lib/xuartlite_sinit.o microblaze_0/lib/xuartlite_stats.o

TRACE::2025-03-24.19:13:58::SCWMssOS::'Finished building libraries'

TRACE::2025-03-24.19:13:58::SCWMssOS:: Checking if to create the Supporting Applications
TRACE::2025-03-24.19:13:58::SCWMssOS:: No Linux domain exists, trying to generate FSBL 
LOG::2025-03-24.19:13:58::SCWSystem::Completed Processing the domain standalone_domain
LOG::2025-03-24.19:13:58::SCWSystem::Completed Processing the sysconfig syncBlaze
LOG::2025-03-24.19:13:58::SCWPlatform::Completed generating the artifacts for system configuration syncBlaze
TRACE::2025-03-24.19:13:58::SCWPlatform::Started preparing the platform 
TRACE::2025-03-24.19:13:58::SCWSystem::Writing the bif file for system config syncBlaze
TRACE::2025-03-24.19:13:58::SCWSystem::dir created 
TRACE::2025-03-24.19:13:58::SCWSystem::Writing the bif 
TRACE::2025-03-24.19:13:58::SCWPlatform::Started writing the spfm file 
TRACE::2025-03-24.19:13:58::SCWPlatform::Started writing the xpfm file 
TRACE::2025-03-24.19:13:58::SCWPlatform::Completed generating the platform
TRACE::2025-03-24.19:13:58::SCWMssOS::Saving the mss changes E:/kevin/myCode/microBlaze1/vitisJson/syncBlaze/microblaze_0/standalone_domain/bsp/system.mss
TRACE::2025-03-24.19:13:58::SCWMssOS::Adding the swdes entry, mss present, able to open swdb E:/kevin/myCode/microBlaze1/vitisJson/syncBlaze/microblaze_0/standalone_domain/bsp/system.mss with des name system
TRACE::2025-03-24.19:13:58::SCWMssOS::Writing the mss file completed E:/kevin/myCode/microBlaze1/vitisJson/syncBlaze/microblaze_0/standalone_domain/bsp/system.mss
TRACE::2025-03-24.19:13:58::SCWMssOS::Commit changes completed.
TRACE::2025-03-24.19:13:58::SCWPlatform::Trying to open the hw design at E:/kevin/myCode/microBlaze1/vitisJson/syncBlaze/hw/design_1_wrapper.xsa
TRACE::2025-03-24.19:13:58::SCWPlatform::DSA given E:/kevin/myCode/microBlaze1/vitisJson/syncBlaze/hw/design_1_wrapper.xsa
TRACE::2025-03-24.19:13:58::SCWPlatform::DSA absoulate path E:/kevin/myCode/microBlaze1/vitisJson/syncBlaze/hw/design_1_wrapper.xsa
TRACE::2025-03-24.19:13:58::SCWPlatform::DSA directory E:/kevin/myCode/microBlaze1/vitisJson/syncBlaze/hw
TRACE::2025-03-24.19:13:58::SCWPlatform:: Platform Path E:/kevin/myCode/microBlaze1/vitisJson/syncBlaze/hw/design_1_wrapper.xsa
TRACE::2025-03-24.19:13:58::SCWPlatform:: Unique name xilinx:::0.0
TRACE::2025-03-24.19:13:58::SCWPlatform::Trying to set the existing hwdb with name design_1_wrapper_23
TRACE::2025-03-24.19:13:58::SCWPlatform::Opened existing hwdb design_1_wrapper_23
TRACE::2025-03-24.19:13:58::SCWPlatform::Found the Hw Db part of the input DSA
TRACE::2025-03-24.19:13:58::SCWMssOS::Checking the sw design at  E:/kevin/myCode/microBlaze1/vitisJson/syncBlaze/microblaze_0/standalone_domain/bsp/system.mss
TRACE::2025-03-24.19:13:58::SCWMssOS::DEBUG:  swdes dump  E:/kevin/myCode/microBlaze1/vitisJson/syncBlaze/microblaze_0/standalone_domain/bsp/system.mss|system||

TRACE::2025-03-24.19:13:58::SCWMssOS::Sw design exists and opened at  E:/kevin/myCode/microBlaze1/vitisJson/syncBlaze/microblaze_0/standalone_domain/bsp/system.mss
TRACE::2025-03-24.19:13:58::SCWWriter::formatted JSON is {
	"platformName":	"syncBlaze",
	"sprVersion":	"2.0",
	"mode":	"gui",
	"dsaType":	"Fixed",
	"platformDesc":	"syncBlaze",
	"platHandOff":	"E:/kevin/myCode/microBlaze1/design_1_wrapper.xsa",
	"platIntHandOff":	"<platformDir>/hw/design_1_wrapper.xsa",
	"deviceType":	"FPGA",
	"platIsPrebuiltAutogen":	"false",
	"platIsNoBootBsp":	"false",
	"hasFsblMakeHasChanges":	"false",
	"hasPmufwMakeHasChanges":	"false",
	"platPreBuiltFlag":	false,
	"platformSamplesDir":	"",
	"platActiveSys":	"syncBlaze",
	"systems":	[{
			"systemName":	"syncBlaze",
			"systemDesc":	"syncBlaze",
			"sysIsBootAutoGen":	"true",
			"systemDispName":	"syncBlaze",
			"sysActiveDom":	"standalone_domain",
			"sysDefaultDom":	"standalone_domain",
			"domains":	[{
					"domainName":	"standalone_domain",
					"domainDispName":	"standalone on microblaze_0",
					"domainDesc":	"standalone_domain",
					"processors":	"microblaze_0",
					"os":	"standalone",
					"sdxOs":	"standalone",
					"debugEnable":	"False",
					"domRuntimes":	["cpp"],
					"swRepo":	"",
					"mssOsVer":	"8.0",
					"mssFile":	"",
					"md5Digest":	"e2cdda41e7956801f4f51a65042beca0",
					"compatibleApp":	"",
					"domType":	"mssDomain",
					"arch":	"32-bit",
					"appSettings":	{
						"appCompilerFlags":	"",
						"appLinkerFlags":	""
					},
					"addedLibs":	[],
					"libOptions":	{
						"libsContainingOptions":	[]
					},
					"prebuiltLibs":	{
						"prebuiltIncPath":	[],
						"prebuiltLibPath":	[]
					},
					"isolation":	{
					}
				}]
		}]
}
KEYINFO::2025-03-24.19:13:58::SCWPlatform::updated the xpfm file.
TRACE::2025-03-24.19:13:59::SCWPlatform::Trying to open the hw design at E:/kevin/myCode/microBlaze1/vitisJson/syncBlaze/hw/design_1_wrapper.xsa
TRACE::2025-03-24.19:13:59::SCWPlatform::DSA given E:/kevin/myCode/microBlaze1/vitisJson/syncBlaze/hw/design_1_wrapper.xsa
TRACE::2025-03-24.19:13:59::SCWPlatform::DSA absoulate path E:/kevin/myCode/microBlaze1/vitisJson/syncBlaze/hw/design_1_wrapper.xsa
TRACE::2025-03-24.19:13:59::SCWPlatform::DSA directory E:/kevin/myCode/microBlaze1/vitisJson/syncBlaze/hw
TRACE::2025-03-24.19:13:59::SCWPlatform:: Platform Path E:/kevin/myCode/microBlaze1/vitisJson/syncBlaze/hw/design_1_wrapper.xsa
TRACE::2025-03-24.19:13:59::SCWPlatform:: Unique name xilinx:::0.0
TRACE::2025-03-24.19:13:59::SCWPlatform::Trying to set the existing hwdb with name design_1_wrapper_23
TRACE::2025-03-24.19:13:59::SCWPlatform::Opened existing hwdb design_1_wrapper_23
TRACE::2025-03-24.19:13:59::SCWPlatform::Found the Hw Db part of the input DSA
TRACE::2025-03-24.19:13:59::SCWMssOS::Checking the sw design at  E:/kevin/myCode/microBlaze1/vitisJson/syncBlaze/microblaze_0/standalone_domain/bsp/system.mss
TRACE::2025-03-24.19:13:59::SCWMssOS::DEBUG:  swdes dump  E:/kevin/myCode/microBlaze1/vitisJson/syncBlaze/microblaze_0/standalone_domain/bsp/system.mss|system||

TRACE::2025-03-24.19:13:59::SCWMssOS::Sw design exists and opened at  E:/kevin/myCode/microBlaze1/vitisJson/syncBlaze/microblaze_0/standalone_domain/bsp/system.mss
TRACE::2025-03-25.15:10:14::SCWPlatform::Clearing the existing platform
TRACE::2025-03-25.15:10:14::SCWSystem::Clearing the existing sysconfig
TRACE::2025-03-25.15:10:14::SCWMssOS::Removing the swdes entry for  E:/kevin/myCode/microBlaze1/vitisJson/syncBlaze/microblaze_0/standalone_domain/bsp/system.mss
TRACE::2025-03-25.15:10:14::SCWSystem::Clearing the domains completed.
TRACE::2025-03-25.15:10:14::SCWPlatform::Clearing the opened hw db.
TRACE::2025-03-25.15:10:14::SCWPlatform::DSA given E:/kevin/myCode/microBlaze1/vitisJson/syncBlaze/hw/design_1_wrapper.xsa
TRACE::2025-03-25.15:10:14::SCWPlatform::DSA absoulate path E:/kevin/myCode/microBlaze1/vitisJson/syncBlaze/hw/design_1_wrapper.xsa
TRACE::2025-03-25.15:10:14::SCWPlatform:: Platform location is E:/kevin/myCode/microBlaze1/vitisJson/syncBlaze/hw
TRACE::2025-03-25.15:10:14::SCWPlatform:: Platform Path E:/kevin/myCode/microBlaze1/vitisJson/syncBlaze/hw/design_1_wrapper.xsa
TRACE::2025-03-25.15:10:14::SCWPlatform:: Unique name xilinx:::0.0
TRACE::2025-03-25.15:10:14::SCWPlatform::Removing the HwDB with name E:/kevin/myCode/microBlaze1/vitisJson/syncBlaze/hw/design_1_wrapper.xsa
TRACE::2025-03-25.15:10:14::SCWPlatform::Trying to open the hw design at E:/kevin/myCode/microBlaze1/vitisJson/syncBlaze/hw/design_1_wrapper.xsa
TRACE::2025-03-25.15:10:14::SCWPlatform::DSA given E:/kevin/myCode/microBlaze1/vitisJson/syncBlaze/hw/design_1_wrapper.xsa
TRACE::2025-03-25.15:10:14::SCWPlatform::DSA absoulate path E:/kevin/myCode/microBlaze1/vitisJson/syncBlaze/hw/design_1_wrapper.xsa
TRACE::2025-03-25.15:10:14::SCWPlatform::DSA directory E:/kevin/myCode/microBlaze1/vitisJson/syncBlaze/hw
TRACE::2025-03-25.15:10:14::SCWPlatform:: Platform Path E:/kevin/myCode/microBlaze1/vitisJson/syncBlaze/hw/design_1_wrapper.xsa
TRACE::2025-03-25.15:10:14::SCWPlatform:: Unique name xilinx:::0.0
TRACE::2025-03-25.15:10:14::SCWPlatform::Do not have an existing db opened. 
TRACE::2025-03-25.15:10:15::SCWPlatform::Opened new HwDB with name design_1_wrapper_25
TRACE::2025-03-25.15:10:15::SCWReader::Active system found as  syncBlaze
TRACE::2025-03-25.15:10:15::SCWReader::Handling sysconfig syncBlaze
TRACE::2025-03-25.15:10:15::SCWDomain::checking for install qemu data   : 
TRACE::2025-03-25.15:10:15::SCWPlatform::Trying to open the hw design at E:/kevin/myCode/microBlaze1/vitisJson/syncBlaze/hw/design_1_wrapper.xsa
TRACE::2025-03-25.15:10:15::SCWPlatform::DSA given E:/kevin/myCode/microBlaze1/vitisJson/syncBlaze/hw/design_1_wrapper.xsa
TRACE::2025-03-25.15:10:15::SCWPlatform::DSA absoulate path E:/kevin/myCode/microBlaze1/vitisJson/syncBlaze/hw/design_1_wrapper.xsa
TRACE::2025-03-25.15:10:15::SCWPlatform::DSA directory E:/kevin/myCode/microBlaze1/vitisJson/syncBlaze/hw
TRACE::2025-03-25.15:10:15::SCWPlatform:: Platform Path E:/kevin/myCode/microBlaze1/vitisJson/syncBlaze/hw/design_1_wrapper.xsa
TRACE::2025-03-25.15:10:15::SCWPlatform:: Unique name xilinx:::0.0
TRACE::2025-03-25.15:10:15::SCWPlatform::Trying to set the existing hwdb with name design_1_wrapper_25
TRACE::2025-03-25.15:10:15::SCWPlatform::Opened existing hwdb design_1_wrapper_25
TRACE::2025-03-25.15:10:15::SCWPlatform::Found the Hw Db part of the input DSA
TRACE::2025-03-25.15:10:15::SCWPlatform::Trying to open the hw design at E:/kevin/myCode/microBlaze1/vitisJson/syncBlaze/hw/design_1_wrapper.xsa
TRACE::2025-03-25.15:10:15::SCWPlatform::DSA given E:/kevin/myCode/microBlaze1/vitisJson/syncBlaze/hw/design_1_wrapper.xsa
TRACE::2025-03-25.15:10:15::SCWPlatform::DSA absoulate path E:/kevin/myCode/microBlaze1/vitisJson/syncBlaze/hw/design_1_wrapper.xsa
TRACE::2025-03-25.15:10:15::SCWPlatform::DSA directory E:/kevin/myCode/microBlaze1/vitisJson/syncBlaze/hw
TRACE::2025-03-25.15:10:15::SCWPlatform:: Platform Path E:/kevin/myCode/microBlaze1/vitisJson/syncBlaze/hw/design_1_wrapper.xsa
TRACE::2025-03-25.15:10:15::SCWPlatform:: Unique name xilinx:::0.0
TRACE::2025-03-25.15:10:15::SCWPlatform::Trying to set the existing hwdb with name design_1_wrapper_25
TRACE::2025-03-25.15:10:15::SCWPlatform::Opened existing hwdb design_1_wrapper_25
TRACE::2025-03-25.15:10:15::SCWPlatform::Found the Hw Db part of the input DSA
TRACE::2025-03-25.15:10:15::SCWPlatform::Trying to open the hw design at E:/kevin/myCode/microBlaze1/vitisJson/syncBlaze/hw/design_1_wrapper.xsa
TRACE::2025-03-25.15:10:15::SCWPlatform::DSA given E:/kevin/myCode/microBlaze1/vitisJson/syncBlaze/hw/design_1_wrapper.xsa
TRACE::2025-03-25.15:10:15::SCWPlatform::DSA absoulate path E:/kevin/myCode/microBlaze1/vitisJson/syncBlaze/hw/design_1_wrapper.xsa
TRACE::2025-03-25.15:10:15::SCWPlatform::DSA directory E:/kevin/myCode/microBlaze1/vitisJson/syncBlaze/hw
TRACE::2025-03-25.15:10:15::SCWPlatform:: Platform Path E:/kevin/myCode/microBlaze1/vitisJson/syncBlaze/hw/design_1_wrapper.xsa
TRACE::2025-03-25.15:10:15::SCWPlatform:: Unique name xilinx:::0.0
TRACE::2025-03-25.15:10:15::SCWPlatform::Trying to set the existing hwdb with name design_1_wrapper_25
TRACE::2025-03-25.15:10:15::SCWPlatform::Opened existing hwdb design_1_wrapper_25
TRACE::2025-03-25.15:10:15::SCWPlatform::Found the Hw Db part of the input DSA
TRACE::2025-03-25.15:10:15::SCWPlatform::Trying to open the hw design at E:/kevin/myCode/microBlaze1/vitisJson/syncBlaze/hw/design_1_wrapper.xsa
TRACE::2025-03-25.15:10:15::SCWPlatform::DSA given E:/kevin/myCode/microBlaze1/vitisJson/syncBlaze/hw/design_1_wrapper.xsa
TRACE::2025-03-25.15:10:15::SCWPlatform::DSA absoulate path E:/kevin/myCode/microBlaze1/vitisJson/syncBlaze/hw/design_1_wrapper.xsa
TRACE::2025-03-25.15:10:15::SCWPlatform::DSA directory E:/kevin/myCode/microBlaze1/vitisJson/syncBlaze/hw
TRACE::2025-03-25.15:10:15::SCWPlatform:: Platform Path E:/kevin/myCode/microBlaze1/vitisJson/syncBlaze/hw/design_1_wrapper.xsa
TRACE::2025-03-25.15:10:15::SCWPlatform:: Unique name xilinx:::0.0
TRACE::2025-03-25.15:10:15::SCWPlatform::Trying to set the existing hwdb with name design_1_wrapper_25
TRACE::2025-03-25.15:10:15::SCWPlatform::Opened existing hwdb design_1_wrapper_25
TRACE::2025-03-25.15:10:15::SCWPlatform::Found the Hw Db part of the input DSA
TRACE::2025-03-25.15:10:15::SCWMssOS::Checking the sw design at  E:/kevin/myCode/microBlaze1/vitisJson/syncBlaze/microblaze_0/standalone_domain/bsp/system.mss
TRACE::2025-03-25.15:10:15::SCWMssOS::DEBUG:  swdes dump  
TRACE::2025-03-25.15:10:15::SCWMssOS::No sw design opened at  E:/kevin/myCode/microBlaze1/vitisJson/syncBlaze/microblaze_0/standalone_domain/bsp/system.mss
TRACE::2025-03-25.15:10:15::SCWMssOS::mss exists loading the mss file  E:/kevin/myCode/microBlaze1/vitisJson/syncBlaze/microblaze_0/standalone_domain/bsp/system.mss
TRACE::2025-03-25.15:10:15::SCWMssOS::Opened the sw design from mss  E:/kevin/myCode/microBlaze1/vitisJson/syncBlaze/microblaze_0/standalone_domain/bsp/system.mss
TRACE::2025-03-25.15:10:15::SCWMssOS::Adding the swdes entry E:/kevin/myCode/microBlaze1/vitisJson/syncBlaze/microblaze_0/standalone_domain/bsp/system.mss with des name system
TRACE::2025-03-25.15:10:15::SCWMssOS::updating the scw layer about changes
TRACE::2025-03-25.15:10:15::SCWMssOS::Opened the sw design.  E:/kevin/myCode/microBlaze1/vitisJson/syncBlaze/microblaze_0/standalone_domain/bsp/system.mss
TRACE::2025-03-25.15:10:15::SCWMssOS::Saving the mss changes E:/kevin/myCode/microBlaze1/vitisJson/syncBlaze/microblaze_0/standalone_domain/bsp/system.mss
TRACE::2025-03-25.15:10:15::SCWMssOS::Found a swdesign opened with the mssfile.
TRACE::2025-03-25.15:10:15::SCWMssOS::Completed writemss as part of save.
TRACE::2025-03-25.15:10:15::SCWMssOS::Commit changes completed.
TRACE::2025-03-25.15:10:15::SCWReader::Adding prebuilt librarypaths as   
TRACE::2025-03-25.15:10:15::SCWReader::Adding prebuilt incpaths  as   
TRACE::2025-03-25.15:10:15::SCWPlatform::Trying to open the hw design at E:/kevin/myCode/microBlaze1/vitisJson/syncBlaze/hw/design_1_wrapper.xsa
TRACE::2025-03-25.15:10:15::SCWPlatform::DSA given E:/kevin/myCode/microBlaze1/vitisJson/syncBlaze/hw/design_1_wrapper.xsa
TRACE::2025-03-25.15:10:15::SCWPlatform::DSA absoulate path E:/kevin/myCode/microBlaze1/vitisJson/syncBlaze/hw/design_1_wrapper.xsa
TRACE::2025-03-25.15:10:15::SCWPlatform::DSA directory E:/kevin/myCode/microBlaze1/vitisJson/syncBlaze/hw
TRACE::2025-03-25.15:10:15::SCWPlatform:: Platform Path E:/kevin/myCode/microBlaze1/vitisJson/syncBlaze/hw/design_1_wrapper.xsa
TRACE::2025-03-25.15:10:15::SCWPlatform:: Unique name xilinx:::0.0
TRACE::2025-03-25.15:10:15::SCWPlatform::Trying to set the existing hwdb with name design_1_wrapper_25
TRACE::2025-03-25.15:10:15::SCWPlatform::Opened existing hwdb design_1_wrapper_25
TRACE::2025-03-25.15:10:15::SCWPlatform::Found the Hw Db part of the input DSA
TRACE::2025-03-25.15:10:15::SCWMssOS::Checking the sw design at  E:/kevin/myCode/microBlaze1/vitisJson/syncBlaze/microblaze_0/standalone_domain/bsp/system.mss
TRACE::2025-03-25.15:10:15::SCWMssOS::DEBUG:  swdes dump  E:/kevin/myCode/microBlaze1/vitisJson/syncBlaze/microblaze_0/standalone_domain/bsp/system.mss|system||

TRACE::2025-03-25.15:10:15::SCWMssOS::Sw design exists and opened at  E:/kevin/myCode/microBlaze1/vitisJson/syncBlaze/microblaze_0/standalone_domain/bsp/system.mss
TRACE::2025-03-25.15:10:15::SCWReader::No isolation master present  
TRACE::2025-03-25.15:10:19::SCWPlatform::DSA given E:/kevin/myCode/microBlaze1/vitisJson/syncBlaze/tempdsa/design_1_wrapper.xsa
TRACE::2025-03-25.15:10:19::SCWPlatform::DSA absoulate path E:/kevin/myCode/microBlaze1/vitisJson/syncBlaze/tempdsa/design_1_wrapper.xsa
TRACE::2025-03-25.15:10:19::SCWPlatform:: Platform location is E:/kevin/myCode/microBlaze1/vitisJson/syncBlaze/tempdsa
TRACE::2025-03-25.15:10:19::SCWPlatform:: Platform Path E:/kevin/myCode/microBlaze1/vitisJson/syncBlaze/tempdsa/design_1_wrapper.xsa
TRACE::2025-03-25.15:10:19::SCWPlatform:: Unique name xilinx:::0.0
TRACE::2025-03-25.15:10:19::SCWPlatform::Found the Hw Db part of the input DSA
TRACE::2025-03-25.15:10:19::SCWMssOS::Doing hw sync for the mss in domain: standalone_domain
TRACE::2025-03-25.15:10:19::SCWPlatform::Trying to open the hw design at E:/kevin/myCode/microBlaze1/vitisJson/syncBlaze/hw/design_1_wrapper.xsa
TRACE::2025-03-25.15:10:19::SCWPlatform::DSA given E:/kevin/myCode/microBlaze1/vitisJson/syncBlaze/hw/design_1_wrapper.xsa
TRACE::2025-03-25.15:10:19::SCWPlatform::DSA absoulate path E:/kevin/myCode/microBlaze1/vitisJson/syncBlaze/hw/design_1_wrapper.xsa
TRACE::2025-03-25.15:10:19::SCWPlatform::DSA directory E:/kevin/myCode/microBlaze1/vitisJson/syncBlaze/hw
TRACE::2025-03-25.15:10:19::SCWPlatform:: Platform Path E:/kevin/myCode/microBlaze1/vitisJson/syncBlaze/hw/design_1_wrapper.xsa
TRACE::2025-03-25.15:10:19::SCWPlatform:: Unique name xilinx:::0.0
TRACE::2025-03-25.15:10:19::SCWPlatform::Trying to set the existing hwdb with name design_1_wrapper_25
TRACE::2025-03-25.15:10:19::SCWPlatform::Opened existing hwdb design_1_wrapper_25
TRACE::2025-03-25.15:10:19::SCWPlatform::Found the Hw Db part of the input DSA
TRACE::2025-03-25.15:10:19::SCWPlatform::Trying to open the hw design at E:/kevin/myCode/microBlaze1/vitisJson/syncBlaze/hw/design_1_wrapper.xsa
TRACE::2025-03-25.15:10:19::SCWPlatform::DSA given E:/kevin/myCode/microBlaze1/vitisJson/syncBlaze/hw/design_1_wrapper.xsa
TRACE::2025-03-25.15:10:19::SCWPlatform::DSA absoulate path E:/kevin/myCode/microBlaze1/vitisJson/syncBlaze/hw/design_1_wrapper.xsa
TRACE::2025-03-25.15:10:19::SCWPlatform::DSA directory E:/kevin/myCode/microBlaze1/vitisJson/syncBlaze/hw
TRACE::2025-03-25.15:10:19::SCWPlatform:: Platform Path E:/kevin/myCode/microBlaze1/vitisJson/syncBlaze/hw/design_1_wrapper.xsa
TRACE::2025-03-25.15:10:19::SCWPlatform:: Unique name xilinx:::0.0
TRACE::2025-03-25.15:10:19::SCWPlatform::Trying to set the existing hwdb with name design_1_wrapper_25
TRACE::2025-03-25.15:10:19::SCWPlatform::Opened existing hwdb design_1_wrapper_25
TRACE::2025-03-25.15:10:19::SCWPlatform::Found the Hw Db part of the input DSA
TRACE::2025-03-25.15:10:19::SCWMssOS::Checking the sw design at  E:/kevin/myCode/microBlaze1/vitisJson/syncBlaze/microblaze_0/standalone_domain/bsp/system.mss
TRACE::2025-03-25.15:10:19::SCWMssOS::DEBUG:  swdes dump  E:/kevin/myCode/microBlaze1/vitisJson/syncBlaze/microblaze_0/standalone_domain/bsp/system.mss|system||

TRACE::2025-03-25.15:10:19::SCWMssOS::Sw design exists and opened at  E:/kevin/myCode/microBlaze1/vitisJson/syncBlaze/microblaze_0/standalone_domain/bsp/system.mss
TRACE::2025-03-25.15:10:19::SCWPlatform::Trying to open the hw design at E:/kevin/myCode/microBlaze1/vitisJson/syncBlaze/tempdsa/design_1_wrapper.xsa
TRACE::2025-03-25.15:10:19::SCWPlatform::DSA given E:/kevin/myCode/microBlaze1/vitisJson/syncBlaze/tempdsa/design_1_wrapper.xsa
TRACE::2025-03-25.15:10:19::SCWPlatform::DSA absoulate path E:/kevin/myCode/microBlaze1/vitisJson/syncBlaze/tempdsa/design_1_wrapper.xsa
TRACE::2025-03-25.15:10:19::SCWPlatform::DSA directory E:/kevin/myCode/microBlaze1/vitisJson/syncBlaze/tempdsa
TRACE::2025-03-25.15:10:19::SCWPlatform:: Platform Path E:/kevin/myCode/microBlaze1/vitisJson/syncBlaze/tempdsa/design_1_wrapper.xsa
TRACE::2025-03-25.15:10:19::SCWPlatform:: Unique name xilinx:::0.0
TRACE::2025-03-25.15:10:19::SCWPlatform::update - Opened existing hwdb design_1_wrapper_26
TRACE::2025-03-25.15:10:19::SCWPlatform::Found the Hw Db part of the input DSA
TRACE::2025-03-25.15:10:19::SCWMssOS::Saving the mss changes E:/kevin/myCode/microBlaze1/vitisJson/syncBlaze/microblaze_0/standalone_domain/bsp/system.mss
TRACE::2025-03-25.15:10:19::SCWMssOS::Found a swdesign opened with the mssfile.
TRACE::2025-03-25.15:10:19::SCWMssOS::Completed writemss as part of save.
TRACE::2025-03-25.15:10:19::SCWMssOS::Commit changes completed.
TRACE::2025-03-25.15:10:19::SCWMssOS::Completed hw sync for the mss in domain: standalone_domain
TRACE::2025-03-25.15:10:19::SCWMssOS::Removing the swdes entry for  E:/kevin/myCode/microBlaze1/vitisJson/syncBlaze/microblaze_0/standalone_domain/bsp/system.mss
TRACE::2025-03-25.15:10:19::SCWPlatform::Trying to open the hw design at E:/kevin/myCode/microBlaze1/vitisJson/syncBlaze/hw/design_1_wrapper.xsa
TRACE::2025-03-25.15:10:19::SCWPlatform::DSA given E:/kevin/myCode/microBlaze1/vitisJson/syncBlaze/hw/design_1_wrapper.xsa
TRACE::2025-03-25.15:10:19::SCWPlatform::DSA absoulate path E:/kevin/myCode/microBlaze1/vitisJson/syncBlaze/hw/design_1_wrapper.xsa
TRACE::2025-03-25.15:10:19::SCWPlatform::DSA directory E:/kevin/myCode/microBlaze1/vitisJson/syncBlaze/hw
TRACE::2025-03-25.15:10:19::SCWPlatform:: Platform Path E:/kevin/myCode/microBlaze1/vitisJson/syncBlaze/hw/design_1_wrapper.xsa
TRACE::2025-03-25.15:10:19::SCWPlatform:: Unique name xilinx:::0.0
TRACE::2025-03-25.15:10:19::SCWPlatform::Do not have an existing db opened. 
TRACE::2025-03-25.15:10:20::SCWPlatform::Opened new HwDB with name design_1_wrapper_27
TRACE::2025-03-25.15:10:20::SCWMssOS::Saving the mss changes E:/kevin/myCode/microBlaze1/vitisJson/syncBlaze/microblaze_0/standalone_domain/bsp/system.mss
TRACE::2025-03-25.15:10:20::SCWMssOS::Adding the swdes entry, mss present, able to open swdb E:/kevin/myCode/microBlaze1/vitisJson/syncBlaze/microblaze_0/standalone_domain/bsp/system.mss with des name system
TRACE::2025-03-25.15:10:20::SCWMssOS::Writing the mss file completed E:/kevin/myCode/microBlaze1/vitisJson/syncBlaze/microblaze_0/standalone_domain/bsp/system.mss
TRACE::2025-03-25.15:10:20::SCWMssOS::Commit changes completed.
TRACE::2025-03-25.15:10:20::SCWPlatform::Trying to open the hw design at E:/kevin/myCode/microBlaze1/vitisJson/syncBlaze/hw/design_1_wrapper.xsa
TRACE::2025-03-25.15:10:20::SCWPlatform::DSA given E:/kevin/myCode/microBlaze1/vitisJson/syncBlaze/hw/design_1_wrapper.xsa
TRACE::2025-03-25.15:10:20::SCWPlatform::DSA absoulate path E:/kevin/myCode/microBlaze1/vitisJson/syncBlaze/hw/design_1_wrapper.xsa
TRACE::2025-03-25.15:10:20::SCWPlatform::DSA directory E:/kevin/myCode/microBlaze1/vitisJson/syncBlaze/hw
TRACE::2025-03-25.15:10:20::SCWPlatform:: Platform Path E:/kevin/myCode/microBlaze1/vitisJson/syncBlaze/hw/design_1_wrapper.xsa
TRACE::2025-03-25.15:10:20::SCWPlatform:: Unique name xilinx:::0.0
TRACE::2025-03-25.15:10:20::SCWPlatform::Trying to set the existing hwdb with name design_1_wrapper_27
TRACE::2025-03-25.15:10:20::SCWPlatform::Opened existing hwdb design_1_wrapper_27
TRACE::2025-03-25.15:10:20::SCWPlatform::Found the Hw Db part of the input DSA
TRACE::2025-03-25.15:10:20::SCWMssOS::Checking the sw design at  E:/kevin/myCode/microBlaze1/vitisJson/syncBlaze/microblaze_0/standalone_domain/bsp/system.mss
TRACE::2025-03-25.15:10:20::SCWMssOS::DEBUG:  swdes dump  E:/kevin/myCode/microBlaze1/vitisJson/syncBlaze/microblaze_0/standalone_domain/bsp/system.mss|system||

TRACE::2025-03-25.15:10:20::SCWMssOS::Sw design exists and opened at  E:/kevin/myCode/microBlaze1/vitisJson/syncBlaze/microblaze_0/standalone_domain/bsp/system.mss
TRACE::2025-03-25.15:10:20::SCWWriter::formatted JSON is {
	"platformName":	"syncBlaze",
	"sprVersion":	"2.0",
	"mode":	"gui",
	"dsaType":	"Fixed",
	"platformDesc":	"syncBlaze",
	"platHandOff":	"E:/kevin/myCode/microBlaze1/design_1_wrapper.xsa",
	"platIntHandOff":	"<platformDir>/hw/design_1_wrapper.xsa",
	"deviceType":	"FPGA",
	"platIsPrebuiltAutogen":	"false",
	"platIsNoBootBsp":	"false",
	"hasFsblMakeHasChanges":	"false",
	"hasPmufwMakeHasChanges":	"false",
	"platPreBuiltFlag":	false,
	"platformSamplesDir":	"",
	"platActiveSys":	"syncBlaze",
	"systems":	[{
			"systemName":	"syncBlaze",
			"systemDesc":	"syncBlaze",
			"sysIsBootAutoGen":	"true",
			"systemDispName":	"syncBlaze",
			"sysActiveDom":	"standalone_domain",
			"sysDefaultDom":	"standalone_domain",
			"domains":	[{
					"domainName":	"standalone_domain",
					"domainDispName":	"standalone on microblaze_0",
					"domainDesc":	"standalone_domain",
					"processors":	"microblaze_0",
					"os":	"standalone",
					"sdxOs":	"standalone",
					"debugEnable":	"False",
					"domRuntimes":	["cpp"],
					"swRepo":	"",
					"mssOsVer":	"8.0",
					"mssFile":	"",
					"md5Digest":	"e2cdda41e7956801f4f51a65042beca01",
					"compatibleApp":	"",
					"domType":	"mssDomain",
					"arch":	"32-bit",
					"appSettings":	{
						"appCompilerFlags":	"",
						"appLinkerFlags":	""
					},
					"addedLibs":	[],
					"libOptions":	{
						"libsContainingOptions":	[]
					},
					"prebuiltLibs":	{
						"prebuiltIncPath":	[],
						"prebuiltLibPath":	[]
					},
					"isolation":	{
					}
				}]
		}]
}
LOG::2025-03-25.15:10:32::SCWPlatform::Started generating the artifacts platform syncBlaze
TRACE::2025-03-25.15:10:32::SCWPlatform::Sanity checking of platform is completed
LOG::2025-03-25.15:10:32::SCWPlatform::Started generating the artifacts for system configuration syncBlaze
LOG::2025-03-25.15:10:32::SCWSystem::Checking the domain standalone_domain
LOG::2025-03-25.15:10:32::SCWSystem::Not a boot domain 
LOG::2025-03-25.15:10:32::SCWSystem::Started Processing the domain standalone_domain
TRACE::2025-03-25.15:10:32::SCWDomain::Generating domain artifcats
TRACE::2025-03-25.15:10:32::SCWMssOS::Generating standalone artifcats
TRACE::2025-03-25.15:10:32::SCWMssOS:: Copying the user libraries. 
TRACE::2025-03-25.15:10:32::SCWPlatform::Trying to open the hw design at E:/kevin/myCode/microBlaze1/vitisJson/syncBlaze/hw/design_1_wrapper.xsa
TRACE::2025-03-25.15:10:32::SCWPlatform::DSA given E:/kevin/myCode/microBlaze1/vitisJson/syncBlaze/hw/design_1_wrapper.xsa
TRACE::2025-03-25.15:10:32::SCWPlatform::DSA absoulate path E:/kevin/myCode/microBlaze1/vitisJson/syncBlaze/hw/design_1_wrapper.xsa
TRACE::2025-03-25.15:10:32::SCWPlatform::DSA directory E:/kevin/myCode/microBlaze1/vitisJson/syncBlaze/hw
TRACE::2025-03-25.15:10:32::SCWPlatform:: Platform Path E:/kevin/myCode/microBlaze1/vitisJson/syncBlaze/hw/design_1_wrapper.xsa
TRACE::2025-03-25.15:10:32::SCWPlatform:: Unique name xilinx:::0.0
TRACE::2025-03-25.15:10:32::SCWPlatform::Trying to set the existing hwdb with name design_1_wrapper_27
TRACE::2025-03-25.15:10:32::SCWPlatform::Opened existing hwdb design_1_wrapper_27
TRACE::2025-03-25.15:10:32::SCWPlatform::Found the Hw Db part of the input DSA
TRACE::2025-03-25.15:10:32::SCWMssOS::Checking the sw design at  E:/kevin/myCode/microBlaze1/vitisJson/syncBlaze/microblaze_0/standalone_domain/bsp/system.mss
TRACE::2025-03-25.15:10:32::SCWMssOS::DEBUG:  swdes dump  E:/kevin/myCode/microBlaze1/vitisJson/syncBlaze/microblaze_0/standalone_domain/bsp/system.mss|system||

TRACE::2025-03-25.15:10:32::SCWMssOS::Sw design exists and opened at  E:/kevin/myCode/microBlaze1/vitisJson/syncBlaze/microblaze_0/standalone_domain/bsp/system.mss
TRACE::2025-03-25.15:10:32::SCWMssOS::Completed writing the mss file at E:/kevin/myCode/microBlaze1/vitisJson/syncBlaze/microblaze_0/standalone_domain/bsp
TRACE::2025-03-25.15:10:32::SCWMssOS::Mss edits present, copying mssfile into export location E:/kevin/myCode/microBlaze1/vitisJson/syncBlaze/microblaze_0/standalone_domain/bsp/system.mss
TRACE::2025-03-25.15:10:33::SCWMssOS::bsp generated is stale removing and regenerating. 
TRACE::2025-03-25.15:10:40::SCWMssOS::doing bsp build ... 
TRACE::2025-03-25.15:10:40::SCWMssOS::System Command Ran  E: & cd  E:/kevin/myCode/microBlaze1/vitisJson/syncBlaze/microblaze_0/standalone_domain/bsp & make 
TRACE::2025-03-25.15:10:40::SCWMssOS::make --no-print-directory seq_libs

TRACE::2025-03-25.15:10:40::SCWMssOS::'Finished building libraries sequentially.'

TRACE::2025-03-25.15:10:40::SCWMssOS::make -j 14 --no-print-directory par_libs

TRACE::2025-03-25.15:10:40::SCWMssOS::"Running Make include in microblaze_0/libsrc/bram_v4_8/src"

TRACE::2025-03-25.15:10:40::SCWMssOS::make -C microblaze_0/libsrc/bram_v4_8/src -s include  "SHELL=CMD" "COMPILER=mb-gcc" "ASSEMBLER=mb-as" "ARCHIVER=mb-ar" "COMPILE
TRACE::2025-03-25.15:10:40::SCWMssOS::R_FLAGS=  -O2 -c -mcpu=v11.0 -mlittle-endian -mxl-soft-mul" "EXTRA_COMPILER_FLAGS=-g -ffunction-sections -fdata-sections -Wall 
TRACE::2025-03-25.15:10:40::SCWMssOS::-Wextra -fno-tree-loop-distribute-patterns"

TRACE::2025-03-25.15:10:40::SCWMssOS::"Running Make include in microblaze_0/libsrc/cpu_v2_16/src"

TRACE::2025-03-25.15:10:40::SCWMssOS::make -C microblaze_0/libsrc/cpu_v2_16/src -s include  "SHELL=CMD" "COMPILER=mb-gcc" "ASSEMBLER=mb-as" "ARCHIVER=mb-ar" "COMPILE
TRACE::2025-03-25.15:10:40::SCWMssOS::R_FLAGS=  -O2 -c -mcpu=v11.0 -mlittle-endian -mxl-soft-mul" "EXTRA_COMPILER_FLAGS=-g -ffunction-sections -fdata-sections -Wall 
TRACE::2025-03-25.15:10:40::SCWMssOS::-Wextra -fno-tree-loop-distribute-patterns"

TRACE::2025-03-25.15:10:40::SCWMssOS::"Running Make include in microblaze_0/libsrc/gpio_v4_9/src"

TRACE::2025-03-25.15:10:40::SCWMssOS::make -C microblaze_0/libsrc/gpio_v4_9/src -s include  "SHELL=CMD" "COMPILER=mb-gcc" "ASSEMBLER=mb-as" "ARCHIVER=mb-ar" "COMPILE
TRACE::2025-03-25.15:10:40::SCWMssOS::R_FLAGS=  -O2 -c -mcpu=v11.0 -mlittle-endian -mxl-soft-mul" "EXTRA_COMPILER_FLAGS=-g -ffunction-sections -fdata-sections -Wall 
TRACE::2025-03-25.15:10:40::SCWMssOS::-Wextra -fno-tree-loop-distribute-patterns"

TRACE::2025-03-25.15:10:40::SCWMssOS::"Running Make include in microblaze_0/libsrc/intc_v3_15/src"

TRACE::2025-03-25.15:10:40::SCWMssOS::make -C microblaze_0/libsrc/intc_v3_15/src -s include  "SHELL=CMD" "COMPILER=mb-gcc" "ASSEMBLER=mb-as" "ARCHIVER=mb-ar" "COMPIL
TRACE::2025-03-25.15:10:40::SCWMssOS::ER_FLAGS=  -O2 -c -mcpu=v11.0 -mlittle-endian -mxl-soft-mul" "EXTRA_COMPILER_FLAGS=-g -ffunction-sections -fdata-sections -Wall
TRACE::2025-03-25.15:10:40::SCWMssOS:: -Wextra -fno-tree-loop-distribute-patterns"

TRACE::2025-03-25.15:10:40::SCWMssOS::"Running Make include in microblaze_0/libsrc/standalone_v8_0/src"

TRACE::2025-03-25.15:10:40::SCWMssOS::make -C microblaze_0/libsrc/standalone_v8_0/src -s include  "SHELL=CMD" "COMPILER=mb-gcc" "ASSEMBLER=mb-as" "ARCHIVER=mb-ar" "C
TRACE::2025-03-25.15:10:40::SCWMssOS::OMPILER_FLAGS=  -O2 -c -mcpu=v11.0 -mlittle-endian -mxl-soft-mul" "EXTRA_COMPILER_FLAGS=-g -ffunction-sections -fdata-sections 
TRACE::2025-03-25.15:10:40::SCWMssOS::-Wall -Wextra -fno-tree-loop-distribute-patterns"

TRACE::2025-03-25.15:10:40::SCWMssOS::"Running Make include in microblaze_0/libsrc/tmrctr_v4_9/src"

TRACE::2025-03-25.15:10:40::SCWMssOS::make -C microblaze_0/libsrc/tmrctr_v4_9/src -s include  "SHELL=CMD" "COMPILER=mb-gcc" "ASSEMBLER=mb-as" "ARCHIVER=mb-ar" "COMPI
TRACE::2025-03-25.15:10:40::SCWMssOS::LER_FLAGS=  -O2 -c -mcpu=v11.0 -mlittle-endian -mxl-soft-mul" "EXTRA_COMPILER_FLAGS=-g -ffunction-sections -fdata-sections -Wal
TRACE::2025-03-25.15:10:40::SCWMssOS::l -Wextra -fno-tree-loop-distribute-patterns"

TRACE::2025-03-25.15:10:40::SCWMssOS::"Running Make include in microblaze_0/libsrc/uartlite_v3_7/src"

TRACE::2025-03-25.15:10:40::SCWMssOS::make -C microblaze_0/libsrc/uartlite_v3_7/src -s include  "SHELL=CMD" "COMPILER=mb-gcc" "ASSEMBLER=mb-as" "ARCHIVER=mb-ar" "COM
TRACE::2025-03-25.15:10:40::SCWMssOS::PILER_FLAGS=  -O2 -c -mcpu=v11.0 -mlittle-endian -mxl-soft-mul" "EXTRA_COMPILER_FLAGS=-g -ffunction-sections -fdata-sections -W
TRACE::2025-03-25.15:10:40::SCWMssOS::all -Wextra -fno-tree-loop-distribute-patterns"

TRACE::2025-03-25.15:10:40::SCWMssOS::"Running Make libs in microblaze_0/libsrc/bram_v4_8/src"

TRACE::2025-03-25.15:10:40::SCWMssOS::make -C microblaze_0/libsrc/bram_v4_8/src -s libs  "SHELL=CMD" "COMPILER=mb-gcc" "ASSEMBLER=mb-as" "ARCHIVER=mb-ar" "COMPILER_F
TRACE::2025-03-25.15:10:40::SCWMssOS::LAGS=  -O2 -c -mcpu=v11.0 -mlittle-endian -mxl-soft-mul" "EXTRA_COMPILER_FLAGS=-g -ffunction-sections -fdata-sections -Wall -We
TRACE::2025-03-25.15:10:40::SCWMssOS::xtra -fno-tree-loop-distribute-patterns"

TRACE::2025-03-25.15:10:40::SCWMssOS::"Running Make libs in microblaze_0/libsrc/cpu_v2_16/src"

TRACE::2025-03-25.15:10:40::SCWMssOS::make -C microblaze_0/libsrc/cpu_v2_16/src -s libs  "SHELL=CMD" "COMPILER=mb-gcc" "ASSEMBLER=mb-as" "ARCHIVER=mb-ar" "COMPILER_F
TRACE::2025-03-25.15:10:40::SCWMssOS::LAGS=  -O2 -c -mcpu=v11.0 -mlittle-endian -mxl-soft-mul" "EXTRA_COMPILER_FLAGS=-g -ffunction-sections -fdata-sections -Wall -We
TRACE::2025-03-25.15:10:40::SCWMssOS::xtra -fno-tree-loop-distribute-patterns"

TRACE::2025-03-25.15:10:40::SCWMssOS::"Running Make libs in microblaze_0/libsrc/gpio_v4_9/src"

TRACE::2025-03-25.15:10:40::SCWMssOS::make -C microblaze_0/libsrc/gpio_v4_9/src -s libs  "SHELL=CMD" "COMPILER=mb-gcc" "ASSEMBLER=mb-as" "ARCHIVER=mb-ar" "COMPILER_F
TRACE::2025-03-25.15:10:40::SCWMssOS::LAGS=  -O2 -c -mcpu=v11.0 -mlittle-endian -mxl-soft-mul" "EXTRA_COMPILER_FLAGS=-g -ffunction-sections -fdata-sections -Wall -We
TRACE::2025-03-25.15:10:40::SCWMssOS::xtra -fno-tree-loop-distribute-patterns"

TRACE::2025-03-25.15:10:40::SCWMssOS::"Running Make libs in microblaze_0/libsrc/intc_v3_15/src"

TRACE::2025-03-25.15:10:40::SCWMssOS::make -C microblaze_0/libsrc/intc_v3_15/src -s libs  "SHELL=CMD" "COMPILER=mb-gcc" "ASSEMBLER=mb-as" "ARCHIVER=mb-ar" "COMPILER_
TRACE::2025-03-25.15:10:40::SCWMssOS::FLAGS=  -O2 -c -mcpu=v11.0 -mlittle-endian -mxl-soft-mul" "EXTRA_COMPILER_FLAGS=-g -ffunction-sections -fdata-sections -Wall -W
TRACE::2025-03-25.15:10:40::SCWMssOS::extra -fno-tree-loop-distribute-patterns"

TRACE::2025-03-25.15:10:40::SCWMssOS::"Running Make libs in microblaze_0/libsrc/standalone_v8_0/src"

TRACE::2025-03-25.15:10:40::SCWMssOS::make -C microblaze_0/libsrc/standalone_v8_0/src -s libs  "SHELL=CMD" "COMPILER=mb-gcc" "ASSEMBLER=mb-as" "ARCHIVER=mb-ar" "COMP
TRACE::2025-03-25.15:10:40::SCWMssOS::ILER_FLAGS=  -O2 -c -mcpu=v11.0 -mlittle-endian -mxl-soft-mul" "EXTRA_COMPILER_FLAGS=-g -ffunction-sections -fdata-sections -Wa
TRACE::2025-03-25.15:10:40::SCWMssOS::ll -Wextra -fno-tree-loop-distribute-patterns"

TRACE::2025-03-25.15:10:40::SCWMssOS::"Running Make libs in microblaze_0/libsrc/tmrctr_v4_9/src"

TRACE::2025-03-25.15:10:40::SCWMssOS::make -C microblaze_0/libsrc/tmrctr_v4_9/src -s libs  "SHELL=CMD" "COMPILER=mb-gcc" "ASSEMBLER=mb-as" "ARCHIVER=mb-ar" "COMPILER
TRACE::2025-03-25.15:10:40::SCWMssOS::_FLAGS=  -O2 -c -mcpu=v11.0 -mlittle-endian -mxl-soft-mul" "EXTRA_COMPILER_FLAGS=-g -ffunction-sections -fdata-sections -Wall -
TRACE::2025-03-25.15:10:40::SCWMssOS::Wextra -fno-tree-loop-distribute-patterns"

TRACE::2025-03-25.15:10:42::SCWMssOS::"Running Make libs in microblaze_0/libsrc/uartlite_v3_7/src"

TRACE::2025-03-25.15:10:42::SCWMssOS::make -C microblaze_0/libsrc/uartlite_v3_7/src -s libs  "SHELL=CMD" "COMPILER=mb-gcc" "ASSEMBLER=mb-as" "ARCHIVER=mb-ar" "COMPIL
TRACE::2025-03-25.15:10:42::SCWMssOS::ER_FLAGS=  -O2 -c -mcpu=v11.0 -mlittle-endian -mxl-soft-mul" "EXTRA_COMPILER_FLAGS=-g -ffunction-sections -fdata-sections -Wall
TRACE::2025-03-25.15:10:42::SCWMssOS:: -Wextra -fno-tree-loop-distribute-patterns"

TRACE::2025-03-25.15:10:42::SCWMssOS::"DEBUG NON_LTO_OBJECTS is ../../../lib/microblaze_interrupt_handler.o"

TRACE::2025-03-25.15:10:43::SCWMssOS::'Finished building libraries parallelly.'

TRACE::2025-03-25.15:10:43::SCWMssOS::make --no-print-directory archive

TRACE::2025-03-25.15:10:43::SCWMssOS::mb-ar -r  microblaze_0/lib/libxil.a microblaze_0/lib/_exit.o microblaze_0/lib/errno.o microblaze_0/lib/fcntl.o microblaze_0/lib
TRACE::2025-03-25.15:10:43::SCWMssOS::/hw_exception_handler.o microblaze_0/lib/inbyte.o microblaze_0/lib/microblaze_disable_dcache.o microblaze_0/lib/microblaze_disa
TRACE::2025-03-25.15:10:43::SCWMssOS::ble_exceptions.o microblaze_0/lib/microblaze_disable_icache.o microblaze_0/lib/microblaze_disable_interrupts.o microblaze_0/lib
TRACE::2025-03-25.15:10:43::SCWMssOS::/microblaze_enable_dcache.o microblaze_0/lib/microblaze_enable_exceptions.o microblaze_0/lib/microblaze_enable_icache.o microbl
TRACE::2025-03-25.15:10:43::SCWMssOS::aze_0/lib/microblaze_enable_interrupts.o microblaze_0/lib/microblaze_exception_handler.o microblaze_0/lib/microblaze_flush_cach
TRACE::2025-03-25.15:10:43::SCWMssOS::e_ext.o microblaze_0/lib/microblaze_flush_cache_ext_range.o microblaze_0/lib/microblaze_flush_dcache.o microblaze_0/lib/microbl
TRACE::2025-03-25.15:10:43::SCWMssOS::aze_flush_dcache_range.o microblaze_0/lib/microblaze_init_dcache_range.o microblaze_0/lib/microblaze_init_icache_range.o microb
TRACE::2025-03-25.15:10:43::SCWMssOS::laze_0/lib/microblaze_interrupt_handler.o microblaze_0/lib/microblaze_interrupts_g.o microblaze_0/lib/microblaze_invalidate_cac
TRACE::2025-03-25.15:10:43::SCWMssOS::he_ext.o microblaze_0/lib/microblaze_invalidate_cache_ext_range.o microblaze_0/lib/microblaze_invalidate_dcache.o microblaze_0/
TRACE::2025-03-25.15:10:43::SCWMssOS::lib/microblaze_invalidate_dcache_range.o microblaze_0/lib/microblaze_invalidate_icache.o microblaze_0/lib/microblaze_invalidate
TRACE::2025-03-25.15:10:43::SCWMssOS::_icache_range.o microblaze_0/lib/microblaze_scrub.o microblaze_0/lib/microblaze_selftest.o microblaze_0/lib/microblaze_sleep.o 
TRACE::2025-03-25.15:10:43::SCWMssOS::microblaze_0/lib/microblaze_update_dcache.o microblaze_0/lib/microblaze_update_icache.o microblaze_0/lib/outbyte.o microblaze_0
TRACE::2025-03-25.15:10:43::SCWMssOS::/lib/print.o microblaze_0/lib/pvr.o microblaze_0/lib/xbram.o microblaze_0/lib/xbram_g.o microblaze_0/lib/xbram_intr.o microblaz
TRACE::2025-03-25.15:10:43::SCWMssOS::e_0/lib/xbram_selftest.o microblaze_0/lib/xbram_sinit.o microblaze_0/lib/xgpio.o microblaze_0/lib/xgpio_extra.o microblaze_0/li
TRACE::2025-03-25.15:10:43::SCWMssOS::b/xgpio_g.o microblaze_0/lib/xgpio_intr.o microblaze_0/lib/xgpio_selftest.o microblaze_0/lib/xgpio_sinit.o microblaze_0/lib/xil
TRACE::2025-03-25.15:10:43::SCWMssOS::_assert.o microblaze_0/lib/xil_cache.o microblaze_0/lib/xil_clocking.o microblaze_0/lib/xil_exception.o microblaze_0/lib/xil_me
TRACE::2025-03-25.15:10:43::SCWMssOS::m.o microblaze_0/lib/xil_misc_psreset_api.o microblaze_0/lib/xil_printf.o microblaze_0/lib/xil_sleepcommon.o microblaze_0/lib/x
TRACE::2025-03-25.15:10:43::SCWMssOS::il_testcache.o microblaze_0/lib/xil_testio.o microblaze_0/lib/xil_testmem.o microblaze_0/lib/xil_util.o microblaze_0/lib/xintc.
TRACE::2025-03-25.15:10:43::SCWMssOS::o microblaze_0/lib/xintc_g.o microblaze_0/lib/xintc_intr.o microblaze_0/lib/xintc_l.o microblaze_0/lib/xintc_options.o microbla
TRACE::2025-03-25.15:10:43::SCWMssOS::ze_0/lib/xintc_selftest.o microblaze_0/lib/xinterrupt_wrap.o microblaze_0/lib/xio.o microblaze_0/lib/xplatform_info.o microblaz
TRACE::2025-03-25.15:10:43::SCWMssOS::e_0/lib/xtmrctr.o microblaze_0/lib/xtmrctr_g.o microblaze_0/lib/xtmrctr_intr.o microblaze_0/lib/xtmrctr_l.o microblaze_0/lib/xt
TRACE::2025-03-25.15:10:43::SCWMssOS::mrctr_options.o microblaze_0/lib/xtmrctr_selftest.o microblaze_0/lib/xtmrctr_sinit.o microblaze_0/lib/xtmrctr_stats.o microblaz
TRACE::2025-03-25.15:10:43::SCWMssOS::e_0/lib/xuartlite.o microblaze_0/lib/xuartlite_g.o microblaze_0/lib/xuartlite_intr.o microblaze_0/lib/xuartlite_l.o microblaze_
TRACE::2025-03-25.15:10:43::SCWMssOS::0/lib/xuartlite_selftest.o microblaze_0/lib/xuartlite_sinit.o microblaze_0/lib/xuartlite_stats.o

TRACE::2025-03-25.15:10:43::SCWMssOS::'Finished building libraries'

TRACE::2025-03-25.15:10:43::SCWMssOS:: Checking if to create the Supporting Applications
TRACE::2025-03-25.15:10:43::SCWMssOS:: No Linux domain exists, trying to generate FSBL 
LOG::2025-03-25.15:10:43::SCWSystem::Completed Processing the domain standalone_domain
LOG::2025-03-25.15:10:43::SCWSystem::Completed Processing the sysconfig syncBlaze
LOG::2025-03-25.15:10:43::SCWPlatform::Completed generating the artifacts for system configuration syncBlaze
TRACE::2025-03-25.15:10:43::SCWPlatform::Started preparing the platform 
TRACE::2025-03-25.15:10:43::SCWSystem::Writing the bif file for system config syncBlaze
TRACE::2025-03-25.15:10:43::SCWSystem::dir created 
TRACE::2025-03-25.15:10:43::SCWSystem::Writing the bif 
TRACE::2025-03-25.15:10:43::SCWPlatform::Started writing the spfm file 
TRACE::2025-03-25.15:10:43::SCWPlatform::Started writing the xpfm file 
TRACE::2025-03-25.15:10:43::SCWPlatform::Completed generating the platform
TRACE::2025-03-25.15:10:43::SCWMssOS::Saving the mss changes E:/kevin/myCode/microBlaze1/vitisJson/syncBlaze/microblaze_0/standalone_domain/bsp/system.mss
TRACE::2025-03-25.15:10:43::SCWMssOS::Adding the swdes entry, mss present, able to open swdb E:/kevin/myCode/microBlaze1/vitisJson/syncBlaze/microblaze_0/standalone_domain/bsp/system.mss with des name system
TRACE::2025-03-25.15:10:43::SCWMssOS::Writing the mss file completed E:/kevin/myCode/microBlaze1/vitisJson/syncBlaze/microblaze_0/standalone_domain/bsp/system.mss
TRACE::2025-03-25.15:10:43::SCWMssOS::Commit changes completed.
TRACE::2025-03-25.15:10:43::SCWPlatform::Trying to open the hw design at E:/kevin/myCode/microBlaze1/vitisJson/syncBlaze/hw/design_1_wrapper.xsa
TRACE::2025-03-25.15:10:43::SCWPlatform::DSA given E:/kevin/myCode/microBlaze1/vitisJson/syncBlaze/hw/design_1_wrapper.xsa
TRACE::2025-03-25.15:10:43::SCWPlatform::DSA absoulate path E:/kevin/myCode/microBlaze1/vitisJson/syncBlaze/hw/design_1_wrapper.xsa
TRACE::2025-03-25.15:10:43::SCWPlatform::DSA directory E:/kevin/myCode/microBlaze1/vitisJson/syncBlaze/hw
TRACE::2025-03-25.15:10:43::SCWPlatform:: Platform Path E:/kevin/myCode/microBlaze1/vitisJson/syncBlaze/hw/design_1_wrapper.xsa
TRACE::2025-03-25.15:10:43::SCWPlatform:: Unique name xilinx:::0.0
TRACE::2025-03-25.15:10:43::SCWPlatform::Trying to set the existing hwdb with name design_1_wrapper_27
TRACE::2025-03-25.15:10:43::SCWPlatform::Opened existing hwdb design_1_wrapper_27
TRACE::2025-03-25.15:10:43::SCWPlatform::Found the Hw Db part of the input DSA
TRACE::2025-03-25.15:10:43::SCWMssOS::Checking the sw design at  E:/kevin/myCode/microBlaze1/vitisJson/syncBlaze/microblaze_0/standalone_domain/bsp/system.mss
TRACE::2025-03-25.15:10:43::SCWMssOS::DEBUG:  swdes dump  E:/kevin/myCode/microBlaze1/vitisJson/syncBlaze/microblaze_0/standalone_domain/bsp/system.mss|system||

TRACE::2025-03-25.15:10:43::SCWMssOS::Sw design exists and opened at  E:/kevin/myCode/microBlaze1/vitisJson/syncBlaze/microblaze_0/standalone_domain/bsp/system.mss
TRACE::2025-03-25.15:10:43::SCWWriter::formatted JSON is {
	"platformName":	"syncBlaze",
	"sprVersion":	"2.0",
	"mode":	"gui",
	"dsaType":	"Fixed",
	"platformDesc":	"syncBlaze",
	"platHandOff":	"E:/kevin/myCode/microBlaze1/design_1_wrapper.xsa",
	"platIntHandOff":	"<platformDir>/hw/design_1_wrapper.xsa",
	"deviceType":	"FPGA",
	"platIsPrebuiltAutogen":	"false",
	"platIsNoBootBsp":	"false",
	"hasFsblMakeHasChanges":	"false",
	"hasPmufwMakeHasChanges":	"false",
	"platPreBuiltFlag":	false,
	"platformSamplesDir":	"",
	"platActiveSys":	"syncBlaze",
	"systems":	[{
			"systemName":	"syncBlaze",
			"systemDesc":	"syncBlaze",
			"sysIsBootAutoGen":	"true",
			"systemDispName":	"syncBlaze",
			"sysActiveDom":	"standalone_domain",
			"sysDefaultDom":	"standalone_domain",
			"domains":	[{
					"domainName":	"standalone_domain",
					"domainDispName":	"standalone on microblaze_0",
					"domainDesc":	"standalone_domain",
					"processors":	"microblaze_0",
					"os":	"standalone",
					"sdxOs":	"standalone",
					"debugEnable":	"False",
					"domRuntimes":	["cpp"],
					"swRepo":	"",
					"mssOsVer":	"8.0",
					"mssFile":	"",
					"md5Digest":	"e2cdda41e7956801f4f51a65042beca0",
					"compatibleApp":	"",
					"domType":	"mssDomain",
					"arch":	"32-bit",
					"appSettings":	{
						"appCompilerFlags":	"",
						"appLinkerFlags":	""
					},
					"addedLibs":	[],
					"libOptions":	{
						"libsContainingOptions":	[]
					},
					"prebuiltLibs":	{
						"prebuiltIncPath":	[],
						"prebuiltLibPath":	[]
					},
					"isolation":	{
					}
				}]
		}]
}
KEYINFO::2025-03-25.15:10:43::SCWPlatform::updated the xpfm file.
TRACE::2025-03-25.15:10:44::SCWPlatform::Trying to open the hw design at E:/kevin/myCode/microBlaze1/vitisJson/syncBlaze/hw/design_1_wrapper.xsa
TRACE::2025-03-25.15:10:44::SCWPlatform::DSA given E:/kevin/myCode/microBlaze1/vitisJson/syncBlaze/hw/design_1_wrapper.xsa
TRACE::2025-03-25.15:10:44::SCWPlatform::DSA absoulate path E:/kevin/myCode/microBlaze1/vitisJson/syncBlaze/hw/design_1_wrapper.xsa
TRACE::2025-03-25.15:10:44::SCWPlatform::DSA directory E:/kevin/myCode/microBlaze1/vitisJson/syncBlaze/hw
TRACE::2025-03-25.15:10:44::SCWPlatform:: Platform Path E:/kevin/myCode/microBlaze1/vitisJson/syncBlaze/hw/design_1_wrapper.xsa
TRACE::2025-03-25.15:10:44::SCWPlatform:: Unique name xilinx:::0.0
TRACE::2025-03-25.15:10:44::SCWPlatform::Trying to set the existing hwdb with name design_1_wrapper_27
TRACE::2025-03-25.15:10:44::SCWPlatform::Opened existing hwdb design_1_wrapper_27
TRACE::2025-03-25.15:10:44::SCWPlatform::Found the Hw Db part of the input DSA
TRACE::2025-03-25.15:10:44::SCWMssOS::Checking the sw design at  E:/kevin/myCode/microBlaze1/vitisJson/syncBlaze/microblaze_0/standalone_domain/bsp/system.mss
TRACE::2025-03-25.15:10:44::SCWMssOS::DEBUG:  swdes dump  E:/kevin/myCode/microBlaze1/vitisJson/syncBlaze/microblaze_0/standalone_domain/bsp/system.mss|system||

TRACE::2025-03-25.15:10:44::SCWMssOS::Sw design exists and opened at  E:/kevin/myCode/microBlaze1/vitisJson/syncBlaze/microblaze_0/standalone_domain/bsp/system.mss
TRACE::2025-03-25.15:12:47::SCWPlatform::Clearing the existing platform
TRACE::2025-03-25.15:12:47::SCWSystem::Clearing the existing sysconfig
TRACE::2025-03-25.15:12:47::SCWMssOS::Removing the swdes entry for  E:/kevin/myCode/microBlaze1/vitisJson/syncBlaze/microblaze_0/standalone_domain/bsp/system.mss
TRACE::2025-03-25.15:12:47::SCWSystem::Clearing the domains completed.
TRACE::2025-03-25.15:12:47::SCWPlatform::Clearing the opened hw db.
TRACE::2025-03-25.15:12:47::SCWPlatform::DSA given E:/kevin/myCode/microBlaze1/vitisJson/syncBlaze/hw/design_1_wrapper.xsa
TRACE::2025-03-25.15:12:47::SCWPlatform::DSA absoulate path E:/kevin/myCode/microBlaze1/vitisJson/syncBlaze/hw/design_1_wrapper.xsa
TRACE::2025-03-25.15:12:47::SCWPlatform:: Platform location is E:/kevin/myCode/microBlaze1/vitisJson/syncBlaze/hw
TRACE::2025-03-25.15:12:47::SCWPlatform:: Platform Path E:/kevin/myCode/microBlaze1/vitisJson/syncBlaze/hw/design_1_wrapper.xsa
TRACE::2025-03-25.15:12:47::SCWPlatform:: Unique name xilinx:::0.0
TRACE::2025-03-25.15:12:47::SCWPlatform::Removing the HwDB with name E:/kevin/myCode/microBlaze1/vitisJson/syncBlaze/hw/design_1_wrapper.xsa
TRACE::2025-03-25.15:12:47::SCWPlatform::Trying to open the hw design at E:/kevin/myCode/microBlaze1/vitisJson/syncBlaze/hw/design_1_wrapper.xsa
TRACE::2025-03-25.15:12:47::SCWPlatform::DSA given E:/kevin/myCode/microBlaze1/vitisJson/syncBlaze/hw/design_1_wrapper.xsa
TRACE::2025-03-25.15:12:47::SCWPlatform::DSA absoulate path E:/kevin/myCode/microBlaze1/vitisJson/syncBlaze/hw/design_1_wrapper.xsa
TRACE::2025-03-25.15:12:47::SCWPlatform::DSA directory E:/kevin/myCode/microBlaze1/vitisJson/syncBlaze/hw
TRACE::2025-03-25.15:12:47::SCWPlatform:: Platform Path E:/kevin/myCode/microBlaze1/vitisJson/syncBlaze/hw/design_1_wrapper.xsa
TRACE::2025-03-25.15:12:47::SCWPlatform:: Unique name xilinx:::0.0
TRACE::2025-03-25.15:12:47::SCWPlatform::Do not have an existing db opened. 
TRACE::2025-03-25.15:12:48::SCWPlatform::Opened new HwDB with name design_1_wrapper_29
TRACE::2025-03-25.15:12:48::SCWReader::Active system found as  syncBlaze
TRACE::2025-03-25.15:12:48::SCWReader::Handling sysconfig syncBlaze
TRACE::2025-03-25.15:12:48::SCWDomain::checking for install qemu data   : 
TRACE::2025-03-25.15:12:48::SCWPlatform::Trying to open the hw design at E:/kevin/myCode/microBlaze1/vitisJson/syncBlaze/hw/design_1_wrapper.xsa
TRACE::2025-03-25.15:12:48::SCWPlatform::DSA given E:/kevin/myCode/microBlaze1/vitisJson/syncBlaze/hw/design_1_wrapper.xsa
TRACE::2025-03-25.15:12:48::SCWPlatform::DSA absoulate path E:/kevin/myCode/microBlaze1/vitisJson/syncBlaze/hw/design_1_wrapper.xsa
TRACE::2025-03-25.15:12:48::SCWPlatform::DSA directory E:/kevin/myCode/microBlaze1/vitisJson/syncBlaze/hw
TRACE::2025-03-25.15:12:48::SCWPlatform:: Platform Path E:/kevin/myCode/microBlaze1/vitisJson/syncBlaze/hw/design_1_wrapper.xsa
TRACE::2025-03-25.15:12:48::SCWPlatform:: Unique name xilinx:::0.0
TRACE::2025-03-25.15:12:48::SCWPlatform::Trying to set the existing hwdb with name design_1_wrapper_29
TRACE::2025-03-25.15:12:48::SCWPlatform::Opened existing hwdb design_1_wrapper_29
TRACE::2025-03-25.15:12:48::SCWPlatform::Found the Hw Db part of the input DSA
TRACE::2025-03-25.15:12:48::SCWPlatform::Trying to open the hw design at E:/kevin/myCode/microBlaze1/vitisJson/syncBlaze/hw/design_1_wrapper.xsa
TRACE::2025-03-25.15:12:48::SCWPlatform::DSA given E:/kevin/myCode/microBlaze1/vitisJson/syncBlaze/hw/design_1_wrapper.xsa
TRACE::2025-03-25.15:12:48::SCWPlatform::DSA absoulate path E:/kevin/myCode/microBlaze1/vitisJson/syncBlaze/hw/design_1_wrapper.xsa
TRACE::2025-03-25.15:12:48::SCWPlatform::DSA directory E:/kevin/myCode/microBlaze1/vitisJson/syncBlaze/hw
TRACE::2025-03-25.15:12:48::SCWPlatform:: Platform Path E:/kevin/myCode/microBlaze1/vitisJson/syncBlaze/hw/design_1_wrapper.xsa
TRACE::2025-03-25.15:12:48::SCWPlatform:: Unique name xilinx:::0.0
TRACE::2025-03-25.15:12:48::SCWPlatform::Trying to set the existing hwdb with name design_1_wrapper_29
TRACE::2025-03-25.15:12:48::SCWPlatform::Opened existing hwdb design_1_wrapper_29
TRACE::2025-03-25.15:12:48::SCWPlatform::Found the Hw Db part of the input DSA
TRACE::2025-03-25.15:12:48::SCWPlatform::Trying to open the hw design at E:/kevin/myCode/microBlaze1/vitisJson/syncBlaze/hw/design_1_wrapper.xsa
TRACE::2025-03-25.15:12:48::SCWPlatform::DSA given E:/kevin/myCode/microBlaze1/vitisJson/syncBlaze/hw/design_1_wrapper.xsa
TRACE::2025-03-25.15:12:48::SCWPlatform::DSA absoulate path E:/kevin/myCode/microBlaze1/vitisJson/syncBlaze/hw/design_1_wrapper.xsa
TRACE::2025-03-25.15:12:48::SCWPlatform::DSA directory E:/kevin/myCode/microBlaze1/vitisJson/syncBlaze/hw
TRACE::2025-03-25.15:12:48::SCWPlatform:: Platform Path E:/kevin/myCode/microBlaze1/vitisJson/syncBlaze/hw/design_1_wrapper.xsa
TRACE::2025-03-25.15:12:48::SCWPlatform:: Unique name xilinx:::0.0
TRACE::2025-03-25.15:12:48::SCWPlatform::Trying to set the existing hwdb with name design_1_wrapper_29
TRACE::2025-03-25.15:12:48::SCWPlatform::Opened existing hwdb design_1_wrapper_29
TRACE::2025-03-25.15:12:48::SCWPlatform::Found the Hw Db part of the input DSA
TRACE::2025-03-25.15:12:48::SCWPlatform::Trying to open the hw design at E:/kevin/myCode/microBlaze1/vitisJson/syncBlaze/hw/design_1_wrapper.xsa
TRACE::2025-03-25.15:12:48::SCWPlatform::DSA given E:/kevin/myCode/microBlaze1/vitisJson/syncBlaze/hw/design_1_wrapper.xsa
TRACE::2025-03-25.15:12:48::SCWPlatform::DSA absoulate path E:/kevin/myCode/microBlaze1/vitisJson/syncBlaze/hw/design_1_wrapper.xsa
TRACE::2025-03-25.15:12:48::SCWPlatform::DSA directory E:/kevin/myCode/microBlaze1/vitisJson/syncBlaze/hw
TRACE::2025-03-25.15:12:48::SCWPlatform:: Platform Path E:/kevin/myCode/microBlaze1/vitisJson/syncBlaze/hw/design_1_wrapper.xsa
TRACE::2025-03-25.15:12:48::SCWPlatform:: Unique name xilinx:::0.0
TRACE::2025-03-25.15:12:48::SCWPlatform::Trying to set the existing hwdb with name design_1_wrapper_29
TRACE::2025-03-25.15:12:48::SCWPlatform::Opened existing hwdb design_1_wrapper_29
TRACE::2025-03-25.15:12:48::SCWPlatform::Found the Hw Db part of the input DSA
TRACE::2025-03-25.15:12:48::SCWMssOS::Checking the sw design at  E:/kevin/myCode/microBlaze1/vitisJson/syncBlaze/microblaze_0/standalone_domain/bsp/system.mss
TRACE::2025-03-25.15:12:48::SCWMssOS::DEBUG:  swdes dump  
TRACE::2025-03-25.15:12:48::SCWMssOS::No sw design opened at  E:/kevin/myCode/microBlaze1/vitisJson/syncBlaze/microblaze_0/standalone_domain/bsp/system.mss
TRACE::2025-03-25.15:12:48::SCWMssOS::mss exists loading the mss file  E:/kevin/myCode/microBlaze1/vitisJson/syncBlaze/microblaze_0/standalone_domain/bsp/system.mss
TRACE::2025-03-25.15:12:48::SCWMssOS::Opened the sw design from mss  E:/kevin/myCode/microBlaze1/vitisJson/syncBlaze/microblaze_0/standalone_domain/bsp/system.mss
TRACE::2025-03-25.15:12:48::SCWMssOS::Adding the swdes entry E:/kevin/myCode/microBlaze1/vitisJson/syncBlaze/microblaze_0/standalone_domain/bsp/system.mss with des name system
TRACE::2025-03-25.15:12:48::SCWMssOS::updating the scw layer about changes
TRACE::2025-03-25.15:12:48::SCWMssOS::Opened the sw design.  E:/kevin/myCode/microBlaze1/vitisJson/syncBlaze/microblaze_0/standalone_domain/bsp/system.mss
TRACE::2025-03-25.15:12:48::SCWMssOS::Saving the mss changes E:/kevin/myCode/microBlaze1/vitisJson/syncBlaze/microblaze_0/standalone_domain/bsp/system.mss
TRACE::2025-03-25.15:12:48::SCWMssOS::Found a swdesign opened with the mssfile.
TRACE::2025-03-25.15:12:48::SCWMssOS::Completed writemss as part of save.
TRACE::2025-03-25.15:12:48::SCWMssOS::Commit changes completed.
TRACE::2025-03-25.15:12:48::SCWReader::Adding prebuilt librarypaths as   
TRACE::2025-03-25.15:12:48::SCWReader::Adding prebuilt incpaths  as   
TRACE::2025-03-25.15:12:48::SCWPlatform::Trying to open the hw design at E:/kevin/myCode/microBlaze1/vitisJson/syncBlaze/hw/design_1_wrapper.xsa
TRACE::2025-03-25.15:12:48::SCWPlatform::DSA given E:/kevin/myCode/microBlaze1/vitisJson/syncBlaze/hw/design_1_wrapper.xsa
TRACE::2025-03-25.15:12:48::SCWPlatform::DSA absoulate path E:/kevin/myCode/microBlaze1/vitisJson/syncBlaze/hw/design_1_wrapper.xsa
TRACE::2025-03-25.15:12:48::SCWPlatform::DSA directory E:/kevin/myCode/microBlaze1/vitisJson/syncBlaze/hw
TRACE::2025-03-25.15:12:48::SCWPlatform:: Platform Path E:/kevin/myCode/microBlaze1/vitisJson/syncBlaze/hw/design_1_wrapper.xsa
TRACE::2025-03-25.15:12:48::SCWPlatform:: Unique name xilinx:::0.0
TRACE::2025-03-25.15:12:48::SCWPlatform::Trying to set the existing hwdb with name design_1_wrapper_29
TRACE::2025-03-25.15:12:48::SCWPlatform::Opened existing hwdb design_1_wrapper_29
TRACE::2025-03-25.15:12:48::SCWPlatform::Found the Hw Db part of the input DSA
TRACE::2025-03-25.15:12:48::SCWMssOS::Checking the sw design at  E:/kevin/myCode/microBlaze1/vitisJson/syncBlaze/microblaze_0/standalone_domain/bsp/system.mss
TRACE::2025-03-25.15:12:48::SCWMssOS::DEBUG:  swdes dump  E:/kevin/myCode/microBlaze1/vitisJson/syncBlaze/microblaze_0/standalone_domain/bsp/system.mss|system||

TRACE::2025-03-25.15:12:48::SCWMssOS::Sw design exists and opened at  E:/kevin/myCode/microBlaze1/vitisJson/syncBlaze/microblaze_0/standalone_domain/bsp/system.mss
TRACE::2025-03-25.15:12:48::SCWReader::No isolation master present  
TRACE::2025-03-25.15:13:04::SCWPlatform::DSA given E:/kevin/myCode/microBlaze1/vitisJson/syncBlaze/tempdsa/design_1_wrapper.xsa
TRACE::2025-03-25.15:13:04::SCWPlatform::DSA absoulate path E:/kevin/myCode/microBlaze1/vitisJson/syncBlaze/tempdsa/design_1_wrapper.xsa
TRACE::2025-03-25.15:13:04::SCWPlatform:: Platform location is E:/kevin/myCode/microBlaze1/vitisJson/syncBlaze/tempdsa
TRACE::2025-03-25.15:13:04::SCWPlatform:: Platform Path E:/kevin/myCode/microBlaze1/vitisJson/syncBlaze/tempdsa/design_1_wrapper.xsa
TRACE::2025-03-25.15:13:04::SCWPlatform:: Unique name xilinx:::0.0
TRACE::2025-03-25.15:13:04::SCWPlatform::Found the Hw Db part of the input DSA
TRACE::2025-03-25.15:13:04::SCWMssOS::Doing hw sync for the mss in domain: standalone_domain
TRACE::2025-03-25.15:13:04::SCWPlatform::Trying to open the hw design at E:/kevin/myCode/microBlaze1/vitisJson/syncBlaze/hw/design_1_wrapper.xsa
TRACE::2025-03-25.15:13:04::SCWPlatform::DSA given E:/kevin/myCode/microBlaze1/vitisJson/syncBlaze/hw/design_1_wrapper.xsa
TRACE::2025-03-25.15:13:04::SCWPlatform::DSA absoulate path E:/kevin/myCode/microBlaze1/vitisJson/syncBlaze/hw/design_1_wrapper.xsa
TRACE::2025-03-25.15:13:04::SCWPlatform::DSA directory E:/kevin/myCode/microBlaze1/vitisJson/syncBlaze/hw
TRACE::2025-03-25.15:13:04::SCWPlatform:: Platform Path E:/kevin/myCode/microBlaze1/vitisJson/syncBlaze/hw/design_1_wrapper.xsa
TRACE::2025-03-25.15:13:04::SCWPlatform:: Unique name xilinx:::0.0
TRACE::2025-03-25.15:13:04::SCWPlatform::Trying to set the existing hwdb with name design_1_wrapper_29
TRACE::2025-03-25.15:13:04::SCWPlatform::Opened existing hwdb design_1_wrapper_29
TRACE::2025-03-25.15:13:04::SCWPlatform::Found the Hw Db part of the input DSA
TRACE::2025-03-25.15:13:04::SCWPlatform::Trying to open the hw design at E:/kevin/myCode/microBlaze1/vitisJson/syncBlaze/hw/design_1_wrapper.xsa
TRACE::2025-03-25.15:13:04::SCWPlatform::DSA given E:/kevin/myCode/microBlaze1/vitisJson/syncBlaze/hw/design_1_wrapper.xsa
TRACE::2025-03-25.15:13:04::SCWPlatform::DSA absoulate path E:/kevin/myCode/microBlaze1/vitisJson/syncBlaze/hw/design_1_wrapper.xsa
TRACE::2025-03-25.15:13:04::SCWPlatform::DSA directory E:/kevin/myCode/microBlaze1/vitisJson/syncBlaze/hw
TRACE::2025-03-25.15:13:04::SCWPlatform:: Platform Path E:/kevin/myCode/microBlaze1/vitisJson/syncBlaze/hw/design_1_wrapper.xsa
TRACE::2025-03-25.15:13:04::SCWPlatform:: Unique name xilinx:::0.0
TRACE::2025-03-25.15:13:04::SCWPlatform::Trying to set the existing hwdb with name design_1_wrapper_29
TRACE::2025-03-25.15:13:04::SCWPlatform::Opened existing hwdb design_1_wrapper_29
TRACE::2025-03-25.15:13:04::SCWPlatform::Found the Hw Db part of the input DSA
TRACE::2025-03-25.15:13:04::SCWMssOS::Checking the sw design at  E:/kevin/myCode/microBlaze1/vitisJson/syncBlaze/microblaze_0/standalone_domain/bsp/system.mss
TRACE::2025-03-25.15:13:04::SCWMssOS::DEBUG:  swdes dump  E:/kevin/myCode/microBlaze1/vitisJson/syncBlaze/microblaze_0/standalone_domain/bsp/system.mss|system||

TRACE::2025-03-25.15:13:04::SCWMssOS::Sw design exists and opened at  E:/kevin/myCode/microBlaze1/vitisJson/syncBlaze/microblaze_0/standalone_domain/bsp/system.mss
TRACE::2025-03-25.15:13:04::SCWPlatform::Trying to open the hw design at E:/kevin/myCode/microBlaze1/vitisJson/syncBlaze/tempdsa/design_1_wrapper.xsa
TRACE::2025-03-25.15:13:04::SCWPlatform::DSA given E:/kevin/myCode/microBlaze1/vitisJson/syncBlaze/tempdsa/design_1_wrapper.xsa
TRACE::2025-03-25.15:13:04::SCWPlatform::DSA absoulate path E:/kevin/myCode/microBlaze1/vitisJson/syncBlaze/tempdsa/design_1_wrapper.xsa
TRACE::2025-03-25.15:13:04::SCWPlatform::DSA directory E:/kevin/myCode/microBlaze1/vitisJson/syncBlaze/tempdsa
TRACE::2025-03-25.15:13:04::SCWPlatform:: Platform Path E:/kevin/myCode/microBlaze1/vitisJson/syncBlaze/tempdsa/design_1_wrapper.xsa
TRACE::2025-03-25.15:13:04::SCWPlatform:: Unique name xilinx:::0.0
TRACE::2025-03-25.15:13:04::SCWPlatform::update - Opened existing hwdb design_1_wrapper_30
TRACE::2025-03-25.15:13:04::SCWPlatform::Found the Hw Db part of the input DSA
TRACE::2025-03-25.15:13:04::SCWMssOS::Saving the mss changes E:/kevin/myCode/microBlaze1/vitisJson/syncBlaze/microblaze_0/standalone_domain/bsp/system.mss
TRACE::2025-03-25.15:13:04::SCWMssOS::Found a swdesign opened with the mssfile.
TRACE::2025-03-25.15:13:04::SCWMssOS::Completed writemss as part of save.
TRACE::2025-03-25.15:13:04::SCWMssOS::Commit changes completed.
TRACE::2025-03-25.15:13:04::SCWMssOS::Completed hw sync for the mss in domain: standalone_domain
TRACE::2025-03-25.15:13:04::SCWMssOS::Removing the swdes entry for  E:/kevin/myCode/microBlaze1/vitisJson/syncBlaze/microblaze_0/standalone_domain/bsp/system.mss
TRACE::2025-03-25.15:13:04::SCWPlatform::Trying to open the hw design at E:/kevin/myCode/microBlaze1/vitisJson/syncBlaze/hw/design_1_wrapper.xsa
TRACE::2025-03-25.15:13:04::SCWPlatform::DSA given E:/kevin/myCode/microBlaze1/vitisJson/syncBlaze/hw/design_1_wrapper.xsa
TRACE::2025-03-25.15:13:04::SCWPlatform::DSA absoulate path E:/kevin/myCode/microBlaze1/vitisJson/syncBlaze/hw/design_1_wrapper.xsa
TRACE::2025-03-25.15:13:04::SCWPlatform::DSA directory E:/kevin/myCode/microBlaze1/vitisJson/syncBlaze/hw
TRACE::2025-03-25.15:13:04::SCWPlatform:: Platform Path E:/kevin/myCode/microBlaze1/vitisJson/syncBlaze/hw/design_1_wrapper.xsa
TRACE::2025-03-25.15:13:04::SCWPlatform:: Unique name xilinx:::0.0
TRACE::2025-03-25.15:13:04::SCWPlatform::Do not have an existing db opened. 
TRACE::2025-03-25.15:13:04::SCWPlatform::Opened new HwDB with name design_1_wrapper_31
TRACE::2025-03-25.15:13:04::SCWMssOS::Saving the mss changes E:/kevin/myCode/microBlaze1/vitisJson/syncBlaze/microblaze_0/standalone_domain/bsp/system.mss
TRACE::2025-03-25.15:13:04::SCWMssOS::Adding the swdes entry, mss present, able to open swdb E:/kevin/myCode/microBlaze1/vitisJson/syncBlaze/microblaze_0/standalone_domain/bsp/system.mss with des name system
TRACE::2025-03-25.15:13:04::SCWMssOS::Writing the mss file completed E:/kevin/myCode/microBlaze1/vitisJson/syncBlaze/microblaze_0/standalone_domain/bsp/system.mss
TRACE::2025-03-25.15:13:04::SCWMssOS::Commit changes completed.
TRACE::2025-03-25.15:13:04::SCWPlatform::Trying to open the hw design at E:/kevin/myCode/microBlaze1/vitisJson/syncBlaze/hw/design_1_wrapper.xsa
TRACE::2025-03-25.15:13:04::SCWPlatform::DSA given E:/kevin/myCode/microBlaze1/vitisJson/syncBlaze/hw/design_1_wrapper.xsa
TRACE::2025-03-25.15:13:04::SCWPlatform::DSA absoulate path E:/kevin/myCode/microBlaze1/vitisJson/syncBlaze/hw/design_1_wrapper.xsa
TRACE::2025-03-25.15:13:04::SCWPlatform::DSA directory E:/kevin/myCode/microBlaze1/vitisJson/syncBlaze/hw
TRACE::2025-03-25.15:13:04::SCWPlatform:: Platform Path E:/kevin/myCode/microBlaze1/vitisJson/syncBlaze/hw/design_1_wrapper.xsa
TRACE::2025-03-25.15:13:04::SCWPlatform:: Unique name xilinx:::0.0
TRACE::2025-03-25.15:13:04::SCWPlatform::Trying to set the existing hwdb with name design_1_wrapper_31
TRACE::2025-03-25.15:13:04::SCWPlatform::Opened existing hwdb design_1_wrapper_31
TRACE::2025-03-25.15:13:04::SCWPlatform::Found the Hw Db part of the input DSA
TRACE::2025-03-25.15:13:04::SCWMssOS::Checking the sw design at  E:/kevin/myCode/microBlaze1/vitisJson/syncBlaze/microblaze_0/standalone_domain/bsp/system.mss
TRACE::2025-03-25.15:13:04::SCWMssOS::DEBUG:  swdes dump  E:/kevin/myCode/microBlaze1/vitisJson/syncBlaze/microblaze_0/standalone_domain/bsp/system.mss|system||

TRACE::2025-03-25.15:13:04::SCWMssOS::Sw design exists and opened at  E:/kevin/myCode/microBlaze1/vitisJson/syncBlaze/microblaze_0/standalone_domain/bsp/system.mss
TRACE::2025-03-25.15:13:04::SCWWriter::formatted JSON is {
	"platformName":	"syncBlaze",
	"sprVersion":	"2.0",
	"mode":	"gui",
	"dsaType":	"Fixed",
	"platformDesc":	"syncBlaze",
	"platHandOff":	"E:/kevin/myCode/microBlaze1/design_1_wrapper.xsa",
	"platIntHandOff":	"<platformDir>/hw/design_1_wrapper.xsa",
	"deviceType":	"FPGA",
	"platIsPrebuiltAutogen":	"false",
	"platIsNoBootBsp":	"false",
	"hasFsblMakeHasChanges":	"false",
	"hasPmufwMakeHasChanges":	"false",
	"platPreBuiltFlag":	false,
	"platformSamplesDir":	"",
	"platActiveSys":	"syncBlaze",
	"systems":	[{
			"systemName":	"syncBlaze",
			"systemDesc":	"syncBlaze",
			"sysIsBootAutoGen":	"true",
			"systemDispName":	"syncBlaze",
			"sysActiveDom":	"standalone_domain",
			"sysDefaultDom":	"standalone_domain",
			"domains":	[{
					"domainName":	"standalone_domain",
					"domainDispName":	"standalone on microblaze_0",
					"domainDesc":	"standalone_domain",
					"processors":	"microblaze_0",
					"os":	"standalone",
					"sdxOs":	"standalone",
					"debugEnable":	"False",
					"domRuntimes":	["cpp"],
					"swRepo":	"",
					"mssOsVer":	"8.0",
					"mssFile":	"",
					"md5Digest":	"e2cdda41e7956801f4f51a65042beca01",
					"compatibleApp":	"",
					"domType":	"mssDomain",
					"arch":	"32-bit",
					"appSettings":	{
						"appCompilerFlags":	"",
						"appLinkerFlags":	""
					},
					"addedLibs":	[],
					"libOptions":	{
						"libsContainingOptions":	[]
					},
					"prebuiltLibs":	{
						"prebuiltIncPath":	[],
						"prebuiltLibPath":	[]
					},
					"isolation":	{
					}
				}]
		}]
}
LOG::2025-03-25.15:13:15::SCWPlatform::Started generating the artifacts platform syncBlaze
TRACE::2025-03-25.15:13:15::SCWPlatform::Sanity checking of platform is completed
LOG::2025-03-25.15:13:15::SCWPlatform::Started generating the artifacts for system configuration syncBlaze
LOG::2025-03-25.15:13:15::SCWSystem::Checking the domain standalone_domain
LOG::2025-03-25.15:13:15::SCWSystem::Not a boot domain 
LOG::2025-03-25.15:13:15::SCWSystem::Started Processing the domain standalone_domain
TRACE::2025-03-25.15:13:15::SCWDomain::Generating domain artifcats
TRACE::2025-03-25.15:13:15::SCWMssOS::Generating standalone artifcats
TRACE::2025-03-25.15:13:15::SCWMssOS:: Copying the user libraries. 
TRACE::2025-03-25.15:13:15::SCWPlatform::Trying to open the hw design at E:/kevin/myCode/microBlaze1/vitisJson/syncBlaze/hw/design_1_wrapper.xsa
TRACE::2025-03-25.15:13:15::SCWPlatform::DSA given E:/kevin/myCode/microBlaze1/vitisJson/syncBlaze/hw/design_1_wrapper.xsa
TRACE::2025-03-25.15:13:15::SCWPlatform::DSA absoulate path E:/kevin/myCode/microBlaze1/vitisJson/syncBlaze/hw/design_1_wrapper.xsa
TRACE::2025-03-25.15:13:15::SCWPlatform::DSA directory E:/kevin/myCode/microBlaze1/vitisJson/syncBlaze/hw
TRACE::2025-03-25.15:13:15::SCWPlatform:: Platform Path E:/kevin/myCode/microBlaze1/vitisJson/syncBlaze/hw/design_1_wrapper.xsa
TRACE::2025-03-25.15:13:15::SCWPlatform:: Unique name xilinx:::0.0
TRACE::2025-03-25.15:13:15::SCWPlatform::Trying to set the existing hwdb with name design_1_wrapper_31
TRACE::2025-03-25.15:13:15::SCWPlatform::Opened existing hwdb design_1_wrapper_31
TRACE::2025-03-25.15:13:15::SCWPlatform::Found the Hw Db part of the input DSA
TRACE::2025-03-25.15:13:15::SCWMssOS::Checking the sw design at  E:/kevin/myCode/microBlaze1/vitisJson/syncBlaze/microblaze_0/standalone_domain/bsp/system.mss
TRACE::2025-03-25.15:13:15::SCWMssOS::DEBUG:  swdes dump  E:/kevin/myCode/microBlaze1/vitisJson/syncBlaze/microblaze_0/standalone_domain/bsp/system.mss|system||

TRACE::2025-03-25.15:13:15::SCWMssOS::Sw design exists and opened at  E:/kevin/myCode/microBlaze1/vitisJson/syncBlaze/microblaze_0/standalone_domain/bsp/system.mss
TRACE::2025-03-25.15:13:15::SCWMssOS::Completed writing the mss file at E:/kevin/myCode/microBlaze1/vitisJson/syncBlaze/microblaze_0/standalone_domain/bsp
TRACE::2025-03-25.15:13:15::SCWMssOS::Mss edits present, copying mssfile into export location E:/kevin/myCode/microBlaze1/vitisJson/syncBlaze/microblaze_0/standalone_domain/bsp/system.mss
TRACE::2025-03-25.15:13:15::SCWMssOS::bsp generated is stale removing and regenerating. 
TRACE::2025-03-25.15:13:16::SCWMssOS::doing bsp build ... 
TRACE::2025-03-25.15:13:16::SCWMssOS::System Command Ran  E: & cd  E:/kevin/myCode/microBlaze1/vitisJson/syncBlaze/microblaze_0/standalone_domain/bsp & make 
TRACE::2025-03-25.15:13:16::SCWMssOS::make --no-print-directory seq_libs

TRACE::2025-03-25.15:13:16::SCWMssOS::'Finished building libraries sequentially.'

TRACE::2025-03-25.15:13:16::SCWMssOS::make -j 14 --no-print-directory par_libs

TRACE::2025-03-25.15:13:16::SCWMssOS::"Running Make include in microblaze_0/libsrc/bram_v4_8/src"

TRACE::2025-03-25.15:13:16::SCWMssOS::make -C microblaze_0/libsrc/bram_v4_8/src -s include  "SHELL=CMD" "COMPILER=mb-gcc" "ASSEMBLER=mb-as" "ARCHIVER=mb-ar" "COMPILE
TRACE::2025-03-25.15:13:16::SCWMssOS::R_FLAGS=  -O2 -c -mcpu=v11.0 -mlittle-endian -mxl-soft-mul" "EXTRA_COMPILER_FLAGS=-g -ffunction-sections -fdata-sections -Wall 
TRACE::2025-03-25.15:13:16::SCWMssOS::-Wextra -fno-tree-loop-distribute-patterns"

TRACE::2025-03-25.15:13:16::SCWMssOS::"Running Make include in microblaze_0/libsrc/cpu_v2_16/src"

TRACE::2025-03-25.15:13:16::SCWMssOS::make -C microblaze_0/libsrc/cpu_v2_16/src -s include  "SHELL=CMD" "COMPILER=mb-gcc" "ASSEMBLER=mb-as" "ARCHIVER=mb-ar" "COMPILE
TRACE::2025-03-25.15:13:16::SCWMssOS::R_FLAGS=  -O2 -c -mcpu=v11.0 -mlittle-endian -mxl-soft-mul" "EXTRA_COMPILER_FLAGS=-g -ffunction-sections -fdata-sections -Wall 
TRACE::2025-03-25.15:13:16::SCWMssOS::-Wextra -fno-tree-loop-distribute-patterns"

TRACE::2025-03-25.15:13:16::SCWMssOS::"Running Make include in microblaze_0/libsrc/gpio_v4_9/src"

TRACE::2025-03-25.15:13:16::SCWMssOS::make -C microblaze_0/libsrc/gpio_v4_9/src -s include  "SHELL=CMD" "COMPILER=mb-gcc" "ASSEMBLER=mb-as" "ARCHIVER=mb-ar" "COMPILE
TRACE::2025-03-25.15:13:16::SCWMssOS::R_FLAGS=  -O2 -c -mcpu=v11.0 -mlittle-endian -mxl-soft-mul" "EXTRA_COMPILER_FLAGS=-g -ffunction-sections -fdata-sections -Wall 
TRACE::2025-03-25.15:13:16::SCWMssOS::-Wextra -fno-tree-loop-distribute-patterns"

TRACE::2025-03-25.15:13:16::SCWMssOS::"Running Make include in microblaze_0/libsrc/intc_v3_15/src"

TRACE::2025-03-25.15:13:16::SCWMssOS::make -C microblaze_0/libsrc/intc_v3_15/src -s include  "SHELL=CMD" "COMPILER=mb-gcc" "ASSEMBLER=mb-as" "ARCHIVER=mb-ar" "COMPIL
TRACE::2025-03-25.15:13:16::SCWMssOS::ER_FLAGS=  -O2 -c -mcpu=v11.0 -mlittle-endian -mxl-soft-mul" "EXTRA_COMPILER_FLAGS=-g -ffunction-sections -fdata-sections -Wall
TRACE::2025-03-25.15:13:16::SCWMssOS:: -Wextra -fno-tree-loop-distribute-patterns"

TRACE::2025-03-25.15:13:16::SCWMssOS::"Running Make include in microblaze_0/libsrc/standalone_v8_0/src"

TRACE::2025-03-25.15:13:16::SCWMssOS::make -C microblaze_0/libsrc/standalone_v8_0/src -s include  "SHELL=CMD" "COMPILER=mb-gcc" "ASSEMBLER=mb-as" "ARCHIVER=mb-ar" "C
TRACE::2025-03-25.15:13:16::SCWMssOS::OMPILER_FLAGS=  -O2 -c -mcpu=v11.0 -mlittle-endian -mxl-soft-mul" "EXTRA_COMPILER_FLAGS=-g -ffunction-sections -fdata-sections 
TRACE::2025-03-25.15:13:16::SCWMssOS::-Wall -Wextra -fno-tree-loop-distribute-patterns"

TRACE::2025-03-25.15:13:16::SCWMssOS::"Running Make include in microblaze_0/libsrc/tmrctr_v4_9/src"

TRACE::2025-03-25.15:13:16::SCWMssOS::make -C microblaze_0/libsrc/tmrctr_v4_9/src -s include  "SHELL=CMD" "COMPILER=mb-gcc" "ASSEMBLER=mb-as" "ARCHIVER=mb-ar" "COMPI
TRACE::2025-03-25.15:13:16::SCWMssOS::LER_FLAGS=  -O2 -c -mcpu=v11.0 -mlittle-endian -mxl-soft-mul" "EXTRA_COMPILER_FLAGS=-g -ffunction-sections -fdata-sections -Wal
TRACE::2025-03-25.15:13:16::SCWMssOS::l -Wextra -fno-tree-loop-distribute-patterns"

TRACE::2025-03-25.15:13:16::SCWMssOS::"Running Make include in microblaze_0/libsrc/uartlite_v3_7/src"

TRACE::2025-03-25.15:13:16::SCWMssOS::make -C microblaze_0/libsrc/uartlite_v3_7/src -s include  "SHELL=CMD" "COMPILER=mb-gcc" "ASSEMBLER=mb-as" "ARCHIVER=mb-ar" "COM
TRACE::2025-03-25.15:13:16::SCWMssOS::PILER_FLAGS=  -O2 -c -mcpu=v11.0 -mlittle-endian -mxl-soft-mul" "EXTRA_COMPILER_FLAGS=-g -ffunction-sections -fdata-sections -W
TRACE::2025-03-25.15:13:16::SCWMssOS::all -Wextra -fno-tree-loop-distribute-patterns"

TRACE::2025-03-25.15:13:16::SCWMssOS::"Running Make libs in microblaze_0/libsrc/bram_v4_8/src"

TRACE::2025-03-25.15:13:16::SCWMssOS::make -C microblaze_0/libsrc/bram_v4_8/src -s libs  "SHELL=CMD" "COMPILER=mb-gcc" "ASSEMBLER=mb-as" "ARCHIVER=mb-ar" "COMPILER_F
TRACE::2025-03-25.15:13:16::SCWMssOS::LAGS=  -O2 -c -mcpu=v11.0 -mlittle-endian -mxl-soft-mul" "EXTRA_COMPILER_FLAGS=-g -ffunction-sections -fdata-sections -Wall -We
TRACE::2025-03-25.15:13:16::SCWMssOS::xtra -fno-tree-loop-distribute-patterns"

TRACE::2025-03-25.15:13:16::SCWMssOS::"Running Make libs in microblaze_0/libsrc/cpu_v2_16/src"

TRACE::2025-03-25.15:13:16::SCWMssOS::make -C microblaze_0/libsrc/cpu_v2_16/src -s libs  "SHELL=CMD" "COMPILER=mb-gcc" "ASSEMBLER=mb-as" "ARCHIVER=mb-ar" "COMPILER_F
TRACE::2025-03-25.15:13:16::SCWMssOS::LAGS=  -O2 -c -mcpu=v11.0 -mlittle-endian -mxl-soft-mul" "EXTRA_COMPILER_FLAGS=-g -ffunction-sections -fdata-sections -Wall -We
TRACE::2025-03-25.15:13:16::SCWMssOS::xtra -fno-tree-loop-distribute-patterns"

TRACE::2025-03-25.15:13:16::SCWMssOS::"Running Make libs in microblaze_0/libsrc/gpio_v4_9/src"

TRACE::2025-03-25.15:13:16::SCWMssOS::make -C microblaze_0/libsrc/gpio_v4_9/src -s libs  "SHELL=CMD" "COMPILER=mb-gcc" "ASSEMBLER=mb-as" "ARCHIVER=mb-ar" "COMPILER_F
TRACE::2025-03-25.15:13:16::SCWMssOS::LAGS=  -O2 -c -mcpu=v11.0 -mlittle-endian -mxl-soft-mul" "EXTRA_COMPILER_FLAGS=-g -ffunction-sections -fdata-sections -Wall -We
TRACE::2025-03-25.15:13:16::SCWMssOS::xtra -fno-tree-loop-distribute-patterns"

TRACE::2025-03-25.15:13:16::SCWMssOS::"Running Make libs in microblaze_0/libsrc/intc_v3_15/src"

TRACE::2025-03-25.15:13:16::SCWMssOS::make -C microblaze_0/libsrc/intc_v3_15/src -s libs  "SHELL=CMD" "COMPILER=mb-gcc" "ASSEMBLER=mb-as" "ARCHIVER=mb-ar" "COMPILER_
TRACE::2025-03-25.15:13:16::SCWMssOS::FLAGS=  -O2 -c -mcpu=v11.0 -mlittle-endian -mxl-soft-mul" "EXTRA_COMPILER_FLAGS=-g -ffunction-sections -fdata-sections -Wall -W
TRACE::2025-03-25.15:13:16::SCWMssOS::extra -fno-tree-loop-distribute-patterns"

TRACE::2025-03-25.15:13:16::SCWMssOS::"Running Make libs in microblaze_0/libsrc/standalone_v8_0/src"

TRACE::2025-03-25.15:13:16::SCWMssOS::make -C microblaze_0/libsrc/standalone_v8_0/src -s libs  "SHELL=CMD" "COMPILER=mb-gcc" "ASSEMBLER=mb-as" "ARCHIVER=mb-ar" "COMP
TRACE::2025-03-25.15:13:16::SCWMssOS::ILER_FLAGS=  -O2 -c -mcpu=v11.0 -mlittle-endian -mxl-soft-mul" "EXTRA_COMPILER_FLAGS=-g -ffunction-sections -fdata-sections -Wa
TRACE::2025-03-25.15:13:16::SCWMssOS::ll -Wextra -fno-tree-loop-distribute-patterns"

TRACE::2025-03-25.15:13:16::SCWMssOS::"Running Make libs in microblaze_0/libsrc/tmrctr_v4_9/src"

TRACE::2025-03-25.15:13:16::SCWMssOS::make -C microblaze_0/libsrc/tmrctr_v4_9/src -s libs  "SHELL=CMD" "COMPILER=mb-gcc" "ASSEMBLER=mb-as" "ARCHIVER=mb-ar" "COMPILER
TRACE::2025-03-25.15:13:16::SCWMssOS::_FLAGS=  -O2 -c -mcpu=v11.0 -mlittle-endian -mxl-soft-mul" "EXTRA_COMPILER_FLAGS=-g -ffunction-sections -fdata-sections -Wall -
TRACE::2025-03-25.15:13:16::SCWMssOS::Wextra -fno-tree-loop-distribute-patterns"

TRACE::2025-03-25.15:13:16::SCWMssOS::"Running Make libs in microblaze_0/libsrc/uartlite_v3_7/src"

TRACE::2025-03-25.15:13:16::SCWMssOS::make -C microblaze_0/libsrc/uartlite_v3_7/src -s libs  "SHELL=CMD" "COMPILER=mb-gcc" "ASSEMBLER=mb-as" "ARCHIVER=mb-ar" "COMPIL
TRACE::2025-03-25.15:13:16::SCWMssOS::ER_FLAGS=  -O2 -c -mcpu=v11.0 -mlittle-endian -mxl-soft-mul" "EXTRA_COMPILER_FLAGS=-g -ffunction-sections -fdata-sections -Wall
TRACE::2025-03-25.15:13:16::SCWMssOS:: -Wextra -fno-tree-loop-distribute-patterns"

TRACE::2025-03-25.15:13:17::SCWMssOS::"DEBUG NON_LTO_OBJECTS is ../../../lib/microblaze_interrupt_handler.o"

TRACE::2025-03-25.15:13:17::SCWMssOS::'Finished building libraries parallelly.'

TRACE::2025-03-25.15:13:17::SCWMssOS::make --no-print-directory archive

TRACE::2025-03-25.15:13:17::SCWMssOS::mb-ar -r  microblaze_0/lib/libxil.a microblaze_0/lib/_exit.o microblaze_0/lib/errno.o microblaze_0/lib/fcntl.o microblaze_0/lib
TRACE::2025-03-25.15:13:17::SCWMssOS::/hw_exception_handler.o microblaze_0/lib/inbyte.o microblaze_0/lib/microblaze_disable_dcache.o microblaze_0/lib/microblaze_disa
TRACE::2025-03-25.15:13:17::SCWMssOS::ble_exceptions.o microblaze_0/lib/microblaze_disable_icache.o microblaze_0/lib/microblaze_disable_interrupts.o microblaze_0/lib
TRACE::2025-03-25.15:13:17::SCWMssOS::/microblaze_enable_dcache.o microblaze_0/lib/microblaze_enable_exceptions.o microblaze_0/lib/microblaze_enable_icache.o microbl
TRACE::2025-03-25.15:13:17::SCWMssOS::aze_0/lib/microblaze_enable_interrupts.o microblaze_0/lib/microblaze_exception_handler.o microblaze_0/lib/microblaze_flush_cach
TRACE::2025-03-25.15:13:17::SCWMssOS::e_ext.o microblaze_0/lib/microblaze_flush_cache_ext_range.o microblaze_0/lib/microblaze_flush_dcache.o microblaze_0/lib/microbl
TRACE::2025-03-25.15:13:17::SCWMssOS::aze_flush_dcache_range.o microblaze_0/lib/microblaze_init_dcache_range.o microblaze_0/lib/microblaze_init_icache_range.o microb
TRACE::2025-03-25.15:13:17::SCWMssOS::laze_0/lib/microblaze_interrupt_handler.o microblaze_0/lib/microblaze_interrupts_g.o microblaze_0/lib/microblaze_invalidate_cac
TRACE::2025-03-25.15:13:17::SCWMssOS::he_ext.o microblaze_0/lib/microblaze_invalidate_cache_ext_range.o microblaze_0/lib/microblaze_invalidate_dcache.o microblaze_0/
TRACE::2025-03-25.15:13:17::SCWMssOS::lib/microblaze_invalidate_dcache_range.o microblaze_0/lib/microblaze_invalidate_icache.o microblaze_0/lib/microblaze_invalidate
TRACE::2025-03-25.15:13:17::SCWMssOS::_icache_range.o microblaze_0/lib/microblaze_scrub.o microblaze_0/lib/microblaze_selftest.o microblaze_0/lib/microblaze_sleep.o 
TRACE::2025-03-25.15:13:17::SCWMssOS::microblaze_0/lib/microblaze_update_dcache.o microblaze_0/lib/microblaze_update_icache.o microblaze_0/lib/outbyte.o microblaze_0
TRACE::2025-03-25.15:13:17::SCWMssOS::/lib/print.o microblaze_0/lib/pvr.o microblaze_0/lib/xbram.o microblaze_0/lib/xbram_g.o microblaze_0/lib/xbram_intr.o microblaz
TRACE::2025-03-25.15:13:17::SCWMssOS::e_0/lib/xbram_selftest.o microblaze_0/lib/xbram_sinit.o microblaze_0/lib/xgpio.o microblaze_0/lib/xgpio_extra.o microblaze_0/li
TRACE::2025-03-25.15:13:17::SCWMssOS::b/xgpio_g.o microblaze_0/lib/xgpio_intr.o microblaze_0/lib/xgpio_selftest.o microblaze_0/lib/xgpio_sinit.o microblaze_0/lib/xil
TRACE::2025-03-25.15:13:17::SCWMssOS::_assert.o microblaze_0/lib/xil_cache.o microblaze_0/lib/xil_clocking.o microblaze_0/lib/xil_exception.o microblaze_0/lib/xil_me
TRACE::2025-03-25.15:13:17::SCWMssOS::m.o microblaze_0/lib/xil_misc_psreset_api.o microblaze_0/lib/xil_printf.o microblaze_0/lib/xil_sleepcommon.o microblaze_0/lib/x
TRACE::2025-03-25.15:13:17::SCWMssOS::il_testcache.o microblaze_0/lib/xil_testio.o microblaze_0/lib/xil_testmem.o microblaze_0/lib/xil_util.o microblaze_0/lib/xintc.
TRACE::2025-03-25.15:13:17::SCWMssOS::o microblaze_0/lib/xintc_g.o microblaze_0/lib/xintc_intr.o microblaze_0/lib/xintc_l.o microblaze_0/lib/xintc_options.o microbla
TRACE::2025-03-25.15:13:17::SCWMssOS::ze_0/lib/xintc_selftest.o microblaze_0/lib/xinterrupt_wrap.o microblaze_0/lib/xio.o microblaze_0/lib/xplatform_info.o microblaz
TRACE::2025-03-25.15:13:17::SCWMssOS::e_0/lib/xtmrctr.o microblaze_0/lib/xtmrctr_g.o microblaze_0/lib/xtmrctr_intr.o microblaze_0/lib/xtmrctr_l.o microblaze_0/lib/xt
TRACE::2025-03-25.15:13:17::SCWMssOS::mrctr_options.o microblaze_0/lib/xtmrctr_selftest.o microblaze_0/lib/xtmrctr_sinit.o microblaze_0/lib/xtmrctr_stats.o microblaz
TRACE::2025-03-25.15:13:17::SCWMssOS::e_0/lib/xuartlite.o microblaze_0/lib/xuartlite_g.o microblaze_0/lib/xuartlite_intr.o microblaze_0/lib/xuartlite_l.o microblaze_
TRACE::2025-03-25.15:13:17::SCWMssOS::0/lib/xuartlite_selftest.o microblaze_0/lib/xuartlite_sinit.o microblaze_0/lib/xuartlite_stats.o

TRACE::2025-03-25.15:13:17::SCWMssOS::'Finished building libraries'

TRACE::2025-03-25.15:13:17::SCWMssOS:: Checking if to create the Supporting Applications
TRACE::2025-03-25.15:13:17::SCWMssOS:: No Linux domain exists, trying to generate FSBL 
LOG::2025-03-25.15:13:17::SCWSystem::Completed Processing the domain standalone_domain
LOG::2025-03-25.15:13:17::SCWSystem::Completed Processing the sysconfig syncBlaze
LOG::2025-03-25.15:13:17::SCWPlatform::Completed generating the artifacts for system configuration syncBlaze
TRACE::2025-03-25.15:13:17::SCWPlatform::Started preparing the platform 
TRACE::2025-03-25.15:13:17::SCWSystem::Writing the bif file for system config syncBlaze
TRACE::2025-03-25.15:13:17::SCWSystem::dir created 
TRACE::2025-03-25.15:13:17::SCWSystem::Writing the bif 
TRACE::2025-03-25.15:13:17::SCWPlatform::Started writing the spfm file 
TRACE::2025-03-25.15:13:17::SCWPlatform::Started writing the xpfm file 
TRACE::2025-03-25.15:13:17::SCWPlatform::Completed generating the platform
TRACE::2025-03-25.15:13:17::SCWMssOS::Saving the mss changes E:/kevin/myCode/microBlaze1/vitisJson/syncBlaze/microblaze_0/standalone_domain/bsp/system.mss
TRACE::2025-03-25.15:13:17::SCWMssOS::Adding the swdes entry, mss present, able to open swdb E:/kevin/myCode/microBlaze1/vitisJson/syncBlaze/microblaze_0/standalone_domain/bsp/system.mss with des name system
TRACE::2025-03-25.15:13:17::SCWMssOS::Writing the mss file completed E:/kevin/myCode/microBlaze1/vitisJson/syncBlaze/microblaze_0/standalone_domain/bsp/system.mss
TRACE::2025-03-25.15:13:17::SCWMssOS::Commit changes completed.
TRACE::2025-03-25.15:13:17::SCWPlatform::Trying to open the hw design at E:/kevin/myCode/microBlaze1/vitisJson/syncBlaze/hw/design_1_wrapper.xsa
TRACE::2025-03-25.15:13:17::SCWPlatform::DSA given E:/kevin/myCode/microBlaze1/vitisJson/syncBlaze/hw/design_1_wrapper.xsa
TRACE::2025-03-25.15:13:17::SCWPlatform::DSA absoulate path E:/kevin/myCode/microBlaze1/vitisJson/syncBlaze/hw/design_1_wrapper.xsa
TRACE::2025-03-25.15:13:17::SCWPlatform::DSA directory E:/kevin/myCode/microBlaze1/vitisJson/syncBlaze/hw
TRACE::2025-03-25.15:13:17::SCWPlatform:: Platform Path E:/kevin/myCode/microBlaze1/vitisJson/syncBlaze/hw/design_1_wrapper.xsa
TRACE::2025-03-25.15:13:17::SCWPlatform:: Unique name xilinx:::0.0
TRACE::2025-03-25.15:13:17::SCWPlatform::Trying to set the existing hwdb with name design_1_wrapper_31
TRACE::2025-03-25.15:13:17::SCWPlatform::Opened existing hwdb design_1_wrapper_31
TRACE::2025-03-25.15:13:17::SCWPlatform::Found the Hw Db part of the input DSA
TRACE::2025-03-25.15:13:17::SCWMssOS::Checking the sw design at  E:/kevin/myCode/microBlaze1/vitisJson/syncBlaze/microblaze_0/standalone_domain/bsp/system.mss
TRACE::2025-03-25.15:13:17::SCWMssOS::DEBUG:  swdes dump  E:/kevin/myCode/microBlaze1/vitisJson/syncBlaze/microblaze_0/standalone_domain/bsp/system.mss|system||

TRACE::2025-03-25.15:13:17::SCWMssOS::Sw design exists and opened at  E:/kevin/myCode/microBlaze1/vitisJson/syncBlaze/microblaze_0/standalone_domain/bsp/system.mss
TRACE::2025-03-25.15:13:17::SCWWriter::formatted JSON is {
	"platformName":	"syncBlaze",
	"sprVersion":	"2.0",
	"mode":	"gui",
	"dsaType":	"Fixed",
	"platformDesc":	"syncBlaze",
	"platHandOff":	"E:/kevin/myCode/microBlaze1/design_1_wrapper.xsa",
	"platIntHandOff":	"<platformDir>/hw/design_1_wrapper.xsa",
	"deviceType":	"FPGA",
	"platIsPrebuiltAutogen":	"false",
	"platIsNoBootBsp":	"false",
	"hasFsblMakeHasChanges":	"false",
	"hasPmufwMakeHasChanges":	"false",
	"platPreBuiltFlag":	false,
	"platformSamplesDir":	"",
	"platActiveSys":	"syncBlaze",
	"systems":	[{
			"systemName":	"syncBlaze",
			"systemDesc":	"syncBlaze",
			"sysIsBootAutoGen":	"true",
			"systemDispName":	"syncBlaze",
			"sysActiveDom":	"standalone_domain",
			"sysDefaultDom":	"standalone_domain",
			"domains":	[{
					"domainName":	"standalone_domain",
					"domainDispName":	"standalone on microblaze_0",
					"domainDesc":	"standalone_domain",
					"processors":	"microblaze_0",
					"os":	"standalone",
					"sdxOs":	"standalone",
					"debugEnable":	"False",
					"domRuntimes":	["cpp"],
					"swRepo":	"",
					"mssOsVer":	"8.0",
					"mssFile":	"",
					"md5Digest":	"e2cdda41e7956801f4f51a65042beca0",
					"compatibleApp":	"",
					"domType":	"mssDomain",
					"arch":	"32-bit",
					"appSettings":	{
						"appCompilerFlags":	"",
						"appLinkerFlags":	""
					},
					"addedLibs":	[],
					"libOptions":	{
						"libsContainingOptions":	[]
					},
					"prebuiltLibs":	{
						"prebuiltIncPath":	[],
						"prebuiltLibPath":	[]
					},
					"isolation":	{
					}
				}]
		}]
}
KEYINFO::2025-03-25.15:13:17::SCWPlatform::updated the xpfm file.
TRACE::2025-03-25.15:13:18::SCWPlatform::Trying to open the hw design at E:/kevin/myCode/microBlaze1/vitisJson/syncBlaze/hw/design_1_wrapper.xsa
TRACE::2025-03-25.15:13:18::SCWPlatform::DSA given E:/kevin/myCode/microBlaze1/vitisJson/syncBlaze/hw/design_1_wrapper.xsa
TRACE::2025-03-25.15:13:18::SCWPlatform::DSA absoulate path E:/kevin/myCode/microBlaze1/vitisJson/syncBlaze/hw/design_1_wrapper.xsa
TRACE::2025-03-25.15:13:18::SCWPlatform::DSA directory E:/kevin/myCode/microBlaze1/vitisJson/syncBlaze/hw
TRACE::2025-03-25.15:13:18::SCWPlatform:: Platform Path E:/kevin/myCode/microBlaze1/vitisJson/syncBlaze/hw/design_1_wrapper.xsa
TRACE::2025-03-25.15:13:18::SCWPlatform:: Unique name xilinx:::0.0
TRACE::2025-03-25.15:13:18::SCWPlatform::Trying to set the existing hwdb with name design_1_wrapper_31
TRACE::2025-03-25.15:13:18::SCWPlatform::Opened existing hwdb design_1_wrapper_31
TRACE::2025-03-25.15:13:18::SCWPlatform::Found the Hw Db part of the input DSA
TRACE::2025-03-25.15:13:18::SCWMssOS::Checking the sw design at  E:/kevin/myCode/microBlaze1/vitisJson/syncBlaze/microblaze_0/standalone_domain/bsp/system.mss
TRACE::2025-03-25.15:13:18::SCWMssOS::DEBUG:  swdes dump  E:/kevin/myCode/microBlaze1/vitisJson/syncBlaze/microblaze_0/standalone_domain/bsp/system.mss|system||

TRACE::2025-03-25.15:13:18::SCWMssOS::Sw design exists and opened at  E:/kevin/myCode/microBlaze1/vitisJson/syncBlaze/microblaze_0/standalone_domain/bsp/system.mss
TRACE::2025-03-25.15:29:44::SCWPlatform::Trying to open the hw design at E:/kevin/myCode/microBlaze1/vitisJson/syncBlaze/hw/design_1_wrapper.xsa
TRACE::2025-03-25.15:29:44::SCWPlatform::DSA given E:/kevin/myCode/microBlaze1/vitisJson/syncBlaze/hw/design_1_wrapper.xsa
TRACE::2025-03-25.15:29:44::SCWPlatform::DSA absoulate path E:/kevin/myCode/microBlaze1/vitisJson/syncBlaze/hw/design_1_wrapper.xsa
TRACE::2025-03-25.15:29:44::SCWPlatform::DSA directory E:/kevin/myCode/microBlaze1/vitisJson/syncBlaze/hw
TRACE::2025-03-25.15:29:44::SCWPlatform:: Platform Path E:/kevin/myCode/microBlaze1/vitisJson/syncBlaze/hw/design_1_wrapper.xsa
TRACE::2025-03-25.15:29:44::SCWPlatform:: Unique name xilinx:::0.0
TRACE::2025-03-25.15:29:44::SCWPlatform::Do not have an existing db opened. 
TRACE::2025-03-25.15:29:45::SCWPlatform::Opened new HwDB with name design_1_wrapper_0
TRACE::2025-03-25.15:29:45::SCWReader::Active system found as  syncBlaze
TRACE::2025-03-25.15:29:45::SCWReader::Handling sysconfig syncBlaze
TRACE::2025-03-25.15:29:45::SCWDomain::checking for install qemu data   : 
TRACE::2025-03-25.15:29:45::SCWPlatform::Trying to open the hw design at E:/kevin/myCode/microBlaze1/vitisJson/syncBlaze/hw/design_1_wrapper.xsa
TRACE::2025-03-25.15:29:45::SCWPlatform::DSA given E:/kevin/myCode/microBlaze1/vitisJson/syncBlaze/hw/design_1_wrapper.xsa
TRACE::2025-03-25.15:29:45::SCWPlatform::DSA absoulate path E:/kevin/myCode/microBlaze1/vitisJson/syncBlaze/hw/design_1_wrapper.xsa
TRACE::2025-03-25.15:29:45::SCWPlatform::DSA directory E:/kevin/myCode/microBlaze1/vitisJson/syncBlaze/hw
TRACE::2025-03-25.15:29:45::SCWPlatform:: Platform Path E:/kevin/myCode/microBlaze1/vitisJson/syncBlaze/hw/design_1_wrapper.xsa
TRACE::2025-03-25.15:29:45::SCWPlatform:: Unique name xilinx:::0.0
TRACE::2025-03-25.15:29:45::SCWPlatform::Trying to set the existing hwdb with name design_1_wrapper_0
TRACE::2025-03-25.15:29:45::SCWPlatform::Opened existing hwdb design_1_wrapper_0
TRACE::2025-03-25.15:29:45::SCWPlatform::Found the Hw Db part of the input DSA
TRACE::2025-03-25.15:29:45::SCWPlatform::Trying to open the hw design at E:/kevin/myCode/microBlaze1/vitisJson/syncBlaze/hw/design_1_wrapper.xsa
TRACE::2025-03-25.15:29:45::SCWPlatform::DSA given E:/kevin/myCode/microBlaze1/vitisJson/syncBlaze/hw/design_1_wrapper.xsa
TRACE::2025-03-25.15:29:45::SCWPlatform::DSA absoulate path E:/kevin/myCode/microBlaze1/vitisJson/syncBlaze/hw/design_1_wrapper.xsa
TRACE::2025-03-25.15:29:45::SCWPlatform::DSA directory E:/kevin/myCode/microBlaze1/vitisJson/syncBlaze/hw
TRACE::2025-03-25.15:29:45::SCWPlatform:: Platform Path E:/kevin/myCode/microBlaze1/vitisJson/syncBlaze/hw/design_1_wrapper.xsa
TRACE::2025-03-25.15:29:45::SCWPlatform:: Unique name xilinx:::0.0
TRACE::2025-03-25.15:29:45::SCWPlatform::Trying to set the existing hwdb with name design_1_wrapper_0
TRACE::2025-03-25.15:29:45::SCWPlatform::Opened existing hwdb design_1_wrapper_0
TRACE::2025-03-25.15:29:45::SCWPlatform::Found the Hw Db part of the input DSA
TRACE::2025-03-25.15:29:45::SCWPlatform::Trying to open the hw design at E:/kevin/myCode/microBlaze1/vitisJson/syncBlaze/hw/design_1_wrapper.xsa
TRACE::2025-03-25.15:29:45::SCWPlatform::DSA given E:/kevin/myCode/microBlaze1/vitisJson/syncBlaze/hw/design_1_wrapper.xsa
TRACE::2025-03-25.15:29:45::SCWPlatform::DSA absoulate path E:/kevin/myCode/microBlaze1/vitisJson/syncBlaze/hw/design_1_wrapper.xsa
TRACE::2025-03-25.15:29:45::SCWPlatform::DSA directory E:/kevin/myCode/microBlaze1/vitisJson/syncBlaze/hw
TRACE::2025-03-25.15:29:45::SCWPlatform:: Platform Path E:/kevin/myCode/microBlaze1/vitisJson/syncBlaze/hw/design_1_wrapper.xsa
TRACE::2025-03-25.15:29:45::SCWPlatform:: Unique name xilinx:::0.0
TRACE::2025-03-25.15:29:45::SCWPlatform::Trying to set the existing hwdb with name design_1_wrapper_0
TRACE::2025-03-25.15:29:45::SCWPlatform::Opened existing hwdb design_1_wrapper_0
TRACE::2025-03-25.15:29:45::SCWPlatform::Found the Hw Db part of the input DSA
TRACE::2025-03-25.15:29:45::SCWPlatform::Trying to open the hw design at E:/kevin/myCode/microBlaze1/vitisJson/syncBlaze/hw/design_1_wrapper.xsa
TRACE::2025-03-25.15:29:45::SCWPlatform::DSA given E:/kevin/myCode/microBlaze1/vitisJson/syncBlaze/hw/design_1_wrapper.xsa
TRACE::2025-03-25.15:29:45::SCWPlatform::DSA absoulate path E:/kevin/myCode/microBlaze1/vitisJson/syncBlaze/hw/design_1_wrapper.xsa
TRACE::2025-03-25.15:29:45::SCWPlatform::DSA directory E:/kevin/myCode/microBlaze1/vitisJson/syncBlaze/hw
TRACE::2025-03-25.15:29:45::SCWPlatform:: Platform Path E:/kevin/myCode/microBlaze1/vitisJson/syncBlaze/hw/design_1_wrapper.xsa
TRACE::2025-03-25.15:29:45::SCWPlatform:: Unique name xilinx:::0.0
TRACE::2025-03-25.15:29:45::SCWPlatform::Trying to set the existing hwdb with name design_1_wrapper_0
TRACE::2025-03-25.15:29:45::SCWPlatform::Opened existing hwdb design_1_wrapper_0
TRACE::2025-03-25.15:29:45::SCWPlatform::Found the Hw Db part of the input DSA
TRACE::2025-03-25.15:29:45::SCWMssOS::Checking the sw design at  E:/kevin/myCode/microBlaze1/vitisJson/syncBlaze/microblaze_0/standalone_domain/bsp/system.mss
TRACE::2025-03-25.15:29:45::SCWMssOS::DEBUG:  swdes dump  
TRACE::2025-03-25.15:29:45::SCWMssOS::No sw design opened at  E:/kevin/myCode/microBlaze1/vitisJson/syncBlaze/microblaze_0/standalone_domain/bsp/system.mss
TRACE::2025-03-25.15:29:45::SCWMssOS::mss exists loading the mss file  E:/kevin/myCode/microBlaze1/vitisJson/syncBlaze/microblaze_0/standalone_domain/bsp/system.mss
TRACE::2025-03-25.15:29:45::SCWMssOS::Opened the sw design from mss  E:/kevin/myCode/microBlaze1/vitisJson/syncBlaze/microblaze_0/standalone_domain/bsp/system.mss
TRACE::2025-03-25.15:29:45::SCWMssOS::Adding the swdes entry E:/kevin/myCode/microBlaze1/vitisJson/syncBlaze/microblaze_0/standalone_domain/bsp/system.mss with des name system
TRACE::2025-03-25.15:29:45::SCWMssOS::updating the scw layer about changes
TRACE::2025-03-25.15:29:45::SCWMssOS::Opened the sw design.  E:/kevin/myCode/microBlaze1/vitisJson/syncBlaze/microblaze_0/standalone_domain/bsp/system.mss
TRACE::2025-03-25.15:29:45::SCWMssOS::Saving the mss changes E:/kevin/myCode/microBlaze1/vitisJson/syncBlaze/microblaze_0/standalone_domain/bsp/system.mss
TRACE::2025-03-25.15:29:45::SCWMssOS::Found a swdesign opened with the mssfile.
TRACE::2025-03-25.15:29:45::SCWMssOS::Completed writemss as part of save.
TRACE::2025-03-25.15:29:45::SCWMssOS::Commit changes completed.
TRACE::2025-03-25.15:29:45::SCWReader::Adding prebuilt librarypaths as   
TRACE::2025-03-25.15:29:45::SCWReader::Adding prebuilt incpaths  as   
TRACE::2025-03-25.15:29:45::SCWPlatform::Trying to open the hw design at E:/kevin/myCode/microBlaze1/vitisJson/syncBlaze/hw/design_1_wrapper.xsa
TRACE::2025-03-25.15:29:45::SCWPlatform::DSA given E:/kevin/myCode/microBlaze1/vitisJson/syncBlaze/hw/design_1_wrapper.xsa
TRACE::2025-03-25.15:29:45::SCWPlatform::DSA absoulate path E:/kevin/myCode/microBlaze1/vitisJson/syncBlaze/hw/design_1_wrapper.xsa
TRACE::2025-03-25.15:29:45::SCWPlatform::DSA directory E:/kevin/myCode/microBlaze1/vitisJson/syncBlaze/hw
TRACE::2025-03-25.15:29:45::SCWPlatform:: Platform Path E:/kevin/myCode/microBlaze1/vitisJson/syncBlaze/hw/design_1_wrapper.xsa
TRACE::2025-03-25.15:29:45::SCWPlatform:: Unique name xilinx:::0.0
TRACE::2025-03-25.15:29:45::SCWPlatform::Trying to set the existing hwdb with name design_1_wrapper_0
TRACE::2025-03-25.15:29:45::SCWPlatform::Opened existing hwdb design_1_wrapper_0
TRACE::2025-03-25.15:29:45::SCWPlatform::Found the Hw Db part of the input DSA
TRACE::2025-03-25.15:29:45::SCWMssOS::Checking the sw design at  E:/kevin/myCode/microBlaze1/vitisJson/syncBlaze/microblaze_0/standalone_domain/bsp/system.mss
TRACE::2025-03-25.15:29:45::SCWMssOS::DEBUG:  swdes dump  E:/kevin/myCode/microBlaze1/vitisJson/syncBlaze/microblaze_0/standalone_domain/bsp/system.mss|system||

TRACE::2025-03-25.15:29:45::SCWMssOS::Sw design exists and opened at  E:/kevin/myCode/microBlaze1/vitisJson/syncBlaze/microblaze_0/standalone_domain/bsp/system.mss
TRACE::2025-03-25.15:29:45::SCWReader::No isolation master present  
TRACE::2025-03-25.15:30:24::SCWPlatform::DSA given E:/kevin/myCode/microBlaze1/vitisJson/syncBlaze/tempdsa/design_1_wrapper.xsa
TRACE::2025-03-25.15:30:24::SCWPlatform::DSA absoulate path E:/kevin/myCode/microBlaze1/vitisJson/syncBlaze/tempdsa/design_1_wrapper.xsa
TRACE::2025-03-25.15:30:24::SCWPlatform:: Platform location is E:/kevin/myCode/microBlaze1/vitisJson/syncBlaze/tempdsa
TRACE::2025-03-25.15:30:24::SCWPlatform:: Platform Path E:/kevin/myCode/microBlaze1/vitisJson/syncBlaze/tempdsa/design_1_wrapper.xsa
TRACE::2025-03-25.15:30:24::SCWPlatform:: Unique name xilinx:::0.0
TRACE::2025-03-25.15:30:24::SCWPlatform::Found the Hw Db part of the input DSA
TRACE::2025-03-25.15:30:24::SCWMssOS::Doing hw sync for the mss in domain: standalone_domain
TRACE::2025-03-25.15:30:24::SCWPlatform::Trying to open the hw design at E:/kevin/myCode/microBlaze1/vitisJson/syncBlaze/hw/design_1_wrapper.xsa
TRACE::2025-03-25.15:30:24::SCWPlatform::DSA given E:/kevin/myCode/microBlaze1/vitisJson/syncBlaze/hw/design_1_wrapper.xsa
TRACE::2025-03-25.15:30:24::SCWPlatform::DSA absoulate path E:/kevin/myCode/microBlaze1/vitisJson/syncBlaze/hw/design_1_wrapper.xsa
TRACE::2025-03-25.15:30:24::SCWPlatform::DSA directory E:/kevin/myCode/microBlaze1/vitisJson/syncBlaze/hw
TRACE::2025-03-25.15:30:24::SCWPlatform:: Platform Path E:/kevin/myCode/microBlaze1/vitisJson/syncBlaze/hw/design_1_wrapper.xsa
TRACE::2025-03-25.15:30:24::SCWPlatform:: Unique name xilinx:::0.0
TRACE::2025-03-25.15:30:24::SCWPlatform::Trying to set the existing hwdb with name design_1_wrapper_0
TRACE::2025-03-25.15:30:24::SCWPlatform::Opened existing hwdb design_1_wrapper_0
TRACE::2025-03-25.15:30:24::SCWPlatform::Found the Hw Db part of the input DSA
TRACE::2025-03-25.15:30:24::SCWPlatform::Trying to open the hw design at E:/kevin/myCode/microBlaze1/vitisJson/syncBlaze/hw/design_1_wrapper.xsa
TRACE::2025-03-25.15:30:24::SCWPlatform::DSA given E:/kevin/myCode/microBlaze1/vitisJson/syncBlaze/hw/design_1_wrapper.xsa
TRACE::2025-03-25.15:30:24::SCWPlatform::DSA absoulate path E:/kevin/myCode/microBlaze1/vitisJson/syncBlaze/hw/design_1_wrapper.xsa
TRACE::2025-03-25.15:30:24::SCWPlatform::DSA directory E:/kevin/myCode/microBlaze1/vitisJson/syncBlaze/hw
TRACE::2025-03-25.15:30:24::SCWPlatform:: Platform Path E:/kevin/myCode/microBlaze1/vitisJson/syncBlaze/hw/design_1_wrapper.xsa
TRACE::2025-03-25.15:30:24::SCWPlatform:: Unique name xilinx:::0.0
TRACE::2025-03-25.15:30:24::SCWPlatform::Trying to set the existing hwdb with name design_1_wrapper_0
TRACE::2025-03-25.15:30:24::SCWPlatform::Opened existing hwdb design_1_wrapper_0
TRACE::2025-03-25.15:30:24::SCWPlatform::Found the Hw Db part of the input DSA
TRACE::2025-03-25.15:30:24::SCWMssOS::Checking the sw design at  E:/kevin/myCode/microBlaze1/vitisJson/syncBlaze/microblaze_0/standalone_domain/bsp/system.mss
TRACE::2025-03-25.15:30:24::SCWMssOS::DEBUG:  swdes dump  E:/kevin/myCode/microBlaze1/vitisJson/syncBlaze/microblaze_0/standalone_domain/bsp/system.mss|system||

TRACE::2025-03-25.15:30:24::SCWMssOS::Sw design exists and opened at  E:/kevin/myCode/microBlaze1/vitisJson/syncBlaze/microblaze_0/standalone_domain/bsp/system.mss
TRACE::2025-03-25.15:30:24::SCWPlatform::Trying to open the hw design at E:/kevin/myCode/microBlaze1/vitisJson/syncBlaze/tempdsa/design_1_wrapper.xsa
TRACE::2025-03-25.15:30:24::SCWPlatform::DSA given E:/kevin/myCode/microBlaze1/vitisJson/syncBlaze/tempdsa/design_1_wrapper.xsa
TRACE::2025-03-25.15:30:24::SCWPlatform::DSA absoulate path E:/kevin/myCode/microBlaze1/vitisJson/syncBlaze/tempdsa/design_1_wrapper.xsa
TRACE::2025-03-25.15:30:24::SCWPlatform::DSA directory E:/kevin/myCode/microBlaze1/vitisJson/syncBlaze/tempdsa
TRACE::2025-03-25.15:30:24::SCWPlatform:: Platform Path E:/kevin/myCode/microBlaze1/vitisJson/syncBlaze/tempdsa/design_1_wrapper.xsa
TRACE::2025-03-25.15:30:24::SCWPlatform:: Unique name xilinx:::0.0
TRACE::2025-03-25.15:30:24::SCWPlatform::update - Opened existing hwdb design_1_wrapper_1
TRACE::2025-03-25.15:30:24::SCWPlatform::Found the Hw Db part of the input DSA
TRACE::2025-03-25.15:30:24::SCWMssOS::Saving the mss changes E:/kevin/myCode/microBlaze1/vitisJson/syncBlaze/microblaze_0/standalone_domain/bsp/system.mss
TRACE::2025-03-25.15:30:24::SCWMssOS::Found a swdesign opened with the mssfile.
TRACE::2025-03-25.15:30:24::SCWMssOS::Completed writemss as part of save.
TRACE::2025-03-25.15:30:24::SCWMssOS::Commit changes completed.
TRACE::2025-03-25.15:30:24::SCWMssOS::Completed hw sync for the mss in domain: standalone_domain
TRACE::2025-03-25.15:30:24::SCWMssOS::Removing the swdes entry for  E:/kevin/myCode/microBlaze1/vitisJson/syncBlaze/microblaze_0/standalone_domain/bsp/system.mss
TRACE::2025-03-25.15:30:24::SCWPlatform::Trying to open the hw design at E:/kevin/myCode/microBlaze1/vitisJson/syncBlaze/hw/design_1_wrapper.xsa
TRACE::2025-03-25.15:30:24::SCWPlatform::DSA given E:/kevin/myCode/microBlaze1/vitisJson/syncBlaze/hw/design_1_wrapper.xsa
TRACE::2025-03-25.15:30:24::SCWPlatform::DSA absoulate path E:/kevin/myCode/microBlaze1/vitisJson/syncBlaze/hw/design_1_wrapper.xsa
TRACE::2025-03-25.15:30:24::SCWPlatform::DSA directory E:/kevin/myCode/microBlaze1/vitisJson/syncBlaze/hw
TRACE::2025-03-25.15:30:24::SCWPlatform:: Platform Path E:/kevin/myCode/microBlaze1/vitisJson/syncBlaze/hw/design_1_wrapper.xsa
TRACE::2025-03-25.15:30:24::SCWPlatform:: Unique name xilinx:::0.0
TRACE::2025-03-25.15:30:24::SCWPlatform::Do not have an existing db opened. 
TRACE::2025-03-25.15:30:25::SCWPlatform::Opened new HwDB with name design_1_wrapper_2
TRACE::2025-03-25.15:30:25::SCWMssOS::Saving the mss changes E:/kevin/myCode/microBlaze1/vitisJson/syncBlaze/microblaze_0/standalone_domain/bsp/system.mss
TRACE::2025-03-25.15:30:25::SCWMssOS::Adding the swdes entry, mss present, able to open swdb E:/kevin/myCode/microBlaze1/vitisJson/syncBlaze/microblaze_0/standalone_domain/bsp/system.mss with des name system
TRACE::2025-03-25.15:30:25::SCWMssOS::Writing the mss file completed E:/kevin/myCode/microBlaze1/vitisJson/syncBlaze/microblaze_0/standalone_domain/bsp/system.mss
TRACE::2025-03-25.15:30:25::SCWMssOS::Commit changes completed.
TRACE::2025-03-25.15:30:25::SCWPlatform::Trying to open the hw design at E:/kevin/myCode/microBlaze1/vitisJson/syncBlaze/hw/design_1_wrapper.xsa
TRACE::2025-03-25.15:30:25::SCWPlatform::DSA given E:/kevin/myCode/microBlaze1/vitisJson/syncBlaze/hw/design_1_wrapper.xsa
TRACE::2025-03-25.15:30:25::SCWPlatform::DSA absoulate path E:/kevin/myCode/microBlaze1/vitisJson/syncBlaze/hw/design_1_wrapper.xsa
TRACE::2025-03-25.15:30:25::SCWPlatform::DSA directory E:/kevin/myCode/microBlaze1/vitisJson/syncBlaze/hw
TRACE::2025-03-25.15:30:25::SCWPlatform:: Platform Path E:/kevin/myCode/microBlaze1/vitisJson/syncBlaze/hw/design_1_wrapper.xsa
TRACE::2025-03-25.15:30:25::SCWPlatform:: Unique name xilinx:::0.0
TRACE::2025-03-25.15:30:25::SCWPlatform::Trying to set the existing hwdb with name design_1_wrapper_2
TRACE::2025-03-25.15:30:25::SCWPlatform::Opened existing hwdb design_1_wrapper_2
TRACE::2025-03-25.15:30:25::SCWPlatform::Found the Hw Db part of the input DSA
TRACE::2025-03-25.15:30:25::SCWMssOS::Checking the sw design at  E:/kevin/myCode/microBlaze1/vitisJson/syncBlaze/microblaze_0/standalone_domain/bsp/system.mss
TRACE::2025-03-25.15:30:25::SCWMssOS::DEBUG:  swdes dump  E:/kevin/myCode/microBlaze1/vitisJson/syncBlaze/microblaze_0/standalone_domain/bsp/system.mss|system||

TRACE::2025-03-25.15:30:25::SCWMssOS::Sw design exists and opened at  E:/kevin/myCode/microBlaze1/vitisJson/syncBlaze/microblaze_0/standalone_domain/bsp/system.mss
TRACE::2025-03-25.15:30:25::SCWWriter::formatted JSON is {
	"platformName":	"syncBlaze",
	"sprVersion":	"2.0",
	"mode":	"gui",
	"dsaType":	"Fixed",
	"platformDesc":	"syncBlaze",
	"platHandOff":	"E:/kevin/myCode/microBlaze1/design_1_wrapper.xsa",
	"platIntHandOff":	"<platformDir>/hw/design_1_wrapper.xsa",
	"deviceType":	"FPGA",
	"platIsPrebuiltAutogen":	"false",
	"platIsNoBootBsp":	"false",
	"hasFsblMakeHasChanges":	"false",
	"hasPmufwMakeHasChanges":	"false",
	"platPreBuiltFlag":	false,
	"platformSamplesDir":	"",
	"platActiveSys":	"syncBlaze",
	"systems":	[{
			"systemName":	"syncBlaze",
			"systemDesc":	"syncBlaze",
			"sysIsBootAutoGen":	"true",
			"systemDispName":	"syncBlaze",
			"sysActiveDom":	"standalone_domain",
			"sysDefaultDom":	"standalone_domain",
			"domains":	[{
					"domainName":	"standalone_domain",
					"domainDispName":	"standalone on microblaze_0",
					"domainDesc":	"standalone_domain",
					"processors":	"microblaze_0",
					"os":	"standalone",
					"sdxOs":	"standalone",
					"debugEnable":	"False",
					"domRuntimes":	["cpp"],
					"swRepo":	"",
					"mssOsVer":	"8.0",
					"mssFile":	"",
					"md5Digest":	"e2cdda41e7956801f4f51a65042beca01",
					"compatibleApp":	"",
					"domType":	"mssDomain",
					"arch":	"32-bit",
					"appSettings":	{
						"appCompilerFlags":	"",
						"appLinkerFlags":	""
					},
					"addedLibs":	[],
					"libOptions":	{
						"libsContainingOptions":	[]
					},
					"prebuiltLibs":	{
						"prebuiltIncPath":	[],
						"prebuiltLibPath":	[]
					},
					"isolation":	{
					}
				}]
		}]
}
TRACE::2025-03-25.15:30:35::SCWMssOS::cleaning the bsp 
TRACE::2025-03-25.15:30:35::SCWMssOS::System Command Ran  E: & cd  E:/kevin/myCode/microBlaze1/vitisJson/syncBlaze/microblaze_0/standalone_domain/bsp & make clean 
TRACE::2025-03-25.15:30:35::SCWMssOS::make -C microblaze_0/libsrc/bram_v4_8/src -s clean 

TRACE::2025-03-25.15:30:35::SCWMssOS::make -C microblaze_0/libsrc/cpu_v2_16/src -s clean 

TRACE::2025-03-25.15:30:35::SCWMssOS::make -C microblaze_0/libsrc/gpio_v4_9/src -s clean 

TRACE::2025-03-25.15:30:36::SCWMssOS::make -C microblaze_0/libsrc/intc_v3_15/src -s clean 

TRACE::2025-03-25.15:30:36::SCWMssOS::make -C microblaze_0/libsrc/standalone_v8_0/src -s clean 

TRACE::2025-03-25.15:30:36::SCWMssOS::make -C microblaze_0/libsrc/tmrctr_v4_9/src -s clean 

TRACE::2025-03-25.15:30:36::SCWMssOS::make -C microblaze_0/libsrc/uartlite_v3_7/src -s clean 

TRACE::2025-03-25.15:30:36::SCWMssOS::rm -f microblaze_0/lib/libxil.a

LOG::2025-03-25.15:30:41::SCWPlatform::Started generating the artifacts platform syncBlaze
TRACE::2025-03-25.15:30:41::SCWPlatform::Sanity checking of platform is completed
LOG::2025-03-25.15:30:41::SCWPlatform::Started generating the artifacts for system configuration syncBlaze
LOG::2025-03-25.15:30:41::SCWSystem::Checking the domain standalone_domain
LOG::2025-03-25.15:30:41::SCWSystem::Not a boot domain 
LOG::2025-03-25.15:30:41::SCWSystem::Started Processing the domain standalone_domain
TRACE::2025-03-25.15:30:41::SCWDomain::Generating domain artifcats
TRACE::2025-03-25.15:30:41::SCWMssOS::Generating standalone artifcats
TRACE::2025-03-25.15:30:41::SCWMssOS:: Copying the user libraries. 
TRACE::2025-03-25.15:30:41::SCWPlatform::Trying to open the hw design at E:/kevin/myCode/microBlaze1/vitisJson/syncBlaze/hw/design_1_wrapper.xsa
TRACE::2025-03-25.15:30:41::SCWPlatform::DSA given E:/kevin/myCode/microBlaze1/vitisJson/syncBlaze/hw/design_1_wrapper.xsa
TRACE::2025-03-25.15:30:41::SCWPlatform::DSA absoulate path E:/kevin/myCode/microBlaze1/vitisJson/syncBlaze/hw/design_1_wrapper.xsa
TRACE::2025-03-25.15:30:41::SCWPlatform::DSA directory E:/kevin/myCode/microBlaze1/vitisJson/syncBlaze/hw
TRACE::2025-03-25.15:30:41::SCWPlatform:: Platform Path E:/kevin/myCode/microBlaze1/vitisJson/syncBlaze/hw/design_1_wrapper.xsa
TRACE::2025-03-25.15:30:41::SCWPlatform:: Unique name xilinx:::0.0
TRACE::2025-03-25.15:30:41::SCWPlatform::Trying to set the existing hwdb with name design_1_wrapper_2
TRACE::2025-03-25.15:30:41::SCWPlatform::Opened existing hwdb design_1_wrapper_2
TRACE::2025-03-25.15:30:41::SCWPlatform::Found the Hw Db part of the input DSA
TRACE::2025-03-25.15:30:41::SCWMssOS::Checking the sw design at  E:/kevin/myCode/microBlaze1/vitisJson/syncBlaze/microblaze_0/standalone_domain/bsp/system.mss
TRACE::2025-03-25.15:30:41::SCWMssOS::DEBUG:  swdes dump  E:/kevin/myCode/microBlaze1/vitisJson/syncBlaze/microblaze_0/standalone_domain/bsp/system.mss|system||

TRACE::2025-03-25.15:30:41::SCWMssOS::Sw design exists and opened at  E:/kevin/myCode/microBlaze1/vitisJson/syncBlaze/microblaze_0/standalone_domain/bsp/system.mss
TRACE::2025-03-25.15:30:41::SCWMssOS::Completed writing the mss file at E:/kevin/myCode/microBlaze1/vitisJson/syncBlaze/microblaze_0/standalone_domain/bsp
TRACE::2025-03-25.15:30:41::SCWMssOS::Mss edits present, copying mssfile into export location E:/kevin/myCode/microBlaze1/vitisJson/syncBlaze/microblaze_0/standalone_domain/bsp/system.mss
TRACE::2025-03-25.15:30:41::SCWMssOS::bsp generated is stale removing and regenerating. 
TRACE::2025-03-25.15:30:42::SCWMssOS::doing bsp build ... 
TRACE::2025-03-25.15:30:42::SCWMssOS::System Command Ran  E: & cd  E:/kevin/myCode/microBlaze1/vitisJson/syncBlaze/microblaze_0/standalone_domain/bsp & make 
TRACE::2025-03-25.15:30:42::SCWMssOS::make --no-print-directory seq_libs

TRACE::2025-03-25.15:30:42::SCWMssOS::'Finished building libraries sequentially.'

TRACE::2025-03-25.15:30:42::SCWMssOS::make -j 14 --no-print-directory par_libs

TRACE::2025-03-25.15:30:42::SCWMssOS::"Running Make include in microblaze_0/libsrc/bram_v4_8/src"

TRACE::2025-03-25.15:30:42::SCWMssOS::make -C microblaze_0/libsrc/bram_v4_8/src -s include  "SHELL=CMD" "COMPILER=mb-gcc" "ASSEMBLER=mb-as" "ARCHIVER=mb-ar" "COMPILE
TRACE::2025-03-25.15:30:42::SCWMssOS::R_FLAGS=  -O2 -c -mcpu=v11.0 -mlittle-endian -mxl-soft-mul" "EXTRA_COMPILER_FLAGS=-g -ffunction-sections -fdata-sections -Wall 
TRACE::2025-03-25.15:30:42::SCWMssOS::-Wextra -fno-tree-loop-distribute-patterns"

TRACE::2025-03-25.15:30:42::SCWMssOS::"Running Make include in microblaze_0/libsrc/cpu_v2_16/src"

TRACE::2025-03-25.15:30:42::SCWMssOS::make -C microblaze_0/libsrc/cpu_v2_16/src -s include  "SHELL=CMD" "COMPILER=mb-gcc" "ASSEMBLER=mb-as" "ARCHIVER=mb-ar" "COMPILE
TRACE::2025-03-25.15:30:42::SCWMssOS::R_FLAGS=  -O2 -c -mcpu=v11.0 -mlittle-endian -mxl-soft-mul" "EXTRA_COMPILER_FLAGS=-g -ffunction-sections -fdata-sections -Wall 
TRACE::2025-03-25.15:30:42::SCWMssOS::-Wextra -fno-tree-loop-distribute-patterns"

TRACE::2025-03-25.15:30:42::SCWMssOS::"Running Make include in microblaze_0/libsrc/gpio_v4_9/src"

TRACE::2025-03-25.15:30:42::SCWMssOS::make -C microblaze_0/libsrc/gpio_v4_9/src -s include  "SHELL=CMD" "COMPILER=mb-gcc" "ASSEMBLER=mb-as" "ARCHIVER=mb-ar" "COMPILE
TRACE::2025-03-25.15:30:42::SCWMssOS::R_FLAGS=  -O2 -c -mcpu=v11.0 -mlittle-endian -mxl-soft-mul" "EXTRA_COMPILER_FLAGS=-g -ffunction-sections -fdata-sections -Wall 
TRACE::2025-03-25.15:30:42::SCWMssOS::-Wextra -fno-tree-loop-distribute-patterns"

TRACE::2025-03-25.15:30:42::SCWMssOS::"Running Make include in microblaze_0/libsrc/intc_v3_15/src"

TRACE::2025-03-25.15:30:42::SCWMssOS::make -C microblaze_0/libsrc/intc_v3_15/src -s include  "SHELL=CMD" "COMPILER=mb-gcc" "ASSEMBLER=mb-as" "ARCHIVER=mb-ar" "COMPIL
TRACE::2025-03-25.15:30:42::SCWMssOS::ER_FLAGS=  -O2 -c -mcpu=v11.0 -mlittle-endian -mxl-soft-mul" "EXTRA_COMPILER_FLAGS=-g -ffunction-sections -fdata-sections -Wall
TRACE::2025-03-25.15:30:42::SCWMssOS:: -Wextra -fno-tree-loop-distribute-patterns"

TRACE::2025-03-25.15:30:42::SCWMssOS::"Running Make include in microblaze_0/libsrc/standalone_v8_0/src"

TRACE::2025-03-25.15:30:42::SCWMssOS::make -C microblaze_0/libsrc/standalone_v8_0/src -s include  "SHELL=CMD" "COMPILER=mb-gcc" "ASSEMBLER=mb-as" "ARCHIVER=mb-ar" "C
TRACE::2025-03-25.15:30:42::SCWMssOS::OMPILER_FLAGS=  -O2 -c -mcpu=v11.0 -mlittle-endian -mxl-soft-mul" "EXTRA_COMPILER_FLAGS=-g -ffunction-sections -fdata-sections 
TRACE::2025-03-25.15:30:42::SCWMssOS::-Wall -Wextra -fno-tree-loop-distribute-patterns"

TRACE::2025-03-25.15:30:42::SCWMssOS::"Running Make include in microblaze_0/libsrc/tmrctr_v4_9/src"

TRACE::2025-03-25.15:30:42::SCWMssOS::make -C microblaze_0/libsrc/tmrctr_v4_9/src -s include  "SHELL=CMD" "COMPILER=mb-gcc" "ASSEMBLER=mb-as" "ARCHIVER=mb-ar" "COMPI
TRACE::2025-03-25.15:30:42::SCWMssOS::LER_FLAGS=  -O2 -c -mcpu=v11.0 -mlittle-endian -mxl-soft-mul" "EXTRA_COMPILER_FLAGS=-g -ffunction-sections -fdata-sections -Wal
TRACE::2025-03-25.15:30:42::SCWMssOS::l -Wextra -fno-tree-loop-distribute-patterns"

TRACE::2025-03-25.15:30:42::SCWMssOS::"Running Make include in microblaze_0/libsrc/uartlite_v3_7/src"

TRACE::2025-03-25.15:30:42::SCWMssOS::make -C microblaze_0/libsrc/uartlite_v3_7/src -s include  "SHELL=CMD" "COMPILER=mb-gcc" "ASSEMBLER=mb-as" "ARCHIVER=mb-ar" "COM
TRACE::2025-03-25.15:30:42::SCWMssOS::PILER_FLAGS=  -O2 -c -mcpu=v11.0 -mlittle-endian -mxl-soft-mul" "EXTRA_COMPILER_FLAGS=-g -ffunction-sections -fdata-sections -W
TRACE::2025-03-25.15:30:42::SCWMssOS::all -Wextra -fno-tree-loop-distribute-patterns"

TRACE::2025-03-25.15:30:42::SCWMssOS::"Running Make libs in microblaze_0/libsrc/bram_v4_8/src"

TRACE::2025-03-25.15:30:42::SCWMssOS::make -C microblaze_0/libsrc/bram_v4_8/src -s libs  "SHELL=CMD" "COMPILER=mb-gcc" "ASSEMBLER=mb-as" "ARCHIVER=mb-ar" "COMPILER_F
TRACE::2025-03-25.15:30:42::SCWMssOS::LAGS=  -O2 -c -mcpu=v11.0 -mlittle-endian -mxl-soft-mul" "EXTRA_COMPILER_FLAGS=-g -ffunction-sections -fdata-sections -Wall -We
TRACE::2025-03-25.15:30:42::SCWMssOS::xtra -fno-tree-loop-distribute-patterns"

TRACE::2025-03-25.15:30:42::SCWMssOS::"Running Make libs in microblaze_0/libsrc/cpu_v2_16/src"

TRACE::2025-03-25.15:30:42::SCWMssOS::make -C microblaze_0/libsrc/cpu_v2_16/src -s libs  "SHELL=CMD" "COMPILER=mb-gcc" "ASSEMBLER=mb-as" "ARCHIVER=mb-ar" "COMPILER_F
TRACE::2025-03-25.15:30:42::SCWMssOS::LAGS=  -O2 -c -mcpu=v11.0 -mlittle-endian -mxl-soft-mul" "EXTRA_COMPILER_FLAGS=-g -ffunction-sections -fdata-sections -Wall -We
TRACE::2025-03-25.15:30:42::SCWMssOS::xtra -fno-tree-loop-distribute-patterns"

TRACE::2025-03-25.15:30:42::SCWMssOS::"Running Make libs in microblaze_0/libsrc/gpio_v4_9/src"

TRACE::2025-03-25.15:30:42::SCWMssOS::make -C microblaze_0/libsrc/gpio_v4_9/src -s libs  "SHELL=CMD" "COMPILER=mb-gcc" "ASSEMBLER=mb-as" "ARCHIVER=mb-ar" "COMPILER_F
TRACE::2025-03-25.15:30:42::SCWMssOS::LAGS=  -O2 -c -mcpu=v11.0 -mlittle-endian -mxl-soft-mul" "EXTRA_COMPILER_FLAGS=-g -ffunction-sections -fdata-sections -Wall -We
TRACE::2025-03-25.15:30:42::SCWMssOS::xtra -fno-tree-loop-distribute-patterns"

TRACE::2025-03-25.15:30:42::SCWMssOS::"Running Make libs in microblaze_0/libsrc/intc_v3_15/src"

TRACE::2025-03-25.15:30:42::SCWMssOS::make -C microblaze_0/libsrc/intc_v3_15/src -s libs  "SHELL=CMD" "COMPILER=mb-gcc" "ASSEMBLER=mb-as" "ARCHIVER=mb-ar" "COMPILER_
TRACE::2025-03-25.15:30:42::SCWMssOS::FLAGS=  -O2 -c -mcpu=v11.0 -mlittle-endian -mxl-soft-mul" "EXTRA_COMPILER_FLAGS=-g -ffunction-sections -fdata-sections -Wall -W
TRACE::2025-03-25.15:30:42::SCWMssOS::extra -fno-tree-loop-distribute-patterns"

TRACE::2025-03-25.15:30:42::SCWMssOS::"Running Make libs in microblaze_0/libsrc/standalone_v8_0/src"

TRACE::2025-03-25.15:30:42::SCWMssOS::make -C microblaze_0/libsrc/standalone_v8_0/src -s libs  "SHELL=CMD" "COMPILER=mb-gcc" "ASSEMBLER=mb-as" "ARCHIVER=mb-ar" "COMP
TRACE::2025-03-25.15:30:42::SCWMssOS::ILER_FLAGS=  -O2 -c -mcpu=v11.0 -mlittle-endian -mxl-soft-mul" "EXTRA_COMPILER_FLAGS=-g -ffunction-sections -fdata-sections -Wa
TRACE::2025-03-25.15:30:42::SCWMssOS::ll -Wextra -fno-tree-loop-distribute-patterns"

TRACE::2025-03-25.15:30:42::SCWMssOS::"Running Make libs in microblaze_0/libsrc/tmrctr_v4_9/src"

TRACE::2025-03-25.15:30:42::SCWMssOS::make -C microblaze_0/libsrc/tmrctr_v4_9/src -s libs  "SHELL=CMD" "COMPILER=mb-gcc" "ASSEMBLER=mb-as" "ARCHIVER=mb-ar" "COMPILER
TRACE::2025-03-25.15:30:42::SCWMssOS::_FLAGS=  -O2 -c -mcpu=v11.0 -mlittle-endian -mxl-soft-mul" "EXTRA_COMPILER_FLAGS=-g -ffunction-sections -fdata-sections -Wall -
TRACE::2025-03-25.15:30:42::SCWMssOS::Wextra -fno-tree-loop-distribute-patterns"

TRACE::2025-03-25.15:30:42::SCWMssOS::"Running Make libs in microblaze_0/libsrc/uartlite_v3_7/src"

TRACE::2025-03-25.15:30:42::SCWMssOS::make -C microblaze_0/libsrc/uartlite_v3_7/src -s libs  "SHELL=CMD" "COMPILER=mb-gcc" "ASSEMBLER=mb-as" "ARCHIVER=mb-ar" "COMPIL
TRACE::2025-03-25.15:30:42::SCWMssOS::ER_FLAGS=  -O2 -c -mcpu=v11.0 -mlittle-endian -mxl-soft-mul" "EXTRA_COMPILER_FLAGS=-g -ffunction-sections -fdata-sections -Wall
TRACE::2025-03-25.15:30:42::SCWMssOS:: -Wextra -fno-tree-loop-distribute-patterns"

TRACE::2025-03-25.15:30:43::SCWMssOS::"DEBUG NON_LTO_OBJECTS is ../../../lib/microblaze_interrupt_handler.o"

TRACE::2025-03-25.15:30:44::SCWMssOS::'Finished building libraries parallelly.'

TRACE::2025-03-25.15:30:44::SCWMssOS::make --no-print-directory archive

TRACE::2025-03-25.15:30:44::SCWMssOS::mb-ar -r  microblaze_0/lib/libxil.a microblaze_0/lib/_exit.o microblaze_0/lib/errno.o microblaze_0/lib/fcntl.o microblaze_0/lib
TRACE::2025-03-25.15:30:44::SCWMssOS::/hw_exception_handler.o microblaze_0/lib/inbyte.o microblaze_0/lib/microblaze_disable_dcache.o microblaze_0/lib/microblaze_disa
TRACE::2025-03-25.15:30:44::SCWMssOS::ble_exceptions.o microblaze_0/lib/microblaze_disable_icache.o microblaze_0/lib/microblaze_disable_interrupts.o microblaze_0/lib
TRACE::2025-03-25.15:30:44::SCWMssOS::/microblaze_enable_dcache.o microblaze_0/lib/microblaze_enable_exceptions.o microblaze_0/lib/microblaze_enable_icache.o microbl
TRACE::2025-03-25.15:30:44::SCWMssOS::aze_0/lib/microblaze_enable_interrupts.o microblaze_0/lib/microblaze_exception_handler.o microblaze_0/lib/microblaze_flush_cach
TRACE::2025-03-25.15:30:44::SCWMssOS::e_ext.o microblaze_0/lib/microblaze_flush_cache_ext_range.o microblaze_0/lib/microblaze_flush_dcache.o microblaze_0/lib/microbl
TRACE::2025-03-25.15:30:44::SCWMssOS::aze_flush_dcache_range.o microblaze_0/lib/microblaze_init_dcache_range.o microblaze_0/lib/microblaze_init_icache_range.o microb
TRACE::2025-03-25.15:30:44::SCWMssOS::laze_0/lib/microblaze_interrupt_handler.o microblaze_0/lib/microblaze_interrupts_g.o microblaze_0/lib/microblaze_invalidate_cac
TRACE::2025-03-25.15:30:44::SCWMssOS::he_ext.o microblaze_0/lib/microblaze_invalidate_cache_ext_range.o microblaze_0/lib/microblaze_invalidate_dcache.o microblaze_0/
TRACE::2025-03-25.15:30:44::SCWMssOS::lib/microblaze_invalidate_dcache_range.o microblaze_0/lib/microblaze_invalidate_icache.o microblaze_0/lib/microblaze_invalidate
TRACE::2025-03-25.15:30:44::SCWMssOS::_icache_range.o microblaze_0/lib/microblaze_scrub.o microblaze_0/lib/microblaze_selftest.o microblaze_0/lib/microblaze_sleep.o 
TRACE::2025-03-25.15:30:44::SCWMssOS::microblaze_0/lib/microblaze_update_dcache.o microblaze_0/lib/microblaze_update_icache.o microblaze_0/lib/outbyte.o microblaze_0
TRACE::2025-03-25.15:30:44::SCWMssOS::/lib/print.o microblaze_0/lib/pvr.o microblaze_0/lib/xbram.o microblaze_0/lib/xbram_g.o microblaze_0/lib/xbram_intr.o microblaz
TRACE::2025-03-25.15:30:44::SCWMssOS::e_0/lib/xbram_selftest.o microblaze_0/lib/xbram_sinit.o microblaze_0/lib/xgpio.o microblaze_0/lib/xgpio_extra.o microblaze_0/li
TRACE::2025-03-25.15:30:44::SCWMssOS::b/xgpio_g.o microblaze_0/lib/xgpio_intr.o microblaze_0/lib/xgpio_selftest.o microblaze_0/lib/xgpio_sinit.o microblaze_0/lib/xil
TRACE::2025-03-25.15:30:44::SCWMssOS::_assert.o microblaze_0/lib/xil_cache.o microblaze_0/lib/xil_clocking.o microblaze_0/lib/xil_exception.o microblaze_0/lib/xil_me
TRACE::2025-03-25.15:30:44::SCWMssOS::m.o microblaze_0/lib/xil_misc_psreset_api.o microblaze_0/lib/xil_printf.o microblaze_0/lib/xil_sleepcommon.o microblaze_0/lib/x
TRACE::2025-03-25.15:30:44::SCWMssOS::il_testcache.o microblaze_0/lib/xil_testio.o microblaze_0/lib/xil_testmem.o microblaze_0/lib/xil_util.o microblaze_0/lib/xintc.
TRACE::2025-03-25.15:30:44::SCWMssOS::o microblaze_0/lib/xintc_g.o microblaze_0/lib/xintc_intr.o microblaze_0/lib/xintc_l.o microblaze_0/lib/xintc_options.o microbla
TRACE::2025-03-25.15:30:44::SCWMssOS::ze_0/lib/xintc_selftest.o microblaze_0/lib/xinterrupt_wrap.o microblaze_0/lib/xio.o microblaze_0/lib/xplatform_info.o microblaz
TRACE::2025-03-25.15:30:44::SCWMssOS::e_0/lib/xtmrctr.o microblaze_0/lib/xtmrctr_g.o microblaze_0/lib/xtmrctr_intr.o microblaze_0/lib/xtmrctr_l.o microblaze_0/lib/xt
TRACE::2025-03-25.15:30:44::SCWMssOS::mrctr_options.o microblaze_0/lib/xtmrctr_selftest.o microblaze_0/lib/xtmrctr_sinit.o microblaze_0/lib/xtmrctr_stats.o microblaz
TRACE::2025-03-25.15:30:44::SCWMssOS::e_0/lib/xuartlite.o microblaze_0/lib/xuartlite_g.o microblaze_0/lib/xuartlite_intr.o microblaze_0/lib/xuartlite_l.o microblaze_
TRACE::2025-03-25.15:30:44::SCWMssOS::0/lib/xuartlite_selftest.o microblaze_0/lib/xuartlite_sinit.o microblaze_0/lib/xuartlite_stats.o

TRACE::2025-03-25.15:30:44::SCWMssOS::'Finished building libraries'

TRACE::2025-03-25.15:30:44::SCWMssOS:: Checking if to create the Supporting Applications
TRACE::2025-03-25.15:30:44::SCWMssOS:: No Linux domain exists, trying to generate FSBL 
LOG::2025-03-25.15:30:44::SCWSystem::Completed Processing the domain standalone_domain
LOG::2025-03-25.15:30:44::SCWSystem::Completed Processing the sysconfig syncBlaze
LOG::2025-03-25.15:30:44::SCWPlatform::Completed generating the artifacts for system configuration syncBlaze
TRACE::2025-03-25.15:30:44::SCWPlatform::Started preparing the platform 
TRACE::2025-03-25.15:30:44::SCWSystem::Writing the bif file for system config syncBlaze
TRACE::2025-03-25.15:30:44::SCWSystem::dir created 
TRACE::2025-03-25.15:30:44::SCWSystem::Writing the bif 
TRACE::2025-03-25.15:30:44::SCWPlatform::Started writing the spfm file 
TRACE::2025-03-25.15:30:44::SCWPlatform::Started writing the xpfm file 
TRACE::2025-03-25.15:30:44::SCWPlatform::Completed generating the platform
TRACE::2025-03-25.15:30:44::SCWMssOS::Saving the mss changes E:/kevin/myCode/microBlaze1/vitisJson/syncBlaze/microblaze_0/standalone_domain/bsp/system.mss
TRACE::2025-03-25.15:30:44::SCWMssOS::Adding the swdes entry, mss present, able to open swdb E:/kevin/myCode/microBlaze1/vitisJson/syncBlaze/microblaze_0/standalone_domain/bsp/system.mss with des name system
TRACE::2025-03-25.15:30:44::SCWMssOS::Writing the mss file completed E:/kevin/myCode/microBlaze1/vitisJson/syncBlaze/microblaze_0/standalone_domain/bsp/system.mss
TRACE::2025-03-25.15:30:44::SCWMssOS::Commit changes completed.
TRACE::2025-03-25.15:30:44::SCWPlatform::Trying to open the hw design at E:/kevin/myCode/microBlaze1/vitisJson/syncBlaze/hw/design_1_wrapper.xsa
TRACE::2025-03-25.15:30:44::SCWPlatform::DSA given E:/kevin/myCode/microBlaze1/vitisJson/syncBlaze/hw/design_1_wrapper.xsa
TRACE::2025-03-25.15:30:44::SCWPlatform::DSA absoulate path E:/kevin/myCode/microBlaze1/vitisJson/syncBlaze/hw/design_1_wrapper.xsa
TRACE::2025-03-25.15:30:44::SCWPlatform::DSA directory E:/kevin/myCode/microBlaze1/vitisJson/syncBlaze/hw
TRACE::2025-03-25.15:30:44::SCWPlatform:: Platform Path E:/kevin/myCode/microBlaze1/vitisJson/syncBlaze/hw/design_1_wrapper.xsa
TRACE::2025-03-25.15:30:44::SCWPlatform:: Unique name xilinx:::0.0
TRACE::2025-03-25.15:30:44::SCWPlatform::Trying to set the existing hwdb with name design_1_wrapper_2
TRACE::2025-03-25.15:30:44::SCWPlatform::Opened existing hwdb design_1_wrapper_2
TRACE::2025-03-25.15:30:44::SCWPlatform::Found the Hw Db part of the input DSA
TRACE::2025-03-25.15:30:44::SCWMssOS::Checking the sw design at  E:/kevin/myCode/microBlaze1/vitisJson/syncBlaze/microblaze_0/standalone_domain/bsp/system.mss
TRACE::2025-03-25.15:30:44::SCWMssOS::DEBUG:  swdes dump  E:/kevin/myCode/microBlaze1/vitisJson/syncBlaze/microblaze_0/standalone_domain/bsp/system.mss|system||

TRACE::2025-03-25.15:30:44::SCWMssOS::Sw design exists and opened at  E:/kevin/myCode/microBlaze1/vitisJson/syncBlaze/microblaze_0/standalone_domain/bsp/system.mss
TRACE::2025-03-25.15:30:44::SCWWriter::formatted JSON is {
	"platformName":	"syncBlaze",
	"sprVersion":	"2.0",
	"mode":	"gui",
	"dsaType":	"Fixed",
	"platformDesc":	"syncBlaze",
	"platHandOff":	"E:/kevin/myCode/microBlaze1/design_1_wrapper.xsa",
	"platIntHandOff":	"<platformDir>/hw/design_1_wrapper.xsa",
	"deviceType":	"FPGA",
	"platIsPrebuiltAutogen":	"false",
	"platIsNoBootBsp":	"false",
	"hasFsblMakeHasChanges":	"false",
	"hasPmufwMakeHasChanges":	"false",
	"platPreBuiltFlag":	false,
	"platformSamplesDir":	"",
	"platActiveSys":	"syncBlaze",
	"systems":	[{
			"systemName":	"syncBlaze",
			"systemDesc":	"syncBlaze",
			"sysIsBootAutoGen":	"true",
			"systemDispName":	"syncBlaze",
			"sysActiveDom":	"standalone_domain",
			"sysDefaultDom":	"standalone_domain",
			"domains":	[{
					"domainName":	"standalone_domain",
					"domainDispName":	"standalone on microblaze_0",
					"domainDesc":	"standalone_domain",
					"processors":	"microblaze_0",
					"os":	"standalone",
					"sdxOs":	"standalone",
					"debugEnable":	"False",
					"domRuntimes":	["cpp"],
					"swRepo":	"",
					"mssOsVer":	"8.0",
					"mssFile":	"",
					"md5Digest":	"e2cdda41e7956801f4f51a65042beca0",
					"compatibleApp":	"",
					"domType":	"mssDomain",
					"arch":	"32-bit",
					"appSettings":	{
						"appCompilerFlags":	"",
						"appLinkerFlags":	""
					},
					"addedLibs":	[],
					"libOptions":	{
						"libsContainingOptions":	[]
					},
					"prebuiltLibs":	{
						"prebuiltIncPath":	[],
						"prebuiltLibPath":	[]
					},
					"isolation":	{
					}
				}]
		}]
}
KEYINFO::2025-03-25.15:30:44::SCWPlatform::updated the xpfm file.
TRACE::2025-03-25.15:30:44::SCWPlatform::Trying to open the hw design at E:/kevin/myCode/microBlaze1/vitisJson/syncBlaze/hw/design_1_wrapper.xsa
TRACE::2025-03-25.15:30:44::SCWPlatform::DSA given E:/kevin/myCode/microBlaze1/vitisJson/syncBlaze/hw/design_1_wrapper.xsa
TRACE::2025-03-25.15:30:44::SCWPlatform::DSA absoulate path E:/kevin/myCode/microBlaze1/vitisJson/syncBlaze/hw/design_1_wrapper.xsa
TRACE::2025-03-25.15:30:44::SCWPlatform::DSA directory E:/kevin/myCode/microBlaze1/vitisJson/syncBlaze/hw
TRACE::2025-03-25.15:30:44::SCWPlatform:: Platform Path E:/kevin/myCode/microBlaze1/vitisJson/syncBlaze/hw/design_1_wrapper.xsa
TRACE::2025-03-25.15:30:44::SCWPlatform:: Unique name xilinx:::0.0
TRACE::2025-03-25.15:30:44::SCWPlatform::Trying to set the existing hwdb with name design_1_wrapper_2
TRACE::2025-03-25.15:30:44::SCWPlatform::Opened existing hwdb design_1_wrapper_2
TRACE::2025-03-25.15:30:44::SCWPlatform::Found the Hw Db part of the input DSA
TRACE::2025-03-25.15:30:44::SCWMssOS::Checking the sw design at  E:/kevin/myCode/microBlaze1/vitisJson/syncBlaze/microblaze_0/standalone_domain/bsp/system.mss
TRACE::2025-03-25.15:30:44::SCWMssOS::DEBUG:  swdes dump  E:/kevin/myCode/microBlaze1/vitisJson/syncBlaze/microblaze_0/standalone_domain/bsp/system.mss|system||

TRACE::2025-03-25.15:30:44::SCWMssOS::Sw design exists and opened at  E:/kevin/myCode/microBlaze1/vitisJson/syncBlaze/microblaze_0/standalone_domain/bsp/system.mss
