TRACE::2025-03-25.22:12:01::SCWPlatform::Trying to open the hw design at E:/kevin/myCode/microBlaze1/vitisHome/syncBlaze/hw/design_1_wrapper.xsa
TRACE::2025-03-25.22:12:01::SCWPlatform::DSA given E:/kevin/myCode/microBlaze1/vitisHome/syncBlaze/hw/design_1_wrapper.xsa
TRACE::2025-03-25.22:12:01::SCWPlatform::DSA absoulate path E:/kevin/myCode/microBlaze1/vitisHome/syncBlaze/hw/design_1_wrapper.xsa
TRACE::2025-03-25.22:12:01::SCWPlatform::DSA directory E:/kevin/myCode/microBlaze1/vitisHome/syncBlaze/hw
TRACE::2025-03-25.22:12:01::SCWPlatform:: Platform Path E:/kevin/myCode/microBlaze1/vitisHome/syncBlaze/hw/design_1_wrapper.xsa
TRACE::2025-03-25.22:12:01::SCWPlatform:: Unique name xilinx:::0.0
TRACE::2025-03-25.22:12:01::SCWPlatform::Do not have an existing db opened. 
TRACE::2025-03-25.22:12:01::SCWPlatform::Opened new HwDB with name design_1_wrapper_0
TRACE::2025-03-25.22:12:01::SCWWriter::formatted JSON is {
	"platformName":	"syncBlaze",
	"sprVersion":	"2.0",
	"mode":	"gui",
	"dsaType":	"Fixed",
	"platformDesc":	"syncBlaze",
	"platHandOff":	"E:/kevin/myCode/microBlaze1/design_1_wrapper.xsa",
	"platIntHandOff":	"<platformDir>/hw/design_1_wrapper.xsa",
	"deviceType":	"FPGA",
	"platIsPrebuiltAutogen":	"false",
	"platIsNoBootBsp":	"false",
	"hasFsblMakeHasChanges":	"false",
	"hasPmufwMakeHasChanges":	"false",
	"platPreBuiltFlag":	false,
	"platformSamplesDir":	""
}
TRACE::2025-03-25.22:12:01::SCWWriter::formatted JSON is {
	"platformName":	"syncBlaze",
	"sprVersion":	"2.0",
	"mode":	"gui",
	"dsaType":	"Fixed",
	"platformDesc":	"syncBlaze",
	"platHandOff":	"E:/kevin/myCode/microBlaze1/design_1_wrapper.xsa",
	"platIntHandOff":	"<platformDir>/hw/design_1_wrapper.xsa",
	"deviceType":	"FPGA",
	"platIsPrebuiltAutogen":	"false",
	"platIsNoBootBsp":	"false",
	"hasFsblMakeHasChanges":	"false",
	"hasPmufwMakeHasChanges":	"false",
	"platPreBuiltFlag":	false,
	"platformSamplesDir":	"",
	"platActiveSys":	"syncBlaze",
	"systems":	[{
			"systemName":	"syncBlaze",
			"systemDesc":	"syncBlaze",
			"sysIsBootAutoGen":	"true",
			"systemDispName":	"syncBlaze"
		}]
}
TRACE::2025-03-25.22:12:01::SCWPlatform::Boot application domains not present, creating them
TRACE::2025-03-25.22:12:01::SCWPlatform::Pure FPGA device, no boot application will be created.
TRACE::2025-03-25.22:12:01::SCWWriter::formatted JSON is {
	"platformName":	"syncBlaze",
	"sprVersion":	"2.0",
	"mode":	"gui",
	"dsaType":	"Fixed",
	"platformDesc":	"syncBlaze",
	"platHandOff":	"E:/kevin/myCode/microBlaze1/design_1_wrapper.xsa",
	"platIntHandOff":	"<platformDir>/hw/design_1_wrapper.xsa",
	"deviceType":	"FPGA",
	"platIsPrebuiltAutogen":	"false",
	"platIsNoBootBsp":	"false",
	"hasFsblMakeHasChanges":	"false",
	"hasPmufwMakeHasChanges":	"false",
	"platPreBuiltFlag":	false,
	"platformSamplesDir":	"",
	"platActiveSys":	"syncBlaze",
	"systems":	[{
			"systemName":	"syncBlaze",
			"systemDesc":	"syncBlaze",
			"sysIsBootAutoGen":	"true",
			"systemDispName":	"syncBlaze"
		}]
}
TRACE::2025-03-25.22:12:01::SCWPlatform::Trying to open the hw design at E:/kevin/myCode/microBlaze1/vitisHome/syncBlaze/hw/design_1_wrapper.xsa
TRACE::2025-03-25.22:12:01::SCWPlatform::DSA given E:/kevin/myCode/microBlaze1/vitisHome/syncBlaze/hw/design_1_wrapper.xsa
TRACE::2025-03-25.22:12:01::SCWPlatform::DSA absoulate path E:/kevin/myCode/microBlaze1/vitisHome/syncBlaze/hw/design_1_wrapper.xsa
TRACE::2025-03-25.22:12:01::SCWPlatform::DSA directory E:/kevin/myCode/microBlaze1/vitisHome/syncBlaze/hw
TRACE::2025-03-25.22:12:01::SCWPlatform:: Platform Path E:/kevin/myCode/microBlaze1/vitisHome/syncBlaze/hw/design_1_wrapper.xsa
TRACE::2025-03-25.22:12:01::SCWPlatform:: Unique name xilinx:::0.0
TRACE::2025-03-25.22:12:01::SCWPlatform::Trying to set the existing hwdb with name design_1_wrapper_0
TRACE::2025-03-25.22:12:01::SCWPlatform::Opened existing hwdb design_1_wrapper_0
TRACE::2025-03-25.22:12:01::SCWPlatform::Found the Hw Db part of the input DSA
TRACE::2025-03-25.22:12:01::SCWPlatform::Trying to open the hw design at E:/kevin/myCode/microBlaze1/vitisHome/syncBlaze/hw/design_1_wrapper.xsa
TRACE::2025-03-25.22:12:01::SCWPlatform::DSA given E:/kevin/myCode/microBlaze1/vitisHome/syncBlaze/hw/design_1_wrapper.xsa
TRACE::2025-03-25.22:12:01::SCWPlatform::DSA absoulate path E:/kevin/myCode/microBlaze1/vitisHome/syncBlaze/hw/design_1_wrapper.xsa
TRACE::2025-03-25.22:12:01::SCWPlatform::DSA directory E:/kevin/myCode/microBlaze1/vitisHome/syncBlaze/hw
TRACE::2025-03-25.22:12:01::SCWPlatform:: Platform Path E:/kevin/myCode/microBlaze1/vitisHome/syncBlaze/hw/design_1_wrapper.xsa
TRACE::2025-03-25.22:12:01::SCWPlatform:: Unique name xilinx:::0.0
TRACE::2025-03-25.22:12:01::SCWPlatform::Trying to set the existing hwdb with name design_1_wrapper_0
TRACE::2025-03-25.22:12:01::SCWPlatform::Opened existing hwdb design_1_wrapper_0
TRACE::2025-03-25.22:12:01::SCWPlatform::Found the Hw Db part of the input DSA
TRACE::2025-03-25.22:12:01::SCWPlatform::Trying to open the hw design at E:/kevin/myCode/microBlaze1/vitisHome/syncBlaze/hw/design_1_wrapper.xsa
TRACE::2025-03-25.22:12:01::SCWPlatform::DSA given E:/kevin/myCode/microBlaze1/vitisHome/syncBlaze/hw/design_1_wrapper.xsa
TRACE::2025-03-25.22:12:01::SCWPlatform::DSA absoulate path E:/kevin/myCode/microBlaze1/vitisHome/syncBlaze/hw/design_1_wrapper.xsa
TRACE::2025-03-25.22:12:01::SCWPlatform::DSA directory E:/kevin/myCode/microBlaze1/vitisHome/syncBlaze/hw
TRACE::2025-03-25.22:12:01::SCWPlatform:: Platform Path E:/kevin/myCode/microBlaze1/vitisHome/syncBlaze/hw/design_1_wrapper.xsa
TRACE::2025-03-25.22:12:01::SCWPlatform:: Unique name xilinx:::0.0
TRACE::2025-03-25.22:12:01::SCWPlatform::Trying to set the existing hwdb with name design_1_wrapper_0
TRACE::2025-03-25.22:12:01::SCWPlatform::Opened existing hwdb design_1_wrapper_0
TRACE::2025-03-25.22:12:01::SCWPlatform::Found the Hw Db part of the input DSA
TRACE::2025-03-25.22:12:01::SCWDomain::checking for install qemu data   : 
TRACE::2025-03-25.22:12:01::SCWPlatform::Trying to open the hw design at E:/kevin/myCode/microBlaze1/vitisHome/syncBlaze/hw/design_1_wrapper.xsa
TRACE::2025-03-25.22:12:01::SCWPlatform::DSA given E:/kevin/myCode/microBlaze1/vitisHome/syncBlaze/hw/design_1_wrapper.xsa
TRACE::2025-03-25.22:12:01::SCWPlatform::DSA absoulate path E:/kevin/myCode/microBlaze1/vitisHome/syncBlaze/hw/design_1_wrapper.xsa
TRACE::2025-03-25.22:12:01::SCWPlatform::DSA directory E:/kevin/myCode/microBlaze1/vitisHome/syncBlaze/hw
TRACE::2025-03-25.22:12:01::SCWPlatform:: Platform Path E:/kevin/myCode/microBlaze1/vitisHome/syncBlaze/hw/design_1_wrapper.xsa
TRACE::2025-03-25.22:12:01::SCWPlatform:: Unique name xilinx:::0.0
TRACE::2025-03-25.22:12:01::SCWPlatform::Trying to set the existing hwdb with name design_1_wrapper_0
TRACE::2025-03-25.22:12:01::SCWPlatform::Opened existing hwdb design_1_wrapper_0
TRACE::2025-03-25.22:12:01::SCWPlatform::Found the Hw Db part of the input DSA
TRACE::2025-03-25.22:12:01::SCWPlatform::Trying to open the hw design at E:/kevin/myCode/microBlaze1/vitisHome/syncBlaze/hw/design_1_wrapper.xsa
TRACE::2025-03-25.22:12:01::SCWPlatform::DSA given E:/kevin/myCode/microBlaze1/vitisHome/syncBlaze/hw/design_1_wrapper.xsa
TRACE::2025-03-25.22:12:01::SCWPlatform::DSA absoulate path E:/kevin/myCode/microBlaze1/vitisHome/syncBlaze/hw/design_1_wrapper.xsa
TRACE::2025-03-25.22:12:01::SCWPlatform::DSA directory E:/kevin/myCode/microBlaze1/vitisHome/syncBlaze/hw
TRACE::2025-03-25.22:12:01::SCWPlatform:: Platform Path E:/kevin/myCode/microBlaze1/vitisHome/syncBlaze/hw/design_1_wrapper.xsa
TRACE::2025-03-25.22:12:01::SCWPlatform:: Unique name xilinx:::0.0
TRACE::2025-03-25.22:12:01::SCWPlatform::Trying to set the existing hwdb with name design_1_wrapper_0
TRACE::2025-03-25.22:12:01::SCWPlatform::Opened existing hwdb design_1_wrapper_0
TRACE::2025-03-25.22:12:01::SCWPlatform::Found the Hw Db part of the input DSA
TRACE::2025-03-25.22:12:01::SCWPlatform::Trying to open the hw design at E:/kevin/myCode/microBlaze1/vitisHome/syncBlaze/hw/design_1_wrapper.xsa
TRACE::2025-03-25.22:12:01::SCWPlatform::DSA given E:/kevin/myCode/microBlaze1/vitisHome/syncBlaze/hw/design_1_wrapper.xsa
TRACE::2025-03-25.22:12:01::SCWPlatform::DSA absoulate path E:/kevin/myCode/microBlaze1/vitisHome/syncBlaze/hw/design_1_wrapper.xsa
TRACE::2025-03-25.22:12:01::SCWPlatform::DSA directory E:/kevin/myCode/microBlaze1/vitisHome/syncBlaze/hw
TRACE::2025-03-25.22:12:01::SCWPlatform:: Platform Path E:/kevin/myCode/microBlaze1/vitisHome/syncBlaze/hw/design_1_wrapper.xsa
TRACE::2025-03-25.22:12:01::SCWPlatform:: Unique name xilinx:::0.0
TRACE::2025-03-25.22:12:01::SCWPlatform::Trying to set the existing hwdb with name design_1_wrapper_0
TRACE::2025-03-25.22:12:01::SCWPlatform::Opened existing hwdb design_1_wrapper_0
TRACE::2025-03-25.22:12:01::SCWPlatform::Found the Hw Db part of the input DSA
TRACE::2025-03-25.22:12:01::SCWMssOS::Checking the sw design at  E:/kevin/myCode/microBlaze1/vitisHome/syncBlaze/microblaze_0/standalone_domain/bsp/system.mss
TRACE::2025-03-25.22:12:01::SCWMssOS::DEBUG:  swdes dump  
TRACE::2025-03-25.22:12:01::SCWMssOS::No sw design opened at  E:/kevin/myCode/microBlaze1/vitisHome/syncBlaze/microblaze_0/standalone_domain/bsp/system.mss
TRACE::2025-03-25.22:12:01::SCWMssOS::mss does not exists at E:/kevin/myCode/microBlaze1/vitisHome/syncBlaze/microblaze_0/standalone_domain/bsp/system.mss
TRACE::2025-03-25.22:12:01::SCWMssOS::Creating sw design at  E:/kevin/myCode/microBlaze1/vitisHome/syncBlaze/microblaze_0/standalone_domain/bsp/system.mss
TRACE::2025-03-25.22:12:01::SCWMssOS::Adding the swdes entry, created swdb E:/kevin/myCode/microBlaze1/vitisHome/syncBlaze/microblaze_0/standalone_domain/bsp/system.mss with des name E:/kevin/myCode/microBlaze1/vitisHome/syncBlaze/microblaze_0/standalone_domain/bsp/system.mss
TRACE::2025-03-25.22:12:01::SCWMssOS::updating the scw layer changes to swdes at   E:/kevin/myCode/microBlaze1/vitisHome/syncBlaze/microblaze_0/standalone_domain/bsp/system.mss
TRACE::2025-03-25.22:12:01::SCWMssOS::Writing mss at E:/kevin/myCode/microBlaze1/vitisHome/syncBlaze/microblaze_0/standalone_domain/bsp/system.mss
TRACE::2025-03-25.22:12:01::SCWMssOS::Completed writing the mss file at E:/kevin/myCode/microBlaze1/vitisHome/syncBlaze/microblaze_0/standalone_domain/bsp
TRACE::2025-03-25.22:12:01::SCWMssOS::Picking up changes from newly written mss file into SCW Layer. 
TRACE::2025-03-25.22:12:01::SCWMssOS::Updated the changes from newly written mss file into SCW Layer. 
TRACE::2025-03-25.22:12:01::SCWMssOS::Completed writing the mss file at E:/kevin/myCode/microBlaze1/vitisHome/syncBlaze/microblaze_0/standalone_domain/bsp
TRACE::2025-03-25.22:12:01::SCWMssOS::Forcing BSP Sources regeneration.
TRACE::2025-03-25.22:12:02::SCWMssOS::Saving the mss changes E:/kevin/myCode/microBlaze1/vitisHome/syncBlaze/microblaze_0/standalone_domain/bsp/system.mss
TRACE::2025-03-25.22:12:02::SCWMssOS::Adding the swdes entry, mss present, able to open swdb E:/kevin/myCode/microBlaze1/vitisHome/syncBlaze/microblaze_0/standalone_domain/bsp/system.mss with des name system
TRACE::2025-03-25.22:12:02::SCWMssOS::Writing the mss file completed E:/kevin/myCode/microBlaze1/vitisHome/syncBlaze/microblaze_0/standalone_domain/bsp/system.mss
TRACE::2025-03-25.22:12:02::SCWMssOS::Commit changes completed.
TRACE::2025-03-25.22:12:02::SCWPlatform::Trying to open the hw design at E:/kevin/myCode/microBlaze1/vitisHome/syncBlaze/hw/design_1_wrapper.xsa
TRACE::2025-03-25.22:12:02::SCWPlatform::DSA given E:/kevin/myCode/microBlaze1/vitisHome/syncBlaze/hw/design_1_wrapper.xsa
TRACE::2025-03-25.22:12:02::SCWPlatform::DSA absoulate path E:/kevin/myCode/microBlaze1/vitisHome/syncBlaze/hw/design_1_wrapper.xsa
TRACE::2025-03-25.22:12:02::SCWPlatform::DSA directory E:/kevin/myCode/microBlaze1/vitisHome/syncBlaze/hw
TRACE::2025-03-25.22:12:02::SCWPlatform:: Platform Path E:/kevin/myCode/microBlaze1/vitisHome/syncBlaze/hw/design_1_wrapper.xsa
TRACE::2025-03-25.22:12:02::SCWPlatform:: Unique name xilinx:::0.0
TRACE::2025-03-25.22:12:02::SCWPlatform::Trying to set the existing hwdb with name design_1_wrapper_0
TRACE::2025-03-25.22:12:02::SCWPlatform::Opened existing hwdb design_1_wrapper_0
TRACE::2025-03-25.22:12:02::SCWPlatform::Found the Hw Db part of the input DSA
TRACE::2025-03-25.22:12:02::SCWMssOS::Checking the sw design at  E:/kevin/myCode/microBlaze1/vitisHome/syncBlaze/microblaze_0/standalone_domain/bsp/system.mss
TRACE::2025-03-25.22:12:02::SCWMssOS::DEBUG:  swdes dump  E:/kevin/myCode/microBlaze1/vitisHome/syncBlaze/microblaze_0/standalone_domain/bsp/system.mss|system||

TRACE::2025-03-25.22:12:02::SCWMssOS::Sw design exists and opened at  E:/kevin/myCode/microBlaze1/vitisHome/syncBlaze/microblaze_0/standalone_domain/bsp/system.mss
TRACE::2025-03-25.22:12:02::SCWPlatform::Trying to open the hw design at E:/kevin/myCode/microBlaze1/vitisHome/syncBlaze/hw/design_1_wrapper.xsa
TRACE::2025-03-25.22:12:02::SCWPlatform::DSA given E:/kevin/myCode/microBlaze1/vitisHome/syncBlaze/hw/design_1_wrapper.xsa
TRACE::2025-03-25.22:12:02::SCWPlatform::DSA absoulate path E:/kevin/myCode/microBlaze1/vitisHome/syncBlaze/hw/design_1_wrapper.xsa
TRACE::2025-03-25.22:12:02::SCWPlatform::DSA directory E:/kevin/myCode/microBlaze1/vitisHome/syncBlaze/hw
TRACE::2025-03-25.22:12:02::SCWPlatform:: Platform Path E:/kevin/myCode/microBlaze1/vitisHome/syncBlaze/hw/design_1_wrapper.xsa
TRACE::2025-03-25.22:12:02::SCWPlatform:: Unique name xilinx:::0.0
TRACE::2025-03-25.22:12:02::SCWPlatform::Trying to set the existing hwdb with name design_1_wrapper_0
TRACE::2025-03-25.22:12:02::SCWPlatform::Opened existing hwdb design_1_wrapper_0
TRACE::2025-03-25.22:12:02::SCWPlatform::Found the Hw Db part of the input DSA
TRACE::2025-03-25.22:12:02::SCWMssOS::Checking the sw design at  E:/kevin/myCode/microBlaze1/vitisHome/syncBlaze/microblaze_0/standalone_domain/bsp/system.mss
TRACE::2025-03-25.22:12:02::SCWMssOS::DEBUG:  swdes dump  E:/kevin/myCode/microBlaze1/vitisHome/syncBlaze/microblaze_0/standalone_domain/bsp/system.mss|system||

TRACE::2025-03-25.22:12:02::SCWMssOS::Sw design exists and opened at  E:/kevin/myCode/microBlaze1/vitisHome/syncBlaze/microblaze_0/standalone_domain/bsp/system.mss
TRACE::2025-03-25.22:12:02::SCWPlatform::Trying to open the hw design at E:/kevin/myCode/microBlaze1/vitisHome/syncBlaze/hw/design_1_wrapper.xsa
TRACE::2025-03-25.22:12:02::SCWPlatform::DSA given E:/kevin/myCode/microBlaze1/vitisHome/syncBlaze/hw/design_1_wrapper.xsa
TRACE::2025-03-25.22:12:02::SCWPlatform::DSA absoulate path E:/kevin/myCode/microBlaze1/vitisHome/syncBlaze/hw/design_1_wrapper.xsa
TRACE::2025-03-25.22:12:02::SCWPlatform::DSA directory E:/kevin/myCode/microBlaze1/vitisHome/syncBlaze/hw
TRACE::2025-03-25.22:12:02::SCWPlatform:: Platform Path E:/kevin/myCode/microBlaze1/vitisHome/syncBlaze/hw/design_1_wrapper.xsa
TRACE::2025-03-25.22:12:02::SCWPlatform:: Unique name xilinx:::0.0
TRACE::2025-03-25.22:12:02::SCWPlatform::Trying to set the existing hwdb with name design_1_wrapper_0
TRACE::2025-03-25.22:12:02::SCWPlatform::Opened existing hwdb design_1_wrapper_0
TRACE::2025-03-25.22:12:02::SCWPlatform::Found the Hw Db part of the input DSA
TRACE::2025-03-25.22:12:02::SCWMssOS::Checking the sw design at  E:/kevin/myCode/microBlaze1/vitisHome/syncBlaze/microblaze_0/standalone_domain/bsp/system.mss
TRACE::2025-03-25.22:12:02::SCWMssOS::DEBUG:  swdes dump  E:/kevin/myCode/microBlaze1/vitisHome/syncBlaze/microblaze_0/standalone_domain/bsp/system.mss|system||

TRACE::2025-03-25.22:12:02::SCWMssOS::Sw design exists and opened at  E:/kevin/myCode/microBlaze1/vitisHome/syncBlaze/microblaze_0/standalone_domain/bsp/system.mss
TRACE::2025-03-25.22:12:02::SCWWriter::formatted JSON is {
	"platformName":	"syncBlaze",
	"sprVersion":	"2.0",
	"mode":	"gui",
	"dsaType":	"Fixed",
	"platformDesc":	"syncBlaze",
	"platHandOff":	"E:/kevin/myCode/microBlaze1/design_1_wrapper.xsa",
	"platIntHandOff":	"<platformDir>/hw/design_1_wrapper.xsa",
	"deviceType":	"FPGA",
	"platIsPrebuiltAutogen":	"false",
	"platIsNoBootBsp":	"false",
	"hasFsblMakeHasChanges":	"false",
	"hasPmufwMakeHasChanges":	"false",
	"platPreBuiltFlag":	false,
	"platformSamplesDir":	"",
	"platActiveSys":	"syncBlaze",
	"systems":	[{
			"systemName":	"syncBlaze",
			"systemDesc":	"syncBlaze",
			"sysIsBootAutoGen":	"true",
			"systemDispName":	"syncBlaze",
			"sysActiveDom":	"standalone_domain",
			"sysDefaultDom":	"standalone_domain",
			"domains":	[{
					"domainName":	"standalone_domain",
					"domainDispName":	"standalone_domain",
					"domainDesc":	"standalone_domain",
					"processors":	"microblaze_0",
					"os":	"standalone",
					"sdxOs":	"standalone",
					"debugEnable":	"False",
					"domRuntimes":	["cpp"],
					"swRepo":	"",
					"mssOsVer":	"8.0",
					"mssFile":	"",
					"md5Digest":	"e2cdda41e7956801f4f51a65042beca0",
					"compatibleApp":	"",
					"domType":	"mssDomain",
					"arch":	"32-bit",
					"appSettings":	{
						"appCompilerFlags":	"",
						"appLinkerFlags":	""
					},
					"addedLibs":	[],
					"libOptions":	{
						"libsContainingOptions":	[]
					},
					"prebuiltLibs":	{
						"prebuiltIncPath":	[],
						"prebuiltLibPath":	[]
					},
					"isolation":	{
					}
				}]
		}]
}
LOG::2025-03-25.22:12:02::SCWPlatform::Started generating the artifacts platform syncBlaze
TRACE::2025-03-25.22:12:02::SCWPlatform::Sanity checking of platform is completed
LOG::2025-03-25.22:12:02::SCWPlatform::Started generating the artifacts for system configuration syncBlaze
LOG::2025-03-25.22:12:02::SCWSystem::Checking the domain standalone_domain
LOG::2025-03-25.22:12:02::SCWSystem::Not a boot domain 
LOG::2025-03-25.22:12:02::SCWSystem::Started Processing the domain standalone_domain
TRACE::2025-03-25.22:12:02::SCWDomain::Generating domain artifcats
TRACE::2025-03-25.22:12:02::SCWMssOS::Generating standalone artifcats
TRACE::2025-03-25.22:12:02::SCWMssOS:: Copying the user libraries. 
TRACE::2025-03-25.22:12:02::SCWPlatform::Trying to open the hw design at E:/kevin/myCode/microBlaze1/vitisHome/syncBlaze/hw/design_1_wrapper.xsa
TRACE::2025-03-25.22:12:02::SCWPlatform::DSA given E:/kevin/myCode/microBlaze1/vitisHome/syncBlaze/hw/design_1_wrapper.xsa
TRACE::2025-03-25.22:12:02::SCWPlatform::DSA absoulate path E:/kevin/myCode/microBlaze1/vitisHome/syncBlaze/hw/design_1_wrapper.xsa
TRACE::2025-03-25.22:12:02::SCWPlatform::DSA directory E:/kevin/myCode/microBlaze1/vitisHome/syncBlaze/hw
TRACE::2025-03-25.22:12:03::SCWPlatform:: Platform Path E:/kevin/myCode/microBlaze1/vitisHome/syncBlaze/hw/design_1_wrapper.xsa
TRACE::2025-03-25.22:12:03::SCWPlatform:: Unique name xilinx:::0.0
TRACE::2025-03-25.22:12:03::SCWPlatform::Trying to set the existing hwdb with name design_1_wrapper_0
TRACE::2025-03-25.22:12:03::SCWPlatform::Opened existing hwdb design_1_wrapper_0
TRACE::2025-03-25.22:12:03::SCWPlatform::Found the Hw Db part of the input DSA
TRACE::2025-03-25.22:12:03::SCWMssOS::Checking the sw design at  E:/kevin/myCode/microBlaze1/vitisHome/syncBlaze/microblaze_0/standalone_domain/bsp/system.mss
TRACE::2025-03-25.22:12:03::SCWMssOS::DEBUG:  swdes dump  E:/kevin/myCode/microBlaze1/vitisHome/syncBlaze/microblaze_0/standalone_domain/bsp/system.mss|system||

TRACE::2025-03-25.22:12:03::SCWMssOS::Sw design exists and opened at  E:/kevin/myCode/microBlaze1/vitisHome/syncBlaze/microblaze_0/standalone_domain/bsp/system.mss
TRACE::2025-03-25.22:12:03::SCWMssOS::Completed writing the mss file at E:/kevin/myCode/microBlaze1/vitisHome/syncBlaze/microblaze_0/standalone_domain/bsp
TRACE::2025-03-25.22:12:03::SCWMssOS::Mss edits present, copying mssfile into export location E:/kevin/myCode/microBlaze1/vitisHome/syncBlaze/microblaze_0/standalone_domain/bsp/system.mss
TRACE::2025-03-25.22:12:03::SCWMssOS::bsp generated is upto date with the mss file. Skipping bsp generation.
TRACE::2025-03-25.22:12:03::SCWMssOS::BSP is already built. skipping the bsp build ... 
TRACE::2025-03-25.22:12:03::SCWDomain::Skipping the build for domain :  standalone_domain
TRACE::2025-03-25.22:12:03::SCWMssOS::skipping the bsp build ... 
TRACE::2025-03-25.22:12:03::SCWMssOS::Copying to export directory.
TRACE::2025-03-25.22:12:03::SCWMssOS:: Checking if to create the Supporting Applications
TRACE::2025-03-25.22:12:03::SCWMssOS:: No Linux domain exists, trying to generate FSBL 
LOG::2025-03-25.22:12:03::SCWSystem::Completed Processing the domain standalone_domain
LOG::2025-03-25.22:12:03::SCWSystem::Completed Processing the sysconfig syncBlaze
LOG::2025-03-25.22:12:03::SCWPlatform::Completed generating the artifacts for system configuration syncBlaze
TRACE::2025-03-25.22:12:03::SCWPlatform::Started preparing the platform 
TRACE::2025-03-25.22:12:03::SCWSystem::Writing the bif file for system config syncBlaze
TRACE::2025-03-25.22:12:03::SCWSystem::dir created 
TRACE::2025-03-25.22:12:03::SCWSystem::Writing the bif 
TRACE::2025-03-25.22:12:03::SCWPlatform::Started writing the spfm file 
TRACE::2025-03-25.22:12:03::SCWPlatform::Started writing the xpfm file 
TRACE::2025-03-25.22:12:03::SCWPlatform::Completed generating the platform
TRACE::2025-03-25.22:12:03::SCWMssOS::Saving the mss changes E:/kevin/myCode/microBlaze1/vitisHome/syncBlaze/microblaze_0/standalone_domain/bsp/system.mss
TRACE::2025-03-25.22:12:03::SCWMssOS::Found a swdesign opened with the mssfile.
TRACE::2025-03-25.22:12:03::SCWMssOS::Completed writemss as part of save.
TRACE::2025-03-25.22:12:03::SCWMssOS::Commit changes completed.
TRACE::2025-03-25.22:12:03::SCWPlatform::Trying to open the hw design at E:/kevin/myCode/microBlaze1/vitisHome/syncBlaze/hw/design_1_wrapper.xsa
TRACE::2025-03-25.22:12:03::SCWPlatform::DSA given E:/kevin/myCode/microBlaze1/vitisHome/syncBlaze/hw/design_1_wrapper.xsa
TRACE::2025-03-25.22:12:03::SCWPlatform::DSA absoulate path E:/kevin/myCode/microBlaze1/vitisHome/syncBlaze/hw/design_1_wrapper.xsa
TRACE::2025-03-25.22:12:03::SCWPlatform::DSA directory E:/kevin/myCode/microBlaze1/vitisHome/syncBlaze/hw
TRACE::2025-03-25.22:12:03::SCWPlatform:: Platform Path E:/kevin/myCode/microBlaze1/vitisHome/syncBlaze/hw/design_1_wrapper.xsa
TRACE::2025-03-25.22:12:03::SCWPlatform:: Unique name xilinx:::0.0
TRACE::2025-03-25.22:12:03::SCWPlatform::Trying to set the existing hwdb with name design_1_wrapper_0
TRACE::2025-03-25.22:12:03::SCWPlatform::Opened existing hwdb design_1_wrapper_0
TRACE::2025-03-25.22:12:03::SCWPlatform::Found the Hw Db part of the input DSA
TRACE::2025-03-25.22:12:03::SCWMssOS::Checking the sw design at  E:/kevin/myCode/microBlaze1/vitisHome/syncBlaze/microblaze_0/standalone_domain/bsp/system.mss
TRACE::2025-03-25.22:12:03::SCWMssOS::DEBUG:  swdes dump  E:/kevin/myCode/microBlaze1/vitisHome/syncBlaze/microblaze_0/standalone_domain/bsp/system.mss|system||

TRACE::2025-03-25.22:12:03::SCWMssOS::Sw design exists and opened at  E:/kevin/myCode/microBlaze1/vitisHome/syncBlaze/microblaze_0/standalone_domain/bsp/system.mss
TRACE::2025-03-25.22:12:03::SCWPlatform::Trying to open the hw design at E:/kevin/myCode/microBlaze1/vitisHome/syncBlaze/hw/design_1_wrapper.xsa
TRACE::2025-03-25.22:12:03::SCWPlatform::DSA given E:/kevin/myCode/microBlaze1/vitisHome/syncBlaze/hw/design_1_wrapper.xsa
TRACE::2025-03-25.22:12:03::SCWPlatform::DSA absoulate path E:/kevin/myCode/microBlaze1/vitisHome/syncBlaze/hw/design_1_wrapper.xsa
TRACE::2025-03-25.22:12:03::SCWPlatform::DSA directory E:/kevin/myCode/microBlaze1/vitisHome/syncBlaze/hw
TRACE::2025-03-25.22:12:03::SCWPlatform:: Platform Path E:/kevin/myCode/microBlaze1/vitisHome/syncBlaze/hw/design_1_wrapper.xsa
TRACE::2025-03-25.22:12:03::SCWPlatform:: Unique name xilinx:::0.0
TRACE::2025-03-25.22:12:03::SCWPlatform::Trying to set the existing hwdb with name design_1_wrapper_0
TRACE::2025-03-25.22:12:03::SCWPlatform::Opened existing hwdb design_1_wrapper_0
TRACE::2025-03-25.22:12:03::SCWPlatform::Found the Hw Db part of the input DSA
TRACE::2025-03-25.22:12:03::SCWMssOS::Checking the sw design at  E:/kevin/myCode/microBlaze1/vitisHome/syncBlaze/microblaze_0/standalone_domain/bsp/system.mss
TRACE::2025-03-25.22:12:03::SCWMssOS::DEBUG:  swdes dump  E:/kevin/myCode/microBlaze1/vitisHome/syncBlaze/microblaze_0/standalone_domain/bsp/system.mss|system||

TRACE::2025-03-25.22:12:03::SCWMssOS::Sw design exists and opened at  E:/kevin/myCode/microBlaze1/vitisHome/syncBlaze/microblaze_0/standalone_domain/bsp/system.mss
TRACE::2025-03-25.22:12:03::SCWPlatform::Trying to open the hw design at E:/kevin/myCode/microBlaze1/vitisHome/syncBlaze/hw/design_1_wrapper.xsa
TRACE::2025-03-25.22:12:03::SCWPlatform::DSA given E:/kevin/myCode/microBlaze1/vitisHome/syncBlaze/hw/design_1_wrapper.xsa
TRACE::2025-03-25.22:12:03::SCWPlatform::DSA absoulate path E:/kevin/myCode/microBlaze1/vitisHome/syncBlaze/hw/design_1_wrapper.xsa
TRACE::2025-03-25.22:12:03::SCWPlatform::DSA directory E:/kevin/myCode/microBlaze1/vitisHome/syncBlaze/hw
TRACE::2025-03-25.22:12:03::SCWPlatform:: Platform Path E:/kevin/myCode/microBlaze1/vitisHome/syncBlaze/hw/design_1_wrapper.xsa
TRACE::2025-03-25.22:12:03::SCWPlatform:: Unique name xilinx:::0.0
TRACE::2025-03-25.22:12:03::SCWPlatform::Trying to set the existing hwdb with name design_1_wrapper_0
TRACE::2025-03-25.22:12:03::SCWPlatform::Opened existing hwdb design_1_wrapper_0
TRACE::2025-03-25.22:12:03::SCWPlatform::Found the Hw Db part of the input DSA
TRACE::2025-03-25.22:12:03::SCWMssOS::Checking the sw design at  E:/kevin/myCode/microBlaze1/vitisHome/syncBlaze/microblaze_0/standalone_domain/bsp/system.mss
TRACE::2025-03-25.22:12:03::SCWMssOS::DEBUG:  swdes dump  E:/kevin/myCode/microBlaze1/vitisHome/syncBlaze/microblaze_0/standalone_domain/bsp/system.mss|system||

TRACE::2025-03-25.22:12:03::SCWMssOS::Sw design exists and opened at  E:/kevin/myCode/microBlaze1/vitisHome/syncBlaze/microblaze_0/standalone_domain/bsp/system.mss
TRACE::2025-03-25.22:12:03::SCWWriter::formatted JSON is {
	"platformName":	"syncBlaze",
	"sprVersion":	"2.0",
	"mode":	"gui",
	"dsaType":	"Fixed",
	"platformDesc":	"syncBlaze",
	"platHandOff":	"E:/kevin/myCode/microBlaze1/design_1_wrapper.xsa",
	"platIntHandOff":	"<platformDir>/hw/design_1_wrapper.xsa",
	"deviceType":	"FPGA",
	"platIsPrebuiltAutogen":	"false",
	"platIsNoBootBsp":	"false",
	"hasFsblMakeHasChanges":	"false",
	"hasPmufwMakeHasChanges":	"false",
	"platPreBuiltFlag":	false,
	"platformSamplesDir":	"",
	"platActiveSys":	"syncBlaze",
	"systems":	[{
			"systemName":	"syncBlaze",
			"systemDesc":	"syncBlaze",
			"sysIsBootAutoGen":	"true",
			"systemDispName":	"syncBlaze",
			"sysActiveDom":	"standalone_domain",
			"sysDefaultDom":	"standalone_domain",
			"domains":	[{
					"domainName":	"standalone_domain",
					"domainDispName":	"standalone_domain",
					"domainDesc":	"standalone_domain",
					"processors":	"microblaze_0",
					"os":	"standalone",
					"sdxOs":	"standalone",
					"debugEnable":	"False",
					"domRuntimes":	["cpp"],
					"swRepo":	"",
					"mssOsVer":	"8.0",
					"mssFile":	"",
					"md5Digest":	"e2cdda41e7956801f4f51a65042beca0",
					"compatibleApp":	"",
					"domType":	"mssDomain",
					"arch":	"32-bit",
					"appSettings":	{
						"appCompilerFlags":	"",
						"appLinkerFlags":	""
					},
					"addedLibs":	[],
					"libOptions":	{
						"libsContainingOptions":	[]
					},
					"prebuiltLibs":	{
						"prebuiltIncPath":	[],
						"prebuiltLibPath":	[]
					},
					"isolation":	{
					}
				}]
		}]
}
KEYINFO::2025-03-25.22:12:03::SCWPlatform::updated the xpfm file.
TRACE::2025-03-25.22:12:03::SCWPlatform::Trying to open the hw design at E:/kevin/myCode/microBlaze1/vitisHome/syncBlaze/hw/design_1_wrapper.xsa
TRACE::2025-03-25.22:12:03::SCWPlatform::DSA given E:/kevin/myCode/microBlaze1/vitisHome/syncBlaze/hw/design_1_wrapper.xsa
TRACE::2025-03-25.22:12:03::SCWPlatform::DSA absoulate path E:/kevin/myCode/microBlaze1/vitisHome/syncBlaze/hw/design_1_wrapper.xsa
TRACE::2025-03-25.22:12:03::SCWPlatform::DSA directory E:/kevin/myCode/microBlaze1/vitisHome/syncBlaze/hw
TRACE::2025-03-25.22:12:03::SCWPlatform:: Platform Path E:/kevin/myCode/microBlaze1/vitisHome/syncBlaze/hw/design_1_wrapper.xsa
TRACE::2025-03-25.22:12:03::SCWPlatform:: Unique name xilinx:::0.0
TRACE::2025-03-25.22:12:03::SCWPlatform::Trying to set the existing hwdb with name design_1_wrapper_0
TRACE::2025-03-25.22:12:03::SCWPlatform::Opened existing hwdb design_1_wrapper_0
TRACE::2025-03-25.22:12:03::SCWPlatform::Found the Hw Db part of the input DSA
TRACE::2025-03-25.22:12:03::SCWMssOS::Checking the sw design at  E:/kevin/myCode/microBlaze1/vitisHome/syncBlaze/microblaze_0/standalone_domain/bsp/system.mss
TRACE::2025-03-25.22:12:03::SCWMssOS::DEBUG:  swdes dump  E:/kevin/myCode/microBlaze1/vitisHome/syncBlaze/microblaze_0/standalone_domain/bsp/system.mss|system||

TRACE::2025-03-25.22:12:03::SCWMssOS::Sw design exists and opened at  E:/kevin/myCode/microBlaze1/vitisHome/syncBlaze/microblaze_0/standalone_domain/bsp/system.mss
TRACE::2025-03-25.22:12:03::SCWMssOS::Saving the mss changes E:/kevin/myCode/microBlaze1/vitisHome/syncBlaze/microblaze_0/standalone_domain/bsp/system.mss
TRACE::2025-03-25.22:12:03::SCWMssOS::Found a swdesign opened with the mssfile.
TRACE::2025-03-25.22:12:03::SCWMssOS::Completed writemss as part of save.
TRACE::2025-03-25.22:12:03::SCWMssOS::Commit changes completed.
TRACE::2025-03-25.22:12:03::SCWPlatform::Trying to open the hw design at E:/kevin/myCode/microBlaze1/vitisHome/syncBlaze/hw/design_1_wrapper.xsa
TRACE::2025-03-25.22:12:03::SCWPlatform::DSA given E:/kevin/myCode/microBlaze1/vitisHome/syncBlaze/hw/design_1_wrapper.xsa
TRACE::2025-03-25.22:12:03::SCWPlatform::DSA absoulate path E:/kevin/myCode/microBlaze1/vitisHome/syncBlaze/hw/design_1_wrapper.xsa
TRACE::2025-03-25.22:12:03::SCWPlatform::DSA directory E:/kevin/myCode/microBlaze1/vitisHome/syncBlaze/hw
TRACE::2025-03-25.22:12:03::SCWPlatform:: Platform Path E:/kevin/myCode/microBlaze1/vitisHome/syncBlaze/hw/design_1_wrapper.xsa
TRACE::2025-03-25.22:12:03::SCWPlatform:: Unique name xilinx:::0.0
TRACE::2025-03-25.22:12:03::SCWPlatform::Trying to set the existing hwdb with name design_1_wrapper_0
TRACE::2025-03-25.22:12:03::SCWPlatform::Opened existing hwdb design_1_wrapper_0
TRACE::2025-03-25.22:12:03::SCWPlatform::Found the Hw Db part of the input DSA
TRACE::2025-03-25.22:12:03::SCWMssOS::Checking the sw design at  E:/kevin/myCode/microBlaze1/vitisHome/syncBlaze/microblaze_0/standalone_domain/bsp/system.mss
TRACE::2025-03-25.22:12:03::SCWMssOS::DEBUG:  swdes dump  E:/kevin/myCode/microBlaze1/vitisHome/syncBlaze/microblaze_0/standalone_domain/bsp/system.mss|system||

TRACE::2025-03-25.22:12:03::SCWMssOS::Sw design exists and opened at  E:/kevin/myCode/microBlaze1/vitisHome/syncBlaze/microblaze_0/standalone_domain/bsp/system.mss
TRACE::2025-03-25.22:12:03::SCWPlatform::Trying to open the hw design at E:/kevin/myCode/microBlaze1/vitisHome/syncBlaze/hw/design_1_wrapper.xsa
TRACE::2025-03-25.22:12:03::SCWPlatform::DSA given E:/kevin/myCode/microBlaze1/vitisHome/syncBlaze/hw/design_1_wrapper.xsa
TRACE::2025-03-25.22:12:03::SCWPlatform::DSA absoulate path E:/kevin/myCode/microBlaze1/vitisHome/syncBlaze/hw/design_1_wrapper.xsa
TRACE::2025-03-25.22:12:03::SCWPlatform::DSA directory E:/kevin/myCode/microBlaze1/vitisHome/syncBlaze/hw
TRACE::2025-03-25.22:12:03::SCWPlatform:: Platform Path E:/kevin/myCode/microBlaze1/vitisHome/syncBlaze/hw/design_1_wrapper.xsa
TRACE::2025-03-25.22:12:03::SCWPlatform:: Unique name xilinx:::0.0
TRACE::2025-03-25.22:12:03::SCWPlatform::Trying to set the existing hwdb with name design_1_wrapper_0
TRACE::2025-03-25.22:12:03::SCWPlatform::Opened existing hwdb design_1_wrapper_0
TRACE::2025-03-25.22:12:03::SCWPlatform::Found the Hw Db part of the input DSA
TRACE::2025-03-25.22:12:03::SCWMssOS::Checking the sw design at  E:/kevin/myCode/microBlaze1/vitisHome/syncBlaze/microblaze_0/standalone_domain/bsp/system.mss
TRACE::2025-03-25.22:12:03::SCWMssOS::DEBUG:  swdes dump  E:/kevin/myCode/microBlaze1/vitisHome/syncBlaze/microblaze_0/standalone_domain/bsp/system.mss|system||

TRACE::2025-03-25.22:12:03::SCWMssOS::Sw design exists and opened at  E:/kevin/myCode/microBlaze1/vitisHome/syncBlaze/microblaze_0/standalone_domain/bsp/system.mss
TRACE::2025-03-25.22:12:03::SCWPlatform::Trying to open the hw design at E:/kevin/myCode/microBlaze1/vitisHome/syncBlaze/hw/design_1_wrapper.xsa
TRACE::2025-03-25.22:12:03::SCWPlatform::DSA given E:/kevin/myCode/microBlaze1/vitisHome/syncBlaze/hw/design_1_wrapper.xsa
TRACE::2025-03-25.22:12:03::SCWPlatform::DSA absoulate path E:/kevin/myCode/microBlaze1/vitisHome/syncBlaze/hw/design_1_wrapper.xsa
TRACE::2025-03-25.22:12:03::SCWPlatform::DSA directory E:/kevin/myCode/microBlaze1/vitisHome/syncBlaze/hw
TRACE::2025-03-25.22:12:03::SCWPlatform:: Platform Path E:/kevin/myCode/microBlaze1/vitisHome/syncBlaze/hw/design_1_wrapper.xsa
TRACE::2025-03-25.22:12:03::SCWPlatform:: Unique name xilinx:::0.0
TRACE::2025-03-25.22:12:03::SCWPlatform::Trying to set the existing hwdb with name design_1_wrapper_0
TRACE::2025-03-25.22:12:03::SCWPlatform::Opened existing hwdb design_1_wrapper_0
TRACE::2025-03-25.22:12:03::SCWPlatform::Found the Hw Db part of the input DSA
TRACE::2025-03-25.22:12:03::SCWMssOS::Checking the sw design at  E:/kevin/myCode/microBlaze1/vitisHome/syncBlaze/microblaze_0/standalone_domain/bsp/system.mss
TRACE::2025-03-25.22:12:03::SCWMssOS::DEBUG:  swdes dump  E:/kevin/myCode/microBlaze1/vitisHome/syncBlaze/microblaze_0/standalone_domain/bsp/system.mss|system||

TRACE::2025-03-25.22:12:03::SCWMssOS::Sw design exists and opened at  E:/kevin/myCode/microBlaze1/vitisHome/syncBlaze/microblaze_0/standalone_domain/bsp/system.mss
TRACE::2025-03-25.22:12:03::SCWWriter::formatted JSON is {
	"platformName":	"syncBlaze",
	"sprVersion":	"2.0",
	"mode":	"gui",
	"dsaType":	"Fixed",
	"platformDesc":	"syncBlaze",
	"platHandOff":	"E:/kevin/myCode/microBlaze1/design_1_wrapper.xsa",
	"platIntHandOff":	"<platformDir>/hw/design_1_wrapper.xsa",
	"deviceType":	"FPGA",
	"platIsPrebuiltAutogen":	"false",
	"platIsNoBootBsp":	"false",
	"hasFsblMakeHasChanges":	"false",
	"hasPmufwMakeHasChanges":	"false",
	"platPreBuiltFlag":	false,
	"platformSamplesDir":	"",
	"platActiveSys":	"syncBlaze",
	"systems":	[{
			"systemName":	"syncBlaze",
			"systemDesc":	"syncBlaze",
			"sysIsBootAutoGen":	"true",
			"systemDispName":	"syncBlaze",
			"sysActiveDom":	"standalone_domain",
			"sysDefaultDom":	"standalone_domain",
			"domains":	[{
					"domainName":	"standalone_domain",
					"domainDispName":	"standalone_domain",
					"domainDesc":	"standalone_domain",
					"processors":	"microblaze_0",
					"os":	"standalone",
					"sdxOs":	"standalone",
					"debugEnable":	"False",
					"domRuntimes":	["cpp"],
					"swRepo":	"",
					"mssOsVer":	"8.0",
					"mssFile":	"",
					"md5Digest":	"e2cdda41e7956801f4f51a65042beca0",
					"compatibleApp":	"",
					"domType":	"mssDomain",
					"arch":	"32-bit",
					"appSettings":	{
						"appCompilerFlags":	"",
						"appLinkerFlags":	""
					},
					"addedLibs":	[],
					"libOptions":	{
						"libsContainingOptions":	[]
					},
					"prebuiltLibs":	{
						"prebuiltIncPath":	[],
						"prebuiltLibPath":	[]
					},
					"isolation":	{
					}
				}]
		}]
}
TRACE::2025-03-25.22:12:03::SCWPlatform::Trying to open the hw design at E:/kevin/myCode/microBlaze1/vitisHome/syncBlaze/hw/design_1_wrapper.xsa
TRACE::2025-03-25.22:12:03::SCWPlatform::DSA given E:/kevin/myCode/microBlaze1/vitisHome/syncBlaze/hw/design_1_wrapper.xsa
TRACE::2025-03-25.22:12:03::SCWPlatform::DSA absoulate path E:/kevin/myCode/microBlaze1/vitisHome/syncBlaze/hw/design_1_wrapper.xsa
TRACE::2025-03-25.22:12:03::SCWPlatform::DSA directory E:/kevin/myCode/microBlaze1/vitisHome/syncBlaze/hw
TRACE::2025-03-25.22:12:03::SCWPlatform:: Platform Path E:/kevin/myCode/microBlaze1/vitisHome/syncBlaze/hw/design_1_wrapper.xsa
TRACE::2025-03-25.22:12:03::SCWPlatform:: Unique name xilinx:::0.0
TRACE::2025-03-25.22:12:03::SCWPlatform::Trying to set the existing hwdb with name design_1_wrapper_0
TRACE::2025-03-25.22:12:03::SCWPlatform::Opened existing hwdb design_1_wrapper_0
TRACE::2025-03-25.22:12:03::SCWPlatform::Found the Hw Db part of the input DSA
TRACE::2025-03-25.22:12:03::SCWMssOS::Checking the sw design at  E:/kevin/myCode/microBlaze1/vitisHome/syncBlaze/microblaze_0/standalone_domain/bsp/system.mss
TRACE::2025-03-25.22:12:03::SCWMssOS::DEBUG:  swdes dump  E:/kevin/myCode/microBlaze1/vitisHome/syncBlaze/microblaze_0/standalone_domain/bsp/system.mss|system||

TRACE::2025-03-25.22:12:03::SCWMssOS::Sw design exists and opened at  E:/kevin/myCode/microBlaze1/vitisHome/syncBlaze/microblaze_0/standalone_domain/bsp/system.mss
TRACE::2025-03-25.22:12:03::SCWPlatform::Trying to open the hw design at E:/kevin/myCode/microBlaze1/vitisHome/syncBlaze/hw/design_1_wrapper.xsa
TRACE::2025-03-25.22:12:03::SCWPlatform::DSA given E:/kevin/myCode/microBlaze1/vitisHome/syncBlaze/hw/design_1_wrapper.xsa
TRACE::2025-03-25.22:12:03::SCWPlatform::DSA absoulate path E:/kevin/myCode/microBlaze1/vitisHome/syncBlaze/hw/design_1_wrapper.xsa
TRACE::2025-03-25.22:12:03::SCWPlatform::DSA directory E:/kevin/myCode/microBlaze1/vitisHome/syncBlaze/hw
TRACE::2025-03-25.22:12:03::SCWPlatform:: Platform Path E:/kevin/myCode/microBlaze1/vitisHome/syncBlaze/hw/design_1_wrapper.xsa
TRACE::2025-03-25.22:12:03::SCWPlatform:: Unique name xilinx:::0.0
TRACE::2025-03-25.22:12:03::SCWPlatform::Trying to set the existing hwdb with name design_1_wrapper_0
TRACE::2025-03-25.22:12:03::SCWPlatform::Opened existing hwdb design_1_wrapper_0
TRACE::2025-03-25.22:12:03::SCWPlatform::Found the Hw Db part of the input DSA
TRACE::2025-03-25.22:12:03::SCWMssOS::Checking the sw design at  E:/kevin/myCode/microBlaze1/vitisHome/syncBlaze/microblaze_0/standalone_domain/bsp/system.mss
TRACE::2025-03-25.22:12:03::SCWMssOS::DEBUG:  swdes dump  E:/kevin/myCode/microBlaze1/vitisHome/syncBlaze/microblaze_0/standalone_domain/bsp/system.mss|system||

TRACE::2025-03-25.22:12:03::SCWMssOS::Sw design exists and opened at  E:/kevin/myCode/microBlaze1/vitisHome/syncBlaze/microblaze_0/standalone_domain/bsp/system.mss
TRACE::2025-03-25.22:12:03::SCWPlatform::Trying to open the hw design at E:/kevin/myCode/microBlaze1/vitisHome/syncBlaze/hw/design_1_wrapper.xsa
TRACE::2025-03-25.22:12:03::SCWPlatform::DSA given E:/kevin/myCode/microBlaze1/vitisHome/syncBlaze/hw/design_1_wrapper.xsa
TRACE::2025-03-25.22:12:03::SCWPlatform::DSA absoulate path E:/kevin/myCode/microBlaze1/vitisHome/syncBlaze/hw/design_1_wrapper.xsa
TRACE::2025-03-25.22:12:03::SCWPlatform::DSA directory E:/kevin/myCode/microBlaze1/vitisHome/syncBlaze/hw
TRACE::2025-03-25.22:12:03::SCWPlatform:: Platform Path E:/kevin/myCode/microBlaze1/vitisHome/syncBlaze/hw/design_1_wrapper.xsa
TRACE::2025-03-25.22:12:03::SCWPlatform:: Unique name xilinx:::0.0
TRACE::2025-03-25.22:12:03::SCWPlatform::Trying to set the existing hwdb with name design_1_wrapper_0
TRACE::2025-03-25.22:12:03::SCWPlatform::Opened existing hwdb design_1_wrapper_0
TRACE::2025-03-25.22:12:03::SCWPlatform::Found the Hw Db part of the input DSA
TRACE::2025-03-25.22:12:03::SCWMssOS::Checking the sw design at  E:/kevin/myCode/microBlaze1/vitisHome/syncBlaze/microblaze_0/standalone_domain/bsp/system.mss
TRACE::2025-03-25.22:12:03::SCWMssOS::DEBUG:  swdes dump  E:/kevin/myCode/microBlaze1/vitisHome/syncBlaze/microblaze_0/standalone_domain/bsp/system.mss|system||

TRACE::2025-03-25.22:12:03::SCWMssOS::Sw design exists and opened at  E:/kevin/myCode/microBlaze1/vitisHome/syncBlaze/microblaze_0/standalone_domain/bsp/system.mss
TRACE::2025-03-25.22:12:03::SCWMssOS::Saving the mss changes E:/kevin/myCode/microBlaze1/vitisHome/syncBlaze/microblaze_0/standalone_domain/bsp/system.mss
TRACE::2025-03-25.22:12:03::SCWMssOS::Found a swdesign opened with the mssfile.
TRACE::2025-03-25.22:12:03::SCWMssOS::Completed writemss as part of save.
TRACE::2025-03-25.22:12:03::SCWMssOS::Commit changes completed.
TRACE::2025-03-25.22:12:03::SCWPlatform::Trying to open the hw design at E:/kevin/myCode/microBlaze1/vitisHome/syncBlaze/hw/design_1_wrapper.xsa
TRACE::2025-03-25.22:12:03::SCWPlatform::DSA given E:/kevin/myCode/microBlaze1/vitisHome/syncBlaze/hw/design_1_wrapper.xsa
TRACE::2025-03-25.22:12:03::SCWPlatform::DSA absoulate path E:/kevin/myCode/microBlaze1/vitisHome/syncBlaze/hw/design_1_wrapper.xsa
TRACE::2025-03-25.22:12:03::SCWPlatform::DSA directory E:/kevin/myCode/microBlaze1/vitisHome/syncBlaze/hw
TRACE::2025-03-25.22:12:03::SCWPlatform:: Platform Path E:/kevin/myCode/microBlaze1/vitisHome/syncBlaze/hw/design_1_wrapper.xsa
TRACE::2025-03-25.22:12:03::SCWPlatform:: Unique name xilinx:::0.0
TRACE::2025-03-25.22:12:03::SCWPlatform::Trying to set the existing hwdb with name design_1_wrapper_0
TRACE::2025-03-25.22:12:03::SCWPlatform::Opened existing hwdb design_1_wrapper_0
TRACE::2025-03-25.22:12:03::SCWPlatform::Found the Hw Db part of the input DSA
TRACE::2025-03-25.22:12:03::SCWMssOS::Checking the sw design at  E:/kevin/myCode/microBlaze1/vitisHome/syncBlaze/microblaze_0/standalone_domain/bsp/system.mss
TRACE::2025-03-25.22:12:03::SCWMssOS::DEBUG:  swdes dump  E:/kevin/myCode/microBlaze1/vitisHome/syncBlaze/microblaze_0/standalone_domain/bsp/system.mss|system||

TRACE::2025-03-25.22:12:03::SCWMssOS::Sw design exists and opened at  E:/kevin/myCode/microBlaze1/vitisHome/syncBlaze/microblaze_0/standalone_domain/bsp/system.mss
TRACE::2025-03-25.22:12:03::SCWPlatform::Trying to open the hw design at E:/kevin/myCode/microBlaze1/vitisHome/syncBlaze/hw/design_1_wrapper.xsa
TRACE::2025-03-25.22:12:03::SCWPlatform::DSA given E:/kevin/myCode/microBlaze1/vitisHome/syncBlaze/hw/design_1_wrapper.xsa
TRACE::2025-03-25.22:12:03::SCWPlatform::DSA absoulate path E:/kevin/myCode/microBlaze1/vitisHome/syncBlaze/hw/design_1_wrapper.xsa
TRACE::2025-03-25.22:12:03::SCWPlatform::DSA directory E:/kevin/myCode/microBlaze1/vitisHome/syncBlaze/hw
TRACE::2025-03-25.22:12:03::SCWPlatform:: Platform Path E:/kevin/myCode/microBlaze1/vitisHome/syncBlaze/hw/design_1_wrapper.xsa
TRACE::2025-03-25.22:12:03::SCWPlatform:: Unique name xilinx:::0.0
TRACE::2025-03-25.22:12:03::SCWPlatform::Trying to set the existing hwdb with name design_1_wrapper_0
TRACE::2025-03-25.22:12:03::SCWPlatform::Opened existing hwdb design_1_wrapper_0
TRACE::2025-03-25.22:12:03::SCWPlatform::Found the Hw Db part of the input DSA
TRACE::2025-03-25.22:12:03::SCWMssOS::Checking the sw design at  E:/kevin/myCode/microBlaze1/vitisHome/syncBlaze/microblaze_0/standalone_domain/bsp/system.mss
TRACE::2025-03-25.22:12:03::SCWMssOS::DEBUG:  swdes dump  E:/kevin/myCode/microBlaze1/vitisHome/syncBlaze/microblaze_0/standalone_domain/bsp/system.mss|system||

TRACE::2025-03-25.22:12:03::SCWMssOS::Sw design exists and opened at  E:/kevin/myCode/microBlaze1/vitisHome/syncBlaze/microblaze_0/standalone_domain/bsp/system.mss
TRACE::2025-03-25.22:12:03::SCWPlatform::Trying to open the hw design at E:/kevin/myCode/microBlaze1/vitisHome/syncBlaze/hw/design_1_wrapper.xsa
TRACE::2025-03-25.22:12:03::SCWPlatform::DSA given E:/kevin/myCode/microBlaze1/vitisHome/syncBlaze/hw/design_1_wrapper.xsa
TRACE::2025-03-25.22:12:03::SCWPlatform::DSA absoulate path E:/kevin/myCode/microBlaze1/vitisHome/syncBlaze/hw/design_1_wrapper.xsa
TRACE::2025-03-25.22:12:03::SCWPlatform::DSA directory E:/kevin/myCode/microBlaze1/vitisHome/syncBlaze/hw
TRACE::2025-03-25.22:12:03::SCWPlatform:: Platform Path E:/kevin/myCode/microBlaze1/vitisHome/syncBlaze/hw/design_1_wrapper.xsa
TRACE::2025-03-25.22:12:03::SCWPlatform:: Unique name xilinx:::0.0
TRACE::2025-03-25.22:12:03::SCWPlatform::Trying to set the existing hwdb with name design_1_wrapper_0
TRACE::2025-03-25.22:12:03::SCWPlatform::Opened existing hwdb design_1_wrapper_0
TRACE::2025-03-25.22:12:03::SCWPlatform::Found the Hw Db part of the input DSA
TRACE::2025-03-25.22:12:03::SCWMssOS::Checking the sw design at  E:/kevin/myCode/microBlaze1/vitisHome/syncBlaze/microblaze_0/standalone_domain/bsp/system.mss
TRACE::2025-03-25.22:12:03::SCWMssOS::DEBUG:  swdes dump  E:/kevin/myCode/microBlaze1/vitisHome/syncBlaze/microblaze_0/standalone_domain/bsp/system.mss|system||

TRACE::2025-03-25.22:12:03::SCWMssOS::Sw design exists and opened at  E:/kevin/myCode/microBlaze1/vitisHome/syncBlaze/microblaze_0/standalone_domain/bsp/system.mss
TRACE::2025-03-25.22:12:03::SCWWriter::formatted JSON is {
	"platformName":	"syncBlaze",
	"sprVersion":	"2.0",
	"mode":	"gui",
	"dsaType":	"Fixed",
	"platformDesc":	"syncBlaze",
	"platHandOff":	"E:/kevin/myCode/microBlaze1/design_1_wrapper.xsa",
	"platIntHandOff":	"<platformDir>/hw/design_1_wrapper.xsa",
	"deviceType":	"FPGA",
	"platIsPrebuiltAutogen":	"false",
	"platIsNoBootBsp":	"false",
	"hasFsblMakeHasChanges":	"false",
	"hasPmufwMakeHasChanges":	"false",
	"platPreBuiltFlag":	false,
	"platformSamplesDir":	"",
	"platActiveSys":	"syncBlaze",
	"systems":	[{
			"systemName":	"syncBlaze",
			"systemDesc":	"syncBlaze",
			"sysIsBootAutoGen":	"true",
			"systemDispName":	"syncBlaze",
			"sysActiveDom":	"standalone_domain",
			"sysDefaultDom":	"standalone_domain",
			"domains":	[{
					"domainName":	"standalone_domain",
					"domainDispName":	"standalone on microblaze_0",
					"domainDesc":	"standalone_domain",
					"processors":	"microblaze_0",
					"os":	"standalone",
					"sdxOs":	"standalone",
					"debugEnable":	"False",
					"domRuntimes":	["cpp"],
					"swRepo":	"",
					"mssOsVer":	"8.0",
					"mssFile":	"",
					"md5Digest":	"e2cdda41e7956801f4f51a65042beca0",
					"compatibleApp":	"",
					"domType":	"mssDomain",
					"arch":	"32-bit",
					"appSettings":	{
						"appCompilerFlags":	"",
						"appLinkerFlags":	""
					},
					"addedLibs":	[],
					"libOptions":	{
						"libsContainingOptions":	[]
					},
					"prebuiltLibs":	{
						"prebuiltIncPath":	[],
						"prebuiltLibPath":	[]
					},
					"isolation":	{
					}
				}]
		}]
}
TRACE::2025-03-25.22:12:03::SCWMssOS::Saving the mss changes E:/kevin/myCode/microBlaze1/vitisHome/syncBlaze/microblaze_0/standalone_domain/bsp/system.mss
TRACE::2025-03-25.22:12:03::SCWMssOS::Found a swdesign opened with the mssfile.
TRACE::2025-03-25.22:12:03::SCWMssOS::Completed writemss as part of save.
TRACE::2025-03-25.22:12:03::SCWMssOS::Commit changes completed.
TRACE::2025-03-25.22:12:03::SCWPlatform::Trying to open the hw design at E:/kevin/myCode/microBlaze1/vitisHome/syncBlaze/hw/design_1_wrapper.xsa
TRACE::2025-03-25.22:12:03::SCWPlatform::DSA given E:/kevin/myCode/microBlaze1/vitisHome/syncBlaze/hw/design_1_wrapper.xsa
TRACE::2025-03-25.22:12:03::SCWPlatform::DSA absoulate path E:/kevin/myCode/microBlaze1/vitisHome/syncBlaze/hw/design_1_wrapper.xsa
TRACE::2025-03-25.22:12:03::SCWPlatform::DSA directory E:/kevin/myCode/microBlaze1/vitisHome/syncBlaze/hw
TRACE::2025-03-25.22:12:03::SCWPlatform:: Platform Path E:/kevin/myCode/microBlaze1/vitisHome/syncBlaze/hw/design_1_wrapper.xsa
TRACE::2025-03-25.22:12:03::SCWPlatform:: Unique name xilinx:::0.0
TRACE::2025-03-25.22:12:03::SCWPlatform::Trying to set the existing hwdb with name design_1_wrapper_0
TRACE::2025-03-25.22:12:03::SCWPlatform::Opened existing hwdb design_1_wrapper_0
TRACE::2025-03-25.22:12:03::SCWPlatform::Found the Hw Db part of the input DSA
TRACE::2025-03-25.22:12:03::SCWMssOS::Checking the sw design at  E:/kevin/myCode/microBlaze1/vitisHome/syncBlaze/microblaze_0/standalone_domain/bsp/system.mss
TRACE::2025-03-25.22:12:03::SCWMssOS::DEBUG:  swdes dump  E:/kevin/myCode/microBlaze1/vitisHome/syncBlaze/microblaze_0/standalone_domain/bsp/system.mss|system||

TRACE::2025-03-25.22:12:03::SCWMssOS::Sw design exists and opened at  E:/kevin/myCode/microBlaze1/vitisHome/syncBlaze/microblaze_0/standalone_domain/bsp/system.mss
TRACE::2025-03-25.22:12:03::SCWPlatform::Trying to open the hw design at E:/kevin/myCode/microBlaze1/vitisHome/syncBlaze/hw/design_1_wrapper.xsa
TRACE::2025-03-25.22:12:03::SCWPlatform::DSA given E:/kevin/myCode/microBlaze1/vitisHome/syncBlaze/hw/design_1_wrapper.xsa
TRACE::2025-03-25.22:12:03::SCWPlatform::DSA absoulate path E:/kevin/myCode/microBlaze1/vitisHome/syncBlaze/hw/design_1_wrapper.xsa
TRACE::2025-03-25.22:12:03::SCWPlatform::DSA directory E:/kevin/myCode/microBlaze1/vitisHome/syncBlaze/hw
TRACE::2025-03-25.22:12:03::SCWPlatform:: Platform Path E:/kevin/myCode/microBlaze1/vitisHome/syncBlaze/hw/design_1_wrapper.xsa
TRACE::2025-03-25.22:12:03::SCWPlatform:: Unique name xilinx:::0.0
TRACE::2025-03-25.22:12:03::SCWPlatform::Trying to set the existing hwdb with name design_1_wrapper_0
TRACE::2025-03-25.22:12:03::SCWPlatform::Opened existing hwdb design_1_wrapper_0
TRACE::2025-03-25.22:12:03::SCWPlatform::Found the Hw Db part of the input DSA
TRACE::2025-03-25.22:12:03::SCWMssOS::Checking the sw design at  E:/kevin/myCode/microBlaze1/vitisHome/syncBlaze/microblaze_0/standalone_domain/bsp/system.mss
TRACE::2025-03-25.22:12:03::SCWMssOS::DEBUG:  swdes dump  E:/kevin/myCode/microBlaze1/vitisHome/syncBlaze/microblaze_0/standalone_domain/bsp/system.mss|system||

TRACE::2025-03-25.22:12:03::SCWMssOS::Sw design exists and opened at  E:/kevin/myCode/microBlaze1/vitisHome/syncBlaze/microblaze_0/standalone_domain/bsp/system.mss
TRACE::2025-03-25.22:12:03::SCWPlatform::Trying to open the hw design at E:/kevin/myCode/microBlaze1/vitisHome/syncBlaze/hw/design_1_wrapper.xsa
TRACE::2025-03-25.22:12:03::SCWPlatform::DSA given E:/kevin/myCode/microBlaze1/vitisHome/syncBlaze/hw/design_1_wrapper.xsa
TRACE::2025-03-25.22:12:03::SCWPlatform::DSA absoulate path E:/kevin/myCode/microBlaze1/vitisHome/syncBlaze/hw/design_1_wrapper.xsa
TRACE::2025-03-25.22:12:03::SCWPlatform::DSA directory E:/kevin/myCode/microBlaze1/vitisHome/syncBlaze/hw
TRACE::2025-03-25.22:12:03::SCWPlatform:: Platform Path E:/kevin/myCode/microBlaze1/vitisHome/syncBlaze/hw/design_1_wrapper.xsa
TRACE::2025-03-25.22:12:03::SCWPlatform:: Unique name xilinx:::0.0
TRACE::2025-03-25.22:12:03::SCWPlatform::Trying to set the existing hwdb with name design_1_wrapper_0
TRACE::2025-03-25.22:12:03::SCWPlatform::Opened existing hwdb design_1_wrapper_0
TRACE::2025-03-25.22:12:03::SCWPlatform::Found the Hw Db part of the input DSA
TRACE::2025-03-25.22:12:03::SCWMssOS::Checking the sw design at  E:/kevin/myCode/microBlaze1/vitisHome/syncBlaze/microblaze_0/standalone_domain/bsp/system.mss
TRACE::2025-03-25.22:12:03::SCWMssOS::DEBUG:  swdes dump  E:/kevin/myCode/microBlaze1/vitisHome/syncBlaze/microblaze_0/standalone_domain/bsp/system.mss|system||

TRACE::2025-03-25.22:12:03::SCWMssOS::Sw design exists and opened at  E:/kevin/myCode/microBlaze1/vitisHome/syncBlaze/microblaze_0/standalone_domain/bsp/system.mss
TRACE::2025-03-25.22:12:03::SCWWriter::formatted JSON is {
	"platformName":	"syncBlaze",
	"sprVersion":	"2.0",
	"mode":	"gui",
	"dsaType":	"Fixed",
	"platformDesc":	"syncBlaze",
	"platHandOff":	"E:/kevin/myCode/microBlaze1/design_1_wrapper.xsa",
	"platIntHandOff":	"<platformDir>/hw/design_1_wrapper.xsa",
	"deviceType":	"FPGA",
	"platIsPrebuiltAutogen":	"false",
	"platIsNoBootBsp":	"false",
	"hasFsblMakeHasChanges":	"false",
	"hasPmufwMakeHasChanges":	"false",
	"platPreBuiltFlag":	false,
	"platformSamplesDir":	"",
	"platActiveSys":	"syncBlaze",
	"systems":	[{
			"systemName":	"syncBlaze",
			"systemDesc":	"syncBlaze",
			"sysIsBootAutoGen":	"true",
			"systemDispName":	"syncBlaze",
			"sysActiveDom":	"standalone_domain",
			"sysDefaultDom":	"standalone_domain",
			"domains":	[{
					"domainName":	"standalone_domain",
					"domainDispName":	"standalone on microblaze_0",
					"domainDesc":	"standalone_domain",
					"processors":	"microblaze_0",
					"os":	"standalone",
					"sdxOs":	"standalone",
					"debugEnable":	"False",
					"domRuntimes":	["cpp"],
					"swRepo":	"",
					"mssOsVer":	"8.0",
					"mssFile":	"",
					"md5Digest":	"e2cdda41e7956801f4f51a65042beca0",
					"compatibleApp":	"",
					"domType":	"mssDomain",
					"arch":	"32-bit",
					"appSettings":	{
						"appCompilerFlags":	"",
						"appLinkerFlags":	""
					},
					"addedLibs":	[],
					"libOptions":	{
						"libsContainingOptions":	[]
					},
					"prebuiltLibs":	{
						"prebuiltIncPath":	[],
						"prebuiltLibPath":	[]
					},
					"isolation":	{
					}
				}]
		}]
}
TRACE::2025-03-25.22:12:03::SCWPlatform::Clearing the existing platform
TRACE::2025-03-25.22:12:03::SCWSystem::Clearing the existing sysconfig
TRACE::2025-03-25.22:12:03::SCWMssOS::Removing the swdes entry for  E:/kevin/myCode/microBlaze1/vitisHome/syncBlaze/microblaze_0/standalone_domain/bsp/system.mss
TRACE::2025-03-25.22:12:03::SCWSystem::Clearing the domains completed.
TRACE::2025-03-25.22:12:03::SCWPlatform::Clearing the opened hw db.
TRACE::2025-03-25.22:12:03::SCWPlatform::DSA given E:/kevin/myCode/microBlaze1/vitisHome/syncBlaze/hw/design_1_wrapper.xsa
TRACE::2025-03-25.22:12:03::SCWPlatform::DSA absoulate path E:/kevin/myCode/microBlaze1/vitisHome/syncBlaze/hw/design_1_wrapper.xsa
TRACE::2025-03-25.22:12:03::SCWPlatform:: Platform location is E:/kevin/myCode/microBlaze1/vitisHome/syncBlaze/hw
TRACE::2025-03-25.22:12:03::SCWPlatform:: Platform Path E:/kevin/myCode/microBlaze1/vitisHome/syncBlaze/hw/design_1_wrapper.xsa
TRACE::2025-03-25.22:12:03::SCWPlatform:: Unique name xilinx:::0.0
TRACE::2025-03-25.22:12:03::SCWPlatform::Removing the HwDB with name E:/kevin/myCode/microBlaze1/vitisHome/syncBlaze/hw/design_1_wrapper.xsa
TRACE::2025-03-25.22:12:03::SCWPlatform::Trying to open the hw design at E:/kevin/myCode/microBlaze1/vitisHome/syncBlaze/hw/design_1_wrapper.xsa
TRACE::2025-03-25.22:12:03::SCWPlatform::DSA given E:/kevin/myCode/microBlaze1/vitisHome/syncBlaze/hw/design_1_wrapper.xsa
TRACE::2025-03-25.22:12:03::SCWPlatform::DSA absoulate path E:/kevin/myCode/microBlaze1/vitisHome/syncBlaze/hw/design_1_wrapper.xsa
TRACE::2025-03-25.22:12:03::SCWPlatform::DSA directory E:/kevin/myCode/microBlaze1/vitisHome/syncBlaze/hw
TRACE::2025-03-25.22:12:03::SCWPlatform:: Platform Path E:/kevin/myCode/microBlaze1/vitisHome/syncBlaze/hw/design_1_wrapper.xsa
TRACE::2025-03-25.22:12:03::SCWPlatform:: Unique name xilinx:::0.0
TRACE::2025-03-25.22:12:03::SCWPlatform::Do not have an existing db opened. 
TRACE::2025-03-25.22:12:03::SCWPlatform::Opened new HwDB with name design_1_wrapper_1
TRACE::2025-03-25.22:12:03::SCWReader::Active system found as  syncBlaze
TRACE::2025-03-25.22:12:03::SCWReader::Handling sysconfig syncBlaze
TRACE::2025-03-25.22:12:03::SCWDomain::checking for install qemu data   : 
TRACE::2025-03-25.22:12:03::SCWPlatform::Trying to open the hw design at E:/kevin/myCode/microBlaze1/vitisHome/syncBlaze/hw/design_1_wrapper.xsa
TRACE::2025-03-25.22:12:03::SCWPlatform::DSA given E:/kevin/myCode/microBlaze1/vitisHome/syncBlaze/hw/design_1_wrapper.xsa
TRACE::2025-03-25.22:12:03::SCWPlatform::DSA absoulate path E:/kevin/myCode/microBlaze1/vitisHome/syncBlaze/hw/design_1_wrapper.xsa
TRACE::2025-03-25.22:12:03::SCWPlatform::DSA directory E:/kevin/myCode/microBlaze1/vitisHome/syncBlaze/hw
TRACE::2025-03-25.22:12:03::SCWPlatform:: Platform Path E:/kevin/myCode/microBlaze1/vitisHome/syncBlaze/hw/design_1_wrapper.xsa
TRACE::2025-03-25.22:12:03::SCWPlatform:: Unique name xilinx:::0.0
TRACE::2025-03-25.22:12:03::SCWPlatform::Trying to set the existing hwdb with name design_1_wrapper_1
TRACE::2025-03-25.22:12:03::SCWPlatform::Opened existing hwdb design_1_wrapper_1
TRACE::2025-03-25.22:12:03::SCWPlatform::Found the Hw Db part of the input DSA
TRACE::2025-03-25.22:12:03::SCWPlatform::Trying to open the hw design at E:/kevin/myCode/microBlaze1/vitisHome/syncBlaze/hw/design_1_wrapper.xsa
TRACE::2025-03-25.22:12:03::SCWPlatform::DSA given E:/kevin/myCode/microBlaze1/vitisHome/syncBlaze/hw/design_1_wrapper.xsa
TRACE::2025-03-25.22:12:03::SCWPlatform::DSA absoulate path E:/kevin/myCode/microBlaze1/vitisHome/syncBlaze/hw/design_1_wrapper.xsa
TRACE::2025-03-25.22:12:03::SCWPlatform::DSA directory E:/kevin/myCode/microBlaze1/vitisHome/syncBlaze/hw
TRACE::2025-03-25.22:12:03::SCWPlatform:: Platform Path E:/kevin/myCode/microBlaze1/vitisHome/syncBlaze/hw/design_1_wrapper.xsa
TRACE::2025-03-25.22:12:03::SCWPlatform:: Unique name xilinx:::0.0
TRACE::2025-03-25.22:12:03::SCWPlatform::Trying to set the existing hwdb with name design_1_wrapper_1
TRACE::2025-03-25.22:12:03::SCWPlatform::Opened existing hwdb design_1_wrapper_1
TRACE::2025-03-25.22:12:03::SCWPlatform::Found the Hw Db part of the input DSA
TRACE::2025-03-25.22:12:03::SCWPlatform::Trying to open the hw design at E:/kevin/myCode/microBlaze1/vitisHome/syncBlaze/hw/design_1_wrapper.xsa
TRACE::2025-03-25.22:12:03::SCWPlatform::DSA given E:/kevin/myCode/microBlaze1/vitisHome/syncBlaze/hw/design_1_wrapper.xsa
TRACE::2025-03-25.22:12:03::SCWPlatform::DSA absoulate path E:/kevin/myCode/microBlaze1/vitisHome/syncBlaze/hw/design_1_wrapper.xsa
TRACE::2025-03-25.22:12:03::SCWPlatform::DSA directory E:/kevin/myCode/microBlaze1/vitisHome/syncBlaze/hw
TRACE::2025-03-25.22:12:03::SCWPlatform:: Platform Path E:/kevin/myCode/microBlaze1/vitisHome/syncBlaze/hw/design_1_wrapper.xsa
TRACE::2025-03-25.22:12:03::SCWPlatform:: Unique name xilinx:::0.0
TRACE::2025-03-25.22:12:03::SCWPlatform::Trying to set the existing hwdb with name design_1_wrapper_1
TRACE::2025-03-25.22:12:03::SCWPlatform::Opened existing hwdb design_1_wrapper_1
TRACE::2025-03-25.22:12:03::SCWPlatform::Found the Hw Db part of the input DSA
TRACE::2025-03-25.22:12:03::SCWPlatform::Trying to open the hw design at E:/kevin/myCode/microBlaze1/vitisHome/syncBlaze/hw/design_1_wrapper.xsa
TRACE::2025-03-25.22:12:03::SCWPlatform::DSA given E:/kevin/myCode/microBlaze1/vitisHome/syncBlaze/hw/design_1_wrapper.xsa
TRACE::2025-03-25.22:12:03::SCWPlatform::DSA absoulate path E:/kevin/myCode/microBlaze1/vitisHome/syncBlaze/hw/design_1_wrapper.xsa
TRACE::2025-03-25.22:12:03::SCWPlatform::DSA directory E:/kevin/myCode/microBlaze1/vitisHome/syncBlaze/hw
TRACE::2025-03-25.22:12:03::SCWPlatform:: Platform Path E:/kevin/myCode/microBlaze1/vitisHome/syncBlaze/hw/design_1_wrapper.xsa
TRACE::2025-03-25.22:12:03::SCWPlatform:: Unique name xilinx:::0.0
TRACE::2025-03-25.22:12:03::SCWPlatform::Trying to set the existing hwdb with name design_1_wrapper_1
TRACE::2025-03-25.22:12:03::SCWPlatform::Opened existing hwdb design_1_wrapper_1
TRACE::2025-03-25.22:12:03::SCWPlatform::Found the Hw Db part of the input DSA
TRACE::2025-03-25.22:12:03::SCWMssOS::Checking the sw design at  E:/kevin/myCode/microBlaze1/vitisHome/syncBlaze/microblaze_0/standalone_domain/bsp/system.mss
TRACE::2025-03-25.22:12:03::SCWMssOS::DEBUG:  swdes dump  
TRACE::2025-03-25.22:12:03::SCWMssOS::No sw design opened at  E:/kevin/myCode/microBlaze1/vitisHome/syncBlaze/microblaze_0/standalone_domain/bsp/system.mss
TRACE::2025-03-25.22:12:03::SCWMssOS::mss exists loading the mss file  E:/kevin/myCode/microBlaze1/vitisHome/syncBlaze/microblaze_0/standalone_domain/bsp/system.mss
TRACE::2025-03-25.22:12:03::SCWMssOS::Opened the sw design from mss  E:/kevin/myCode/microBlaze1/vitisHome/syncBlaze/microblaze_0/standalone_domain/bsp/system.mss
TRACE::2025-03-25.22:12:03::SCWMssOS::Adding the swdes entry E:/kevin/myCode/microBlaze1/vitisHome/syncBlaze/microblaze_0/standalone_domain/bsp/system.mss with des name system
TRACE::2025-03-25.22:12:03::SCWMssOS::updating the scw layer about changes
TRACE::2025-03-25.22:12:03::SCWMssOS::Opened the sw design.  E:/kevin/myCode/microBlaze1/vitisHome/syncBlaze/microblaze_0/standalone_domain/bsp/system.mss
TRACE::2025-03-25.22:12:03::SCWMssOS::Saving the mss changes E:/kevin/myCode/microBlaze1/vitisHome/syncBlaze/microblaze_0/standalone_domain/bsp/system.mss
TRACE::2025-03-25.22:12:03::SCWMssOS::Found a swdesign opened with the mssfile.
TRACE::2025-03-25.22:12:03::SCWMssOS::Completed writemss as part of save.
TRACE::2025-03-25.22:12:03::SCWMssOS::Commit changes completed.
TRACE::2025-03-25.22:12:03::SCWReader::Adding prebuilt librarypaths as   
TRACE::2025-03-25.22:12:03::SCWReader::Adding prebuilt incpaths  as   
TRACE::2025-03-25.22:12:03::SCWPlatform::Trying to open the hw design at E:/kevin/myCode/microBlaze1/vitisHome/syncBlaze/hw/design_1_wrapper.xsa
TRACE::2025-03-25.22:12:03::SCWPlatform::DSA given E:/kevin/myCode/microBlaze1/vitisHome/syncBlaze/hw/design_1_wrapper.xsa
TRACE::2025-03-25.22:12:03::SCWPlatform::DSA absoulate path E:/kevin/myCode/microBlaze1/vitisHome/syncBlaze/hw/design_1_wrapper.xsa
TRACE::2025-03-25.22:12:03::SCWPlatform::DSA directory E:/kevin/myCode/microBlaze1/vitisHome/syncBlaze/hw
TRACE::2025-03-25.22:12:03::SCWPlatform:: Platform Path E:/kevin/myCode/microBlaze1/vitisHome/syncBlaze/hw/design_1_wrapper.xsa
TRACE::2025-03-25.22:12:03::SCWPlatform:: Unique name xilinx:::0.0
TRACE::2025-03-25.22:12:03::SCWPlatform::Trying to set the existing hwdb with name design_1_wrapper_1
TRACE::2025-03-25.22:12:03::SCWPlatform::Opened existing hwdb design_1_wrapper_1
TRACE::2025-03-25.22:12:03::SCWPlatform::Found the Hw Db part of the input DSA
TRACE::2025-03-25.22:12:03::SCWMssOS::Checking the sw design at  E:/kevin/myCode/microBlaze1/vitisHome/syncBlaze/microblaze_0/standalone_domain/bsp/system.mss
TRACE::2025-03-25.22:12:03::SCWMssOS::DEBUG:  swdes dump  E:/kevin/myCode/microBlaze1/vitisHome/syncBlaze/microblaze_0/standalone_domain/bsp/system.mss|system||

TRACE::2025-03-25.22:12:03::SCWMssOS::Sw design exists and opened at  E:/kevin/myCode/microBlaze1/vitisHome/syncBlaze/microblaze_0/standalone_domain/bsp/system.mss
TRACE::2025-03-25.22:12:03::SCWReader::No isolation master present  
TRACE::2025-03-25.22:13:01::SCWPlatform::DSA given E:/kevin/myCode/microBlaze1/vitisHome/syncBlaze/tempdsa/design_1_wrapper.xsa
TRACE::2025-03-25.22:13:01::SCWPlatform::DSA absoulate path E:/kevin/myCode/microBlaze1/vitisHome/syncBlaze/tempdsa/design_1_wrapper.xsa
TRACE::2025-03-25.22:13:01::SCWPlatform:: Platform location is E:/kevin/myCode/microBlaze1/vitisHome/syncBlaze/tempdsa
TRACE::2025-03-25.22:13:01::SCWPlatform:: Platform Path E:/kevin/myCode/microBlaze1/vitisHome/syncBlaze/tempdsa/design_1_wrapper.xsa
TRACE::2025-03-25.22:13:01::SCWPlatform:: Unique name xilinx:::0.0
TRACE::2025-03-25.22:13:01::SCWPlatform::Found the Hw Db part of the input DSA
TRACE::2025-03-25.22:13:01::SCWMssOS::Doing hw sync for the mss in domain: standalone_domain
TRACE::2025-03-25.22:13:01::SCWPlatform::Trying to open the hw design at E:/kevin/myCode/microBlaze1/vitisHome/syncBlaze/hw/design_1_wrapper.xsa
TRACE::2025-03-25.22:13:01::SCWPlatform::DSA given E:/kevin/myCode/microBlaze1/vitisHome/syncBlaze/hw/design_1_wrapper.xsa
TRACE::2025-03-25.22:13:01::SCWPlatform::DSA absoulate path E:/kevin/myCode/microBlaze1/vitisHome/syncBlaze/hw/design_1_wrapper.xsa
TRACE::2025-03-25.22:13:01::SCWPlatform::DSA directory E:/kevin/myCode/microBlaze1/vitisHome/syncBlaze/hw
TRACE::2025-03-25.22:13:01::SCWPlatform:: Platform Path E:/kevin/myCode/microBlaze1/vitisHome/syncBlaze/hw/design_1_wrapper.xsa
TRACE::2025-03-25.22:13:01::SCWPlatform:: Unique name xilinx:::0.0
TRACE::2025-03-25.22:13:01::SCWPlatform::Trying to set the existing hwdb with name design_1_wrapper_1
TRACE::2025-03-25.22:13:01::SCWPlatform::Opened existing hwdb design_1_wrapper_1
TRACE::2025-03-25.22:13:01::SCWPlatform::Found the Hw Db part of the input DSA
TRACE::2025-03-25.22:13:01::SCWPlatform::Trying to open the hw design at E:/kevin/myCode/microBlaze1/vitisHome/syncBlaze/hw/design_1_wrapper.xsa
TRACE::2025-03-25.22:13:01::SCWPlatform::DSA given E:/kevin/myCode/microBlaze1/vitisHome/syncBlaze/hw/design_1_wrapper.xsa
TRACE::2025-03-25.22:13:01::SCWPlatform::DSA absoulate path E:/kevin/myCode/microBlaze1/vitisHome/syncBlaze/hw/design_1_wrapper.xsa
TRACE::2025-03-25.22:13:01::SCWPlatform::DSA directory E:/kevin/myCode/microBlaze1/vitisHome/syncBlaze/hw
TRACE::2025-03-25.22:13:01::SCWPlatform:: Platform Path E:/kevin/myCode/microBlaze1/vitisHome/syncBlaze/hw/design_1_wrapper.xsa
TRACE::2025-03-25.22:13:01::SCWPlatform:: Unique name xilinx:::0.0
TRACE::2025-03-25.22:13:01::SCWPlatform::Trying to set the existing hwdb with name design_1_wrapper_1
TRACE::2025-03-25.22:13:01::SCWPlatform::Opened existing hwdb design_1_wrapper_1
TRACE::2025-03-25.22:13:01::SCWPlatform::Found the Hw Db part of the input DSA
TRACE::2025-03-25.22:13:01::SCWMssOS::Checking the sw design at  E:/kevin/myCode/microBlaze1/vitisHome/syncBlaze/microblaze_0/standalone_domain/bsp/system.mss
TRACE::2025-03-25.22:13:01::SCWMssOS::DEBUG:  swdes dump  E:/kevin/myCode/microBlaze1/vitisHome/syncBlaze/microblaze_0/standalone_domain/bsp/system.mss|system||

TRACE::2025-03-25.22:13:01::SCWMssOS::Sw design exists and opened at  E:/kevin/myCode/microBlaze1/vitisHome/syncBlaze/microblaze_0/standalone_domain/bsp/system.mss
TRACE::2025-03-25.22:13:01::SCWPlatform::Trying to open the hw design at E:/kevin/myCode/microBlaze1/vitisHome/syncBlaze/tempdsa/design_1_wrapper.xsa
TRACE::2025-03-25.22:13:01::SCWPlatform::DSA given E:/kevin/myCode/microBlaze1/vitisHome/syncBlaze/tempdsa/design_1_wrapper.xsa
TRACE::2025-03-25.22:13:01::SCWPlatform::DSA absoulate path E:/kevin/myCode/microBlaze1/vitisHome/syncBlaze/tempdsa/design_1_wrapper.xsa
TRACE::2025-03-25.22:13:01::SCWPlatform::DSA directory E:/kevin/myCode/microBlaze1/vitisHome/syncBlaze/tempdsa
TRACE::2025-03-25.22:13:01::SCWPlatform:: Platform Path E:/kevin/myCode/microBlaze1/vitisHome/syncBlaze/tempdsa/design_1_wrapper.xsa
TRACE::2025-03-25.22:13:01::SCWPlatform:: Unique name xilinx:::0.0
TRACE::2025-03-25.22:13:01::SCWPlatform::update - Opened existing hwdb design_1_wrapper_4
TRACE::2025-03-25.22:13:01::SCWPlatform::Found the Hw Db part of the input DSA
TRACE::2025-03-25.22:13:01::SCWMssOS::Saving the mss changes E:/kevin/myCode/microBlaze1/vitisHome/syncBlaze/microblaze_0/standalone_domain/bsp/system.mss
TRACE::2025-03-25.22:13:01::SCWMssOS::Found a swdesign opened with the mssfile.
TRACE::2025-03-25.22:13:01::SCWMssOS::Completed writemss as part of save.
TRACE::2025-03-25.22:13:01::SCWMssOS::Commit changes completed.
TRACE::2025-03-25.22:13:01::SCWMssOS::Completed hw sync for the mss in domain: standalone_domain
TRACE::2025-03-25.22:13:01::SCWMssOS::Removing the swdes entry for  E:/kevin/myCode/microBlaze1/vitisHome/syncBlaze/microblaze_0/standalone_domain/bsp/system.mss
TRACE::2025-03-25.22:13:01::SCWPlatform::Trying to open the hw design at E:/kevin/myCode/microBlaze1/vitisHome/syncBlaze/hw/design_1_wrapper.xsa
TRACE::2025-03-25.22:13:01::SCWPlatform::DSA given E:/kevin/myCode/microBlaze1/vitisHome/syncBlaze/hw/design_1_wrapper.xsa
TRACE::2025-03-25.22:13:01::SCWPlatform::DSA absoulate path E:/kevin/myCode/microBlaze1/vitisHome/syncBlaze/hw/design_1_wrapper.xsa
TRACE::2025-03-25.22:13:01::SCWPlatform::DSA directory E:/kevin/myCode/microBlaze1/vitisHome/syncBlaze/hw
TRACE::2025-03-25.22:13:01::SCWPlatform:: Platform Path E:/kevin/myCode/microBlaze1/vitisHome/syncBlaze/hw/design_1_wrapper.xsa
TRACE::2025-03-25.22:13:01::SCWPlatform:: Unique name xilinx:::0.0
TRACE::2025-03-25.22:13:01::SCWPlatform::Do not have an existing db opened. 
TRACE::2025-03-25.22:13:01::SCWPlatform::Opened new HwDB with name design_1_wrapper_5
TRACE::2025-03-25.22:13:01::SCWMssOS::Saving the mss changes E:/kevin/myCode/microBlaze1/vitisHome/syncBlaze/microblaze_0/standalone_domain/bsp/system.mss
TRACE::2025-03-25.22:13:01::SCWMssOS::Adding the swdes entry, mss present, able to open swdb E:/kevin/myCode/microBlaze1/vitisHome/syncBlaze/microblaze_0/standalone_domain/bsp/system.mss with des name system
TRACE::2025-03-25.22:13:01::SCWMssOS::Writing the mss file completed E:/kevin/myCode/microBlaze1/vitisHome/syncBlaze/microblaze_0/standalone_domain/bsp/system.mss
TRACE::2025-03-25.22:13:01::SCWMssOS::Commit changes completed.
TRACE::2025-03-25.22:13:01::SCWPlatform::Trying to open the hw design at E:/kevin/myCode/microBlaze1/vitisHome/syncBlaze/hw/design_1_wrapper.xsa
TRACE::2025-03-25.22:13:01::SCWPlatform::DSA given E:/kevin/myCode/microBlaze1/vitisHome/syncBlaze/hw/design_1_wrapper.xsa
TRACE::2025-03-25.22:13:01::SCWPlatform::DSA absoulate path E:/kevin/myCode/microBlaze1/vitisHome/syncBlaze/hw/design_1_wrapper.xsa
TRACE::2025-03-25.22:13:01::SCWPlatform::DSA directory E:/kevin/myCode/microBlaze1/vitisHome/syncBlaze/hw
TRACE::2025-03-25.22:13:01::SCWPlatform:: Platform Path E:/kevin/myCode/microBlaze1/vitisHome/syncBlaze/hw/design_1_wrapper.xsa
TRACE::2025-03-25.22:13:01::SCWPlatform:: Unique name xilinx:::0.0
TRACE::2025-03-25.22:13:01::SCWPlatform::Trying to set the existing hwdb with name design_1_wrapper_5
TRACE::2025-03-25.22:13:01::SCWPlatform::Opened existing hwdb design_1_wrapper_5
TRACE::2025-03-25.22:13:01::SCWPlatform::Found the Hw Db part of the input DSA
TRACE::2025-03-25.22:13:01::SCWMssOS::Checking the sw design at  E:/kevin/myCode/microBlaze1/vitisHome/syncBlaze/microblaze_0/standalone_domain/bsp/system.mss
TRACE::2025-03-25.22:13:01::SCWMssOS::DEBUG:  swdes dump  E:/kevin/myCode/microBlaze1/vitisHome/syncBlaze/microblaze_0/standalone_domain/bsp/system.mss|system||

TRACE::2025-03-25.22:13:01::SCWMssOS::Sw design exists and opened at  E:/kevin/myCode/microBlaze1/vitisHome/syncBlaze/microblaze_0/standalone_domain/bsp/system.mss
TRACE::2025-03-25.22:13:01::SCWWriter::formatted JSON is {
	"platformName":	"syncBlaze",
	"sprVersion":	"2.0",
	"mode":	"gui",
	"dsaType":	"Fixed",
	"platformDesc":	"syncBlaze",
	"platHandOff":	"E:/kevin/myCode/microBlaze1/design_1_wrapper.xsa",
	"platIntHandOff":	"<platformDir>/hw/design_1_wrapper.xsa",
	"deviceType":	"FPGA",
	"platIsPrebuiltAutogen":	"false",
	"platIsNoBootBsp":	"false",
	"hasFsblMakeHasChanges":	"false",
	"hasPmufwMakeHasChanges":	"false",
	"platPreBuiltFlag":	false,
	"platformSamplesDir":	"",
	"platActiveSys":	"syncBlaze",
	"systems":	[{
			"systemName":	"syncBlaze",
			"systemDesc":	"syncBlaze",
			"sysIsBootAutoGen":	"true",
			"systemDispName":	"syncBlaze",
			"sysActiveDom":	"standalone_domain",
			"sysDefaultDom":	"standalone_domain",
			"domains":	[{
					"domainName":	"standalone_domain",
					"domainDispName":	"standalone on microblaze_0",
					"domainDesc":	"standalone_domain",
					"processors":	"microblaze_0",
					"os":	"standalone",
					"sdxOs":	"standalone",
					"debugEnable":	"False",
					"domRuntimes":	["cpp"],
					"swRepo":	"",
					"mssOsVer":	"8.0",
					"mssFile":	"",
					"md5Digest":	"e2cdda41e7956801f4f51a65042beca01",
					"compatibleApp":	"",
					"domType":	"mssDomain",
					"arch":	"32-bit",
					"appSettings":	{
						"appCompilerFlags":	"",
						"appLinkerFlags":	""
					},
					"addedLibs":	[],
					"libOptions":	{
						"libsContainingOptions":	[]
					},
					"prebuiltLibs":	{
						"prebuiltIncPath":	[],
						"prebuiltLibPath":	[]
					},
					"isolation":	{
					}
				}]
		}]
}
TRACE::2025-03-25.22:13:02::SCWPlatform::Clearing the existing platform
TRACE::2025-03-25.22:13:02::SCWSystem::Clearing the existing sysconfig
TRACE::2025-03-25.22:13:02::SCWMssOS::Removing the swdes entry for  E:/kevin/myCode/microBlaze1/vitisHome/syncBlaze/microblaze_0/standalone_domain/bsp/system.mss
TRACE::2025-03-25.22:13:02::SCWSystem::Clearing the domains completed.
TRACE::2025-03-25.22:13:02::SCWPlatform::Clearing the opened hw db.
TRACE::2025-03-25.22:13:02::SCWPlatform::DSA given E:/kevin/myCode/microBlaze1/vitisHome/syncBlaze/hw/design_1_wrapper.xsa
TRACE::2025-03-25.22:13:02::SCWPlatform::DSA absoulate path E:/kevin/myCode/microBlaze1/vitisHome/syncBlaze/hw/design_1_wrapper.xsa
TRACE::2025-03-25.22:13:02::SCWPlatform:: Platform location is E:/kevin/myCode/microBlaze1/vitisHome/syncBlaze/hw
TRACE::2025-03-25.22:13:02::SCWPlatform:: Platform Path E:/kevin/myCode/microBlaze1/vitisHome/syncBlaze/hw/design_1_wrapper.xsa
TRACE::2025-03-25.22:13:02::SCWPlatform:: Unique name xilinx:::0.0
TRACE::2025-03-25.22:13:02::SCWPlatform::Removing the HwDB with name E:/kevin/myCode/microBlaze1/vitisHome/syncBlaze/hw/design_1_wrapper.xsa
TRACE::2025-03-25.22:13:02::SCWPlatform::Trying to open the hw design at E:/kevin/myCode/microBlaze1/vitisHome/syncBlaze/hw/design_1_wrapper.xsa
TRACE::2025-03-25.22:13:02::SCWPlatform::DSA given E:/kevin/myCode/microBlaze1/vitisHome/syncBlaze/hw/design_1_wrapper.xsa
TRACE::2025-03-25.22:13:02::SCWPlatform::DSA absoulate path E:/kevin/myCode/microBlaze1/vitisHome/syncBlaze/hw/design_1_wrapper.xsa
TRACE::2025-03-25.22:13:02::SCWPlatform::DSA directory E:/kevin/myCode/microBlaze1/vitisHome/syncBlaze/hw
TRACE::2025-03-25.22:13:02::SCWPlatform:: Platform Path E:/kevin/myCode/microBlaze1/vitisHome/syncBlaze/hw/design_1_wrapper.xsa
TRACE::2025-03-25.22:13:02::SCWPlatform:: Unique name xilinx:::0.0
TRACE::2025-03-25.22:13:02::SCWPlatform::Do not have an existing db opened. 
TRACE::2025-03-25.22:13:03::SCWPlatform::Opened new HwDB with name design_1_wrapper_6
TRACE::2025-03-25.22:13:03::SCWReader::Active system found as  syncBlaze
TRACE::2025-03-25.22:13:03::SCWReader::Handling sysconfig syncBlaze
TRACE::2025-03-25.22:13:03::SCWDomain::checking for install qemu data   : 
TRACE::2025-03-25.22:13:03::SCWPlatform::Trying to open the hw design at E:/kevin/myCode/microBlaze1/vitisHome/syncBlaze/hw/design_1_wrapper.xsa
TRACE::2025-03-25.22:13:03::SCWPlatform::DSA given E:/kevin/myCode/microBlaze1/vitisHome/syncBlaze/hw/design_1_wrapper.xsa
TRACE::2025-03-25.22:13:03::SCWPlatform::DSA absoulate path E:/kevin/myCode/microBlaze1/vitisHome/syncBlaze/hw/design_1_wrapper.xsa
TRACE::2025-03-25.22:13:03::SCWPlatform::DSA directory E:/kevin/myCode/microBlaze1/vitisHome/syncBlaze/hw
TRACE::2025-03-25.22:13:03::SCWPlatform:: Platform Path E:/kevin/myCode/microBlaze1/vitisHome/syncBlaze/hw/design_1_wrapper.xsa
TRACE::2025-03-25.22:13:03::SCWPlatform:: Unique name xilinx:::0.0
TRACE::2025-03-25.22:13:03::SCWPlatform::Trying to set the existing hwdb with name design_1_wrapper_6
TRACE::2025-03-25.22:13:03::SCWPlatform::Opened existing hwdb design_1_wrapper_6
TRACE::2025-03-25.22:13:03::SCWPlatform::Found the Hw Db part of the input DSA
TRACE::2025-03-25.22:13:03::SCWPlatform::Trying to open the hw design at E:/kevin/myCode/microBlaze1/vitisHome/syncBlaze/hw/design_1_wrapper.xsa
TRACE::2025-03-25.22:13:03::SCWPlatform::DSA given E:/kevin/myCode/microBlaze1/vitisHome/syncBlaze/hw/design_1_wrapper.xsa
TRACE::2025-03-25.22:13:03::SCWPlatform::DSA absoulate path E:/kevin/myCode/microBlaze1/vitisHome/syncBlaze/hw/design_1_wrapper.xsa
TRACE::2025-03-25.22:13:03::SCWPlatform::DSA directory E:/kevin/myCode/microBlaze1/vitisHome/syncBlaze/hw
TRACE::2025-03-25.22:13:03::SCWPlatform:: Platform Path E:/kevin/myCode/microBlaze1/vitisHome/syncBlaze/hw/design_1_wrapper.xsa
TRACE::2025-03-25.22:13:03::SCWPlatform:: Unique name xilinx:::0.0
TRACE::2025-03-25.22:13:03::SCWPlatform::Trying to set the existing hwdb with name design_1_wrapper_6
TRACE::2025-03-25.22:13:03::SCWPlatform::Opened existing hwdb design_1_wrapper_6
TRACE::2025-03-25.22:13:03::SCWPlatform::Found the Hw Db part of the input DSA
TRACE::2025-03-25.22:13:03::SCWPlatform::Trying to open the hw design at E:/kevin/myCode/microBlaze1/vitisHome/syncBlaze/hw/design_1_wrapper.xsa
TRACE::2025-03-25.22:13:03::SCWPlatform::DSA given E:/kevin/myCode/microBlaze1/vitisHome/syncBlaze/hw/design_1_wrapper.xsa
TRACE::2025-03-25.22:13:03::SCWPlatform::DSA absoulate path E:/kevin/myCode/microBlaze1/vitisHome/syncBlaze/hw/design_1_wrapper.xsa
TRACE::2025-03-25.22:13:03::SCWPlatform::DSA directory E:/kevin/myCode/microBlaze1/vitisHome/syncBlaze/hw
TRACE::2025-03-25.22:13:03::SCWPlatform:: Platform Path E:/kevin/myCode/microBlaze1/vitisHome/syncBlaze/hw/design_1_wrapper.xsa
TRACE::2025-03-25.22:13:03::SCWPlatform:: Unique name xilinx:::0.0
TRACE::2025-03-25.22:13:03::SCWPlatform::Trying to set the existing hwdb with name design_1_wrapper_6
TRACE::2025-03-25.22:13:03::SCWPlatform::Opened existing hwdb design_1_wrapper_6
TRACE::2025-03-25.22:13:03::SCWPlatform::Found the Hw Db part of the input DSA
TRACE::2025-03-25.22:13:03::SCWPlatform::Trying to open the hw design at E:/kevin/myCode/microBlaze1/vitisHome/syncBlaze/hw/design_1_wrapper.xsa
TRACE::2025-03-25.22:13:03::SCWPlatform::DSA given E:/kevin/myCode/microBlaze1/vitisHome/syncBlaze/hw/design_1_wrapper.xsa
TRACE::2025-03-25.22:13:03::SCWPlatform::DSA absoulate path E:/kevin/myCode/microBlaze1/vitisHome/syncBlaze/hw/design_1_wrapper.xsa
TRACE::2025-03-25.22:13:03::SCWPlatform::DSA directory E:/kevin/myCode/microBlaze1/vitisHome/syncBlaze/hw
TRACE::2025-03-25.22:13:03::SCWPlatform:: Platform Path E:/kevin/myCode/microBlaze1/vitisHome/syncBlaze/hw/design_1_wrapper.xsa
TRACE::2025-03-25.22:13:03::SCWPlatform:: Unique name xilinx:::0.0
TRACE::2025-03-25.22:13:03::SCWPlatform::Trying to set the existing hwdb with name design_1_wrapper_6
TRACE::2025-03-25.22:13:03::SCWPlatform::Opened existing hwdb design_1_wrapper_6
TRACE::2025-03-25.22:13:03::SCWPlatform::Found the Hw Db part of the input DSA
TRACE::2025-03-25.22:13:03::SCWMssOS::Checking the sw design at  E:/kevin/myCode/microBlaze1/vitisHome/syncBlaze/microblaze_0/standalone_domain/bsp/system.mss
TRACE::2025-03-25.22:13:03::SCWMssOS::DEBUG:  swdes dump  
TRACE::2025-03-25.22:13:03::SCWMssOS::No sw design opened at  E:/kevin/myCode/microBlaze1/vitisHome/syncBlaze/microblaze_0/standalone_domain/bsp/system.mss
TRACE::2025-03-25.22:13:03::SCWMssOS::mss exists loading the mss file  E:/kevin/myCode/microBlaze1/vitisHome/syncBlaze/microblaze_0/standalone_domain/bsp/system.mss
TRACE::2025-03-25.22:13:03::SCWMssOS::Opened the sw design from mss  E:/kevin/myCode/microBlaze1/vitisHome/syncBlaze/microblaze_0/standalone_domain/bsp/system.mss
TRACE::2025-03-25.22:13:03::SCWMssOS::Adding the swdes entry E:/kevin/myCode/microBlaze1/vitisHome/syncBlaze/microblaze_0/standalone_domain/bsp/system.mss with des name system
TRACE::2025-03-25.22:13:03::SCWMssOS::updating the scw layer about changes
TRACE::2025-03-25.22:13:03::SCWMssOS::Opened the sw design.  E:/kevin/myCode/microBlaze1/vitisHome/syncBlaze/microblaze_0/standalone_domain/bsp/system.mss
TRACE::2025-03-25.22:13:03::SCWMssOS::Saving the mss changes E:/kevin/myCode/microBlaze1/vitisHome/syncBlaze/microblaze_0/standalone_domain/bsp/system.mss
TRACE::2025-03-25.22:13:03::SCWMssOS::Found a swdesign opened with the mssfile.
TRACE::2025-03-25.22:13:03::SCWMssOS::Completed writemss as part of save.
TRACE::2025-03-25.22:13:03::SCWMssOS::Commit changes completed.
TRACE::2025-03-25.22:13:03::SCWReader::Adding prebuilt librarypaths as   
TRACE::2025-03-25.22:13:03::SCWReader::Adding prebuilt incpaths  as   
TRACE::2025-03-25.22:13:03::SCWPlatform::Trying to open the hw design at E:/kevin/myCode/microBlaze1/vitisHome/syncBlaze/hw/design_1_wrapper.xsa
TRACE::2025-03-25.22:13:03::SCWPlatform::DSA given E:/kevin/myCode/microBlaze1/vitisHome/syncBlaze/hw/design_1_wrapper.xsa
TRACE::2025-03-25.22:13:03::SCWPlatform::DSA absoulate path E:/kevin/myCode/microBlaze1/vitisHome/syncBlaze/hw/design_1_wrapper.xsa
TRACE::2025-03-25.22:13:03::SCWPlatform::DSA directory E:/kevin/myCode/microBlaze1/vitisHome/syncBlaze/hw
TRACE::2025-03-25.22:13:03::SCWPlatform:: Platform Path E:/kevin/myCode/microBlaze1/vitisHome/syncBlaze/hw/design_1_wrapper.xsa
TRACE::2025-03-25.22:13:03::SCWPlatform:: Unique name xilinx:::0.0
TRACE::2025-03-25.22:13:03::SCWPlatform::Trying to set the existing hwdb with name design_1_wrapper_6
TRACE::2025-03-25.22:13:03::SCWPlatform::Opened existing hwdb design_1_wrapper_6
TRACE::2025-03-25.22:13:03::SCWPlatform::Found the Hw Db part of the input DSA
TRACE::2025-03-25.22:13:03::SCWMssOS::Checking the sw design at  E:/kevin/myCode/microBlaze1/vitisHome/syncBlaze/microblaze_0/standalone_domain/bsp/system.mss
TRACE::2025-03-25.22:13:03::SCWMssOS::DEBUG:  swdes dump  E:/kevin/myCode/microBlaze1/vitisHome/syncBlaze/microblaze_0/standalone_domain/bsp/system.mss|system||

TRACE::2025-03-25.22:13:03::SCWMssOS::Sw design exists and opened at  E:/kevin/myCode/microBlaze1/vitisHome/syncBlaze/microblaze_0/standalone_domain/bsp/system.mss
TRACE::2025-03-25.22:13:03::SCWReader::No isolation master present  
LOG::2025-03-25.22:13:16::SCWPlatform::Started generating the artifacts platform syncBlaze
TRACE::2025-03-25.22:13:16::SCWPlatform::Sanity checking of platform is completed
LOG::2025-03-25.22:13:16::SCWPlatform::Started generating the artifacts for system configuration syncBlaze
LOG::2025-03-25.22:13:16::SCWSystem::Checking the domain standalone_domain
LOG::2025-03-25.22:13:16::SCWSystem::Not a boot domain 
LOG::2025-03-25.22:13:16::SCWSystem::Started Processing the domain standalone_domain
TRACE::2025-03-25.22:13:16::SCWDomain::Generating domain artifcats
TRACE::2025-03-25.22:13:16::SCWMssOS::Generating standalone artifcats
TRACE::2025-03-25.22:13:16::SCWMssOS:: Copying the user libraries. 
TRACE::2025-03-25.22:13:16::SCWPlatform::Trying to open the hw design at E:/kevin/myCode/microBlaze1/vitisHome/syncBlaze/hw/design_1_wrapper.xsa
TRACE::2025-03-25.22:13:16::SCWPlatform::DSA given E:/kevin/myCode/microBlaze1/vitisHome/syncBlaze/hw/design_1_wrapper.xsa
TRACE::2025-03-25.22:13:16::SCWPlatform::DSA absoulate path E:/kevin/myCode/microBlaze1/vitisHome/syncBlaze/hw/design_1_wrapper.xsa
TRACE::2025-03-25.22:13:16::SCWPlatform::DSA directory E:/kevin/myCode/microBlaze1/vitisHome/syncBlaze/hw
TRACE::2025-03-25.22:13:16::SCWPlatform:: Platform Path E:/kevin/myCode/microBlaze1/vitisHome/syncBlaze/hw/design_1_wrapper.xsa
TRACE::2025-03-25.22:13:16::SCWPlatform:: Unique name xilinx:::0.0
TRACE::2025-03-25.22:13:16::SCWPlatform::Trying to set the existing hwdb with name design_1_wrapper_6
TRACE::2025-03-25.22:13:16::SCWPlatform::Opened existing hwdb design_1_wrapper_6
TRACE::2025-03-25.22:13:16::SCWPlatform::Found the Hw Db part of the input DSA
TRACE::2025-03-25.22:13:16::SCWMssOS::Checking the sw design at  E:/kevin/myCode/microBlaze1/vitisHome/syncBlaze/microblaze_0/standalone_domain/bsp/system.mss
TRACE::2025-03-25.22:13:16::SCWMssOS::DEBUG:  swdes dump  E:/kevin/myCode/microBlaze1/vitisHome/syncBlaze/microblaze_0/standalone_domain/bsp/system.mss|system||

TRACE::2025-03-25.22:13:16::SCWMssOS::Sw design exists and opened at  E:/kevin/myCode/microBlaze1/vitisHome/syncBlaze/microblaze_0/standalone_domain/bsp/system.mss
TRACE::2025-03-25.22:13:16::SCWMssOS::Completed writing the mss file at E:/kevin/myCode/microBlaze1/vitisHome/syncBlaze/microblaze_0/standalone_domain/bsp
TRACE::2025-03-25.22:13:16::SCWMssOS::Mss edits present, copying mssfile into export location E:/kevin/myCode/microBlaze1/vitisHome/syncBlaze/microblaze_0/standalone_domain/bsp/system.mss
TRACE::2025-03-25.22:13:16::SCWMssOS::bsp generated is stale removing and regenerating. 
TRACE::2025-03-25.22:13:17::SCWMssOS::doing bsp build ... 
TRACE::2025-03-25.22:13:17::SCWMssOS::System Command Ran  E: & cd  E:/kevin/myCode/microBlaze1/vitisHome/syncBlaze/microblaze_0/standalone_domain/bsp & make 
TRACE::2025-03-25.22:13:17::SCWMssOS::make --no-print-directory seq_libs

TRACE::2025-03-25.22:13:17::SCWMssOS::'Finished building libraries sequentially.'

TRACE::2025-03-25.22:13:17::SCWMssOS::make -j 22 --no-print-directory par_libs

TRACE::2025-03-25.22:13:17::SCWMssOS::"Running Make include in microblaze_0/libsrc/bram_v4_8/src"

TRACE::2025-03-25.22:13:17::SCWMssOS::make -C microblaze_0/libsrc/bram_v4_8/src -s include  "SHELL=CMD" "COMPILER=mb-gcc" "ASSEMBLER=mb-as" "ARCHIVER=mb-ar" "COMPILE
TRACE::2025-03-25.22:13:17::SCWMssOS::R_FLAGS=  -O2 -c -mcpu=v11.0 -mlittle-endian -mxl-soft-mul" "EXTRA_COMPILER_FLAGS=-g -ffunction-sections -fdata-sections -Wall 
TRACE::2025-03-25.22:13:17::SCWMssOS::-Wextra -fno-tree-loop-distribute-patterns"

TRACE::2025-03-25.22:13:17::SCWMssOS::"Running Make include in microblaze_0/libsrc/cpu_v2_16/src"

TRACE::2025-03-25.22:13:17::SCWMssOS::make -C microblaze_0/libsrc/cpu_v2_16/src -s include  "SHELL=CMD" "COMPILER=mb-gcc" "ASSEMBLER=mb-as" "ARCHIVER=mb-ar" "COMPILE
TRACE::2025-03-25.22:13:17::SCWMssOS::R_FLAGS=  -O2 -c -mcpu=v11.0 -mlittle-endian -mxl-soft-mul" "EXTRA_COMPILER_FLAGS=-g -ffunction-sections -fdata-sections -Wall 
TRACE::2025-03-25.22:13:17::SCWMssOS::-Wextra -fno-tree-loop-distribute-patterns"

TRACE::2025-03-25.22:13:17::SCWMssOS::"Running Make include in microblaze_0/libsrc/gpio_v4_9/src"

TRACE::2025-03-25.22:13:17::SCWMssOS::make -C microblaze_0/libsrc/gpio_v4_9/src -s include  "SHELL=CMD" "COMPILER=mb-gcc" "ASSEMBLER=mb-as" "ARCHIVER=mb-ar" "COMPILE
TRACE::2025-03-25.22:13:17::SCWMssOS::R_FLAGS=  -O2 -c -mcpu=v11.0 -mlittle-endian -mxl-soft-mul" "EXTRA_COMPILER_FLAGS=-g -ffunction-sections -fdata-sections -Wall 
TRACE::2025-03-25.22:13:17::SCWMssOS::-Wextra -fno-tree-loop-distribute-patterns"

TRACE::2025-03-25.22:13:17::SCWMssOS::"Running Make include in microblaze_0/libsrc/intc_v3_15/src"

TRACE::2025-03-25.22:13:17::SCWMssOS::make -C microblaze_0/libsrc/intc_v3_15/src -s include  "SHELL=CMD" "COMPILER=mb-gcc" "ASSEMBLER=mb-as" "ARCHIVER=mb-ar" "COMPIL
TRACE::2025-03-25.22:13:17::SCWMssOS::ER_FLAGS=  -O2 -c -mcpu=v11.0 -mlittle-endian -mxl-soft-mul" "EXTRA_COMPILER_FLAGS=-g -ffunction-sections -fdata-sections -Wall
TRACE::2025-03-25.22:13:17::SCWMssOS:: -Wextra -fno-tree-loop-distribute-patterns"

TRACE::2025-03-25.22:13:17::SCWMssOS::"Running Make include in microblaze_0/libsrc/standalone_v8_0/src"

TRACE::2025-03-25.22:13:17::SCWMssOS::make -C microblaze_0/libsrc/standalone_v8_0/src -s include  "SHELL=CMD" "COMPILER=mb-gcc" "ASSEMBLER=mb-as" "ARCHIVER=mb-ar" "C
TRACE::2025-03-25.22:13:17::SCWMssOS::OMPILER_FLAGS=  -O2 -c -mcpu=v11.0 -mlittle-endian -mxl-soft-mul" "EXTRA_COMPILER_FLAGS=-g -ffunction-sections -fdata-sections 
TRACE::2025-03-25.22:13:17::SCWMssOS::-Wall -Wextra -fno-tree-loop-distribute-patterns"

TRACE::2025-03-25.22:13:17::SCWMssOS::"Running Make include in microblaze_0/libsrc/tmrctr_v4_9/src"

TRACE::2025-03-25.22:13:17::SCWMssOS::make -C microblaze_0/libsrc/tmrctr_v4_9/src -s include  "SHELL=CMD" "COMPILER=mb-gcc" "ASSEMBLER=mb-as" "ARCHIVER=mb-ar" "COMPI
TRACE::2025-03-25.22:13:17::SCWMssOS::LER_FLAGS=  -O2 -c -mcpu=v11.0 -mlittle-endian -mxl-soft-mul" "EXTRA_COMPILER_FLAGS=-g -ffunction-sections -fdata-sections -Wal
TRACE::2025-03-25.22:13:17::SCWMssOS::l -Wextra -fno-tree-loop-distribute-patterns"

TRACE::2025-03-25.22:13:17::SCWMssOS::"Running Make include in microblaze_0/libsrc/uartlite_v3_7/src"

TRACE::2025-03-25.22:13:17::SCWMssOS::make -C microblaze_0/libsrc/uartlite_v3_7/src -s include  "SHELL=CMD" "COMPILER=mb-gcc" "ASSEMBLER=mb-as" "ARCHIVER=mb-ar" "COM
TRACE::2025-03-25.22:13:17::SCWMssOS::PILER_FLAGS=  -O2 -c -mcpu=v11.0 -mlittle-endian -mxl-soft-mul" "EXTRA_COMPILER_FLAGS=-g -ffunction-sections -fdata-sections -W
TRACE::2025-03-25.22:13:17::SCWMssOS::all -Wextra -fno-tree-loop-distribute-patterns"

TRACE::2025-03-25.22:13:17::SCWMssOS::"Running Make libs in microblaze_0/libsrc/bram_v4_8/src"

TRACE::2025-03-25.22:13:17::SCWMssOS::make -C microblaze_0/libsrc/bram_v4_8/src -s libs  "SHELL=CMD" "COMPILER=mb-gcc" "ASSEMBLER=mb-as" "ARCHIVER=mb-ar" "COMPILER_F
TRACE::2025-03-25.22:13:17::SCWMssOS::LAGS=  -O2 -c -mcpu=v11.0 -mlittle-endian -mxl-soft-mul" "EXTRA_COMPILER_FLAGS=-g -ffunction-sections -fdata-sections -Wall -We
TRACE::2025-03-25.22:13:17::SCWMssOS::xtra -fno-tree-loop-distribute-patterns"

TRACE::2025-03-25.22:13:17::SCWMssOS::"Running Make libs in microblaze_0/libsrc/cpu_v2_16/src"

TRACE::2025-03-25.22:13:17::SCWMssOS::make -C microblaze_0/libsrc/cpu_v2_16/src -s libs  "SHELL=CMD" "COMPILER=mb-gcc" "ASSEMBLER=mb-as" "ARCHIVER=mb-ar" "COMPILER_F
TRACE::2025-03-25.22:13:17::SCWMssOS::LAGS=  -O2 -c -mcpu=v11.0 -mlittle-endian -mxl-soft-mul" "EXTRA_COMPILER_FLAGS=-g -ffunction-sections -fdata-sections -Wall -We
TRACE::2025-03-25.22:13:17::SCWMssOS::xtra -fno-tree-loop-distribute-patterns"

TRACE::2025-03-25.22:13:17::SCWMssOS::"Running Make libs in microblaze_0/libsrc/gpio_v4_9/src"

TRACE::2025-03-25.22:13:17::SCWMssOS::make -C microblaze_0/libsrc/gpio_v4_9/src -s libs  "SHELL=CMD" "COMPILER=mb-gcc" "ASSEMBLER=mb-as" "ARCHIVER=mb-ar" "COMPILER_F
TRACE::2025-03-25.22:13:17::SCWMssOS::LAGS=  -O2 -c -mcpu=v11.0 -mlittle-endian -mxl-soft-mul" "EXTRA_COMPILER_FLAGS=-g -ffunction-sections -fdata-sections -Wall -We
TRACE::2025-03-25.22:13:17::SCWMssOS::xtra -fno-tree-loop-distribute-patterns"

TRACE::2025-03-25.22:13:17::SCWMssOS::"Running Make libs in microblaze_0/libsrc/intc_v3_15/src"

TRACE::2025-03-25.22:13:17::SCWMssOS::make -C microblaze_0/libsrc/intc_v3_15/src -s libs  "SHELL=CMD" "COMPILER=mb-gcc" "ASSEMBLER=mb-as" "ARCHIVER=mb-ar" "COMPILER_
TRACE::2025-03-25.22:13:17::SCWMssOS::FLAGS=  -O2 -c -mcpu=v11.0 -mlittle-endian -mxl-soft-mul" "EXTRA_COMPILER_FLAGS=-g -ffunction-sections -fdata-sections -Wall -W
TRACE::2025-03-25.22:13:17::SCWMssOS::extra -fno-tree-loop-distribute-patterns"

TRACE::2025-03-25.22:13:17::SCWMssOS::"Running Make libs in microblaze_0/libsrc/standalone_v8_0/src"

TRACE::2025-03-25.22:13:17::SCWMssOS::make -C microblaze_0/libsrc/standalone_v8_0/src -s libs  "SHELL=CMD" "COMPILER=mb-gcc" "ASSEMBLER=mb-as" "ARCHIVER=mb-ar" "COMP
TRACE::2025-03-25.22:13:17::SCWMssOS::ILER_FLAGS=  -O2 -c -mcpu=v11.0 -mlittle-endian -mxl-soft-mul" "EXTRA_COMPILER_FLAGS=-g -ffunction-sections -fdata-sections -Wa
TRACE::2025-03-25.22:13:17::SCWMssOS::ll -Wextra -fno-tree-loop-distribute-patterns"

TRACE::2025-03-25.22:13:17::SCWMssOS::"Running Make libs in microblaze_0/libsrc/tmrctr_v4_9/src"

TRACE::2025-03-25.22:13:17::SCWMssOS::make -C microblaze_0/libsrc/tmrctr_v4_9/src -s libs  "SHELL=CMD" "COMPILER=mb-gcc" "ASSEMBLER=mb-as" "ARCHIVER=mb-ar" "COMPILER
TRACE::2025-03-25.22:13:17::SCWMssOS::_FLAGS=  -O2 -c -mcpu=v11.0 -mlittle-endian -mxl-soft-mul" "EXTRA_COMPILER_FLAGS=-g -ffunction-sections -fdata-sections -Wall -
TRACE::2025-03-25.22:13:17::SCWMssOS::Wextra -fno-tree-loop-distribute-patterns"

TRACE::2025-03-25.22:13:17::SCWMssOS::"Running Make libs in microblaze_0/libsrc/uartlite_v3_7/src"

TRACE::2025-03-25.22:13:17::SCWMssOS::make -C microblaze_0/libsrc/uartlite_v3_7/src -s libs  "SHELL=CMD" "COMPILER=mb-gcc" "ASSEMBLER=mb-as" "ARCHIVER=mb-ar" "COMPIL
TRACE::2025-03-25.22:13:17::SCWMssOS::ER_FLAGS=  -O2 -c -mcpu=v11.0 -mlittle-endian -mxl-soft-mul" "EXTRA_COMPILER_FLAGS=-g -ffunction-sections -fdata-sections -Wall
TRACE::2025-03-25.22:13:17::SCWMssOS:: -Wextra -fno-tree-loop-distribute-patterns"

TRACE::2025-03-25.22:13:18::SCWMssOS::"DEBUG NON_LTO_OBJECTS is ../../../lib/microblaze_interrupt_handler.o"

TRACE::2025-03-25.22:13:18::SCWMssOS::'Finished building libraries parallelly.'

TRACE::2025-03-25.22:13:18::SCWMssOS::make --no-print-directory archive

TRACE::2025-03-25.22:13:18::SCWMssOS::mb-ar -r  microblaze_0/lib/libxil.a microblaze_0/lib/_exit.o microblaze_0/lib/errno.o microblaze_0/lib/fcntl.o microblaze_0/lib
TRACE::2025-03-25.22:13:18::SCWMssOS::/hw_exception_handler.o microblaze_0/lib/inbyte.o microblaze_0/lib/microblaze_disable_dcache.o microblaze_0/lib/microblaze_disa
TRACE::2025-03-25.22:13:18::SCWMssOS::ble_exceptions.o microblaze_0/lib/microblaze_disable_icache.o microblaze_0/lib/microblaze_disable_interrupts.o microblaze_0/lib
TRACE::2025-03-25.22:13:18::SCWMssOS::/microblaze_enable_dcache.o microblaze_0/lib/microblaze_enable_exceptions.o microblaze_0/lib/microblaze_enable_icache.o microbl
TRACE::2025-03-25.22:13:18::SCWMssOS::aze_0/lib/microblaze_enable_interrupts.o microblaze_0/lib/microblaze_exception_handler.o microblaze_0/lib/microblaze_flush_cach
TRACE::2025-03-25.22:13:18::SCWMssOS::e_ext.o microblaze_0/lib/microblaze_flush_cache_ext_range.o microblaze_0/lib/microblaze_flush_dcache.o microblaze_0/lib/microbl
TRACE::2025-03-25.22:13:18::SCWMssOS::aze_flush_dcache_range.o microblaze_0/lib/microblaze_init_dcache_range.o microblaze_0/lib/microblaze_init_icache_range.o microb
TRACE::2025-03-25.22:13:18::SCWMssOS::laze_0/lib/microblaze_interrupt_handler.o microblaze_0/lib/microblaze_interrupts_g.o microblaze_0/lib/microblaze_invalidate_cac
TRACE::2025-03-25.22:13:18::SCWMssOS::he_ext.o microblaze_0/lib/microblaze_invalidate_cache_ext_range.o microblaze_0/lib/microblaze_invalidate_dcache.o microblaze_0/
TRACE::2025-03-25.22:13:18::SCWMssOS::lib/microblaze_invalidate_dcache_range.o microblaze_0/lib/microblaze_invalidate_icache.o microblaze_0/lib/microblaze_invalidate
TRACE::2025-03-25.22:13:18::SCWMssOS::_icache_range.o microblaze_0/lib/microblaze_scrub.o microblaze_0/lib/microblaze_selftest.o microblaze_0/lib/microblaze_sleep.o 
TRACE::2025-03-25.22:13:18::SCWMssOS::microblaze_0/lib/microblaze_update_dcache.o microblaze_0/lib/microblaze_update_icache.o microblaze_0/lib/outbyte.o microblaze_0
TRACE::2025-03-25.22:13:18::SCWMssOS::/lib/print.o microblaze_0/lib/pvr.o microblaze_0/lib/xbram.o microblaze_0/lib/xbram_g.o microblaze_0/lib/xbram_intr.o microblaz
TRACE::2025-03-25.22:13:18::SCWMssOS::e_0/lib/xbram_selftest.o microblaze_0/lib/xbram_sinit.o microblaze_0/lib/xgpio.o microblaze_0/lib/xgpio_extra.o microblaze_0/li
TRACE::2025-03-25.22:13:18::SCWMssOS::b/xgpio_g.o microblaze_0/lib/xgpio_intr.o microblaze_0/lib/xgpio_selftest.o microblaze_0/lib/xgpio_sinit.o microblaze_0/lib/xil
TRACE::2025-03-25.22:13:18::SCWMssOS::_assert.o microblaze_0/lib/xil_cache.o microblaze_0/lib/xil_clocking.o microblaze_0/lib/xil_exception.o microblaze_0/lib/xil_me
TRACE::2025-03-25.22:13:18::SCWMssOS::m.o microblaze_0/lib/xil_misc_psreset_api.o microblaze_0/lib/xil_printf.o microblaze_0/lib/xil_sleepcommon.o microblaze_0/lib/x
TRACE::2025-03-25.22:13:18::SCWMssOS::il_testcache.o microblaze_0/lib/xil_testio.o microblaze_0/lib/xil_testmem.o microblaze_0/lib/xil_util.o microblaze_0/lib/xintc.
TRACE::2025-03-25.22:13:18::SCWMssOS::o microblaze_0/lib/xintc_g.o microblaze_0/lib/xintc_intr.o microblaze_0/lib/xintc_l.o microblaze_0/lib/xintc_options.o microbla
TRACE::2025-03-25.22:13:18::SCWMssOS::ze_0/lib/xintc_selftest.o microblaze_0/lib/xinterrupt_wrap.o microblaze_0/lib/xio.o microblaze_0/lib/xplatform_info.o microblaz
TRACE::2025-03-25.22:13:18::SCWMssOS::e_0/lib/xtmrctr.o microblaze_0/lib/xtmrctr_g.o microblaze_0/lib/xtmrctr_intr.o microblaze_0/lib/xtmrctr_l.o microblaze_0/lib/xt
TRACE::2025-03-25.22:13:18::SCWMssOS::mrctr_options.o microblaze_0/lib/xtmrctr_selftest.o microblaze_0/lib/xtmrctr_sinit.o microblaze_0/lib/xtmrctr_stats.o microblaz
TRACE::2025-03-25.22:13:18::SCWMssOS::e_0/lib/xuartlite.o microblaze_0/lib/xuartlite_g.o microblaze_0/lib/xuartlite_intr.o microblaze_0/lib/xuartlite_l.o microblaze_
TRACE::2025-03-25.22:13:18::SCWMssOS::0/lib/xuartlite_selftest.o microblaze_0/lib/xuartlite_sinit.o microblaze_0/lib/xuartlite_stats.o

TRACE::2025-03-25.22:13:18::SCWMssOS::'Finished building libraries'

TRACE::2025-03-25.22:13:18::SCWMssOS:: Checking if to create the Supporting Applications
TRACE::2025-03-25.22:13:18::SCWMssOS:: No Linux domain exists, trying to generate FSBL 
LOG::2025-03-25.22:13:18::SCWSystem::Completed Processing the domain standalone_domain
LOG::2025-03-25.22:13:18::SCWSystem::Completed Processing the sysconfig syncBlaze
LOG::2025-03-25.22:13:18::SCWPlatform::Completed generating the artifacts for system configuration syncBlaze
TRACE::2025-03-25.22:13:18::SCWPlatform::Started preparing the platform 
TRACE::2025-03-25.22:13:18::SCWSystem::Writing the bif file for system config syncBlaze
TRACE::2025-03-25.22:13:18::SCWSystem::dir created 
TRACE::2025-03-25.22:13:18::SCWSystem::Writing the bif 
TRACE::2025-03-25.22:13:18::SCWPlatform::Started writing the spfm file 
TRACE::2025-03-25.22:13:18::SCWPlatform::Started writing the xpfm file 
TRACE::2025-03-25.22:13:18::SCWPlatform::Completed generating the platform
TRACE::2025-03-25.22:13:18::SCWMssOS::Saving the mss changes E:/kevin/myCode/microBlaze1/vitisHome/syncBlaze/microblaze_0/standalone_domain/bsp/system.mss
TRACE::2025-03-25.22:13:18::SCWMssOS::Adding the swdes entry, mss present, able to open swdb E:/kevin/myCode/microBlaze1/vitisHome/syncBlaze/microblaze_0/standalone_domain/bsp/system.mss with des name system
TRACE::2025-03-25.22:13:18::SCWMssOS::Writing the mss file completed E:/kevin/myCode/microBlaze1/vitisHome/syncBlaze/microblaze_0/standalone_domain/bsp/system.mss
TRACE::2025-03-25.22:13:18::SCWMssOS::Commit changes completed.
TRACE::2025-03-25.22:13:18::SCWPlatform::Trying to open the hw design at E:/kevin/myCode/microBlaze1/vitisHome/syncBlaze/hw/design_1_wrapper.xsa
TRACE::2025-03-25.22:13:18::SCWPlatform::DSA given E:/kevin/myCode/microBlaze1/vitisHome/syncBlaze/hw/design_1_wrapper.xsa
TRACE::2025-03-25.22:13:18::SCWPlatform::DSA absoulate path E:/kevin/myCode/microBlaze1/vitisHome/syncBlaze/hw/design_1_wrapper.xsa
TRACE::2025-03-25.22:13:18::SCWPlatform::DSA directory E:/kevin/myCode/microBlaze1/vitisHome/syncBlaze/hw
TRACE::2025-03-25.22:13:18::SCWPlatform:: Platform Path E:/kevin/myCode/microBlaze1/vitisHome/syncBlaze/hw/design_1_wrapper.xsa
TRACE::2025-03-25.22:13:18::SCWPlatform:: Unique name xilinx:::0.0
TRACE::2025-03-25.22:13:18::SCWPlatform::Trying to set the existing hwdb with name design_1_wrapper_6
TRACE::2025-03-25.22:13:18::SCWPlatform::Opened existing hwdb design_1_wrapper_6
TRACE::2025-03-25.22:13:18::SCWPlatform::Found the Hw Db part of the input DSA
TRACE::2025-03-25.22:13:18::SCWMssOS::Checking the sw design at  E:/kevin/myCode/microBlaze1/vitisHome/syncBlaze/microblaze_0/standalone_domain/bsp/system.mss
TRACE::2025-03-25.22:13:18::SCWMssOS::DEBUG:  swdes dump  E:/kevin/myCode/microBlaze1/vitisHome/syncBlaze/microblaze_0/standalone_domain/bsp/system.mss|system||

TRACE::2025-03-25.22:13:18::SCWMssOS::Sw design exists and opened at  E:/kevin/myCode/microBlaze1/vitisHome/syncBlaze/microblaze_0/standalone_domain/bsp/system.mss
TRACE::2025-03-25.22:13:18::SCWWriter::formatted JSON is {
	"platformName":	"syncBlaze",
	"sprVersion":	"2.0",
	"mode":	"gui",
	"dsaType":	"Fixed",
	"platformDesc":	"syncBlaze",
	"platHandOff":	"E:/kevin/myCode/microBlaze1/design_1_wrapper.xsa",
	"platIntHandOff":	"<platformDir>/hw/design_1_wrapper.xsa",
	"deviceType":	"FPGA",
	"platIsPrebuiltAutogen":	"false",
	"platIsNoBootBsp":	"false",
	"hasFsblMakeHasChanges":	"false",
	"hasPmufwMakeHasChanges":	"false",
	"platPreBuiltFlag":	false,
	"platformSamplesDir":	"",
	"platActiveSys":	"syncBlaze",
	"systems":	[{
			"systemName":	"syncBlaze",
			"systemDesc":	"syncBlaze",
			"sysIsBootAutoGen":	"true",
			"systemDispName":	"syncBlaze",
			"sysActiveDom":	"standalone_domain",
			"sysDefaultDom":	"standalone_domain",
			"domains":	[{
					"domainName":	"standalone_domain",
					"domainDispName":	"standalone on microblaze_0",
					"domainDesc":	"standalone_domain",
					"processors":	"microblaze_0",
					"os":	"standalone",
					"sdxOs":	"standalone",
					"debugEnable":	"False",
					"domRuntimes":	["cpp"],
					"swRepo":	"",
					"mssOsVer":	"8.0",
					"mssFile":	"",
					"md5Digest":	"e2cdda41e7956801f4f51a65042beca0",
					"compatibleApp":	"",
					"domType":	"mssDomain",
					"arch":	"32-bit",
					"appSettings":	{
						"appCompilerFlags":	"",
						"appLinkerFlags":	""
					},
					"addedLibs":	[],
					"libOptions":	{
						"libsContainingOptions":	[]
					},
					"prebuiltLibs":	{
						"prebuiltIncPath":	[],
						"prebuiltLibPath":	[]
					},
					"isolation":	{
					}
				}]
		}]
}
KEYINFO::2025-03-25.22:13:18::SCWPlatform::updated the xpfm file.
TRACE::2025-03-25.22:13:18::SCWPlatform::Trying to open the hw design at E:/kevin/myCode/microBlaze1/vitisHome/syncBlaze/hw/design_1_wrapper.xsa
TRACE::2025-03-25.22:13:18::SCWPlatform::DSA given E:/kevin/myCode/microBlaze1/vitisHome/syncBlaze/hw/design_1_wrapper.xsa
TRACE::2025-03-25.22:13:18::SCWPlatform::DSA absoulate path E:/kevin/myCode/microBlaze1/vitisHome/syncBlaze/hw/design_1_wrapper.xsa
TRACE::2025-03-25.22:13:18::SCWPlatform::DSA directory E:/kevin/myCode/microBlaze1/vitisHome/syncBlaze/hw
TRACE::2025-03-25.22:13:18::SCWPlatform:: Platform Path E:/kevin/myCode/microBlaze1/vitisHome/syncBlaze/hw/design_1_wrapper.xsa
TRACE::2025-03-25.22:13:18::SCWPlatform:: Unique name xilinx:::0.0
TRACE::2025-03-25.22:13:18::SCWPlatform::Trying to set the existing hwdb with name design_1_wrapper_6
TRACE::2025-03-25.22:13:18::SCWPlatform::Opened existing hwdb design_1_wrapper_6
TRACE::2025-03-25.22:13:18::SCWPlatform::Found the Hw Db part of the input DSA
TRACE::2025-03-25.22:13:18::SCWMssOS::Checking the sw design at  E:/kevin/myCode/microBlaze1/vitisHome/syncBlaze/microblaze_0/standalone_domain/bsp/system.mss
TRACE::2025-03-25.22:13:18::SCWMssOS::DEBUG:  swdes dump  E:/kevin/myCode/microBlaze1/vitisHome/syncBlaze/microblaze_0/standalone_domain/bsp/system.mss|system||

TRACE::2025-03-25.22:13:18::SCWMssOS::Sw design exists and opened at  E:/kevin/myCode/microBlaze1/vitisHome/syncBlaze/microblaze_0/standalone_domain/bsp/system.mss
TRACE::2025-03-28.22:47:21::SCWPlatform::Trying to open the hw design at E:/kevin/myCode/microBlaze1/vitisHome/syncBlaze/hw/design_1_wrapper.xsa
TRACE::2025-03-28.22:47:21::SCWPlatform::DSA given E:/kevin/myCode/microBlaze1/vitisHome/syncBlaze/hw/design_1_wrapper.xsa
TRACE::2025-03-28.22:47:21::SCWPlatform::DSA absoulate path E:/kevin/myCode/microBlaze1/vitisHome/syncBlaze/hw/design_1_wrapper.xsa
TRACE::2025-03-28.22:47:21::SCWPlatform::DSA directory E:/kevin/myCode/microBlaze1/vitisHome/syncBlaze/hw
TRACE::2025-03-28.22:47:21::SCWPlatform:: Platform Path E:/kevin/myCode/microBlaze1/vitisHome/syncBlaze/hw/design_1_wrapper.xsa
TRACE::2025-03-28.22:47:21::SCWPlatform:: Unique name xilinx:::0.0
TRACE::2025-03-28.22:47:21::SCWPlatform::Do not have an existing db opened. 
TRACE::2025-03-28.22:47:21::SCWPlatform::Opened new HwDB with name design_1_wrapper
TRACE::2025-03-28.22:47:21::SCWReader::Active system found as  syncBlaze
TRACE::2025-03-28.22:47:21::SCWReader::Handling sysconfig syncBlaze
TRACE::2025-03-28.22:47:21::SCWDomain::checking for install qemu data   : 
TRACE::2025-03-28.22:47:21::SCWPlatform::Trying to open the hw design at E:/kevin/myCode/microBlaze1/vitisHome/syncBlaze/hw/design_1_wrapper.xsa
TRACE::2025-03-28.22:47:21::SCWPlatform::DSA given E:/kevin/myCode/microBlaze1/vitisHome/syncBlaze/hw/design_1_wrapper.xsa
TRACE::2025-03-28.22:47:21::SCWPlatform::DSA absoulate path E:/kevin/myCode/microBlaze1/vitisHome/syncBlaze/hw/design_1_wrapper.xsa
TRACE::2025-03-28.22:47:21::SCWPlatform::DSA directory E:/kevin/myCode/microBlaze1/vitisHome/syncBlaze/hw
TRACE::2025-03-28.22:47:21::SCWPlatform:: Platform Path E:/kevin/myCode/microBlaze1/vitisHome/syncBlaze/hw/design_1_wrapper.xsa
TRACE::2025-03-28.22:47:21::SCWPlatform:: Unique name xilinx:::0.0
TRACE::2025-03-28.22:47:21::SCWPlatform::Trying to set the existing hwdb with name design_1_wrapper
TRACE::2025-03-28.22:47:21::SCWPlatform::Opened existing hwdb design_1_wrapper
TRACE::2025-03-28.22:47:21::SCWPlatform::Found the Hw Db part of the input DSA
TRACE::2025-03-28.22:47:21::SCWPlatform::Trying to open the hw design at E:/kevin/myCode/microBlaze1/vitisHome/syncBlaze/hw/design_1_wrapper.xsa
TRACE::2025-03-28.22:47:21::SCWPlatform::DSA given E:/kevin/myCode/microBlaze1/vitisHome/syncBlaze/hw/design_1_wrapper.xsa
TRACE::2025-03-28.22:47:21::SCWPlatform::DSA absoulate path E:/kevin/myCode/microBlaze1/vitisHome/syncBlaze/hw/design_1_wrapper.xsa
TRACE::2025-03-28.22:47:21::SCWPlatform::DSA directory E:/kevin/myCode/microBlaze1/vitisHome/syncBlaze/hw
TRACE::2025-03-28.22:47:21::SCWPlatform:: Platform Path E:/kevin/myCode/microBlaze1/vitisHome/syncBlaze/hw/design_1_wrapper.xsa
TRACE::2025-03-28.22:47:21::SCWPlatform:: Unique name xilinx:::0.0
TRACE::2025-03-28.22:47:21::SCWPlatform::Trying to set the existing hwdb with name design_1_wrapper
TRACE::2025-03-28.22:47:21::SCWPlatform::Opened existing hwdb design_1_wrapper
TRACE::2025-03-28.22:47:21::SCWPlatform::Found the Hw Db part of the input DSA
TRACE::2025-03-28.22:47:21::SCWPlatform::Trying to open the hw design at E:/kevin/myCode/microBlaze1/vitisHome/syncBlaze/hw/design_1_wrapper.xsa
TRACE::2025-03-28.22:47:21::SCWPlatform::DSA given E:/kevin/myCode/microBlaze1/vitisHome/syncBlaze/hw/design_1_wrapper.xsa
TRACE::2025-03-28.22:47:21::SCWPlatform::DSA absoulate path E:/kevin/myCode/microBlaze1/vitisHome/syncBlaze/hw/design_1_wrapper.xsa
TRACE::2025-03-28.22:47:21::SCWPlatform::DSA directory E:/kevin/myCode/microBlaze1/vitisHome/syncBlaze/hw
TRACE::2025-03-28.22:47:21::SCWPlatform:: Platform Path E:/kevin/myCode/microBlaze1/vitisHome/syncBlaze/hw/design_1_wrapper.xsa
TRACE::2025-03-28.22:47:21::SCWPlatform:: Unique name xilinx:::0.0
TRACE::2025-03-28.22:47:21::SCWPlatform::Trying to set the existing hwdb with name design_1_wrapper
TRACE::2025-03-28.22:47:21::SCWPlatform::Opened existing hwdb design_1_wrapper
TRACE::2025-03-28.22:47:21::SCWPlatform::Found the Hw Db part of the input DSA
TRACE::2025-03-28.22:47:21::SCWPlatform::Trying to open the hw design at E:/kevin/myCode/microBlaze1/vitisHome/syncBlaze/hw/design_1_wrapper.xsa
TRACE::2025-03-28.22:47:21::SCWPlatform::DSA given E:/kevin/myCode/microBlaze1/vitisHome/syncBlaze/hw/design_1_wrapper.xsa
TRACE::2025-03-28.22:47:21::SCWPlatform::DSA absoulate path E:/kevin/myCode/microBlaze1/vitisHome/syncBlaze/hw/design_1_wrapper.xsa
TRACE::2025-03-28.22:47:21::SCWPlatform::DSA directory E:/kevin/myCode/microBlaze1/vitisHome/syncBlaze/hw
TRACE::2025-03-28.22:47:21::SCWPlatform:: Platform Path E:/kevin/myCode/microBlaze1/vitisHome/syncBlaze/hw/design_1_wrapper.xsa
TRACE::2025-03-28.22:47:21::SCWPlatform:: Unique name xilinx:::0.0
TRACE::2025-03-28.22:47:21::SCWPlatform::Trying to set the existing hwdb with name design_1_wrapper
TRACE::2025-03-28.22:47:21::SCWPlatform::Opened existing hwdb design_1_wrapper
TRACE::2025-03-28.22:47:21::SCWPlatform::Found the Hw Db part of the input DSA
TRACE::2025-03-28.22:47:21::SCWMssOS::Checking the sw design at  E:/kevin/myCode/microBlaze1/vitisHome/syncBlaze/microblaze_0/standalone_domain/bsp/system.mss
TRACE::2025-03-28.22:47:21::SCWMssOS::DEBUG:  swdes dump  
TRACE::2025-03-28.22:47:21::SCWMssOS::No sw design opened at  E:/kevin/myCode/microBlaze1/vitisHome/syncBlaze/microblaze_0/standalone_domain/bsp/system.mss
TRACE::2025-03-28.22:47:21::SCWMssOS::mss exists loading the mss file  E:/kevin/myCode/microBlaze1/vitisHome/syncBlaze/microblaze_0/standalone_domain/bsp/system.mss
TRACE::2025-03-28.22:47:21::SCWMssOS::Opened the sw design from mss  E:/kevin/myCode/microBlaze1/vitisHome/syncBlaze/microblaze_0/standalone_domain/bsp/system.mss
TRACE::2025-03-28.22:47:21::SCWMssOS::Adding the swdes entry E:/kevin/myCode/microBlaze1/vitisHome/syncBlaze/microblaze_0/standalone_domain/bsp/system.mss with des name system
TRACE::2025-03-28.22:47:21::SCWMssOS::updating the scw layer about changes
TRACE::2025-03-28.22:47:21::SCWMssOS::Opened the sw design.  E:/kevin/myCode/microBlaze1/vitisHome/syncBlaze/microblaze_0/standalone_domain/bsp/system.mss
TRACE::2025-03-28.22:47:21::SCWMssOS::Saving the mss changes E:/kevin/myCode/microBlaze1/vitisHome/syncBlaze/microblaze_0/standalone_domain/bsp/system.mss
TRACE::2025-03-28.22:47:21::SCWMssOS::Found a swdesign opened with the mssfile.
TRACE::2025-03-28.22:47:21::SCWMssOS::Completed writemss as part of save.
TRACE::2025-03-28.22:47:21::SCWMssOS::Commit changes completed.
TRACE::2025-03-28.22:47:21::SCWReader::Adding prebuilt librarypaths as   
TRACE::2025-03-28.22:47:21::SCWReader::Adding prebuilt incpaths  as   
TRACE::2025-03-28.22:47:21::SCWPlatform::Trying to open the hw design at E:/kevin/myCode/microBlaze1/vitisHome/syncBlaze/hw/design_1_wrapper.xsa
TRACE::2025-03-28.22:47:21::SCWPlatform::DSA given E:/kevin/myCode/microBlaze1/vitisHome/syncBlaze/hw/design_1_wrapper.xsa
TRACE::2025-03-28.22:47:21::SCWPlatform::DSA absoulate path E:/kevin/myCode/microBlaze1/vitisHome/syncBlaze/hw/design_1_wrapper.xsa
TRACE::2025-03-28.22:47:21::SCWPlatform::DSA directory E:/kevin/myCode/microBlaze1/vitisHome/syncBlaze/hw
TRACE::2025-03-28.22:47:21::SCWPlatform:: Platform Path E:/kevin/myCode/microBlaze1/vitisHome/syncBlaze/hw/design_1_wrapper.xsa
TRACE::2025-03-28.22:47:21::SCWPlatform:: Unique name xilinx:::0.0
TRACE::2025-03-28.22:47:21::SCWPlatform::Trying to set the existing hwdb with name design_1_wrapper
TRACE::2025-03-28.22:47:21::SCWPlatform::Opened existing hwdb design_1_wrapper
TRACE::2025-03-28.22:47:21::SCWPlatform::Found the Hw Db part of the input DSA
TRACE::2025-03-28.22:47:21::SCWMssOS::Checking the sw design at  E:/kevin/myCode/microBlaze1/vitisHome/syncBlaze/microblaze_0/standalone_domain/bsp/system.mss
TRACE::2025-03-28.22:47:21::SCWMssOS::DEBUG:  swdes dump  E:/kevin/myCode/microBlaze1/vitisHome/syncBlaze/microblaze_0/standalone_domain/bsp/system.mss|system||

TRACE::2025-03-28.22:47:21::SCWMssOS::Sw design exists and opened at  E:/kevin/myCode/microBlaze1/vitisHome/syncBlaze/microblaze_0/standalone_domain/bsp/system.mss
TRACE::2025-03-28.22:47:21::SCWReader::No isolation master present  
TRACE::2025-03-28.22:47:25::SCWPlatform::DSA given E:/kevin/myCode/microBlaze1/vitisHome/syncBlaze/tempdsa/design_1_wrapper.xsa
TRACE::2025-03-28.22:47:25::SCWPlatform::DSA absoulate path E:/kevin/myCode/microBlaze1/vitisHome/syncBlaze/tempdsa/design_1_wrapper.xsa
TRACE::2025-03-28.22:47:25::SCWPlatform:: Platform location is E:/kevin/myCode/microBlaze1/vitisHome/syncBlaze/tempdsa
TRACE::2025-03-28.22:47:25::SCWPlatform:: Platform Path E:/kevin/myCode/microBlaze1/vitisHome/syncBlaze/tempdsa/design_1_wrapper.xsa
TRACE::2025-03-28.22:47:25::SCWPlatform:: Unique name xilinx:::0.0
TRACE::2025-03-28.22:47:25::SCWPlatform::Found the Hw Db part of the input DSA
TRACE::2025-03-28.22:47:25::SCWMssOS::Doing hw sync for the mss in domain: standalone_domain
TRACE::2025-03-28.22:47:25::SCWPlatform::Trying to open the hw design at E:/kevin/myCode/microBlaze1/vitisHome/syncBlaze/hw/design_1_wrapper.xsa
TRACE::2025-03-28.22:47:25::SCWPlatform::DSA given E:/kevin/myCode/microBlaze1/vitisHome/syncBlaze/hw/design_1_wrapper.xsa
TRACE::2025-03-28.22:47:25::SCWPlatform::DSA absoulate path E:/kevin/myCode/microBlaze1/vitisHome/syncBlaze/hw/design_1_wrapper.xsa
TRACE::2025-03-28.22:47:25::SCWPlatform::DSA directory E:/kevin/myCode/microBlaze1/vitisHome/syncBlaze/hw
TRACE::2025-03-28.22:47:25::SCWPlatform:: Platform Path E:/kevin/myCode/microBlaze1/vitisHome/syncBlaze/hw/design_1_wrapper.xsa
TRACE::2025-03-28.22:47:25::SCWPlatform:: Unique name xilinx:::0.0
TRACE::2025-03-28.22:47:25::SCWPlatform::Trying to set the existing hwdb with name design_1_wrapper
TRACE::2025-03-28.22:47:25::SCWPlatform::Opened existing hwdb design_1_wrapper
TRACE::2025-03-28.22:47:25::SCWPlatform::Found the Hw Db part of the input DSA
TRACE::2025-03-28.22:47:25::SCWPlatform::Trying to open the hw design at E:/kevin/myCode/microBlaze1/vitisHome/syncBlaze/hw/design_1_wrapper.xsa
TRACE::2025-03-28.22:47:25::SCWPlatform::DSA given E:/kevin/myCode/microBlaze1/vitisHome/syncBlaze/hw/design_1_wrapper.xsa
TRACE::2025-03-28.22:47:25::SCWPlatform::DSA absoulate path E:/kevin/myCode/microBlaze1/vitisHome/syncBlaze/hw/design_1_wrapper.xsa
TRACE::2025-03-28.22:47:25::SCWPlatform::DSA directory E:/kevin/myCode/microBlaze1/vitisHome/syncBlaze/hw
TRACE::2025-03-28.22:47:25::SCWPlatform:: Platform Path E:/kevin/myCode/microBlaze1/vitisHome/syncBlaze/hw/design_1_wrapper.xsa
TRACE::2025-03-28.22:47:25::SCWPlatform:: Unique name xilinx:::0.0
TRACE::2025-03-28.22:47:25::SCWPlatform::Trying to set the existing hwdb with name design_1_wrapper
TRACE::2025-03-28.22:47:25::SCWPlatform::Opened existing hwdb design_1_wrapper
TRACE::2025-03-28.22:47:25::SCWPlatform::Found the Hw Db part of the input DSA
TRACE::2025-03-28.22:47:25::SCWMssOS::Checking the sw design at  E:/kevin/myCode/microBlaze1/vitisHome/syncBlaze/microblaze_0/standalone_domain/bsp/system.mss
TRACE::2025-03-28.22:47:25::SCWMssOS::DEBUG:  swdes dump  E:/kevin/myCode/microBlaze1/vitisHome/syncBlaze/microblaze_0/standalone_domain/bsp/system.mss|system||

TRACE::2025-03-28.22:47:25::SCWMssOS::Sw design exists and opened at  E:/kevin/myCode/microBlaze1/vitisHome/syncBlaze/microblaze_0/standalone_domain/bsp/system.mss
TRACE::2025-03-28.22:47:25::SCWPlatform::Trying to open the hw design at E:/kevin/myCode/microBlaze1/vitisHome/syncBlaze/tempdsa/design_1_wrapper.xsa
TRACE::2025-03-28.22:47:25::SCWPlatform::DSA given E:/kevin/myCode/microBlaze1/vitisHome/syncBlaze/tempdsa/design_1_wrapper.xsa
TRACE::2025-03-28.22:47:25::SCWPlatform::DSA absoulate path E:/kevin/myCode/microBlaze1/vitisHome/syncBlaze/tempdsa/design_1_wrapper.xsa
TRACE::2025-03-28.22:47:25::SCWPlatform::DSA directory E:/kevin/myCode/microBlaze1/vitisHome/syncBlaze/tempdsa
TRACE::2025-03-28.22:47:25::SCWPlatform:: Platform Path E:/kevin/myCode/microBlaze1/vitisHome/syncBlaze/tempdsa/design_1_wrapper.xsa
TRACE::2025-03-28.22:47:25::SCWPlatform:: Unique name xilinx:::0.0
TRACE::2025-03-28.22:47:25::SCWPlatform::update - Opened existing hwdb design_1_wrapper_0
TRACE::2025-03-28.22:47:25::SCWPlatform::Found the Hw Db part of the input DSA
TRACE::2025-03-28.22:47:25::SCWMssOS::Saving the mss changes E:/kevin/myCode/microBlaze1/vitisHome/syncBlaze/microblaze_0/standalone_domain/bsp/system.mss
TRACE::2025-03-28.22:47:25::SCWMssOS::Found a swdesign opened with the mssfile.
TRACE::2025-03-28.22:47:25::SCWMssOS::Completed writemss as part of save.
TRACE::2025-03-28.22:47:25::SCWMssOS::Commit changes completed.
TRACE::2025-03-28.22:47:25::SCWMssOS::Completed hw sync for the mss in domain: standalone_domain
TRACE::2025-03-28.22:47:25::SCWMssOS::Removing the swdes entry for  E:/kevin/myCode/microBlaze1/vitisHome/syncBlaze/microblaze_0/standalone_domain/bsp/system.mss
TRACE::2025-03-28.22:47:25::SCWPlatform::Trying to open the hw design at E:/kevin/myCode/microBlaze1/vitisHome/syncBlaze/hw/design_1_wrapper.xsa
TRACE::2025-03-28.22:47:25::SCWPlatform::DSA given E:/kevin/myCode/microBlaze1/vitisHome/syncBlaze/hw/design_1_wrapper.xsa
TRACE::2025-03-28.22:47:25::SCWPlatform::DSA absoulate path E:/kevin/myCode/microBlaze1/vitisHome/syncBlaze/hw/design_1_wrapper.xsa
TRACE::2025-03-28.22:47:25::SCWPlatform::DSA directory E:/kevin/myCode/microBlaze1/vitisHome/syncBlaze/hw
TRACE::2025-03-28.22:47:25::SCWPlatform:: Platform Path E:/kevin/myCode/microBlaze1/vitisHome/syncBlaze/hw/design_1_wrapper.xsa
TRACE::2025-03-28.22:47:25::SCWPlatform:: Unique name xilinx:::0.0
TRACE::2025-03-28.22:47:25::SCWPlatform::Do not have an existing db opened. 
TRACE::2025-03-28.22:47:25::SCWPlatform::Opened new HwDB with name design_1_wrapper_1
TRACE::2025-03-28.22:47:25::SCWMssOS::Saving the mss changes E:/kevin/myCode/microBlaze1/vitisHome/syncBlaze/microblaze_0/standalone_domain/bsp/system.mss
TRACE::2025-03-28.22:47:25::SCWMssOS::Adding the swdes entry, mss present, able to open swdb E:/kevin/myCode/microBlaze1/vitisHome/syncBlaze/microblaze_0/standalone_domain/bsp/system.mss with des name system
TRACE::2025-03-28.22:47:25::SCWMssOS::Writing the mss file completed E:/kevin/myCode/microBlaze1/vitisHome/syncBlaze/microblaze_0/standalone_domain/bsp/system.mss
TRACE::2025-03-28.22:47:25::SCWMssOS::Commit changes completed.
TRACE::2025-03-28.22:47:25::SCWPlatform::Trying to open the hw design at E:/kevin/myCode/microBlaze1/vitisHome/syncBlaze/hw/design_1_wrapper.xsa
TRACE::2025-03-28.22:47:25::SCWPlatform::DSA given E:/kevin/myCode/microBlaze1/vitisHome/syncBlaze/hw/design_1_wrapper.xsa
TRACE::2025-03-28.22:47:25::SCWPlatform::DSA absoulate path E:/kevin/myCode/microBlaze1/vitisHome/syncBlaze/hw/design_1_wrapper.xsa
TRACE::2025-03-28.22:47:25::SCWPlatform::DSA directory E:/kevin/myCode/microBlaze1/vitisHome/syncBlaze/hw
TRACE::2025-03-28.22:47:25::SCWPlatform:: Platform Path E:/kevin/myCode/microBlaze1/vitisHome/syncBlaze/hw/design_1_wrapper.xsa
TRACE::2025-03-28.22:47:25::SCWPlatform:: Unique name xilinx:::0.0
TRACE::2025-03-28.22:47:25::SCWPlatform::Trying to set the existing hwdb with name design_1_wrapper_1
TRACE::2025-03-28.22:47:25::SCWPlatform::Opened existing hwdb design_1_wrapper_1
TRACE::2025-03-28.22:47:25::SCWPlatform::Found the Hw Db part of the input DSA
TRACE::2025-03-28.22:47:25::SCWMssOS::Checking the sw design at  E:/kevin/myCode/microBlaze1/vitisHome/syncBlaze/microblaze_0/standalone_domain/bsp/system.mss
TRACE::2025-03-28.22:47:25::SCWMssOS::DEBUG:  swdes dump  E:/kevin/myCode/microBlaze1/vitisHome/syncBlaze/microblaze_0/standalone_domain/bsp/system.mss|system||

TRACE::2025-03-28.22:47:25::SCWMssOS::Sw design exists and opened at  E:/kevin/myCode/microBlaze1/vitisHome/syncBlaze/microblaze_0/standalone_domain/bsp/system.mss
TRACE::2025-03-28.22:47:25::SCWWriter::formatted JSON is {
	"platformName":	"syncBlaze",
	"sprVersion":	"2.0",
	"mode":	"gui",
	"dsaType":	"Fixed",
	"platformDesc":	"syncBlaze",
	"platHandOff":	"E:/kevin/myCode/microBlaze1/design_1_wrapper.xsa",
	"platIntHandOff":	"<platformDir>/hw/design_1_wrapper.xsa",
	"deviceType":	"FPGA",
	"platIsPrebuiltAutogen":	"false",
	"platIsNoBootBsp":	"false",
	"hasFsblMakeHasChanges":	"false",
	"hasPmufwMakeHasChanges":	"false",
	"platPreBuiltFlag":	false,
	"platformSamplesDir":	"",
	"platActiveSys":	"syncBlaze",
	"systems":	[{
			"systemName":	"syncBlaze",
			"systemDesc":	"syncBlaze",
			"sysIsBootAutoGen":	"true",
			"systemDispName":	"syncBlaze",
			"sysActiveDom":	"standalone_domain",
			"sysDefaultDom":	"standalone_domain",
			"domains":	[{
					"domainName":	"standalone_domain",
					"domainDispName":	"standalone on microblaze_0",
					"domainDesc":	"standalone_domain",
					"processors":	"microblaze_0",
					"os":	"standalone",
					"sdxOs":	"standalone",
					"debugEnable":	"False",
					"domRuntimes":	["cpp"],
					"swRepo":	"",
					"mssOsVer":	"8.0",
					"mssFile":	"",
					"md5Digest":	"e2cdda41e7956801f4f51a65042beca01",
					"compatibleApp":	"",
					"domType":	"mssDomain",
					"arch":	"32-bit",
					"appSettings":	{
						"appCompilerFlags":	"",
						"appLinkerFlags":	""
					},
					"addedLibs":	[],
					"libOptions":	{
						"libsContainingOptions":	[]
					},
					"prebuiltLibs":	{
						"prebuiltIncPath":	[],
						"prebuiltLibPath":	[]
					},
					"isolation":	{
					}
				}]
		}]
}
TRACE::2025-03-28.22:47:41::SCWPlatform::Clearing the existing platform
TRACE::2025-03-28.22:47:41::SCWSystem::Clearing the existing sysconfig
TRACE::2025-03-28.22:47:41::SCWMssOS::Removing the swdes entry for  E:/kevin/myCode/microBlaze1/vitisHome/syncBlaze/microblaze_0/standalone_domain/bsp/system.mss
TRACE::2025-03-28.22:47:41::SCWSystem::Clearing the domains completed.
TRACE::2025-03-28.22:47:41::SCWPlatform::Clearing the opened hw db.
TRACE::2025-03-28.22:47:41::SCWPlatform::DSA given E:/kevin/myCode/microBlaze1/vitisHome/syncBlaze/hw/design_1_wrapper.xsa
TRACE::2025-03-28.22:47:41::SCWPlatform::DSA absoulate path E:/kevin/myCode/microBlaze1/vitisHome/syncBlaze/hw/design_1_wrapper.xsa
TRACE::2025-03-28.22:47:41::SCWPlatform:: Platform location is E:/kevin/myCode/microBlaze1/vitisHome/syncBlaze/hw
TRACE::2025-03-28.22:47:41::SCWPlatform:: Platform Path E:/kevin/myCode/microBlaze1/vitisHome/syncBlaze/hw/design_1_wrapper.xsa
TRACE::2025-03-28.22:47:41::SCWPlatform:: Unique name xilinx:::0.0
TRACE::2025-03-28.22:47:41::SCWPlatform::Removing the HwDB with name E:/kevin/myCode/microBlaze1/vitisHome/syncBlaze/hw/design_1_wrapper.xsa
TRACE::2025-03-28.22:47:41::SCWPlatform::Trying to open the hw design at E:/kevin/myCode/microBlaze1/vitisHome/syncBlaze/hw/design_1_wrapper.xsa
TRACE::2025-03-28.22:47:41::SCWPlatform::DSA given E:/kevin/myCode/microBlaze1/vitisHome/syncBlaze/hw/design_1_wrapper.xsa
TRACE::2025-03-28.22:47:41::SCWPlatform::DSA absoulate path E:/kevin/myCode/microBlaze1/vitisHome/syncBlaze/hw/design_1_wrapper.xsa
TRACE::2025-03-28.22:47:41::SCWPlatform::DSA directory E:/kevin/myCode/microBlaze1/vitisHome/syncBlaze/hw
TRACE::2025-03-28.22:47:41::SCWPlatform:: Platform Path E:/kevin/myCode/microBlaze1/vitisHome/syncBlaze/hw/design_1_wrapper.xsa
TRACE::2025-03-28.22:47:41::SCWPlatform:: Unique name xilinx:::0.0
TRACE::2025-03-28.22:47:41::SCWPlatform::Do not have an existing db opened. 
TRACE::2025-03-28.22:47:41::SCWPlatform::Opened new HwDB with name design_1_wrapper_2
TRACE::2025-03-28.22:47:41::SCWReader::Active system found as  syncBlaze
TRACE::2025-03-28.22:47:41::SCWReader::Handling sysconfig syncBlaze
TRACE::2025-03-28.22:47:41::SCWDomain::checking for install qemu data   : 
TRACE::2025-03-28.22:47:41::SCWPlatform::Trying to open the hw design at E:/kevin/myCode/microBlaze1/vitisHome/syncBlaze/hw/design_1_wrapper.xsa
TRACE::2025-03-28.22:47:41::SCWPlatform::DSA given E:/kevin/myCode/microBlaze1/vitisHome/syncBlaze/hw/design_1_wrapper.xsa
TRACE::2025-03-28.22:47:41::SCWPlatform::DSA absoulate path E:/kevin/myCode/microBlaze1/vitisHome/syncBlaze/hw/design_1_wrapper.xsa
TRACE::2025-03-28.22:47:41::SCWPlatform::DSA directory E:/kevin/myCode/microBlaze1/vitisHome/syncBlaze/hw
TRACE::2025-03-28.22:47:41::SCWPlatform:: Platform Path E:/kevin/myCode/microBlaze1/vitisHome/syncBlaze/hw/design_1_wrapper.xsa
TRACE::2025-03-28.22:47:41::SCWPlatform:: Unique name xilinx:::0.0
TRACE::2025-03-28.22:47:41::SCWPlatform::Trying to set the existing hwdb with name design_1_wrapper_2
TRACE::2025-03-28.22:47:41::SCWPlatform::Opened existing hwdb design_1_wrapper_2
TRACE::2025-03-28.22:47:41::SCWPlatform::Found the Hw Db part of the input DSA
TRACE::2025-03-28.22:47:41::SCWPlatform::Trying to open the hw design at E:/kevin/myCode/microBlaze1/vitisHome/syncBlaze/hw/design_1_wrapper.xsa
TRACE::2025-03-28.22:47:41::SCWPlatform::DSA given E:/kevin/myCode/microBlaze1/vitisHome/syncBlaze/hw/design_1_wrapper.xsa
TRACE::2025-03-28.22:47:41::SCWPlatform::DSA absoulate path E:/kevin/myCode/microBlaze1/vitisHome/syncBlaze/hw/design_1_wrapper.xsa
TRACE::2025-03-28.22:47:41::SCWPlatform::DSA directory E:/kevin/myCode/microBlaze1/vitisHome/syncBlaze/hw
TRACE::2025-03-28.22:47:41::SCWPlatform:: Platform Path E:/kevin/myCode/microBlaze1/vitisHome/syncBlaze/hw/design_1_wrapper.xsa
TRACE::2025-03-28.22:47:41::SCWPlatform:: Unique name xilinx:::0.0
TRACE::2025-03-28.22:47:41::SCWPlatform::Trying to set the existing hwdb with name design_1_wrapper_2
TRACE::2025-03-28.22:47:41::SCWPlatform::Opened existing hwdb design_1_wrapper_2
TRACE::2025-03-28.22:47:41::SCWPlatform::Found the Hw Db part of the input DSA
TRACE::2025-03-28.22:47:41::SCWPlatform::Trying to open the hw design at E:/kevin/myCode/microBlaze1/vitisHome/syncBlaze/hw/design_1_wrapper.xsa
TRACE::2025-03-28.22:47:41::SCWPlatform::DSA given E:/kevin/myCode/microBlaze1/vitisHome/syncBlaze/hw/design_1_wrapper.xsa
TRACE::2025-03-28.22:47:41::SCWPlatform::DSA absoulate path E:/kevin/myCode/microBlaze1/vitisHome/syncBlaze/hw/design_1_wrapper.xsa
TRACE::2025-03-28.22:47:41::SCWPlatform::DSA directory E:/kevin/myCode/microBlaze1/vitisHome/syncBlaze/hw
TRACE::2025-03-28.22:47:41::SCWPlatform:: Platform Path E:/kevin/myCode/microBlaze1/vitisHome/syncBlaze/hw/design_1_wrapper.xsa
TRACE::2025-03-28.22:47:41::SCWPlatform:: Unique name xilinx:::0.0
TRACE::2025-03-28.22:47:41::SCWPlatform::Trying to set the existing hwdb with name design_1_wrapper_2
TRACE::2025-03-28.22:47:41::SCWPlatform::Opened existing hwdb design_1_wrapper_2
TRACE::2025-03-28.22:47:41::SCWPlatform::Found the Hw Db part of the input DSA
TRACE::2025-03-28.22:47:41::SCWPlatform::Trying to open the hw design at E:/kevin/myCode/microBlaze1/vitisHome/syncBlaze/hw/design_1_wrapper.xsa
TRACE::2025-03-28.22:47:41::SCWPlatform::DSA given E:/kevin/myCode/microBlaze1/vitisHome/syncBlaze/hw/design_1_wrapper.xsa
TRACE::2025-03-28.22:47:41::SCWPlatform::DSA absoulate path E:/kevin/myCode/microBlaze1/vitisHome/syncBlaze/hw/design_1_wrapper.xsa
TRACE::2025-03-28.22:47:41::SCWPlatform::DSA directory E:/kevin/myCode/microBlaze1/vitisHome/syncBlaze/hw
TRACE::2025-03-28.22:47:41::SCWPlatform:: Platform Path E:/kevin/myCode/microBlaze1/vitisHome/syncBlaze/hw/design_1_wrapper.xsa
TRACE::2025-03-28.22:47:41::SCWPlatform:: Unique name xilinx:::0.0
TRACE::2025-03-28.22:47:41::SCWPlatform::Trying to set the existing hwdb with name design_1_wrapper_2
TRACE::2025-03-28.22:47:41::SCWPlatform::Opened existing hwdb design_1_wrapper_2
TRACE::2025-03-28.22:47:41::SCWPlatform::Found the Hw Db part of the input DSA
TRACE::2025-03-28.22:47:41::SCWMssOS::Checking the sw design at  E:/kevin/myCode/microBlaze1/vitisHome/syncBlaze/microblaze_0/standalone_domain/bsp/system.mss
TRACE::2025-03-28.22:47:41::SCWMssOS::DEBUG:  swdes dump  
TRACE::2025-03-28.22:47:41::SCWMssOS::No sw design opened at  E:/kevin/myCode/microBlaze1/vitisHome/syncBlaze/microblaze_0/standalone_domain/bsp/system.mss
TRACE::2025-03-28.22:47:41::SCWMssOS::mss exists loading the mss file  E:/kevin/myCode/microBlaze1/vitisHome/syncBlaze/microblaze_0/standalone_domain/bsp/system.mss
TRACE::2025-03-28.22:47:41::SCWMssOS::Opened the sw design from mss  E:/kevin/myCode/microBlaze1/vitisHome/syncBlaze/microblaze_0/standalone_domain/bsp/system.mss
TRACE::2025-03-28.22:47:41::SCWMssOS::Adding the swdes entry E:/kevin/myCode/microBlaze1/vitisHome/syncBlaze/microblaze_0/standalone_domain/bsp/system.mss with des name system
TRACE::2025-03-28.22:47:41::SCWMssOS::updating the scw layer about changes
TRACE::2025-03-28.22:47:41::SCWMssOS::Opened the sw design.  E:/kevin/myCode/microBlaze1/vitisHome/syncBlaze/microblaze_0/standalone_domain/bsp/system.mss
TRACE::2025-03-28.22:47:41::SCWMssOS::Saving the mss changes E:/kevin/myCode/microBlaze1/vitisHome/syncBlaze/microblaze_0/standalone_domain/bsp/system.mss
TRACE::2025-03-28.22:47:41::SCWMssOS::Found a swdesign opened with the mssfile.
TRACE::2025-03-28.22:47:41::SCWMssOS::Completed writemss as part of save.
TRACE::2025-03-28.22:47:41::SCWMssOS::Commit changes completed.
TRACE::2025-03-28.22:47:41::SCWReader::Adding prebuilt librarypaths as   
TRACE::2025-03-28.22:47:41::SCWReader::Adding prebuilt incpaths  as   
TRACE::2025-03-28.22:47:41::SCWPlatform::Trying to open the hw design at E:/kevin/myCode/microBlaze1/vitisHome/syncBlaze/hw/design_1_wrapper.xsa
TRACE::2025-03-28.22:47:41::SCWPlatform::DSA given E:/kevin/myCode/microBlaze1/vitisHome/syncBlaze/hw/design_1_wrapper.xsa
TRACE::2025-03-28.22:47:41::SCWPlatform::DSA absoulate path E:/kevin/myCode/microBlaze1/vitisHome/syncBlaze/hw/design_1_wrapper.xsa
TRACE::2025-03-28.22:47:41::SCWPlatform::DSA directory E:/kevin/myCode/microBlaze1/vitisHome/syncBlaze/hw
TRACE::2025-03-28.22:47:41::SCWPlatform:: Platform Path E:/kevin/myCode/microBlaze1/vitisHome/syncBlaze/hw/design_1_wrapper.xsa
TRACE::2025-03-28.22:47:41::SCWPlatform:: Unique name xilinx:::0.0
TRACE::2025-03-28.22:47:41::SCWPlatform::Trying to set the existing hwdb with name design_1_wrapper_2
TRACE::2025-03-28.22:47:41::SCWPlatform::Opened existing hwdb design_1_wrapper_2
TRACE::2025-03-28.22:47:41::SCWPlatform::Found the Hw Db part of the input DSA
TRACE::2025-03-28.22:47:41::SCWMssOS::Checking the sw design at  E:/kevin/myCode/microBlaze1/vitisHome/syncBlaze/microblaze_0/standalone_domain/bsp/system.mss
TRACE::2025-03-28.22:47:41::SCWMssOS::DEBUG:  swdes dump  E:/kevin/myCode/microBlaze1/vitisHome/syncBlaze/microblaze_0/standalone_domain/bsp/system.mss|system||

TRACE::2025-03-28.22:47:41::SCWMssOS::Sw design exists and opened at  E:/kevin/myCode/microBlaze1/vitisHome/syncBlaze/microblaze_0/standalone_domain/bsp/system.mss
TRACE::2025-03-28.22:47:41::SCWReader::No isolation master present  
TRACE::2025-03-28.22:47:49::SCWPlatform::DSA given E:/kevin/myCode/microBlaze1/vitisHome/syncBlaze/tempdsa/design_1_wrapper.xsa
TRACE::2025-03-28.22:47:49::SCWPlatform::DSA absoulate path E:/kevin/myCode/microBlaze1/vitisHome/syncBlaze/tempdsa/design_1_wrapper.xsa
TRACE::2025-03-28.22:47:49::SCWPlatform:: Platform location is E:/kevin/myCode/microBlaze1/vitisHome/syncBlaze/tempdsa
TRACE::2025-03-28.22:47:49::SCWPlatform:: Platform Path E:/kevin/myCode/microBlaze1/vitisHome/syncBlaze/tempdsa/design_1_wrapper.xsa
TRACE::2025-03-28.22:47:49::SCWPlatform:: Unique name xilinx:::0.0
TRACE::2025-03-28.22:47:49::SCWPlatform::Found the Hw Db part of the input DSA
TRACE::2025-03-28.22:47:49::SCWMssOS::Doing hw sync for the mss in domain: standalone_domain
TRACE::2025-03-28.22:47:49::SCWPlatform::Trying to open the hw design at E:/kevin/myCode/microBlaze1/vitisHome/syncBlaze/hw/design_1_wrapper.xsa
TRACE::2025-03-28.22:47:49::SCWPlatform::DSA given E:/kevin/myCode/microBlaze1/vitisHome/syncBlaze/hw/design_1_wrapper.xsa
TRACE::2025-03-28.22:47:49::SCWPlatform::DSA absoulate path E:/kevin/myCode/microBlaze1/vitisHome/syncBlaze/hw/design_1_wrapper.xsa
TRACE::2025-03-28.22:47:49::SCWPlatform::DSA directory E:/kevin/myCode/microBlaze1/vitisHome/syncBlaze/hw
TRACE::2025-03-28.22:47:49::SCWPlatform:: Platform Path E:/kevin/myCode/microBlaze1/vitisHome/syncBlaze/hw/design_1_wrapper.xsa
TRACE::2025-03-28.22:47:49::SCWPlatform:: Unique name xilinx:::0.0
TRACE::2025-03-28.22:47:49::SCWPlatform::Trying to set the existing hwdb with name design_1_wrapper_2
TRACE::2025-03-28.22:47:49::SCWPlatform::Opened existing hwdb design_1_wrapper_2
TRACE::2025-03-28.22:47:49::SCWPlatform::Found the Hw Db part of the input DSA
TRACE::2025-03-28.22:47:49::SCWPlatform::Trying to open the hw design at E:/kevin/myCode/microBlaze1/vitisHome/syncBlaze/hw/design_1_wrapper.xsa
TRACE::2025-03-28.22:47:49::SCWPlatform::DSA given E:/kevin/myCode/microBlaze1/vitisHome/syncBlaze/hw/design_1_wrapper.xsa
TRACE::2025-03-28.22:47:49::SCWPlatform::DSA absoulate path E:/kevin/myCode/microBlaze1/vitisHome/syncBlaze/hw/design_1_wrapper.xsa
TRACE::2025-03-28.22:47:49::SCWPlatform::DSA directory E:/kevin/myCode/microBlaze1/vitisHome/syncBlaze/hw
TRACE::2025-03-28.22:47:49::SCWPlatform:: Platform Path E:/kevin/myCode/microBlaze1/vitisHome/syncBlaze/hw/design_1_wrapper.xsa
TRACE::2025-03-28.22:47:49::SCWPlatform:: Unique name xilinx:::0.0
TRACE::2025-03-28.22:47:49::SCWPlatform::Trying to set the existing hwdb with name design_1_wrapper_2
TRACE::2025-03-28.22:47:49::SCWPlatform::Opened existing hwdb design_1_wrapper_2
TRACE::2025-03-28.22:47:49::SCWPlatform::Found the Hw Db part of the input DSA
TRACE::2025-03-28.22:47:49::SCWMssOS::Checking the sw design at  E:/kevin/myCode/microBlaze1/vitisHome/syncBlaze/microblaze_0/standalone_domain/bsp/system.mss
TRACE::2025-03-28.22:47:49::SCWMssOS::DEBUG:  swdes dump  E:/kevin/myCode/microBlaze1/vitisHome/syncBlaze/microblaze_0/standalone_domain/bsp/system.mss|system||

TRACE::2025-03-28.22:47:49::SCWMssOS::Sw design exists and opened at  E:/kevin/myCode/microBlaze1/vitisHome/syncBlaze/microblaze_0/standalone_domain/bsp/system.mss
TRACE::2025-03-28.22:47:49::SCWPlatform::Trying to open the hw design at E:/kevin/myCode/microBlaze1/vitisHome/syncBlaze/tempdsa/design_1_wrapper.xsa
TRACE::2025-03-28.22:47:49::SCWPlatform::DSA given E:/kevin/myCode/microBlaze1/vitisHome/syncBlaze/tempdsa/design_1_wrapper.xsa
TRACE::2025-03-28.22:47:49::SCWPlatform::DSA absoulate path E:/kevin/myCode/microBlaze1/vitisHome/syncBlaze/tempdsa/design_1_wrapper.xsa
TRACE::2025-03-28.22:47:49::SCWPlatform::DSA directory E:/kevin/myCode/microBlaze1/vitisHome/syncBlaze/tempdsa
TRACE::2025-03-28.22:47:49::SCWPlatform:: Platform Path E:/kevin/myCode/microBlaze1/vitisHome/syncBlaze/tempdsa/design_1_wrapper.xsa
TRACE::2025-03-28.22:47:49::SCWPlatform:: Unique name xilinx:::0.0
TRACE::2025-03-28.22:47:49::SCWPlatform::update - Opened existing hwdb design_1_wrapper_3
TRACE::2025-03-28.22:47:49::SCWPlatform::Found the Hw Db part of the input DSA
TRACE::2025-03-28.22:47:49::SCWMssOS::Saving the mss changes E:/kevin/myCode/microBlaze1/vitisHome/syncBlaze/microblaze_0/standalone_domain/bsp/system.mss
TRACE::2025-03-28.22:47:49::SCWMssOS::Found a swdesign opened with the mssfile.
TRACE::2025-03-28.22:47:49::SCWMssOS::Completed writemss as part of save.
TRACE::2025-03-28.22:47:49::SCWMssOS::Commit changes completed.
TRACE::2025-03-28.22:47:49::SCWMssOS::Completed hw sync for the mss in domain: standalone_domain
TRACE::2025-03-28.22:47:49::SCWMssOS::Removing the swdes entry for  E:/kevin/myCode/microBlaze1/vitisHome/syncBlaze/microblaze_0/standalone_domain/bsp/system.mss
TRACE::2025-03-28.22:47:49::SCWPlatform::Trying to open the hw design at E:/kevin/myCode/microBlaze1/vitisHome/syncBlaze/hw/design_1_wrapper.xsa
TRACE::2025-03-28.22:47:49::SCWPlatform::DSA given E:/kevin/myCode/microBlaze1/vitisHome/syncBlaze/hw/design_1_wrapper.xsa
TRACE::2025-03-28.22:47:49::SCWPlatform::DSA absoulate path E:/kevin/myCode/microBlaze1/vitisHome/syncBlaze/hw/design_1_wrapper.xsa
TRACE::2025-03-28.22:47:49::SCWPlatform::DSA directory E:/kevin/myCode/microBlaze1/vitisHome/syncBlaze/hw
TRACE::2025-03-28.22:47:49::SCWPlatform:: Platform Path E:/kevin/myCode/microBlaze1/vitisHome/syncBlaze/hw/design_1_wrapper.xsa
TRACE::2025-03-28.22:47:49::SCWPlatform:: Unique name xilinx:::0.0
TRACE::2025-03-28.22:47:49::SCWPlatform::Do not have an existing db opened. 
TRACE::2025-03-28.22:47:49::SCWPlatform::Opened new HwDB with name design_1_wrapper_4
TRACE::2025-03-28.22:47:49::SCWMssOS::Saving the mss changes E:/kevin/myCode/microBlaze1/vitisHome/syncBlaze/microblaze_0/standalone_domain/bsp/system.mss
TRACE::2025-03-28.22:47:49::SCWMssOS::Adding the swdes entry, mss present, able to open swdb E:/kevin/myCode/microBlaze1/vitisHome/syncBlaze/microblaze_0/standalone_domain/bsp/system.mss with des name system
TRACE::2025-03-28.22:47:49::SCWMssOS::Writing the mss file completed E:/kevin/myCode/microBlaze1/vitisHome/syncBlaze/microblaze_0/standalone_domain/bsp/system.mss
TRACE::2025-03-28.22:47:49::SCWMssOS::Commit changes completed.
TRACE::2025-03-28.22:47:49::SCWPlatform::Trying to open the hw design at E:/kevin/myCode/microBlaze1/vitisHome/syncBlaze/hw/design_1_wrapper.xsa
TRACE::2025-03-28.22:47:49::SCWPlatform::DSA given E:/kevin/myCode/microBlaze1/vitisHome/syncBlaze/hw/design_1_wrapper.xsa
TRACE::2025-03-28.22:47:49::SCWPlatform::DSA absoulate path E:/kevin/myCode/microBlaze1/vitisHome/syncBlaze/hw/design_1_wrapper.xsa
TRACE::2025-03-28.22:47:49::SCWPlatform::DSA directory E:/kevin/myCode/microBlaze1/vitisHome/syncBlaze/hw
TRACE::2025-03-28.22:47:49::SCWPlatform:: Platform Path E:/kevin/myCode/microBlaze1/vitisHome/syncBlaze/hw/design_1_wrapper.xsa
TRACE::2025-03-28.22:47:49::SCWPlatform:: Unique name xilinx:::0.0
TRACE::2025-03-28.22:47:49::SCWPlatform::Trying to set the existing hwdb with name design_1_wrapper_4
TRACE::2025-03-28.22:47:49::SCWPlatform::Opened existing hwdb design_1_wrapper_4
TRACE::2025-03-28.22:47:49::SCWPlatform::Found the Hw Db part of the input DSA
TRACE::2025-03-28.22:47:49::SCWMssOS::Checking the sw design at  E:/kevin/myCode/microBlaze1/vitisHome/syncBlaze/microblaze_0/standalone_domain/bsp/system.mss
TRACE::2025-03-28.22:47:49::SCWMssOS::DEBUG:  swdes dump  E:/kevin/myCode/microBlaze1/vitisHome/syncBlaze/microblaze_0/standalone_domain/bsp/system.mss|system||

TRACE::2025-03-28.22:47:49::SCWMssOS::Sw design exists and opened at  E:/kevin/myCode/microBlaze1/vitisHome/syncBlaze/microblaze_0/standalone_domain/bsp/system.mss
TRACE::2025-03-28.22:47:49::SCWWriter::formatted JSON is {
	"platformName":	"syncBlaze",
	"sprVersion":	"2.0",
	"mode":	"gui",
	"dsaType":	"Fixed",
	"platformDesc":	"syncBlaze",
	"platHandOff":	"E:/kevin/myCode/microBlaze1/design_1_wrapper.xsa",
	"platIntHandOff":	"<platformDir>/hw/design_1_wrapper.xsa",
	"deviceType":	"FPGA",
	"platIsPrebuiltAutogen":	"false",
	"platIsNoBootBsp":	"false",
	"hasFsblMakeHasChanges":	"false",
	"hasPmufwMakeHasChanges":	"false",
	"platPreBuiltFlag":	false,
	"platformSamplesDir":	"",
	"platActiveSys":	"syncBlaze",
	"systems":	[{
			"systemName":	"syncBlaze",
			"systemDesc":	"syncBlaze",
			"sysIsBootAutoGen":	"true",
			"systemDispName":	"syncBlaze",
			"sysActiveDom":	"standalone_domain",
			"sysDefaultDom":	"standalone_domain",
			"domains":	[{
					"domainName":	"standalone_domain",
					"domainDispName":	"standalone on microblaze_0",
					"domainDesc":	"standalone_domain",
					"processors":	"microblaze_0",
					"os":	"standalone",
					"sdxOs":	"standalone",
					"debugEnable":	"False",
					"domRuntimes":	["cpp"],
					"swRepo":	"",
					"mssOsVer":	"8.0",
					"mssFile":	"",
					"md5Digest":	"e2cdda41e7956801f4f51a65042beca01",
					"compatibleApp":	"",
					"domType":	"mssDomain",
					"arch":	"32-bit",
					"appSettings":	{
						"appCompilerFlags":	"",
						"appLinkerFlags":	""
					},
					"addedLibs":	[],
					"libOptions":	{
						"libsContainingOptions":	[]
					},
					"prebuiltLibs":	{
						"prebuiltIncPath":	[],
						"prebuiltLibPath":	[]
					},
					"isolation":	{
					}
				}]
		}]
}
TRACE::2025-03-28.22:48:13::SCWPlatform::Clearing the existing platform
TRACE::2025-03-28.22:48:13::SCWSystem::Clearing the existing sysconfig
TRACE::2025-03-28.22:48:13::SCWMssOS::Removing the swdes entry for  E:/kevin/myCode/microBlaze1/vitisHome/syncBlaze/microblaze_0/standalone_domain/bsp/system.mss
TRACE::2025-03-28.22:48:13::SCWSystem::Clearing the domains completed.
TRACE::2025-03-28.22:48:13::SCWPlatform::Clearing the opened hw db.
TRACE::2025-03-28.22:48:13::SCWPlatform::DSA given E:/kevin/myCode/microBlaze1/vitisHome/syncBlaze/hw/design_1_wrapper.xsa
TRACE::2025-03-28.22:48:13::SCWPlatform::DSA absoulate path E:/kevin/myCode/microBlaze1/vitisHome/syncBlaze/hw/design_1_wrapper.xsa
TRACE::2025-03-28.22:48:13::SCWPlatform:: Platform location is E:/kevin/myCode/microBlaze1/vitisHome/syncBlaze/hw
TRACE::2025-03-28.22:48:13::SCWPlatform:: Platform Path E:/kevin/myCode/microBlaze1/vitisHome/syncBlaze/hw/design_1_wrapper.xsa
TRACE::2025-03-28.22:48:13::SCWPlatform:: Unique name xilinx:::0.0
TRACE::2025-03-28.22:48:13::SCWPlatform::Removing the HwDB with name E:/kevin/myCode/microBlaze1/vitisHome/syncBlaze/hw/design_1_wrapper.xsa
TRACE::2025-03-28.22:48:13::SCWPlatform::Trying to open the hw design at E:/kevin/myCode/microBlaze1/vitisHome/syncBlaze/hw/design_1_wrapper.xsa
TRACE::2025-03-28.22:48:13::SCWPlatform::DSA given E:/kevin/myCode/microBlaze1/vitisHome/syncBlaze/hw/design_1_wrapper.xsa
TRACE::2025-03-28.22:48:13::SCWPlatform::DSA absoulate path E:/kevin/myCode/microBlaze1/vitisHome/syncBlaze/hw/design_1_wrapper.xsa
TRACE::2025-03-28.22:48:13::SCWPlatform::DSA directory E:/kevin/myCode/microBlaze1/vitisHome/syncBlaze/hw
TRACE::2025-03-28.22:48:13::SCWPlatform:: Platform Path E:/kevin/myCode/microBlaze1/vitisHome/syncBlaze/hw/design_1_wrapper.xsa
TRACE::2025-03-28.22:48:13::SCWPlatform:: Unique name xilinx:::0.0
TRACE::2025-03-28.22:48:13::SCWPlatform::Do not have an existing db opened. 
TRACE::2025-03-28.22:48:13::SCWPlatform::Opened new HwDB with name design_1_wrapper_5
TRACE::2025-03-28.22:48:13::SCWReader::Active system found as  syncBlaze
TRACE::2025-03-28.22:48:13::SCWReader::Handling sysconfig syncBlaze
TRACE::2025-03-28.22:48:13::SCWDomain::checking for install qemu data   : 
TRACE::2025-03-28.22:48:13::SCWPlatform::Trying to open the hw design at E:/kevin/myCode/microBlaze1/vitisHome/syncBlaze/hw/design_1_wrapper.xsa
TRACE::2025-03-28.22:48:13::SCWPlatform::DSA given E:/kevin/myCode/microBlaze1/vitisHome/syncBlaze/hw/design_1_wrapper.xsa
TRACE::2025-03-28.22:48:13::SCWPlatform::DSA absoulate path E:/kevin/myCode/microBlaze1/vitisHome/syncBlaze/hw/design_1_wrapper.xsa
TRACE::2025-03-28.22:48:13::SCWPlatform::DSA directory E:/kevin/myCode/microBlaze1/vitisHome/syncBlaze/hw
TRACE::2025-03-28.22:48:13::SCWPlatform:: Platform Path E:/kevin/myCode/microBlaze1/vitisHome/syncBlaze/hw/design_1_wrapper.xsa
TRACE::2025-03-28.22:48:13::SCWPlatform:: Unique name xilinx:::0.0
TRACE::2025-03-28.22:48:13::SCWPlatform::Trying to set the existing hwdb with name design_1_wrapper_5
TRACE::2025-03-28.22:48:13::SCWPlatform::Opened existing hwdb design_1_wrapper_5
TRACE::2025-03-28.22:48:13::SCWPlatform::Found the Hw Db part of the input DSA
TRACE::2025-03-28.22:48:13::SCWPlatform::Trying to open the hw design at E:/kevin/myCode/microBlaze1/vitisHome/syncBlaze/hw/design_1_wrapper.xsa
TRACE::2025-03-28.22:48:13::SCWPlatform::DSA given E:/kevin/myCode/microBlaze1/vitisHome/syncBlaze/hw/design_1_wrapper.xsa
TRACE::2025-03-28.22:48:13::SCWPlatform::DSA absoulate path E:/kevin/myCode/microBlaze1/vitisHome/syncBlaze/hw/design_1_wrapper.xsa
TRACE::2025-03-28.22:48:13::SCWPlatform::DSA directory E:/kevin/myCode/microBlaze1/vitisHome/syncBlaze/hw
TRACE::2025-03-28.22:48:13::SCWPlatform:: Platform Path E:/kevin/myCode/microBlaze1/vitisHome/syncBlaze/hw/design_1_wrapper.xsa
TRACE::2025-03-28.22:48:13::SCWPlatform:: Unique name xilinx:::0.0
TRACE::2025-03-28.22:48:13::SCWPlatform::Trying to set the existing hwdb with name design_1_wrapper_5
TRACE::2025-03-28.22:48:13::SCWPlatform::Opened existing hwdb design_1_wrapper_5
TRACE::2025-03-28.22:48:13::SCWPlatform::Found the Hw Db part of the input DSA
TRACE::2025-03-28.22:48:13::SCWPlatform::Trying to open the hw design at E:/kevin/myCode/microBlaze1/vitisHome/syncBlaze/hw/design_1_wrapper.xsa
TRACE::2025-03-28.22:48:13::SCWPlatform::DSA given E:/kevin/myCode/microBlaze1/vitisHome/syncBlaze/hw/design_1_wrapper.xsa
TRACE::2025-03-28.22:48:13::SCWPlatform::DSA absoulate path E:/kevin/myCode/microBlaze1/vitisHome/syncBlaze/hw/design_1_wrapper.xsa
TRACE::2025-03-28.22:48:13::SCWPlatform::DSA directory E:/kevin/myCode/microBlaze1/vitisHome/syncBlaze/hw
TRACE::2025-03-28.22:48:13::SCWPlatform:: Platform Path E:/kevin/myCode/microBlaze1/vitisHome/syncBlaze/hw/design_1_wrapper.xsa
TRACE::2025-03-28.22:48:13::SCWPlatform:: Unique name xilinx:::0.0
TRACE::2025-03-28.22:48:13::SCWPlatform::Trying to set the existing hwdb with name design_1_wrapper_5
TRACE::2025-03-28.22:48:13::SCWPlatform::Opened existing hwdb design_1_wrapper_5
TRACE::2025-03-28.22:48:13::SCWPlatform::Found the Hw Db part of the input DSA
TRACE::2025-03-28.22:48:13::SCWPlatform::Trying to open the hw design at E:/kevin/myCode/microBlaze1/vitisHome/syncBlaze/hw/design_1_wrapper.xsa
TRACE::2025-03-28.22:48:13::SCWPlatform::DSA given E:/kevin/myCode/microBlaze1/vitisHome/syncBlaze/hw/design_1_wrapper.xsa
TRACE::2025-03-28.22:48:13::SCWPlatform::DSA absoulate path E:/kevin/myCode/microBlaze1/vitisHome/syncBlaze/hw/design_1_wrapper.xsa
TRACE::2025-03-28.22:48:13::SCWPlatform::DSA directory E:/kevin/myCode/microBlaze1/vitisHome/syncBlaze/hw
TRACE::2025-03-28.22:48:13::SCWPlatform:: Platform Path E:/kevin/myCode/microBlaze1/vitisHome/syncBlaze/hw/design_1_wrapper.xsa
TRACE::2025-03-28.22:48:13::SCWPlatform:: Unique name xilinx:::0.0
TRACE::2025-03-28.22:48:13::SCWPlatform::Trying to set the existing hwdb with name design_1_wrapper_5
TRACE::2025-03-28.22:48:13::SCWPlatform::Opened existing hwdb design_1_wrapper_5
TRACE::2025-03-28.22:48:13::SCWPlatform::Found the Hw Db part of the input DSA
TRACE::2025-03-28.22:48:13::SCWMssOS::Checking the sw design at  E:/kevin/myCode/microBlaze1/vitisHome/syncBlaze/microblaze_0/standalone_domain/bsp/system.mss
TRACE::2025-03-28.22:48:13::SCWMssOS::DEBUG:  swdes dump  
TRACE::2025-03-28.22:48:13::SCWMssOS::No sw design opened at  E:/kevin/myCode/microBlaze1/vitisHome/syncBlaze/microblaze_0/standalone_domain/bsp/system.mss
TRACE::2025-03-28.22:48:13::SCWMssOS::mss exists loading the mss file  E:/kevin/myCode/microBlaze1/vitisHome/syncBlaze/microblaze_0/standalone_domain/bsp/system.mss
TRACE::2025-03-28.22:48:13::SCWMssOS::Opened the sw design from mss  E:/kevin/myCode/microBlaze1/vitisHome/syncBlaze/microblaze_0/standalone_domain/bsp/system.mss
TRACE::2025-03-28.22:48:13::SCWMssOS::Adding the swdes entry E:/kevin/myCode/microBlaze1/vitisHome/syncBlaze/microblaze_0/standalone_domain/bsp/system.mss with des name system
TRACE::2025-03-28.22:48:13::SCWMssOS::updating the scw layer about changes
TRACE::2025-03-28.22:48:13::SCWMssOS::Opened the sw design.  E:/kevin/myCode/microBlaze1/vitisHome/syncBlaze/microblaze_0/standalone_domain/bsp/system.mss
TRACE::2025-03-28.22:48:13::SCWMssOS::Saving the mss changes E:/kevin/myCode/microBlaze1/vitisHome/syncBlaze/microblaze_0/standalone_domain/bsp/system.mss
TRACE::2025-03-28.22:48:13::SCWMssOS::Found a swdesign opened with the mssfile.
TRACE::2025-03-28.22:48:13::SCWMssOS::Completed writemss as part of save.
TRACE::2025-03-28.22:48:13::SCWMssOS::Commit changes completed.
TRACE::2025-03-28.22:48:13::SCWReader::Adding prebuilt librarypaths as   
TRACE::2025-03-28.22:48:13::SCWReader::Adding prebuilt incpaths  as   
TRACE::2025-03-28.22:48:13::SCWPlatform::Trying to open the hw design at E:/kevin/myCode/microBlaze1/vitisHome/syncBlaze/hw/design_1_wrapper.xsa
TRACE::2025-03-28.22:48:13::SCWPlatform::DSA given E:/kevin/myCode/microBlaze1/vitisHome/syncBlaze/hw/design_1_wrapper.xsa
TRACE::2025-03-28.22:48:13::SCWPlatform::DSA absoulate path E:/kevin/myCode/microBlaze1/vitisHome/syncBlaze/hw/design_1_wrapper.xsa
TRACE::2025-03-28.22:48:13::SCWPlatform::DSA directory E:/kevin/myCode/microBlaze1/vitisHome/syncBlaze/hw
TRACE::2025-03-28.22:48:13::SCWPlatform:: Platform Path E:/kevin/myCode/microBlaze1/vitisHome/syncBlaze/hw/design_1_wrapper.xsa
TRACE::2025-03-28.22:48:13::SCWPlatform:: Unique name xilinx:::0.0
TRACE::2025-03-28.22:48:13::SCWPlatform::Trying to set the existing hwdb with name design_1_wrapper_5
TRACE::2025-03-28.22:48:13::SCWPlatform::Opened existing hwdb design_1_wrapper_5
TRACE::2025-03-28.22:48:13::SCWPlatform::Found the Hw Db part of the input DSA
TRACE::2025-03-28.22:48:13::SCWMssOS::Checking the sw design at  E:/kevin/myCode/microBlaze1/vitisHome/syncBlaze/microblaze_0/standalone_domain/bsp/system.mss
TRACE::2025-03-28.22:48:13::SCWMssOS::DEBUG:  swdes dump  E:/kevin/myCode/microBlaze1/vitisHome/syncBlaze/microblaze_0/standalone_domain/bsp/system.mss|system||

TRACE::2025-03-28.22:48:13::SCWMssOS::Sw design exists and opened at  E:/kevin/myCode/microBlaze1/vitisHome/syncBlaze/microblaze_0/standalone_domain/bsp/system.mss
TRACE::2025-03-28.22:48:13::SCWReader::No isolation master present  
TRACE::2025-03-28.22:48:16::SCWPlatform::DSA given E:/kevin/myCode/microBlaze1/vitisHome/syncBlaze/tempdsa/design_1_wrapper.xsa
TRACE::2025-03-28.22:48:16::SCWPlatform::DSA absoulate path E:/kevin/myCode/microBlaze1/vitisHome/syncBlaze/tempdsa/design_1_wrapper.xsa
TRACE::2025-03-28.22:48:16::SCWPlatform:: Platform location is E:/kevin/myCode/microBlaze1/vitisHome/syncBlaze/tempdsa
TRACE::2025-03-28.22:48:16::SCWPlatform:: Platform Path E:/kevin/myCode/microBlaze1/vitisHome/syncBlaze/tempdsa/design_1_wrapper.xsa
TRACE::2025-03-28.22:48:16::SCWPlatform:: Unique name xilinx:::0.0
TRACE::2025-03-28.22:48:16::SCWPlatform::Found the Hw Db part of the input DSA
TRACE::2025-03-28.22:48:16::SCWMssOS::Doing hw sync for the mss in domain: standalone_domain
TRACE::2025-03-28.22:48:16::SCWPlatform::Trying to open the hw design at E:/kevin/myCode/microBlaze1/vitisHome/syncBlaze/hw/design_1_wrapper.xsa
TRACE::2025-03-28.22:48:16::SCWPlatform::DSA given E:/kevin/myCode/microBlaze1/vitisHome/syncBlaze/hw/design_1_wrapper.xsa
TRACE::2025-03-28.22:48:16::SCWPlatform::DSA absoulate path E:/kevin/myCode/microBlaze1/vitisHome/syncBlaze/hw/design_1_wrapper.xsa
TRACE::2025-03-28.22:48:16::SCWPlatform::DSA directory E:/kevin/myCode/microBlaze1/vitisHome/syncBlaze/hw
TRACE::2025-03-28.22:48:16::SCWPlatform:: Platform Path E:/kevin/myCode/microBlaze1/vitisHome/syncBlaze/hw/design_1_wrapper.xsa
TRACE::2025-03-28.22:48:16::SCWPlatform:: Unique name xilinx:::0.0
TRACE::2025-03-28.22:48:16::SCWPlatform::Trying to set the existing hwdb with name design_1_wrapper_5
TRACE::2025-03-28.22:48:16::SCWPlatform::Opened existing hwdb design_1_wrapper_5
TRACE::2025-03-28.22:48:16::SCWPlatform::Found the Hw Db part of the input DSA
TRACE::2025-03-28.22:48:16::SCWPlatform::Trying to open the hw design at E:/kevin/myCode/microBlaze1/vitisHome/syncBlaze/hw/design_1_wrapper.xsa
TRACE::2025-03-28.22:48:16::SCWPlatform::DSA given E:/kevin/myCode/microBlaze1/vitisHome/syncBlaze/hw/design_1_wrapper.xsa
TRACE::2025-03-28.22:48:16::SCWPlatform::DSA absoulate path E:/kevin/myCode/microBlaze1/vitisHome/syncBlaze/hw/design_1_wrapper.xsa
TRACE::2025-03-28.22:48:16::SCWPlatform::DSA directory E:/kevin/myCode/microBlaze1/vitisHome/syncBlaze/hw
TRACE::2025-03-28.22:48:16::SCWPlatform:: Platform Path E:/kevin/myCode/microBlaze1/vitisHome/syncBlaze/hw/design_1_wrapper.xsa
TRACE::2025-03-28.22:48:16::SCWPlatform:: Unique name xilinx:::0.0
TRACE::2025-03-28.22:48:16::SCWPlatform::Trying to set the existing hwdb with name design_1_wrapper_5
TRACE::2025-03-28.22:48:16::SCWPlatform::Opened existing hwdb design_1_wrapper_5
TRACE::2025-03-28.22:48:16::SCWPlatform::Found the Hw Db part of the input DSA
TRACE::2025-03-28.22:48:16::SCWMssOS::Checking the sw design at  E:/kevin/myCode/microBlaze1/vitisHome/syncBlaze/microblaze_0/standalone_domain/bsp/system.mss
TRACE::2025-03-28.22:48:16::SCWMssOS::DEBUG:  swdes dump  E:/kevin/myCode/microBlaze1/vitisHome/syncBlaze/microblaze_0/standalone_domain/bsp/system.mss|system||

TRACE::2025-03-28.22:48:16::SCWMssOS::Sw design exists and opened at  E:/kevin/myCode/microBlaze1/vitisHome/syncBlaze/microblaze_0/standalone_domain/bsp/system.mss
TRACE::2025-03-28.22:48:16::SCWPlatform::Trying to open the hw design at E:/kevin/myCode/microBlaze1/vitisHome/syncBlaze/tempdsa/design_1_wrapper.xsa
TRACE::2025-03-28.22:48:16::SCWPlatform::DSA given E:/kevin/myCode/microBlaze1/vitisHome/syncBlaze/tempdsa/design_1_wrapper.xsa
TRACE::2025-03-28.22:48:16::SCWPlatform::DSA absoulate path E:/kevin/myCode/microBlaze1/vitisHome/syncBlaze/tempdsa/design_1_wrapper.xsa
TRACE::2025-03-28.22:48:16::SCWPlatform::DSA directory E:/kevin/myCode/microBlaze1/vitisHome/syncBlaze/tempdsa
TRACE::2025-03-28.22:48:16::SCWPlatform:: Platform Path E:/kevin/myCode/microBlaze1/vitisHome/syncBlaze/tempdsa/design_1_wrapper.xsa
TRACE::2025-03-28.22:48:16::SCWPlatform:: Unique name xilinx:::0.0
TRACE::2025-03-28.22:48:16::SCWPlatform::update - Opened existing hwdb design_1_wrapper_6
TRACE::2025-03-28.22:48:16::SCWPlatform::Found the Hw Db part of the input DSA
TRACE::2025-03-28.22:48:16::SCWMssOS::Saving the mss changes E:/kevin/myCode/microBlaze1/vitisHome/syncBlaze/microblaze_0/standalone_domain/bsp/system.mss
TRACE::2025-03-28.22:48:16::SCWMssOS::Found a swdesign opened with the mssfile.
TRACE::2025-03-28.22:48:16::SCWMssOS::Completed writemss as part of save.
TRACE::2025-03-28.22:48:16::SCWMssOS::Commit changes completed.
TRACE::2025-03-28.22:48:16::SCWMssOS::Completed hw sync for the mss in domain: standalone_domain
TRACE::2025-03-28.22:48:16::SCWMssOS::Removing the swdes entry for  E:/kevin/myCode/microBlaze1/vitisHome/syncBlaze/microblaze_0/standalone_domain/bsp/system.mss
TRACE::2025-03-28.22:48:16::SCWPlatform::Trying to open the hw design at E:/kevin/myCode/microBlaze1/vitisHome/syncBlaze/hw/design_1_wrapper.xsa
TRACE::2025-03-28.22:48:16::SCWPlatform::DSA given E:/kevin/myCode/microBlaze1/vitisHome/syncBlaze/hw/design_1_wrapper.xsa
TRACE::2025-03-28.22:48:16::SCWPlatform::DSA absoulate path E:/kevin/myCode/microBlaze1/vitisHome/syncBlaze/hw/design_1_wrapper.xsa
TRACE::2025-03-28.22:48:16::SCWPlatform::DSA directory E:/kevin/myCode/microBlaze1/vitisHome/syncBlaze/hw
TRACE::2025-03-28.22:48:16::SCWPlatform:: Platform Path E:/kevin/myCode/microBlaze1/vitisHome/syncBlaze/hw/design_1_wrapper.xsa
TRACE::2025-03-28.22:48:16::SCWPlatform:: Unique name xilinx:::0.0
TRACE::2025-03-28.22:48:16::SCWPlatform::Do not have an existing db opened. 
TRACE::2025-03-28.22:48:16::SCWPlatform::Opened new HwDB with name design_1_wrapper_7
TRACE::2025-03-28.22:48:16::SCWMssOS::Saving the mss changes E:/kevin/myCode/microBlaze1/vitisHome/syncBlaze/microblaze_0/standalone_domain/bsp/system.mss
TRACE::2025-03-28.22:48:16::SCWMssOS::Adding the swdes entry, mss present, able to open swdb E:/kevin/myCode/microBlaze1/vitisHome/syncBlaze/microblaze_0/standalone_domain/bsp/system.mss with des name system
TRACE::2025-03-28.22:48:16::SCWMssOS::Writing the mss file completed E:/kevin/myCode/microBlaze1/vitisHome/syncBlaze/microblaze_0/standalone_domain/bsp/system.mss
TRACE::2025-03-28.22:48:16::SCWMssOS::Commit changes completed.
TRACE::2025-03-28.22:48:16::SCWPlatform::Trying to open the hw design at E:/kevin/myCode/microBlaze1/vitisHome/syncBlaze/hw/design_1_wrapper.xsa
TRACE::2025-03-28.22:48:16::SCWPlatform::DSA given E:/kevin/myCode/microBlaze1/vitisHome/syncBlaze/hw/design_1_wrapper.xsa
TRACE::2025-03-28.22:48:16::SCWPlatform::DSA absoulate path E:/kevin/myCode/microBlaze1/vitisHome/syncBlaze/hw/design_1_wrapper.xsa
TRACE::2025-03-28.22:48:16::SCWPlatform::DSA directory E:/kevin/myCode/microBlaze1/vitisHome/syncBlaze/hw
TRACE::2025-03-28.22:48:16::SCWPlatform:: Platform Path E:/kevin/myCode/microBlaze1/vitisHome/syncBlaze/hw/design_1_wrapper.xsa
TRACE::2025-03-28.22:48:16::SCWPlatform:: Unique name xilinx:::0.0
TRACE::2025-03-28.22:48:16::SCWPlatform::Trying to set the existing hwdb with name design_1_wrapper_7
TRACE::2025-03-28.22:48:16::SCWPlatform::Opened existing hwdb design_1_wrapper_7
TRACE::2025-03-28.22:48:16::SCWPlatform::Found the Hw Db part of the input DSA
TRACE::2025-03-28.22:48:16::SCWMssOS::Checking the sw design at  E:/kevin/myCode/microBlaze1/vitisHome/syncBlaze/microblaze_0/standalone_domain/bsp/system.mss
TRACE::2025-03-28.22:48:16::SCWMssOS::DEBUG:  swdes dump  E:/kevin/myCode/microBlaze1/vitisHome/syncBlaze/microblaze_0/standalone_domain/bsp/system.mss|system||

TRACE::2025-03-28.22:48:16::SCWMssOS::Sw design exists and opened at  E:/kevin/myCode/microBlaze1/vitisHome/syncBlaze/microblaze_0/standalone_domain/bsp/system.mss
TRACE::2025-03-28.22:48:16::SCWWriter::formatted JSON is {
	"platformName":	"syncBlaze",
	"sprVersion":	"2.0",
	"mode":	"gui",
	"dsaType":	"Fixed",
	"platformDesc":	"syncBlaze",
	"platHandOff":	"E:/kevin/myCode/microBlaze1/design_1_wrapper.xsa",
	"platIntHandOff":	"<platformDir>/hw/design_1_wrapper.xsa",
	"deviceType":	"FPGA",
	"platIsPrebuiltAutogen":	"false",
	"platIsNoBootBsp":	"false",
	"hasFsblMakeHasChanges":	"false",
	"hasPmufwMakeHasChanges":	"false",
	"platPreBuiltFlag":	false,
	"platformSamplesDir":	"",
	"platActiveSys":	"syncBlaze",
	"systems":	[{
			"systemName":	"syncBlaze",
			"systemDesc":	"syncBlaze",
			"sysIsBootAutoGen":	"true",
			"systemDispName":	"syncBlaze",
			"sysActiveDom":	"standalone_domain",
			"sysDefaultDom":	"standalone_domain",
			"domains":	[{
					"domainName":	"standalone_domain",
					"domainDispName":	"standalone on microblaze_0",
					"domainDesc":	"standalone_domain",
					"processors":	"microblaze_0",
					"os":	"standalone",
					"sdxOs":	"standalone",
					"debugEnable":	"False",
					"domRuntimes":	["cpp"],
					"swRepo":	"",
					"mssOsVer":	"8.0",
					"mssFile":	"",
					"md5Digest":	"e2cdda41e7956801f4f51a65042beca01",
					"compatibleApp":	"",
					"domType":	"mssDomain",
					"arch":	"32-bit",
					"appSettings":	{
						"appCompilerFlags":	"",
						"appLinkerFlags":	""
					},
					"addedLibs":	[],
					"libOptions":	{
						"libsContainingOptions":	[]
					},
					"prebuiltLibs":	{
						"prebuiltIncPath":	[],
						"prebuiltLibPath":	[]
					},
					"isolation":	{
					}
				}]
		}]
}
TRACE::2025-03-28.22:57:58::SCWPlatform::Clearing the existing platform
TRACE::2025-03-28.22:57:58::SCWSystem::Clearing the existing sysconfig
TRACE::2025-03-28.22:57:58::SCWMssOS::Removing the swdes entry for  E:/kevin/myCode/microBlaze1/vitisHome/syncBlaze/microblaze_0/standalone_domain/bsp/system.mss
TRACE::2025-03-28.22:57:58::SCWSystem::Clearing the domains completed.
TRACE::2025-03-28.22:57:58::SCWPlatform::Clearing the opened hw db.
TRACE::2025-03-28.22:57:58::SCWPlatform::DSA given E:/kevin/myCode/microBlaze1/vitisHome/syncBlaze/hw/design_1_wrapper.xsa
TRACE::2025-03-28.22:57:58::SCWPlatform::DSA absoulate path E:/kevin/myCode/microBlaze1/vitisHome/syncBlaze/hw/design_1_wrapper.xsa
TRACE::2025-03-28.22:57:58::SCWPlatform:: Platform location is E:/kevin/myCode/microBlaze1/vitisHome/syncBlaze/hw
TRACE::2025-03-28.22:57:58::SCWPlatform:: Platform Path E:/kevin/myCode/microBlaze1/vitisHome/syncBlaze/hw/design_1_wrapper.xsa
TRACE::2025-03-28.22:57:58::SCWPlatform:: Unique name xilinx:::0.0
TRACE::2025-03-28.22:57:58::SCWPlatform::Removing the HwDB with name E:/kevin/myCode/microBlaze1/vitisHome/syncBlaze/hw/design_1_wrapper.xsa
TRACE::2025-03-28.22:57:58::SCWPlatform::Trying to open the hw design at E:/kevin/myCode/microBlaze1/vitisHome/syncBlaze/hw/design_1_wrapper.xsa
TRACE::2025-03-28.22:57:58::SCWPlatform::DSA given E:/kevin/myCode/microBlaze1/vitisHome/syncBlaze/hw/design_1_wrapper.xsa
TRACE::2025-03-28.22:57:58::SCWPlatform::DSA absoulate path E:/kevin/myCode/microBlaze1/vitisHome/syncBlaze/hw/design_1_wrapper.xsa
TRACE::2025-03-28.22:57:58::SCWPlatform::DSA directory E:/kevin/myCode/microBlaze1/vitisHome/syncBlaze/hw
TRACE::2025-03-28.22:57:58::SCWPlatform:: Platform Path E:/kevin/myCode/microBlaze1/vitisHome/syncBlaze/hw/design_1_wrapper.xsa
TRACE::2025-03-28.22:57:58::SCWPlatform:: Unique name xilinx:::0.0
TRACE::2025-03-28.22:57:58::SCWPlatform::Do not have an existing db opened. 
TRACE::2025-03-28.22:57:59::SCWPlatform::Opened new HwDB with name design_1_wrapper_8
TRACE::2025-03-28.22:57:59::SCWReader::Active system found as  syncBlaze
TRACE::2025-03-28.22:57:59::SCWReader::Handling sysconfig syncBlaze
TRACE::2025-03-28.22:57:59::SCWDomain::checking for install qemu data   : 
TRACE::2025-03-28.22:57:59::SCWPlatform::Trying to open the hw design at E:/kevin/myCode/microBlaze1/vitisHome/syncBlaze/hw/design_1_wrapper.xsa
TRACE::2025-03-28.22:57:59::SCWPlatform::DSA given E:/kevin/myCode/microBlaze1/vitisHome/syncBlaze/hw/design_1_wrapper.xsa
TRACE::2025-03-28.22:57:59::SCWPlatform::DSA absoulate path E:/kevin/myCode/microBlaze1/vitisHome/syncBlaze/hw/design_1_wrapper.xsa
TRACE::2025-03-28.22:57:59::SCWPlatform::DSA directory E:/kevin/myCode/microBlaze1/vitisHome/syncBlaze/hw
TRACE::2025-03-28.22:57:59::SCWPlatform:: Platform Path E:/kevin/myCode/microBlaze1/vitisHome/syncBlaze/hw/design_1_wrapper.xsa
TRACE::2025-03-28.22:57:59::SCWPlatform:: Unique name xilinx:::0.0
TRACE::2025-03-28.22:57:59::SCWPlatform::Trying to set the existing hwdb with name design_1_wrapper_8
TRACE::2025-03-28.22:57:59::SCWPlatform::Opened existing hwdb design_1_wrapper_8
TRACE::2025-03-28.22:57:59::SCWPlatform::Found the Hw Db part of the input DSA
TRACE::2025-03-28.22:57:59::SCWPlatform::Trying to open the hw design at E:/kevin/myCode/microBlaze1/vitisHome/syncBlaze/hw/design_1_wrapper.xsa
TRACE::2025-03-28.22:57:59::SCWPlatform::DSA given E:/kevin/myCode/microBlaze1/vitisHome/syncBlaze/hw/design_1_wrapper.xsa
TRACE::2025-03-28.22:57:59::SCWPlatform::DSA absoulate path E:/kevin/myCode/microBlaze1/vitisHome/syncBlaze/hw/design_1_wrapper.xsa
TRACE::2025-03-28.22:57:59::SCWPlatform::DSA directory E:/kevin/myCode/microBlaze1/vitisHome/syncBlaze/hw
TRACE::2025-03-28.22:57:59::SCWPlatform:: Platform Path E:/kevin/myCode/microBlaze1/vitisHome/syncBlaze/hw/design_1_wrapper.xsa
TRACE::2025-03-28.22:57:59::SCWPlatform:: Unique name xilinx:::0.0
TRACE::2025-03-28.22:57:59::SCWPlatform::Trying to set the existing hwdb with name design_1_wrapper_8
TRACE::2025-03-28.22:57:59::SCWPlatform::Opened existing hwdb design_1_wrapper_8
TRACE::2025-03-28.22:57:59::SCWPlatform::Found the Hw Db part of the input DSA
TRACE::2025-03-28.22:57:59::SCWPlatform::Trying to open the hw design at E:/kevin/myCode/microBlaze1/vitisHome/syncBlaze/hw/design_1_wrapper.xsa
TRACE::2025-03-28.22:57:59::SCWPlatform::DSA given E:/kevin/myCode/microBlaze1/vitisHome/syncBlaze/hw/design_1_wrapper.xsa
TRACE::2025-03-28.22:57:59::SCWPlatform::DSA absoulate path E:/kevin/myCode/microBlaze1/vitisHome/syncBlaze/hw/design_1_wrapper.xsa
TRACE::2025-03-28.22:57:59::SCWPlatform::DSA directory E:/kevin/myCode/microBlaze1/vitisHome/syncBlaze/hw
TRACE::2025-03-28.22:57:59::SCWPlatform:: Platform Path E:/kevin/myCode/microBlaze1/vitisHome/syncBlaze/hw/design_1_wrapper.xsa
TRACE::2025-03-28.22:57:59::SCWPlatform:: Unique name xilinx:::0.0
TRACE::2025-03-28.22:57:59::SCWPlatform::Trying to set the existing hwdb with name design_1_wrapper_8
TRACE::2025-03-28.22:57:59::SCWPlatform::Opened existing hwdb design_1_wrapper_8
TRACE::2025-03-28.22:57:59::SCWPlatform::Found the Hw Db part of the input DSA
TRACE::2025-03-28.22:57:59::SCWPlatform::Trying to open the hw design at E:/kevin/myCode/microBlaze1/vitisHome/syncBlaze/hw/design_1_wrapper.xsa
TRACE::2025-03-28.22:57:59::SCWPlatform::DSA given E:/kevin/myCode/microBlaze1/vitisHome/syncBlaze/hw/design_1_wrapper.xsa
TRACE::2025-03-28.22:57:59::SCWPlatform::DSA absoulate path E:/kevin/myCode/microBlaze1/vitisHome/syncBlaze/hw/design_1_wrapper.xsa
TRACE::2025-03-28.22:57:59::SCWPlatform::DSA directory E:/kevin/myCode/microBlaze1/vitisHome/syncBlaze/hw
TRACE::2025-03-28.22:57:59::SCWPlatform:: Platform Path E:/kevin/myCode/microBlaze1/vitisHome/syncBlaze/hw/design_1_wrapper.xsa
TRACE::2025-03-28.22:57:59::SCWPlatform:: Unique name xilinx:::0.0
TRACE::2025-03-28.22:57:59::SCWPlatform::Trying to set the existing hwdb with name design_1_wrapper_8
TRACE::2025-03-28.22:57:59::SCWPlatform::Opened existing hwdb design_1_wrapper_8
TRACE::2025-03-28.22:57:59::SCWPlatform::Found the Hw Db part of the input DSA
TRACE::2025-03-28.22:57:59::SCWMssOS::Checking the sw design at  E:/kevin/myCode/microBlaze1/vitisHome/syncBlaze/microblaze_0/standalone_domain/bsp/system.mss
TRACE::2025-03-28.22:57:59::SCWMssOS::DEBUG:  swdes dump  
TRACE::2025-03-28.22:57:59::SCWMssOS::No sw design opened at  E:/kevin/myCode/microBlaze1/vitisHome/syncBlaze/microblaze_0/standalone_domain/bsp/system.mss
TRACE::2025-03-28.22:57:59::SCWMssOS::mss exists loading the mss file  E:/kevin/myCode/microBlaze1/vitisHome/syncBlaze/microblaze_0/standalone_domain/bsp/system.mss
TRACE::2025-03-28.22:57:59::SCWMssOS::Opened the sw design from mss  E:/kevin/myCode/microBlaze1/vitisHome/syncBlaze/microblaze_0/standalone_domain/bsp/system.mss
TRACE::2025-03-28.22:57:59::SCWMssOS::Adding the swdes entry E:/kevin/myCode/microBlaze1/vitisHome/syncBlaze/microblaze_0/standalone_domain/bsp/system.mss with des name system
TRACE::2025-03-28.22:57:59::SCWMssOS::updating the scw layer about changes
TRACE::2025-03-28.22:57:59::SCWMssOS::Opened the sw design.  E:/kevin/myCode/microBlaze1/vitisHome/syncBlaze/microblaze_0/standalone_domain/bsp/system.mss
TRACE::2025-03-28.22:57:59::SCWMssOS::Saving the mss changes E:/kevin/myCode/microBlaze1/vitisHome/syncBlaze/microblaze_0/standalone_domain/bsp/system.mss
TRACE::2025-03-28.22:57:59::SCWMssOS::Found a swdesign opened with the mssfile.
TRACE::2025-03-28.22:57:59::SCWMssOS::Completed writemss as part of save.
TRACE::2025-03-28.22:57:59::SCWMssOS::Commit changes completed.
TRACE::2025-03-28.22:57:59::SCWReader::Adding prebuilt librarypaths as   
TRACE::2025-03-28.22:57:59::SCWReader::Adding prebuilt incpaths  as   
TRACE::2025-03-28.22:57:59::SCWPlatform::Trying to open the hw design at E:/kevin/myCode/microBlaze1/vitisHome/syncBlaze/hw/design_1_wrapper.xsa
TRACE::2025-03-28.22:57:59::SCWPlatform::DSA given E:/kevin/myCode/microBlaze1/vitisHome/syncBlaze/hw/design_1_wrapper.xsa
TRACE::2025-03-28.22:57:59::SCWPlatform::DSA absoulate path E:/kevin/myCode/microBlaze1/vitisHome/syncBlaze/hw/design_1_wrapper.xsa
TRACE::2025-03-28.22:57:59::SCWPlatform::DSA directory E:/kevin/myCode/microBlaze1/vitisHome/syncBlaze/hw
TRACE::2025-03-28.22:57:59::SCWPlatform:: Platform Path E:/kevin/myCode/microBlaze1/vitisHome/syncBlaze/hw/design_1_wrapper.xsa
TRACE::2025-03-28.22:57:59::SCWPlatform:: Unique name xilinx:::0.0
TRACE::2025-03-28.22:57:59::SCWPlatform::Trying to set the existing hwdb with name design_1_wrapper_8
TRACE::2025-03-28.22:57:59::SCWPlatform::Opened existing hwdb design_1_wrapper_8
TRACE::2025-03-28.22:57:59::SCWPlatform::Found the Hw Db part of the input DSA
TRACE::2025-03-28.22:57:59::SCWMssOS::Checking the sw design at  E:/kevin/myCode/microBlaze1/vitisHome/syncBlaze/microblaze_0/standalone_domain/bsp/system.mss
TRACE::2025-03-28.22:57:59::SCWMssOS::DEBUG:  swdes dump  E:/kevin/myCode/microBlaze1/vitisHome/syncBlaze/microblaze_0/standalone_domain/bsp/system.mss|system||

TRACE::2025-03-28.22:57:59::SCWMssOS::Sw design exists and opened at  E:/kevin/myCode/microBlaze1/vitisHome/syncBlaze/microblaze_0/standalone_domain/bsp/system.mss
TRACE::2025-03-28.22:57:59::SCWReader::No isolation master present  
TRACE::2025-03-28.22:58:03::SCWPlatform::DSA given E:/kevin/myCode/microBlaze1/vitisHome/syncBlaze/tempdsa/design_1_wrapper.xsa
TRACE::2025-03-28.22:58:03::SCWPlatform::DSA absoulate path E:/kevin/myCode/microBlaze1/vitisHome/syncBlaze/tempdsa/design_1_wrapper.xsa
TRACE::2025-03-28.22:58:03::SCWPlatform:: Platform location is E:/kevin/myCode/microBlaze1/vitisHome/syncBlaze/tempdsa
TRACE::2025-03-28.22:58:03::SCWPlatform:: Platform Path E:/kevin/myCode/microBlaze1/vitisHome/syncBlaze/tempdsa/design_1_wrapper.xsa
TRACE::2025-03-28.22:58:03::SCWPlatform:: Unique name xilinx:::0.0
TRACE::2025-03-28.22:58:03::SCWPlatform::Found the Hw Db part of the input DSA
TRACE::2025-03-28.22:58:03::SCWMssOS::Doing hw sync for the mss in domain: standalone_domain
TRACE::2025-03-28.22:58:03::SCWPlatform::Trying to open the hw design at E:/kevin/myCode/microBlaze1/vitisHome/syncBlaze/hw/design_1_wrapper.xsa
TRACE::2025-03-28.22:58:03::SCWPlatform::DSA given E:/kevin/myCode/microBlaze1/vitisHome/syncBlaze/hw/design_1_wrapper.xsa
TRACE::2025-03-28.22:58:03::SCWPlatform::DSA absoulate path E:/kevin/myCode/microBlaze1/vitisHome/syncBlaze/hw/design_1_wrapper.xsa
TRACE::2025-03-28.22:58:03::SCWPlatform::DSA directory E:/kevin/myCode/microBlaze1/vitisHome/syncBlaze/hw
TRACE::2025-03-28.22:58:03::SCWPlatform:: Platform Path E:/kevin/myCode/microBlaze1/vitisHome/syncBlaze/hw/design_1_wrapper.xsa
TRACE::2025-03-28.22:58:03::SCWPlatform:: Unique name xilinx:::0.0
TRACE::2025-03-28.22:58:03::SCWPlatform::Trying to set the existing hwdb with name design_1_wrapper_8
TRACE::2025-03-28.22:58:03::SCWPlatform::Opened existing hwdb design_1_wrapper_8
TRACE::2025-03-28.22:58:03::SCWPlatform::Found the Hw Db part of the input DSA
TRACE::2025-03-28.22:58:03::SCWPlatform::Trying to open the hw design at E:/kevin/myCode/microBlaze1/vitisHome/syncBlaze/hw/design_1_wrapper.xsa
TRACE::2025-03-28.22:58:03::SCWPlatform::DSA given E:/kevin/myCode/microBlaze1/vitisHome/syncBlaze/hw/design_1_wrapper.xsa
TRACE::2025-03-28.22:58:03::SCWPlatform::DSA absoulate path E:/kevin/myCode/microBlaze1/vitisHome/syncBlaze/hw/design_1_wrapper.xsa
TRACE::2025-03-28.22:58:03::SCWPlatform::DSA directory E:/kevin/myCode/microBlaze1/vitisHome/syncBlaze/hw
TRACE::2025-03-28.22:58:03::SCWPlatform:: Platform Path E:/kevin/myCode/microBlaze1/vitisHome/syncBlaze/hw/design_1_wrapper.xsa
TRACE::2025-03-28.22:58:03::SCWPlatform:: Unique name xilinx:::0.0
TRACE::2025-03-28.22:58:03::SCWPlatform::Trying to set the existing hwdb with name design_1_wrapper_8
TRACE::2025-03-28.22:58:03::SCWPlatform::Opened existing hwdb design_1_wrapper_8
TRACE::2025-03-28.22:58:03::SCWPlatform::Found the Hw Db part of the input DSA
TRACE::2025-03-28.22:58:03::SCWMssOS::Checking the sw design at  E:/kevin/myCode/microBlaze1/vitisHome/syncBlaze/microblaze_0/standalone_domain/bsp/system.mss
TRACE::2025-03-28.22:58:03::SCWMssOS::DEBUG:  swdes dump  E:/kevin/myCode/microBlaze1/vitisHome/syncBlaze/microblaze_0/standalone_domain/bsp/system.mss|system||

TRACE::2025-03-28.22:58:03::SCWMssOS::Sw design exists and opened at  E:/kevin/myCode/microBlaze1/vitisHome/syncBlaze/microblaze_0/standalone_domain/bsp/system.mss
TRACE::2025-03-28.22:58:03::SCWPlatform::Trying to open the hw design at E:/kevin/myCode/microBlaze1/vitisHome/syncBlaze/tempdsa/design_1_wrapper.xsa
TRACE::2025-03-28.22:58:03::SCWPlatform::DSA given E:/kevin/myCode/microBlaze1/vitisHome/syncBlaze/tempdsa/design_1_wrapper.xsa
TRACE::2025-03-28.22:58:03::SCWPlatform::DSA absoulate path E:/kevin/myCode/microBlaze1/vitisHome/syncBlaze/tempdsa/design_1_wrapper.xsa
TRACE::2025-03-28.22:58:03::SCWPlatform::DSA directory E:/kevin/myCode/microBlaze1/vitisHome/syncBlaze/tempdsa
TRACE::2025-03-28.22:58:03::SCWPlatform:: Platform Path E:/kevin/myCode/microBlaze1/vitisHome/syncBlaze/tempdsa/design_1_wrapper.xsa
TRACE::2025-03-28.22:58:03::SCWPlatform:: Unique name xilinx:::0.0
TRACE::2025-03-28.22:58:03::SCWPlatform::update - Opened existing hwdb design_1_wrapper_9
TRACE::2025-03-28.22:58:03::SCWPlatform::Found the Hw Db part of the input DSA
TRACE::2025-03-28.22:58:03::SCWMssOS::Saving the mss changes E:/kevin/myCode/microBlaze1/vitisHome/syncBlaze/microblaze_0/standalone_domain/bsp/system.mss
TRACE::2025-03-28.22:58:03::SCWMssOS::Found a swdesign opened with the mssfile.
TRACE::2025-03-28.22:58:03::SCWMssOS::Completed writemss as part of save.
TRACE::2025-03-28.22:58:03::SCWMssOS::Commit changes completed.
TRACE::2025-03-28.22:58:03::SCWMssOS::Completed hw sync for the mss in domain: standalone_domain
TRACE::2025-03-28.22:58:03::SCWMssOS::Removing the swdes entry for  E:/kevin/myCode/microBlaze1/vitisHome/syncBlaze/microblaze_0/standalone_domain/bsp/system.mss
TRACE::2025-03-28.22:58:03::SCWPlatform::Trying to open the hw design at E:/kevin/myCode/microBlaze1/vitisHome/syncBlaze/hw/design_1_wrapper.xsa
TRACE::2025-03-28.22:58:03::SCWPlatform::DSA given E:/kevin/myCode/microBlaze1/vitisHome/syncBlaze/hw/design_1_wrapper.xsa
TRACE::2025-03-28.22:58:03::SCWPlatform::DSA absoulate path E:/kevin/myCode/microBlaze1/vitisHome/syncBlaze/hw/design_1_wrapper.xsa
TRACE::2025-03-28.22:58:03::SCWPlatform::DSA directory E:/kevin/myCode/microBlaze1/vitisHome/syncBlaze/hw
TRACE::2025-03-28.22:58:03::SCWPlatform:: Platform Path E:/kevin/myCode/microBlaze1/vitisHome/syncBlaze/hw/design_1_wrapper.xsa
TRACE::2025-03-28.22:58:03::SCWPlatform:: Unique name xilinx:::0.0
TRACE::2025-03-28.22:58:03::SCWPlatform::Do not have an existing db opened. 
TRACE::2025-03-28.22:58:04::SCWPlatform::Opened new HwDB with name design_1_wrapper_10
TRACE::2025-03-28.22:58:04::SCWMssOS::Saving the mss changes E:/kevin/myCode/microBlaze1/vitisHome/syncBlaze/microblaze_0/standalone_domain/bsp/system.mss
TRACE::2025-03-28.22:58:04::SCWMssOS::Adding the swdes entry, mss present, able to open swdb E:/kevin/myCode/microBlaze1/vitisHome/syncBlaze/microblaze_0/standalone_domain/bsp/system.mss with des name system
TRACE::2025-03-28.22:58:04::SCWMssOS::Writing the mss file completed E:/kevin/myCode/microBlaze1/vitisHome/syncBlaze/microblaze_0/standalone_domain/bsp/system.mss
TRACE::2025-03-28.22:58:04::SCWMssOS::Commit changes completed.
TRACE::2025-03-28.22:58:04::SCWPlatform::Trying to open the hw design at E:/kevin/myCode/microBlaze1/vitisHome/syncBlaze/hw/design_1_wrapper.xsa
TRACE::2025-03-28.22:58:04::SCWPlatform::DSA given E:/kevin/myCode/microBlaze1/vitisHome/syncBlaze/hw/design_1_wrapper.xsa
TRACE::2025-03-28.22:58:04::SCWPlatform::DSA absoulate path E:/kevin/myCode/microBlaze1/vitisHome/syncBlaze/hw/design_1_wrapper.xsa
TRACE::2025-03-28.22:58:04::SCWPlatform::DSA directory E:/kevin/myCode/microBlaze1/vitisHome/syncBlaze/hw
TRACE::2025-03-28.22:58:04::SCWPlatform:: Platform Path E:/kevin/myCode/microBlaze1/vitisHome/syncBlaze/hw/design_1_wrapper.xsa
TRACE::2025-03-28.22:58:04::SCWPlatform:: Unique name xilinx:::0.0
TRACE::2025-03-28.22:58:04::SCWPlatform::Trying to set the existing hwdb with name design_1_wrapper_10
TRACE::2025-03-28.22:58:04::SCWPlatform::Opened existing hwdb design_1_wrapper_10
TRACE::2025-03-28.22:58:04::SCWPlatform::Found the Hw Db part of the input DSA
TRACE::2025-03-28.22:58:04::SCWMssOS::Checking the sw design at  E:/kevin/myCode/microBlaze1/vitisHome/syncBlaze/microblaze_0/standalone_domain/bsp/system.mss
TRACE::2025-03-28.22:58:04::SCWMssOS::DEBUG:  swdes dump  E:/kevin/myCode/microBlaze1/vitisHome/syncBlaze/microblaze_0/standalone_domain/bsp/system.mss|system||

TRACE::2025-03-28.22:58:04::SCWMssOS::Sw design exists and opened at  E:/kevin/myCode/microBlaze1/vitisHome/syncBlaze/microblaze_0/standalone_domain/bsp/system.mss
TRACE::2025-03-28.22:58:04::SCWWriter::formatted JSON is {
	"platformName":	"syncBlaze",
	"sprVersion":	"2.0",
	"mode":	"gui",
	"dsaType":	"Fixed",
	"platformDesc":	"syncBlaze",
	"platHandOff":	"E:/kevin/myCode/microBlaze1/design_1_wrapper.xsa",
	"platIntHandOff":	"<platformDir>/hw/design_1_wrapper.xsa",
	"deviceType":	"FPGA",
	"platIsPrebuiltAutogen":	"false",
	"platIsNoBootBsp":	"false",
	"hasFsblMakeHasChanges":	"false",
	"hasPmufwMakeHasChanges":	"false",
	"platPreBuiltFlag":	false,
	"platformSamplesDir":	"",
	"platActiveSys":	"syncBlaze",
	"systems":	[{
			"systemName":	"syncBlaze",
			"systemDesc":	"syncBlaze",
			"sysIsBootAutoGen":	"true",
			"systemDispName":	"syncBlaze",
			"sysActiveDom":	"standalone_domain",
			"sysDefaultDom":	"standalone_domain",
			"domains":	[{
					"domainName":	"standalone_domain",
					"domainDispName":	"standalone on microblaze_0",
					"domainDesc":	"standalone_domain",
					"processors":	"microblaze_0",
					"os":	"standalone",
					"sdxOs":	"standalone",
					"debugEnable":	"False",
					"domRuntimes":	["cpp"],
					"swRepo":	"",
					"mssOsVer":	"8.0",
					"mssFile":	"",
					"md5Digest":	"e2cdda41e7956801f4f51a65042beca01",
					"compatibleApp":	"",
					"domType":	"mssDomain",
					"arch":	"32-bit",
					"appSettings":	{
						"appCompilerFlags":	"",
						"appLinkerFlags":	""
					},
					"addedLibs":	[],
					"libOptions":	{
						"libsContainingOptions":	[]
					},
					"prebuiltLibs":	{
						"prebuiltIncPath":	[],
						"prebuiltLibPath":	[]
					},
					"isolation":	{
					}
				}]
		}]
}
LOG::2025-03-28.22:58:25::SCWPlatform::Started generating the artifacts platform syncBlaze
TRACE::2025-03-28.22:58:25::SCWPlatform::Sanity checking of platform is completed
LOG::2025-03-28.22:58:25::SCWPlatform::Started generating the artifacts for system configuration syncBlaze
LOG::2025-03-28.22:58:25::SCWSystem::Checking the domain standalone_domain
LOG::2025-03-28.22:58:25::SCWSystem::Not a boot domain 
LOG::2025-03-28.22:58:25::SCWSystem::Started Processing the domain standalone_domain
TRACE::2025-03-28.22:58:25::SCWDomain::Generating domain artifcats
TRACE::2025-03-28.22:58:25::SCWMssOS::Generating standalone artifcats
TRACE::2025-03-28.22:58:25::SCWMssOS:: Copying the user libraries. 
TRACE::2025-03-28.22:58:25::SCWPlatform::Trying to open the hw design at E:/kevin/myCode/microBlaze1/vitisHome/syncBlaze/hw/design_1_wrapper.xsa
TRACE::2025-03-28.22:58:25::SCWPlatform::DSA given E:/kevin/myCode/microBlaze1/vitisHome/syncBlaze/hw/design_1_wrapper.xsa
TRACE::2025-03-28.22:58:25::SCWPlatform::DSA absoulate path E:/kevin/myCode/microBlaze1/vitisHome/syncBlaze/hw/design_1_wrapper.xsa
TRACE::2025-03-28.22:58:25::SCWPlatform::DSA directory E:/kevin/myCode/microBlaze1/vitisHome/syncBlaze/hw
TRACE::2025-03-28.22:58:25::SCWPlatform:: Platform Path E:/kevin/myCode/microBlaze1/vitisHome/syncBlaze/hw/design_1_wrapper.xsa
TRACE::2025-03-28.22:58:25::SCWPlatform:: Unique name xilinx:::0.0
TRACE::2025-03-28.22:58:25::SCWPlatform::Trying to set the existing hwdb with name design_1_wrapper_10
TRACE::2025-03-28.22:58:25::SCWPlatform::Opened existing hwdb design_1_wrapper_10
TRACE::2025-03-28.22:58:25::SCWPlatform::Found the Hw Db part of the input DSA
TRACE::2025-03-28.22:58:25::SCWMssOS::Checking the sw design at  E:/kevin/myCode/microBlaze1/vitisHome/syncBlaze/microblaze_0/standalone_domain/bsp/system.mss
TRACE::2025-03-28.22:58:25::SCWMssOS::DEBUG:  swdes dump  E:/kevin/myCode/microBlaze1/vitisHome/syncBlaze/microblaze_0/standalone_domain/bsp/system.mss|system||

TRACE::2025-03-28.22:58:25::SCWMssOS::Sw design exists and opened at  E:/kevin/myCode/microBlaze1/vitisHome/syncBlaze/microblaze_0/standalone_domain/bsp/system.mss
TRACE::2025-03-28.22:58:25::SCWMssOS::Completed writing the mss file at E:/kevin/myCode/microBlaze1/vitisHome/syncBlaze/microblaze_0/standalone_domain/bsp
TRACE::2025-03-28.22:58:25::SCWMssOS::Mss edits present, copying mssfile into export location E:/kevin/myCode/microBlaze1/vitisHome/syncBlaze/microblaze_0/standalone_domain/bsp/system.mss
TRACE::2025-03-28.22:58:25::SCWMssOS::bsp generated is stale removing and regenerating. 
TRACE::2025-03-28.22:58:26::SCWMssOS::doing bsp build ... 
TRACE::2025-03-28.22:58:26::SCWMssOS::System Command Ran  E: & cd  E:/kevin/myCode/microBlaze1/vitisHome/syncBlaze/microblaze_0/standalone_domain/bsp & make 
TRACE::2025-03-28.22:58:26::SCWMssOS::make --no-print-directory seq_libs

TRACE::2025-03-28.22:58:26::SCWMssOS::'Finished building libraries sequentially.'

TRACE::2025-03-28.22:58:26::SCWMssOS::make -j 22 --no-print-directory par_libs

TRACE::2025-03-28.22:58:26::SCWMssOS::"Running Make include in microblaze_0/libsrc/bram_v4_8/src"

TRACE::2025-03-28.22:58:26::SCWMssOS::make -C microblaze_0/libsrc/bram_v4_8/src -s include  "SHELL=CMD" "COMPILER=mb-gcc" "ASSEMBLER=mb-as" "ARCHIVER=mb-ar" "COMPILE
TRACE::2025-03-28.22:58:26::SCWMssOS::R_FLAGS=  -O2 -c -mcpu=v11.0 -mlittle-endian -mxl-soft-mul" "EXTRA_COMPILER_FLAGS=-g -ffunction-sections -fdata-sections -Wall 
TRACE::2025-03-28.22:58:26::SCWMssOS::-Wextra -fno-tree-loop-distribute-patterns"

TRACE::2025-03-28.22:58:26::SCWMssOS::"Running Make include in microblaze_0/libsrc/cpu_v2_16/src"

TRACE::2025-03-28.22:58:26::SCWMssOS::make -C microblaze_0/libsrc/cpu_v2_16/src -s include  "SHELL=CMD" "COMPILER=mb-gcc" "ASSEMBLER=mb-as" "ARCHIVER=mb-ar" "COMPILE
TRACE::2025-03-28.22:58:26::SCWMssOS::R_FLAGS=  -O2 -c -mcpu=v11.0 -mlittle-endian -mxl-soft-mul" "EXTRA_COMPILER_FLAGS=-g -ffunction-sections -fdata-sections -Wall 
TRACE::2025-03-28.22:58:26::SCWMssOS::-Wextra -fno-tree-loop-distribute-patterns"

TRACE::2025-03-28.22:58:26::SCWMssOS::"Running Make include in microblaze_0/libsrc/gpio_v4_9/src"

TRACE::2025-03-28.22:58:26::SCWMssOS::make -C microblaze_0/libsrc/gpio_v4_9/src -s include  "SHELL=CMD" "COMPILER=mb-gcc" "ASSEMBLER=mb-as" "ARCHIVER=mb-ar" "COMPILE
TRACE::2025-03-28.22:58:26::SCWMssOS::R_FLAGS=  -O2 -c -mcpu=v11.0 -mlittle-endian -mxl-soft-mul" "EXTRA_COMPILER_FLAGS=-g -ffunction-sections -fdata-sections -Wall 
TRACE::2025-03-28.22:58:26::SCWMssOS::-Wextra -fno-tree-loop-distribute-patterns"

TRACE::2025-03-28.22:58:26::SCWMssOS::"Running Make include in microblaze_0/libsrc/intc_v3_15/src"

TRACE::2025-03-28.22:58:26::SCWMssOS::make -C microblaze_0/libsrc/intc_v3_15/src -s include  "SHELL=CMD" "COMPILER=mb-gcc" "ASSEMBLER=mb-as" "ARCHIVER=mb-ar" "COMPIL
TRACE::2025-03-28.22:58:26::SCWMssOS::ER_FLAGS=  -O2 -c -mcpu=v11.0 -mlittle-endian -mxl-soft-mul" "EXTRA_COMPILER_FLAGS=-g -ffunction-sections -fdata-sections -Wall
TRACE::2025-03-28.22:58:26::SCWMssOS:: -Wextra -fno-tree-loop-distribute-patterns"

TRACE::2025-03-28.22:58:26::SCWMssOS::"Running Make include in microblaze_0/libsrc/standalone_v8_0/src"

TRACE::2025-03-28.22:58:26::SCWMssOS::make -C microblaze_0/libsrc/standalone_v8_0/src -s include  "SHELL=CMD" "COMPILER=mb-gcc" "ASSEMBLER=mb-as" "ARCHIVER=mb-ar" "C
TRACE::2025-03-28.22:58:26::SCWMssOS::OMPILER_FLAGS=  -O2 -c -mcpu=v11.0 -mlittle-endian -mxl-soft-mul" "EXTRA_COMPILER_FLAGS=-g -ffunction-sections -fdata-sections 
TRACE::2025-03-28.22:58:26::SCWMssOS::-Wall -Wextra -fno-tree-loop-distribute-patterns"

TRACE::2025-03-28.22:58:26::SCWMssOS::"Running Make include in microblaze_0/libsrc/tmrctr_v4_9/src"

TRACE::2025-03-28.22:58:26::SCWMssOS::make -C microblaze_0/libsrc/tmrctr_v4_9/src -s include  "SHELL=CMD" "COMPILER=mb-gcc" "ASSEMBLER=mb-as" "ARCHIVER=mb-ar" "COMPI
TRACE::2025-03-28.22:58:26::SCWMssOS::LER_FLAGS=  -O2 -c -mcpu=v11.0 -mlittle-endian -mxl-soft-mul" "EXTRA_COMPILER_FLAGS=-g -ffunction-sections -fdata-sections -Wal
TRACE::2025-03-28.22:58:26::SCWMssOS::l -Wextra -fno-tree-loop-distribute-patterns"

TRACE::2025-03-28.22:58:26::SCWMssOS::"Running Make include in microblaze_0/libsrc/uartlite_v3_7/src"

TRACE::2025-03-28.22:58:26::SCWMssOS::make -C microblaze_0/libsrc/uartlite_v3_7/src -s include  "SHELL=CMD" "COMPILER=mb-gcc" "ASSEMBLER=mb-as" "ARCHIVER=mb-ar" "COM
TRACE::2025-03-28.22:58:26::SCWMssOS::PILER_FLAGS=  -O2 -c -mcpu=v11.0 -mlittle-endian -mxl-soft-mul" "EXTRA_COMPILER_FLAGS=-g -ffunction-sections -fdata-sections -W
TRACE::2025-03-28.22:58:26::SCWMssOS::all -Wextra -fno-tree-loop-distribute-patterns"

TRACE::2025-03-28.22:58:26::SCWMssOS::"Running Make libs in microblaze_0/libsrc/bram_v4_8/src"

TRACE::2025-03-28.22:58:26::SCWMssOS::make -C microblaze_0/libsrc/bram_v4_8/src -s libs  "SHELL=CMD" "COMPILER=mb-gcc" "ASSEMBLER=mb-as" "ARCHIVER=mb-ar" "COMPILER_F
TRACE::2025-03-28.22:58:26::SCWMssOS::LAGS=  -O2 -c -mcpu=v11.0 -mlittle-endian -mxl-soft-mul" "EXTRA_COMPILER_FLAGS=-g -ffunction-sections -fdata-sections -Wall -We
TRACE::2025-03-28.22:58:26::SCWMssOS::xtra -fno-tree-loop-distribute-patterns"

TRACE::2025-03-28.22:58:26::SCWMssOS::"Running Make libs in microblaze_0/libsrc/cpu_v2_16/src"

TRACE::2025-03-28.22:58:26::SCWMssOS::make -C microblaze_0/libsrc/cpu_v2_16/src -s libs  "SHELL=CMD" "COMPILER=mb-gcc" "ASSEMBLER=mb-as" "ARCHIVER=mb-ar" "COMPILER_F
TRACE::2025-03-28.22:58:26::SCWMssOS::LAGS=  -O2 -c -mcpu=v11.0 -mlittle-endian -mxl-soft-mul" "EXTRA_COMPILER_FLAGS=-g -ffunction-sections -fdata-sections -Wall -We
TRACE::2025-03-28.22:58:26::SCWMssOS::xtra -fno-tree-loop-distribute-patterns"

TRACE::2025-03-28.22:58:26::SCWMssOS::"Running Make libs in microblaze_0/libsrc/gpio_v4_9/src"

TRACE::2025-03-28.22:58:26::SCWMssOS::make -C microblaze_0/libsrc/gpio_v4_9/src -s libs  "SHELL=CMD" "COMPILER=mb-gcc" "ASSEMBLER=mb-as" "ARCHIVER=mb-ar" "COMPILER_F
TRACE::2025-03-28.22:58:26::SCWMssOS::LAGS=  -O2 -c -mcpu=v11.0 -mlittle-endian -mxl-soft-mul" "EXTRA_COMPILER_FLAGS=-g -ffunction-sections -fdata-sections -Wall -We
TRACE::2025-03-28.22:58:26::SCWMssOS::xtra -fno-tree-loop-distribute-patterns"

TRACE::2025-03-28.22:58:26::SCWMssOS::"Running Make libs in microblaze_0/libsrc/intc_v3_15/src"

TRACE::2025-03-28.22:58:26::SCWMssOS::make -C microblaze_0/libsrc/intc_v3_15/src -s libs  "SHELL=CMD" "COMPILER=mb-gcc" "ASSEMBLER=mb-as" "ARCHIVER=mb-ar" "COMPILER_
TRACE::2025-03-28.22:58:26::SCWMssOS::FLAGS=  -O2 -c -mcpu=v11.0 -mlittle-endian -mxl-soft-mul" "EXTRA_COMPILER_FLAGS=-g -ffunction-sections -fdata-sections -Wall -W
TRACE::2025-03-28.22:58:26::SCWMssOS::extra -fno-tree-loop-distribute-patterns"

TRACE::2025-03-28.22:58:26::SCWMssOS::"Running Make libs in microblaze_0/libsrc/standalone_v8_0/src"

TRACE::2025-03-28.22:58:26::SCWMssOS::make -C microblaze_0/libsrc/standalone_v8_0/src -s libs  "SHELL=CMD" "COMPILER=mb-gcc" "ASSEMBLER=mb-as" "ARCHIVER=mb-ar" "COMP
TRACE::2025-03-28.22:58:26::SCWMssOS::ILER_FLAGS=  -O2 -c -mcpu=v11.0 -mlittle-endian -mxl-soft-mul" "EXTRA_COMPILER_FLAGS=-g -ffunction-sections -fdata-sections -Wa
TRACE::2025-03-28.22:58:26::SCWMssOS::ll -Wextra -fno-tree-loop-distribute-patterns"

TRACE::2025-03-28.22:58:26::SCWMssOS::"Running Make libs in microblaze_0/libsrc/tmrctr_v4_9/src"

TRACE::2025-03-28.22:58:26::SCWMssOS::make -C microblaze_0/libsrc/tmrctr_v4_9/src -s libs  "SHELL=CMD" "COMPILER=mb-gcc" "ASSEMBLER=mb-as" "ARCHIVER=mb-ar" "COMPILER
TRACE::2025-03-28.22:58:26::SCWMssOS::_FLAGS=  -O2 -c -mcpu=v11.0 -mlittle-endian -mxl-soft-mul" "EXTRA_COMPILER_FLAGS=-g -ffunction-sections -fdata-sections -Wall -
TRACE::2025-03-28.22:58:26::SCWMssOS::Wextra -fno-tree-loop-distribute-patterns"

TRACE::2025-03-28.22:58:26::SCWMssOS::"Running Make libs in microblaze_0/libsrc/uartlite_v3_7/src"

TRACE::2025-03-28.22:58:26::SCWMssOS::make -C microblaze_0/libsrc/uartlite_v3_7/src -s libs  "SHELL=CMD" "COMPILER=mb-gcc" "ASSEMBLER=mb-as" "ARCHIVER=mb-ar" "COMPIL
TRACE::2025-03-28.22:58:26::SCWMssOS::ER_FLAGS=  -O2 -c -mcpu=v11.0 -mlittle-endian -mxl-soft-mul" "EXTRA_COMPILER_FLAGS=-g -ffunction-sections -fdata-sections -Wall
TRACE::2025-03-28.22:58:26::SCWMssOS:: -Wextra -fno-tree-loop-distribute-patterns"

TRACE::2025-03-28.22:58:27::SCWMssOS::"DEBUG NON_LTO_OBJECTS is ../../../lib/microblaze_interrupt_handler.o"

TRACE::2025-03-28.22:58:27::SCWMssOS::'Finished building libraries parallelly.'

TRACE::2025-03-28.22:58:27::SCWMssOS::make --no-print-directory archive

TRACE::2025-03-28.22:58:27::SCWMssOS::mb-ar -r  microblaze_0/lib/libxil.a microblaze_0/lib/_exit.o microblaze_0/lib/errno.o microblaze_0/lib/fcntl.o microblaze_0/lib
TRACE::2025-03-28.22:58:27::SCWMssOS::/hw_exception_handler.o microblaze_0/lib/inbyte.o microblaze_0/lib/microblaze_disable_dcache.o microblaze_0/lib/microblaze_disa
TRACE::2025-03-28.22:58:27::SCWMssOS::ble_exceptions.o microblaze_0/lib/microblaze_disable_icache.o microblaze_0/lib/microblaze_disable_interrupts.o microblaze_0/lib
TRACE::2025-03-28.22:58:27::SCWMssOS::/microblaze_enable_dcache.o microblaze_0/lib/microblaze_enable_exceptions.o microblaze_0/lib/microblaze_enable_icache.o microbl
TRACE::2025-03-28.22:58:27::SCWMssOS::aze_0/lib/microblaze_enable_interrupts.o microblaze_0/lib/microblaze_exception_handler.o microblaze_0/lib/microblaze_flush_cach
TRACE::2025-03-28.22:58:27::SCWMssOS::e_ext.o microblaze_0/lib/microblaze_flush_cache_ext_range.o microblaze_0/lib/microblaze_flush_dcache.o microblaze_0/lib/microbl
TRACE::2025-03-28.22:58:27::SCWMssOS::aze_flush_dcache_range.o microblaze_0/lib/microblaze_init_dcache_range.o microblaze_0/lib/microblaze_init_icache_range.o microb
TRACE::2025-03-28.22:58:27::SCWMssOS::laze_0/lib/microblaze_interrupt_handler.o microblaze_0/lib/microblaze_interrupts_g.o microblaze_0/lib/microblaze_invalidate_cac
TRACE::2025-03-28.22:58:27::SCWMssOS::he_ext.o microblaze_0/lib/microblaze_invalidate_cache_ext_range.o microblaze_0/lib/microblaze_invalidate_dcache.o microblaze_0/
TRACE::2025-03-28.22:58:27::SCWMssOS::lib/microblaze_invalidate_dcache_range.o microblaze_0/lib/microblaze_invalidate_icache.o microblaze_0/lib/microblaze_invalidate
TRACE::2025-03-28.22:58:27::SCWMssOS::_icache_range.o microblaze_0/lib/microblaze_scrub.o microblaze_0/lib/microblaze_selftest.o microblaze_0/lib/microblaze_sleep.o 
TRACE::2025-03-28.22:58:27::SCWMssOS::microblaze_0/lib/microblaze_update_dcache.o microblaze_0/lib/microblaze_update_icache.o microblaze_0/lib/outbyte.o microblaze_0
TRACE::2025-03-28.22:58:27::SCWMssOS::/lib/print.o microblaze_0/lib/pvr.o microblaze_0/lib/xbram.o microblaze_0/lib/xbram_g.o microblaze_0/lib/xbram_intr.o microblaz
TRACE::2025-03-28.22:58:27::SCWMssOS::e_0/lib/xbram_selftest.o microblaze_0/lib/xbram_sinit.o microblaze_0/lib/xgpio.o microblaze_0/lib/xgpio_extra.o microblaze_0/li
TRACE::2025-03-28.22:58:27::SCWMssOS::b/xgpio_g.o microblaze_0/lib/xgpio_intr.o microblaze_0/lib/xgpio_selftest.o microblaze_0/lib/xgpio_sinit.o microblaze_0/lib/xil
TRACE::2025-03-28.22:58:27::SCWMssOS::_assert.o microblaze_0/lib/xil_cache.o microblaze_0/lib/xil_clocking.o microblaze_0/lib/xil_exception.o microblaze_0/lib/xil_me
TRACE::2025-03-28.22:58:27::SCWMssOS::m.o microblaze_0/lib/xil_misc_psreset_api.o microblaze_0/lib/xil_printf.o microblaze_0/lib/xil_sleepcommon.o microblaze_0/lib/x
TRACE::2025-03-28.22:58:27::SCWMssOS::il_testcache.o microblaze_0/lib/xil_testio.o microblaze_0/lib/xil_testmem.o microblaze_0/lib/xil_util.o microblaze_0/lib/xintc.
TRACE::2025-03-28.22:58:27::SCWMssOS::o microblaze_0/lib/xintc_g.o microblaze_0/lib/xintc_intr.o microblaze_0/lib/xintc_l.o microblaze_0/lib/xintc_options.o microbla
TRACE::2025-03-28.22:58:27::SCWMssOS::ze_0/lib/xintc_selftest.o microblaze_0/lib/xinterrupt_wrap.o microblaze_0/lib/xio.o microblaze_0/lib/xplatform_info.o microblaz
TRACE::2025-03-28.22:58:27::SCWMssOS::e_0/lib/xtmrctr.o microblaze_0/lib/xtmrctr_g.o microblaze_0/lib/xtmrctr_intr.o microblaze_0/lib/xtmrctr_l.o microblaze_0/lib/xt
TRACE::2025-03-28.22:58:27::SCWMssOS::mrctr_options.o microblaze_0/lib/xtmrctr_selftest.o microblaze_0/lib/xtmrctr_sinit.o microblaze_0/lib/xtmrctr_stats.o microblaz
TRACE::2025-03-28.22:58:27::SCWMssOS::e_0/lib/xuartlite.o microblaze_0/lib/xuartlite_g.o microblaze_0/lib/xuartlite_intr.o microblaze_0/lib/xuartlite_l.o microblaze_
TRACE::2025-03-28.22:58:27::SCWMssOS::0/lib/xuartlite_selftest.o microblaze_0/lib/xuartlite_sinit.o microblaze_0/lib/xuartlite_stats.o

TRACE::2025-03-28.22:58:27::SCWMssOS::'Finished building libraries'

TRACE::2025-03-28.22:58:27::SCWMssOS:: Checking if to create the Supporting Applications
TRACE::2025-03-28.22:58:27::SCWMssOS:: No Linux domain exists, trying to generate FSBL 
LOG::2025-03-28.22:58:27::SCWSystem::Completed Processing the domain standalone_domain
LOG::2025-03-28.22:58:27::SCWSystem::Completed Processing the sysconfig syncBlaze
LOG::2025-03-28.22:58:27::SCWPlatform::Completed generating the artifacts for system configuration syncBlaze
TRACE::2025-03-28.22:58:27::SCWPlatform::Started preparing the platform 
TRACE::2025-03-28.22:58:27::SCWSystem::Writing the bif file for system config syncBlaze
TRACE::2025-03-28.22:58:27::SCWSystem::dir created 
TRACE::2025-03-28.22:58:27::SCWSystem::Writing the bif 
TRACE::2025-03-28.22:58:27::SCWPlatform::Started writing the spfm file 
TRACE::2025-03-28.22:58:27::SCWPlatform::Started writing the xpfm file 
TRACE::2025-03-28.22:58:27::SCWPlatform::Completed generating the platform
TRACE::2025-03-28.22:58:27::SCWMssOS::Saving the mss changes E:/kevin/myCode/microBlaze1/vitisHome/syncBlaze/microblaze_0/standalone_domain/bsp/system.mss
TRACE::2025-03-28.22:58:27::SCWMssOS::Adding the swdes entry, mss present, able to open swdb E:/kevin/myCode/microBlaze1/vitisHome/syncBlaze/microblaze_0/standalone_domain/bsp/system.mss with des name system
TRACE::2025-03-28.22:58:27::SCWMssOS::Writing the mss file completed E:/kevin/myCode/microBlaze1/vitisHome/syncBlaze/microblaze_0/standalone_domain/bsp/system.mss
TRACE::2025-03-28.22:58:27::SCWMssOS::Commit changes completed.
TRACE::2025-03-28.22:58:27::SCWPlatform::Trying to open the hw design at E:/kevin/myCode/microBlaze1/vitisHome/syncBlaze/hw/design_1_wrapper.xsa
TRACE::2025-03-28.22:58:27::SCWPlatform::DSA given E:/kevin/myCode/microBlaze1/vitisHome/syncBlaze/hw/design_1_wrapper.xsa
TRACE::2025-03-28.22:58:27::SCWPlatform::DSA absoulate path E:/kevin/myCode/microBlaze1/vitisHome/syncBlaze/hw/design_1_wrapper.xsa
TRACE::2025-03-28.22:58:27::SCWPlatform::DSA directory E:/kevin/myCode/microBlaze1/vitisHome/syncBlaze/hw
TRACE::2025-03-28.22:58:27::SCWPlatform:: Platform Path E:/kevin/myCode/microBlaze1/vitisHome/syncBlaze/hw/design_1_wrapper.xsa
TRACE::2025-03-28.22:58:27::SCWPlatform:: Unique name xilinx:::0.0
TRACE::2025-03-28.22:58:27::SCWPlatform::Trying to set the existing hwdb with name design_1_wrapper_10
TRACE::2025-03-28.22:58:27::SCWPlatform::Opened existing hwdb design_1_wrapper_10
TRACE::2025-03-28.22:58:27::SCWPlatform::Found the Hw Db part of the input DSA
TRACE::2025-03-28.22:58:27::SCWMssOS::Checking the sw design at  E:/kevin/myCode/microBlaze1/vitisHome/syncBlaze/microblaze_0/standalone_domain/bsp/system.mss
TRACE::2025-03-28.22:58:27::SCWMssOS::DEBUG:  swdes dump  E:/kevin/myCode/microBlaze1/vitisHome/syncBlaze/microblaze_0/standalone_domain/bsp/system.mss|system||

TRACE::2025-03-28.22:58:27::SCWMssOS::Sw design exists and opened at  E:/kevin/myCode/microBlaze1/vitisHome/syncBlaze/microblaze_0/standalone_domain/bsp/system.mss
TRACE::2025-03-28.22:58:27::SCWWriter::formatted JSON is {
	"platformName":	"syncBlaze",
	"sprVersion":	"2.0",
	"mode":	"gui",
	"dsaType":	"Fixed",
	"platformDesc":	"syncBlaze",
	"platHandOff":	"E:/kevin/myCode/microBlaze1/design_1_wrapper.xsa",
	"platIntHandOff":	"<platformDir>/hw/design_1_wrapper.xsa",
	"deviceType":	"FPGA",
	"platIsPrebuiltAutogen":	"false",
	"platIsNoBootBsp":	"false",
	"hasFsblMakeHasChanges":	"false",
	"hasPmufwMakeHasChanges":	"false",
	"platPreBuiltFlag":	false,
	"platformSamplesDir":	"",
	"platActiveSys":	"syncBlaze",
	"systems":	[{
			"systemName":	"syncBlaze",
			"systemDesc":	"syncBlaze",
			"sysIsBootAutoGen":	"true",
			"systemDispName":	"syncBlaze",
			"sysActiveDom":	"standalone_domain",
			"sysDefaultDom":	"standalone_domain",
			"domains":	[{
					"domainName":	"standalone_domain",
					"domainDispName":	"standalone on microblaze_0",
					"domainDesc":	"standalone_domain",
					"processors":	"microblaze_0",
					"os":	"standalone",
					"sdxOs":	"standalone",
					"debugEnable":	"False",
					"domRuntimes":	["cpp"],
					"swRepo":	"",
					"mssOsVer":	"8.0",
					"mssFile":	"",
					"md5Digest":	"e2cdda41e7956801f4f51a65042beca0",
					"compatibleApp":	"",
					"domType":	"mssDomain",
					"arch":	"32-bit",
					"appSettings":	{
						"appCompilerFlags":	"",
						"appLinkerFlags":	""
					},
					"addedLibs":	[],
					"libOptions":	{
						"libsContainingOptions":	[]
					},
					"prebuiltLibs":	{
						"prebuiltIncPath":	[],
						"prebuiltLibPath":	[]
					},
					"isolation":	{
					}
				}]
		}]
}
KEYINFO::2025-03-28.22:58:27::SCWPlatform::updated the xpfm file.
TRACE::2025-03-28.22:58:28::SCWPlatform::Trying to open the hw design at E:/kevin/myCode/microBlaze1/vitisHome/syncBlaze/hw/design_1_wrapper.xsa
TRACE::2025-03-28.22:58:28::SCWPlatform::DSA given E:/kevin/myCode/microBlaze1/vitisHome/syncBlaze/hw/design_1_wrapper.xsa
TRACE::2025-03-28.22:58:28::SCWPlatform::DSA absoulate path E:/kevin/myCode/microBlaze1/vitisHome/syncBlaze/hw/design_1_wrapper.xsa
TRACE::2025-03-28.22:58:28::SCWPlatform::DSA directory E:/kevin/myCode/microBlaze1/vitisHome/syncBlaze/hw
TRACE::2025-03-28.22:58:28::SCWPlatform:: Platform Path E:/kevin/myCode/microBlaze1/vitisHome/syncBlaze/hw/design_1_wrapper.xsa
TRACE::2025-03-28.22:58:28::SCWPlatform:: Unique name xilinx:::0.0
TRACE::2025-03-28.22:58:28::SCWPlatform::Trying to set the existing hwdb with name design_1_wrapper_10
TRACE::2025-03-28.22:58:28::SCWPlatform::Opened existing hwdb design_1_wrapper_10
TRACE::2025-03-28.22:58:28::SCWPlatform::Found the Hw Db part of the input DSA
TRACE::2025-03-28.22:58:28::SCWMssOS::Checking the sw design at  E:/kevin/myCode/microBlaze1/vitisHome/syncBlaze/microblaze_0/standalone_domain/bsp/system.mss
TRACE::2025-03-28.22:58:28::SCWMssOS::DEBUG:  swdes dump  E:/kevin/myCode/microBlaze1/vitisHome/syncBlaze/microblaze_0/standalone_domain/bsp/system.mss|system||

TRACE::2025-03-28.22:58:28::SCWMssOS::Sw design exists and opened at  E:/kevin/myCode/microBlaze1/vitisHome/syncBlaze/microblaze_0/standalone_domain/bsp/system.mss
TRACE::2025-03-28.22:58:49::SCWPlatform::Clearing the existing platform
TRACE::2025-03-28.22:58:49::SCWSystem::Clearing the existing sysconfig
TRACE::2025-03-28.22:58:49::SCWMssOS::Removing the swdes entry for  E:/kevin/myCode/microBlaze1/vitisHome/syncBlaze/microblaze_0/standalone_domain/bsp/system.mss
TRACE::2025-03-28.22:58:49::SCWSystem::Clearing the domains completed.
TRACE::2025-03-28.22:58:49::SCWPlatform::Clearing the opened hw db.
TRACE::2025-03-28.22:58:49::SCWPlatform::DSA given E:/kevin/myCode/microBlaze1/vitisHome/syncBlaze/hw/design_1_wrapper.xsa
TRACE::2025-03-28.22:58:49::SCWPlatform::DSA absoulate path E:/kevin/myCode/microBlaze1/vitisHome/syncBlaze/hw/design_1_wrapper.xsa
TRACE::2025-03-28.22:58:49::SCWPlatform:: Platform location is E:/kevin/myCode/microBlaze1/vitisHome/syncBlaze/hw
TRACE::2025-03-28.22:58:49::SCWPlatform:: Platform Path E:/kevin/myCode/microBlaze1/vitisHome/syncBlaze/hw/design_1_wrapper.xsa
TRACE::2025-03-28.22:58:49::SCWPlatform:: Unique name xilinx:::0.0
TRACE::2025-03-28.22:58:49::SCWPlatform::Removing the HwDB with name E:/kevin/myCode/microBlaze1/vitisHome/syncBlaze/hw/design_1_wrapper.xsa
TRACE::2025-03-28.22:58:49::SCWPlatform::Trying to open the hw design at E:/kevin/myCode/microBlaze1/vitisHome/syncBlaze/hw/design_1_wrapper.xsa
TRACE::2025-03-28.22:58:49::SCWPlatform::DSA given E:/kevin/myCode/microBlaze1/vitisHome/syncBlaze/hw/design_1_wrapper.xsa
TRACE::2025-03-28.22:58:49::SCWPlatform::DSA absoulate path E:/kevin/myCode/microBlaze1/vitisHome/syncBlaze/hw/design_1_wrapper.xsa
TRACE::2025-03-28.22:58:49::SCWPlatform::DSA directory E:/kevin/myCode/microBlaze1/vitisHome/syncBlaze/hw
TRACE::2025-03-28.22:58:49::SCWPlatform:: Platform Path E:/kevin/myCode/microBlaze1/vitisHome/syncBlaze/hw/design_1_wrapper.xsa
TRACE::2025-03-28.22:58:49::SCWPlatform:: Unique name xilinx:::0.0
TRACE::2025-03-28.22:58:49::SCWPlatform::Do not have an existing db opened. 
TRACE::2025-03-28.22:58:49::SCWPlatform::Opened new HwDB with name design_1_wrapper_12
TRACE::2025-03-28.22:58:49::SCWReader::Active system found as  syncBlaze
TRACE::2025-03-28.22:58:49::SCWReader::Handling sysconfig syncBlaze
TRACE::2025-03-28.22:58:49::SCWDomain::checking for install qemu data   : 
TRACE::2025-03-28.22:58:49::SCWPlatform::Trying to open the hw design at E:/kevin/myCode/microBlaze1/vitisHome/syncBlaze/hw/design_1_wrapper.xsa
TRACE::2025-03-28.22:58:49::SCWPlatform::DSA given E:/kevin/myCode/microBlaze1/vitisHome/syncBlaze/hw/design_1_wrapper.xsa
TRACE::2025-03-28.22:58:49::SCWPlatform::DSA absoulate path E:/kevin/myCode/microBlaze1/vitisHome/syncBlaze/hw/design_1_wrapper.xsa
TRACE::2025-03-28.22:58:49::SCWPlatform::DSA directory E:/kevin/myCode/microBlaze1/vitisHome/syncBlaze/hw
TRACE::2025-03-28.22:58:49::SCWPlatform:: Platform Path E:/kevin/myCode/microBlaze1/vitisHome/syncBlaze/hw/design_1_wrapper.xsa
TRACE::2025-03-28.22:58:49::SCWPlatform:: Unique name xilinx:::0.0
TRACE::2025-03-28.22:58:49::SCWPlatform::Trying to set the existing hwdb with name design_1_wrapper_12
TRACE::2025-03-28.22:58:49::SCWPlatform::Opened existing hwdb design_1_wrapper_12
TRACE::2025-03-28.22:58:49::SCWPlatform::Found the Hw Db part of the input DSA
TRACE::2025-03-28.22:58:49::SCWPlatform::Trying to open the hw design at E:/kevin/myCode/microBlaze1/vitisHome/syncBlaze/hw/design_1_wrapper.xsa
TRACE::2025-03-28.22:58:49::SCWPlatform::DSA given E:/kevin/myCode/microBlaze1/vitisHome/syncBlaze/hw/design_1_wrapper.xsa
TRACE::2025-03-28.22:58:49::SCWPlatform::DSA absoulate path E:/kevin/myCode/microBlaze1/vitisHome/syncBlaze/hw/design_1_wrapper.xsa
TRACE::2025-03-28.22:58:49::SCWPlatform::DSA directory E:/kevin/myCode/microBlaze1/vitisHome/syncBlaze/hw
TRACE::2025-03-28.22:58:49::SCWPlatform:: Platform Path E:/kevin/myCode/microBlaze1/vitisHome/syncBlaze/hw/design_1_wrapper.xsa
TRACE::2025-03-28.22:58:49::SCWPlatform:: Unique name xilinx:::0.0
TRACE::2025-03-28.22:58:49::SCWPlatform::Trying to set the existing hwdb with name design_1_wrapper_12
TRACE::2025-03-28.22:58:49::SCWPlatform::Opened existing hwdb design_1_wrapper_12
TRACE::2025-03-28.22:58:49::SCWPlatform::Found the Hw Db part of the input DSA
TRACE::2025-03-28.22:58:49::SCWPlatform::Trying to open the hw design at E:/kevin/myCode/microBlaze1/vitisHome/syncBlaze/hw/design_1_wrapper.xsa
TRACE::2025-03-28.22:58:49::SCWPlatform::DSA given E:/kevin/myCode/microBlaze1/vitisHome/syncBlaze/hw/design_1_wrapper.xsa
TRACE::2025-03-28.22:58:49::SCWPlatform::DSA absoulate path E:/kevin/myCode/microBlaze1/vitisHome/syncBlaze/hw/design_1_wrapper.xsa
TRACE::2025-03-28.22:58:49::SCWPlatform::DSA directory E:/kevin/myCode/microBlaze1/vitisHome/syncBlaze/hw
TRACE::2025-03-28.22:58:49::SCWPlatform:: Platform Path E:/kevin/myCode/microBlaze1/vitisHome/syncBlaze/hw/design_1_wrapper.xsa
TRACE::2025-03-28.22:58:49::SCWPlatform:: Unique name xilinx:::0.0
TRACE::2025-03-28.22:58:49::SCWPlatform::Trying to set the existing hwdb with name design_1_wrapper_12
TRACE::2025-03-28.22:58:49::SCWPlatform::Opened existing hwdb design_1_wrapper_12
TRACE::2025-03-28.22:58:49::SCWPlatform::Found the Hw Db part of the input DSA
TRACE::2025-03-28.22:58:49::SCWPlatform::Trying to open the hw design at E:/kevin/myCode/microBlaze1/vitisHome/syncBlaze/hw/design_1_wrapper.xsa
TRACE::2025-03-28.22:58:49::SCWPlatform::DSA given E:/kevin/myCode/microBlaze1/vitisHome/syncBlaze/hw/design_1_wrapper.xsa
TRACE::2025-03-28.22:58:49::SCWPlatform::DSA absoulate path E:/kevin/myCode/microBlaze1/vitisHome/syncBlaze/hw/design_1_wrapper.xsa
TRACE::2025-03-28.22:58:49::SCWPlatform::DSA directory E:/kevin/myCode/microBlaze1/vitisHome/syncBlaze/hw
TRACE::2025-03-28.22:58:49::SCWPlatform:: Platform Path E:/kevin/myCode/microBlaze1/vitisHome/syncBlaze/hw/design_1_wrapper.xsa
TRACE::2025-03-28.22:58:49::SCWPlatform:: Unique name xilinx:::0.0
TRACE::2025-03-28.22:58:49::SCWPlatform::Trying to set the existing hwdb with name design_1_wrapper_12
TRACE::2025-03-28.22:58:49::SCWPlatform::Opened existing hwdb design_1_wrapper_12
TRACE::2025-03-28.22:58:49::SCWPlatform::Found the Hw Db part of the input DSA
TRACE::2025-03-28.22:58:49::SCWMssOS::Checking the sw design at  E:/kevin/myCode/microBlaze1/vitisHome/syncBlaze/microblaze_0/standalone_domain/bsp/system.mss
TRACE::2025-03-28.22:58:49::SCWMssOS::DEBUG:  swdes dump  
TRACE::2025-03-28.22:58:49::SCWMssOS::No sw design opened at  E:/kevin/myCode/microBlaze1/vitisHome/syncBlaze/microblaze_0/standalone_domain/bsp/system.mss
TRACE::2025-03-28.22:58:49::SCWMssOS::mss exists loading the mss file  E:/kevin/myCode/microBlaze1/vitisHome/syncBlaze/microblaze_0/standalone_domain/bsp/system.mss
TRACE::2025-03-28.22:58:49::SCWMssOS::Opened the sw design from mss  E:/kevin/myCode/microBlaze1/vitisHome/syncBlaze/microblaze_0/standalone_domain/bsp/system.mss
TRACE::2025-03-28.22:58:49::SCWMssOS::Adding the swdes entry E:/kevin/myCode/microBlaze1/vitisHome/syncBlaze/microblaze_0/standalone_domain/bsp/system.mss with des name system
TRACE::2025-03-28.22:58:49::SCWMssOS::updating the scw layer about changes
TRACE::2025-03-28.22:58:49::SCWMssOS::Opened the sw design.  E:/kevin/myCode/microBlaze1/vitisHome/syncBlaze/microblaze_0/standalone_domain/bsp/system.mss
TRACE::2025-03-28.22:58:49::SCWMssOS::Saving the mss changes E:/kevin/myCode/microBlaze1/vitisHome/syncBlaze/microblaze_0/standalone_domain/bsp/system.mss
TRACE::2025-03-28.22:58:49::SCWMssOS::Found a swdesign opened with the mssfile.
TRACE::2025-03-28.22:58:49::SCWMssOS::Completed writemss as part of save.
TRACE::2025-03-28.22:58:49::SCWMssOS::Commit changes completed.
TRACE::2025-03-28.22:58:49::SCWReader::Adding prebuilt librarypaths as   
TRACE::2025-03-28.22:58:49::SCWReader::Adding prebuilt incpaths  as   
TRACE::2025-03-28.22:58:49::SCWPlatform::Trying to open the hw design at E:/kevin/myCode/microBlaze1/vitisHome/syncBlaze/hw/design_1_wrapper.xsa
TRACE::2025-03-28.22:58:49::SCWPlatform::DSA given E:/kevin/myCode/microBlaze1/vitisHome/syncBlaze/hw/design_1_wrapper.xsa
TRACE::2025-03-28.22:58:49::SCWPlatform::DSA absoulate path E:/kevin/myCode/microBlaze1/vitisHome/syncBlaze/hw/design_1_wrapper.xsa
TRACE::2025-03-28.22:58:49::SCWPlatform::DSA directory E:/kevin/myCode/microBlaze1/vitisHome/syncBlaze/hw
TRACE::2025-03-28.22:58:49::SCWPlatform:: Platform Path E:/kevin/myCode/microBlaze1/vitisHome/syncBlaze/hw/design_1_wrapper.xsa
TRACE::2025-03-28.22:58:49::SCWPlatform:: Unique name xilinx:::0.0
TRACE::2025-03-28.22:58:49::SCWPlatform::Trying to set the existing hwdb with name design_1_wrapper_12
TRACE::2025-03-28.22:58:49::SCWPlatform::Opened existing hwdb design_1_wrapper_12
TRACE::2025-03-28.22:58:49::SCWPlatform::Found the Hw Db part of the input DSA
TRACE::2025-03-28.22:58:49::SCWMssOS::Checking the sw design at  E:/kevin/myCode/microBlaze1/vitisHome/syncBlaze/microblaze_0/standalone_domain/bsp/system.mss
TRACE::2025-03-28.22:58:49::SCWMssOS::DEBUG:  swdes dump  E:/kevin/myCode/microBlaze1/vitisHome/syncBlaze/microblaze_0/standalone_domain/bsp/system.mss|system||

TRACE::2025-03-28.22:58:49::SCWMssOS::Sw design exists and opened at  E:/kevin/myCode/microBlaze1/vitisHome/syncBlaze/microblaze_0/standalone_domain/bsp/system.mss
TRACE::2025-03-28.22:58:49::SCWReader::No isolation master present  
TRACE::2025-03-28.22:59:09::SCWPlatform::DSA given E:/kevin/myCode/microBlaze1/vitisHome/syncBlaze/tempdsa/design_1_wrapper.xsa
TRACE::2025-03-28.22:59:09::SCWPlatform::DSA absoulate path E:/kevin/myCode/microBlaze1/vitisHome/syncBlaze/tempdsa/design_1_wrapper.xsa
TRACE::2025-03-28.22:59:09::SCWPlatform:: Platform location is E:/kevin/myCode/microBlaze1/vitisHome/syncBlaze/tempdsa
TRACE::2025-03-28.22:59:09::SCWPlatform:: Platform Path E:/kevin/myCode/microBlaze1/vitisHome/syncBlaze/tempdsa/design_1_wrapper.xsa
TRACE::2025-03-28.22:59:09::SCWPlatform:: Unique name xilinx:::0.0
TRACE::2025-03-28.22:59:09::SCWPlatform::Found the Hw Db part of the input DSA
TRACE::2025-03-28.22:59:09::SCWMssOS::Doing hw sync for the mss in domain: standalone_domain
TRACE::2025-03-28.22:59:09::SCWPlatform::Trying to open the hw design at E:/kevin/myCode/microBlaze1/vitisHome/syncBlaze/hw/design_1_wrapper.xsa
TRACE::2025-03-28.22:59:09::SCWPlatform::DSA given E:/kevin/myCode/microBlaze1/vitisHome/syncBlaze/hw/design_1_wrapper.xsa
TRACE::2025-03-28.22:59:09::SCWPlatform::DSA absoulate path E:/kevin/myCode/microBlaze1/vitisHome/syncBlaze/hw/design_1_wrapper.xsa
TRACE::2025-03-28.22:59:09::SCWPlatform::DSA directory E:/kevin/myCode/microBlaze1/vitisHome/syncBlaze/hw
TRACE::2025-03-28.22:59:09::SCWPlatform:: Platform Path E:/kevin/myCode/microBlaze1/vitisHome/syncBlaze/hw/design_1_wrapper.xsa
TRACE::2025-03-28.22:59:09::SCWPlatform:: Unique name xilinx:::0.0
TRACE::2025-03-28.22:59:09::SCWPlatform::Trying to set the existing hwdb with name design_1_wrapper_12
TRACE::2025-03-28.22:59:09::SCWPlatform::Opened existing hwdb design_1_wrapper_12
TRACE::2025-03-28.22:59:09::SCWPlatform::Found the Hw Db part of the input DSA
TRACE::2025-03-28.22:59:09::SCWPlatform::Trying to open the hw design at E:/kevin/myCode/microBlaze1/vitisHome/syncBlaze/hw/design_1_wrapper.xsa
TRACE::2025-03-28.22:59:09::SCWPlatform::DSA given E:/kevin/myCode/microBlaze1/vitisHome/syncBlaze/hw/design_1_wrapper.xsa
TRACE::2025-03-28.22:59:09::SCWPlatform::DSA absoulate path E:/kevin/myCode/microBlaze1/vitisHome/syncBlaze/hw/design_1_wrapper.xsa
TRACE::2025-03-28.22:59:09::SCWPlatform::DSA directory E:/kevin/myCode/microBlaze1/vitisHome/syncBlaze/hw
TRACE::2025-03-28.22:59:09::SCWPlatform:: Platform Path E:/kevin/myCode/microBlaze1/vitisHome/syncBlaze/hw/design_1_wrapper.xsa
TRACE::2025-03-28.22:59:09::SCWPlatform:: Unique name xilinx:::0.0
TRACE::2025-03-28.22:59:09::SCWPlatform::Trying to set the existing hwdb with name design_1_wrapper_12
TRACE::2025-03-28.22:59:09::SCWPlatform::Opened existing hwdb design_1_wrapper_12
TRACE::2025-03-28.22:59:09::SCWPlatform::Found the Hw Db part of the input DSA
TRACE::2025-03-28.22:59:09::SCWMssOS::Checking the sw design at  E:/kevin/myCode/microBlaze1/vitisHome/syncBlaze/microblaze_0/standalone_domain/bsp/system.mss
TRACE::2025-03-28.22:59:09::SCWMssOS::DEBUG:  swdes dump  E:/kevin/myCode/microBlaze1/vitisHome/syncBlaze/microblaze_0/standalone_domain/bsp/system.mss|system||

TRACE::2025-03-28.22:59:09::SCWMssOS::Sw design exists and opened at  E:/kevin/myCode/microBlaze1/vitisHome/syncBlaze/microblaze_0/standalone_domain/bsp/system.mss
TRACE::2025-03-28.22:59:09::SCWPlatform::Trying to open the hw design at E:/kevin/myCode/microBlaze1/vitisHome/syncBlaze/tempdsa/design_1_wrapper.xsa
TRACE::2025-03-28.22:59:09::SCWPlatform::DSA given E:/kevin/myCode/microBlaze1/vitisHome/syncBlaze/tempdsa/design_1_wrapper.xsa
TRACE::2025-03-28.22:59:09::SCWPlatform::DSA absoulate path E:/kevin/myCode/microBlaze1/vitisHome/syncBlaze/tempdsa/design_1_wrapper.xsa
TRACE::2025-03-28.22:59:09::SCWPlatform::DSA directory E:/kevin/myCode/microBlaze1/vitisHome/syncBlaze/tempdsa
TRACE::2025-03-28.22:59:09::SCWPlatform:: Platform Path E:/kevin/myCode/microBlaze1/vitisHome/syncBlaze/tempdsa/design_1_wrapper.xsa
TRACE::2025-03-28.22:59:09::SCWPlatform:: Unique name xilinx:::0.0
TRACE::2025-03-28.22:59:09::SCWPlatform::update - Opened existing hwdb design_1_wrapper_13
TRACE::2025-03-28.22:59:09::SCWPlatform::Found the Hw Db part of the input DSA
TRACE::2025-03-28.22:59:09::SCWMssOS::Saving the mss changes E:/kevin/myCode/microBlaze1/vitisHome/syncBlaze/microblaze_0/standalone_domain/bsp/system.mss
TRACE::2025-03-28.22:59:09::SCWMssOS::Found a swdesign opened with the mssfile.
TRACE::2025-03-28.22:59:09::SCWMssOS::Completed writemss as part of save.
TRACE::2025-03-28.22:59:09::SCWMssOS::Commit changes completed.
TRACE::2025-03-28.22:59:09::SCWMssOS::Completed hw sync for the mss in domain: standalone_domain
TRACE::2025-03-28.22:59:09::SCWMssOS::Removing the swdes entry for  E:/kevin/myCode/microBlaze1/vitisHome/syncBlaze/microblaze_0/standalone_domain/bsp/system.mss
TRACE::2025-03-28.22:59:09::SCWPlatform::Trying to open the hw design at E:/kevin/myCode/microBlaze1/vitisHome/syncBlaze/hw/design_1_wrapper.xsa
TRACE::2025-03-28.22:59:09::SCWPlatform::DSA given E:/kevin/myCode/microBlaze1/vitisHome/syncBlaze/hw/design_1_wrapper.xsa
TRACE::2025-03-28.22:59:09::SCWPlatform::DSA absoulate path E:/kevin/myCode/microBlaze1/vitisHome/syncBlaze/hw/design_1_wrapper.xsa
TRACE::2025-03-28.22:59:09::SCWPlatform::DSA directory E:/kevin/myCode/microBlaze1/vitisHome/syncBlaze/hw
TRACE::2025-03-28.22:59:09::SCWPlatform:: Platform Path E:/kevin/myCode/microBlaze1/vitisHome/syncBlaze/hw/design_1_wrapper.xsa
TRACE::2025-03-28.22:59:09::SCWPlatform:: Unique name xilinx:::0.0
TRACE::2025-03-28.22:59:09::SCWPlatform::Do not have an existing db opened. 
TRACE::2025-03-28.22:59:10::SCWPlatform::Opened new HwDB with name design_1_wrapper_14
TRACE::2025-03-28.22:59:10::SCWMssOS::Saving the mss changes E:/kevin/myCode/microBlaze1/vitisHome/syncBlaze/microblaze_0/standalone_domain/bsp/system.mss
TRACE::2025-03-28.22:59:10::SCWMssOS::Adding the swdes entry, mss present, able to open swdb E:/kevin/myCode/microBlaze1/vitisHome/syncBlaze/microblaze_0/standalone_domain/bsp/system.mss with des name system
TRACE::2025-03-28.22:59:10::SCWMssOS::Writing the mss file completed E:/kevin/myCode/microBlaze1/vitisHome/syncBlaze/microblaze_0/standalone_domain/bsp/system.mss
TRACE::2025-03-28.22:59:10::SCWMssOS::Commit changes completed.
TRACE::2025-03-28.22:59:10::SCWPlatform::Trying to open the hw design at E:/kevin/myCode/microBlaze1/vitisHome/syncBlaze/hw/design_1_wrapper.xsa
TRACE::2025-03-28.22:59:10::SCWPlatform::DSA given E:/kevin/myCode/microBlaze1/vitisHome/syncBlaze/hw/design_1_wrapper.xsa
TRACE::2025-03-28.22:59:10::SCWPlatform::DSA absoulate path E:/kevin/myCode/microBlaze1/vitisHome/syncBlaze/hw/design_1_wrapper.xsa
TRACE::2025-03-28.22:59:10::SCWPlatform::DSA directory E:/kevin/myCode/microBlaze1/vitisHome/syncBlaze/hw
TRACE::2025-03-28.22:59:10::SCWPlatform:: Platform Path E:/kevin/myCode/microBlaze1/vitisHome/syncBlaze/hw/design_1_wrapper.xsa
TRACE::2025-03-28.22:59:10::SCWPlatform:: Unique name xilinx:::0.0
TRACE::2025-03-28.22:59:10::SCWPlatform::Trying to set the existing hwdb with name design_1_wrapper_14
TRACE::2025-03-28.22:59:10::SCWPlatform::Opened existing hwdb design_1_wrapper_14
TRACE::2025-03-28.22:59:10::SCWPlatform::Found the Hw Db part of the input DSA
TRACE::2025-03-28.22:59:10::SCWMssOS::Checking the sw design at  E:/kevin/myCode/microBlaze1/vitisHome/syncBlaze/microblaze_0/standalone_domain/bsp/system.mss
TRACE::2025-03-28.22:59:10::SCWMssOS::DEBUG:  swdes dump  E:/kevin/myCode/microBlaze1/vitisHome/syncBlaze/microblaze_0/standalone_domain/bsp/system.mss|system||

TRACE::2025-03-28.22:59:10::SCWMssOS::Sw design exists and opened at  E:/kevin/myCode/microBlaze1/vitisHome/syncBlaze/microblaze_0/standalone_domain/bsp/system.mss
TRACE::2025-03-28.22:59:10::SCWWriter::formatted JSON is {
	"platformName":	"syncBlaze",
	"sprVersion":	"2.0",
	"mode":	"gui",
	"dsaType":	"Fixed",
	"platformDesc":	"syncBlaze",
	"platHandOff":	"E:/kevin/myCode/microBlaze1/design_1_wrapper.xsa",
	"platIntHandOff":	"<platformDir>/hw/design_1_wrapper.xsa",
	"deviceType":	"FPGA",
	"platIsPrebuiltAutogen":	"false",
	"platIsNoBootBsp":	"false",
	"hasFsblMakeHasChanges":	"false",
	"hasPmufwMakeHasChanges":	"false",
	"platPreBuiltFlag":	false,
	"platformSamplesDir":	"",
	"platActiveSys":	"syncBlaze",
	"systems":	[{
			"systemName":	"syncBlaze",
			"systemDesc":	"syncBlaze",
			"sysIsBootAutoGen":	"true",
			"systemDispName":	"syncBlaze",
			"sysActiveDom":	"standalone_domain",
			"sysDefaultDom":	"standalone_domain",
			"domains":	[{
					"domainName":	"standalone_domain",
					"domainDispName":	"standalone on microblaze_0",
					"domainDesc":	"standalone_domain",
					"processors":	"microblaze_0",
					"os":	"standalone",
					"sdxOs":	"standalone",
					"debugEnable":	"False",
					"domRuntimes":	["cpp"],
					"swRepo":	"",
					"mssOsVer":	"8.0",
					"mssFile":	"",
					"md5Digest":	"e2cdda41e7956801f4f51a65042beca01",
					"compatibleApp":	"",
					"domType":	"mssDomain",
					"arch":	"32-bit",
					"appSettings":	{
						"appCompilerFlags":	"",
						"appLinkerFlags":	""
					},
					"addedLibs":	[],
					"libOptions":	{
						"libsContainingOptions":	[]
					},
					"prebuiltLibs":	{
						"prebuiltIncPath":	[],
						"prebuiltLibPath":	[]
					},
					"isolation":	{
					}
				}]
		}]
}
LOG::2025-03-28.22:59:20::SCWPlatform::Started generating the artifacts platform syncBlaze
TRACE::2025-03-28.22:59:20::SCWPlatform::Sanity checking of platform is completed
LOG::2025-03-28.22:59:20::SCWPlatform::Started generating the artifacts for system configuration syncBlaze
LOG::2025-03-28.22:59:20::SCWSystem::Checking the domain standalone_domain
LOG::2025-03-28.22:59:20::SCWSystem::Not a boot domain 
LOG::2025-03-28.22:59:20::SCWSystem::Started Processing the domain standalone_domain
TRACE::2025-03-28.22:59:20::SCWDomain::Generating domain artifcats
TRACE::2025-03-28.22:59:20::SCWMssOS::Generating standalone artifcats
TRACE::2025-03-28.22:59:20::SCWMssOS:: Copying the user libraries. 
TRACE::2025-03-28.22:59:20::SCWPlatform::Trying to open the hw design at E:/kevin/myCode/microBlaze1/vitisHome/syncBlaze/hw/design_1_wrapper.xsa
TRACE::2025-03-28.22:59:20::SCWPlatform::DSA given E:/kevin/myCode/microBlaze1/vitisHome/syncBlaze/hw/design_1_wrapper.xsa
TRACE::2025-03-28.22:59:20::SCWPlatform::DSA absoulate path E:/kevin/myCode/microBlaze1/vitisHome/syncBlaze/hw/design_1_wrapper.xsa
TRACE::2025-03-28.22:59:20::SCWPlatform::DSA directory E:/kevin/myCode/microBlaze1/vitisHome/syncBlaze/hw
TRACE::2025-03-28.22:59:20::SCWPlatform:: Platform Path E:/kevin/myCode/microBlaze1/vitisHome/syncBlaze/hw/design_1_wrapper.xsa
TRACE::2025-03-28.22:59:20::SCWPlatform:: Unique name xilinx:::0.0
TRACE::2025-03-28.22:59:20::SCWPlatform::Trying to set the existing hwdb with name design_1_wrapper_14
TRACE::2025-03-28.22:59:20::SCWPlatform::Opened existing hwdb design_1_wrapper_14
TRACE::2025-03-28.22:59:20::SCWPlatform::Found the Hw Db part of the input DSA
TRACE::2025-03-28.22:59:20::SCWMssOS::Checking the sw design at  E:/kevin/myCode/microBlaze1/vitisHome/syncBlaze/microblaze_0/standalone_domain/bsp/system.mss
TRACE::2025-03-28.22:59:20::SCWMssOS::DEBUG:  swdes dump  E:/kevin/myCode/microBlaze1/vitisHome/syncBlaze/microblaze_0/standalone_domain/bsp/system.mss|system||

TRACE::2025-03-28.22:59:20::SCWMssOS::Sw design exists and opened at  E:/kevin/myCode/microBlaze1/vitisHome/syncBlaze/microblaze_0/standalone_domain/bsp/system.mss
TRACE::2025-03-28.22:59:20::SCWMssOS::Completed writing the mss file at E:/kevin/myCode/microBlaze1/vitisHome/syncBlaze/microblaze_0/standalone_domain/bsp
TRACE::2025-03-28.22:59:20::SCWMssOS::Mss edits present, copying mssfile into export location E:/kevin/myCode/microBlaze1/vitisHome/syncBlaze/microblaze_0/standalone_domain/bsp/system.mss
TRACE::2025-03-28.22:59:20::SCWMssOS::bsp generated is stale removing and regenerating. 
TRACE::2025-03-28.22:59:20::SCWMssOS::doing bsp build ... 
TRACE::2025-03-28.22:59:20::SCWMssOS::System Command Ran  E: & cd  E:/kevin/myCode/microBlaze1/vitisHome/syncBlaze/microblaze_0/standalone_domain/bsp & make 
TRACE::2025-03-28.22:59:20::SCWMssOS::make --no-print-directory seq_libs

TRACE::2025-03-28.22:59:20::SCWMssOS::'Finished building libraries sequentially.'

TRACE::2025-03-28.22:59:20::SCWMssOS::make -j 22 --no-print-directory par_libs

TRACE::2025-03-28.22:59:20::SCWMssOS::"Running Make include in microblaze_0/libsrc/bram_v4_8/src"

TRACE::2025-03-28.22:59:20::SCWMssOS::make -C microblaze_0/libsrc/bram_v4_8/src -s include  "SHELL=CMD" "COMPILER=mb-gcc" "ASSEMBLER=mb-as" "ARCHIVER=mb-ar" "COMPILE
TRACE::2025-03-28.22:59:20::SCWMssOS::R_FLAGS=  -O2 -c -mcpu=v11.0 -mlittle-endian -mxl-soft-mul" "EXTRA_COMPILER_FLAGS=-g -ffunction-sections -fdata-sections -Wall 
TRACE::2025-03-28.22:59:20::SCWMssOS::-Wextra -fno-tree-loop-distribute-patterns"

TRACE::2025-03-28.22:59:20::SCWMssOS::"Running Make include in microblaze_0/libsrc/cpu_v2_16/src"

TRACE::2025-03-28.22:59:20::SCWMssOS::make -C microblaze_0/libsrc/cpu_v2_16/src -s include  "SHELL=CMD" "COMPILER=mb-gcc" "ASSEMBLER=mb-as" "ARCHIVER=mb-ar" "COMPILE
TRACE::2025-03-28.22:59:20::SCWMssOS::R_FLAGS=  -O2 -c -mcpu=v11.0 -mlittle-endian -mxl-soft-mul" "EXTRA_COMPILER_FLAGS=-g -ffunction-sections -fdata-sections -Wall 
TRACE::2025-03-28.22:59:20::SCWMssOS::-Wextra -fno-tree-loop-distribute-patterns"

TRACE::2025-03-28.22:59:20::SCWMssOS::"Running Make include in microblaze_0/libsrc/gpio_v4_9/src"

TRACE::2025-03-28.22:59:20::SCWMssOS::make -C microblaze_0/libsrc/gpio_v4_9/src -s include  "SHELL=CMD" "COMPILER=mb-gcc" "ASSEMBLER=mb-as" "ARCHIVER=mb-ar" "COMPILE
TRACE::2025-03-28.22:59:20::SCWMssOS::R_FLAGS=  -O2 -c -mcpu=v11.0 -mlittle-endian -mxl-soft-mul" "EXTRA_COMPILER_FLAGS=-g -ffunction-sections -fdata-sections -Wall 
TRACE::2025-03-28.22:59:20::SCWMssOS::-Wextra -fno-tree-loop-distribute-patterns"

TRACE::2025-03-28.22:59:20::SCWMssOS::"Running Make include in microblaze_0/libsrc/intc_v3_15/src"

TRACE::2025-03-28.22:59:20::SCWMssOS::make -C microblaze_0/libsrc/intc_v3_15/src -s include  "SHELL=CMD" "COMPILER=mb-gcc" "ASSEMBLER=mb-as" "ARCHIVER=mb-ar" "COMPIL
TRACE::2025-03-28.22:59:20::SCWMssOS::ER_FLAGS=  -O2 -c -mcpu=v11.0 -mlittle-endian -mxl-soft-mul" "EXTRA_COMPILER_FLAGS=-g -ffunction-sections -fdata-sections -Wall
TRACE::2025-03-28.22:59:20::SCWMssOS:: -Wextra -fno-tree-loop-distribute-patterns"

TRACE::2025-03-28.22:59:20::SCWMssOS::"Running Make include in microblaze_0/libsrc/standalone_v8_0/src"

TRACE::2025-03-28.22:59:20::SCWMssOS::make -C microblaze_0/libsrc/standalone_v8_0/src -s include  "SHELL=CMD" "COMPILER=mb-gcc" "ASSEMBLER=mb-as" "ARCHIVER=mb-ar" "C
TRACE::2025-03-28.22:59:20::SCWMssOS::OMPILER_FLAGS=  -O2 -c -mcpu=v11.0 -mlittle-endian -mxl-soft-mul" "EXTRA_COMPILER_FLAGS=-g -ffunction-sections -fdata-sections 
TRACE::2025-03-28.22:59:20::SCWMssOS::-Wall -Wextra -fno-tree-loop-distribute-patterns"

TRACE::2025-03-28.22:59:20::SCWMssOS::"Running Make include in microblaze_0/libsrc/tmrctr_v4_9/src"

TRACE::2025-03-28.22:59:20::SCWMssOS::make -C microblaze_0/libsrc/tmrctr_v4_9/src -s include  "SHELL=CMD" "COMPILER=mb-gcc" "ASSEMBLER=mb-as" "ARCHIVER=mb-ar" "COMPI
TRACE::2025-03-28.22:59:20::SCWMssOS::LER_FLAGS=  -O2 -c -mcpu=v11.0 -mlittle-endian -mxl-soft-mul" "EXTRA_COMPILER_FLAGS=-g -ffunction-sections -fdata-sections -Wal
TRACE::2025-03-28.22:59:20::SCWMssOS::l -Wextra -fno-tree-loop-distribute-patterns"

TRACE::2025-03-28.22:59:20::SCWMssOS::"Running Make include in microblaze_0/libsrc/uartlite_v3_7/src"

TRACE::2025-03-28.22:59:20::SCWMssOS::make -C microblaze_0/libsrc/uartlite_v3_7/src -s include  "SHELL=CMD" "COMPILER=mb-gcc" "ASSEMBLER=mb-as" "ARCHIVER=mb-ar" "COM
TRACE::2025-03-28.22:59:20::SCWMssOS::PILER_FLAGS=  -O2 -c -mcpu=v11.0 -mlittle-endian -mxl-soft-mul" "EXTRA_COMPILER_FLAGS=-g -ffunction-sections -fdata-sections -W
TRACE::2025-03-28.22:59:20::SCWMssOS::all -Wextra -fno-tree-loop-distribute-patterns"

TRACE::2025-03-28.22:59:20::SCWMssOS::"Running Make libs in microblaze_0/libsrc/bram_v4_8/src"

TRACE::2025-03-28.22:59:20::SCWMssOS::make -C microblaze_0/libsrc/bram_v4_8/src -s libs  "SHELL=CMD" "COMPILER=mb-gcc" "ASSEMBLER=mb-as" "ARCHIVER=mb-ar" "COMPILER_F
TRACE::2025-03-28.22:59:20::SCWMssOS::LAGS=  -O2 -c -mcpu=v11.0 -mlittle-endian -mxl-soft-mul" "EXTRA_COMPILER_FLAGS=-g -ffunction-sections -fdata-sections -Wall -We
TRACE::2025-03-28.22:59:20::SCWMssOS::xtra -fno-tree-loop-distribute-patterns"

TRACE::2025-03-28.22:59:20::SCWMssOS::"Running Make libs in microblaze_0/libsrc/cpu_v2_16/src"

TRACE::2025-03-28.22:59:20::SCWMssOS::make -C microblaze_0/libsrc/cpu_v2_16/src -s libs  "SHELL=CMD" "COMPILER=mb-gcc" "ASSEMBLER=mb-as" "ARCHIVER=mb-ar" "COMPILER_F
TRACE::2025-03-28.22:59:20::SCWMssOS::LAGS=  -O2 -c -mcpu=v11.0 -mlittle-endian -mxl-soft-mul" "EXTRA_COMPILER_FLAGS=-g -ffunction-sections -fdata-sections -Wall -We
TRACE::2025-03-28.22:59:20::SCWMssOS::xtra -fno-tree-loop-distribute-patterns"

TRACE::2025-03-28.22:59:20::SCWMssOS::"Running Make libs in microblaze_0/libsrc/gpio_v4_9/src"

TRACE::2025-03-28.22:59:20::SCWMssOS::make -C microblaze_0/libsrc/gpio_v4_9/src -s libs  "SHELL=CMD" "COMPILER=mb-gcc" "ASSEMBLER=mb-as" "ARCHIVER=mb-ar" "COMPILER_F
TRACE::2025-03-28.22:59:20::SCWMssOS::LAGS=  -O2 -c -mcpu=v11.0 -mlittle-endian -mxl-soft-mul" "EXTRA_COMPILER_FLAGS=-g -ffunction-sections -fdata-sections -Wall -We
TRACE::2025-03-28.22:59:20::SCWMssOS::xtra -fno-tree-loop-distribute-patterns"

TRACE::2025-03-28.22:59:20::SCWMssOS::"Running Make libs in microblaze_0/libsrc/intc_v3_15/src"

TRACE::2025-03-28.22:59:20::SCWMssOS::make -C microblaze_0/libsrc/intc_v3_15/src -s libs  "SHELL=CMD" "COMPILER=mb-gcc" "ASSEMBLER=mb-as" "ARCHIVER=mb-ar" "COMPILER_
TRACE::2025-03-28.22:59:20::SCWMssOS::FLAGS=  -O2 -c -mcpu=v11.0 -mlittle-endian -mxl-soft-mul" "EXTRA_COMPILER_FLAGS=-g -ffunction-sections -fdata-sections -Wall -W
TRACE::2025-03-28.22:59:20::SCWMssOS::extra -fno-tree-loop-distribute-patterns"

TRACE::2025-03-28.22:59:20::SCWMssOS::"Running Make libs in microblaze_0/libsrc/standalone_v8_0/src"

TRACE::2025-03-28.22:59:21::SCWMssOS::make -C microblaze_0/libsrc/standalone_v8_0/src -s libs  "SHELL=CMD" "COMPILER=mb-gcc" "ASSEMBLER=mb-as" "ARCHIVER=mb-ar" "COMP
TRACE::2025-03-28.22:59:21::SCWMssOS::ILER_FLAGS=  -O2 -c -mcpu=v11.0 -mlittle-endian -mxl-soft-mul" "EXTRA_COMPILER_FLAGS=-g -ffunction-sections -fdata-sections -Wa
TRACE::2025-03-28.22:59:21::SCWMssOS::ll -Wextra -fno-tree-loop-distribute-patterns"

TRACE::2025-03-28.22:59:21::SCWMssOS::"Running Make libs in microblaze_0/libsrc/tmrctr_v4_9/src"

TRACE::2025-03-28.22:59:21::SCWMssOS::make -C microblaze_0/libsrc/tmrctr_v4_9/src -s libs  "SHELL=CMD" "COMPILER=mb-gcc" "ASSEMBLER=mb-as" "ARCHIVER=mb-ar" "COMPILER
TRACE::2025-03-28.22:59:21::SCWMssOS::_FLAGS=  -O2 -c -mcpu=v11.0 -mlittle-endian -mxl-soft-mul" "EXTRA_COMPILER_FLAGS=-g -ffunction-sections -fdata-sections -Wall -
TRACE::2025-03-28.22:59:21::SCWMssOS::Wextra -fno-tree-loop-distribute-patterns"

TRACE::2025-03-28.22:59:21::SCWMssOS::"Running Make libs in microblaze_0/libsrc/uartlite_v3_7/src"

TRACE::2025-03-28.22:59:21::SCWMssOS::make -C microblaze_0/libsrc/uartlite_v3_7/src -s libs  "SHELL=CMD" "COMPILER=mb-gcc" "ASSEMBLER=mb-as" "ARCHIVER=mb-ar" "COMPIL
TRACE::2025-03-28.22:59:21::SCWMssOS::ER_FLAGS=  -O2 -c -mcpu=v11.0 -mlittle-endian -mxl-soft-mul" "EXTRA_COMPILER_FLAGS=-g -ffunction-sections -fdata-sections -Wall
TRACE::2025-03-28.22:59:21::SCWMssOS:: -Wextra -fno-tree-loop-distribute-patterns"

TRACE::2025-03-28.22:59:21::SCWMssOS::"DEBUG NON_LTO_OBJECTS is ../../../lib/microblaze_interrupt_handler.o"

TRACE::2025-03-28.22:59:21::SCWMssOS::'Finished building libraries parallelly.'

TRACE::2025-03-28.22:59:21::SCWMssOS::make --no-print-directory archive

TRACE::2025-03-28.22:59:21::SCWMssOS::mb-ar -r  microblaze_0/lib/libxil.a microblaze_0/lib/_exit.o microblaze_0/lib/errno.o microblaze_0/lib/fcntl.o microblaze_0/lib
TRACE::2025-03-28.22:59:21::SCWMssOS::/hw_exception_handler.o microblaze_0/lib/inbyte.o microblaze_0/lib/microblaze_disable_dcache.o microblaze_0/lib/microblaze_disa
TRACE::2025-03-28.22:59:21::SCWMssOS::ble_exceptions.o microblaze_0/lib/microblaze_disable_icache.o microblaze_0/lib/microblaze_disable_interrupts.o microblaze_0/lib
TRACE::2025-03-28.22:59:21::SCWMssOS::/microblaze_enable_dcache.o microblaze_0/lib/microblaze_enable_exceptions.o microblaze_0/lib/microblaze_enable_icache.o microbl
TRACE::2025-03-28.22:59:21::SCWMssOS::aze_0/lib/microblaze_enable_interrupts.o microblaze_0/lib/microblaze_exception_handler.o microblaze_0/lib/microblaze_flush_cach
TRACE::2025-03-28.22:59:21::SCWMssOS::e_ext.o microblaze_0/lib/microblaze_flush_cache_ext_range.o microblaze_0/lib/microblaze_flush_dcache.o microblaze_0/lib/microbl
TRACE::2025-03-28.22:59:21::SCWMssOS::aze_flush_dcache_range.o microblaze_0/lib/microblaze_init_dcache_range.o microblaze_0/lib/microblaze_init_icache_range.o microb
TRACE::2025-03-28.22:59:21::SCWMssOS::laze_0/lib/microblaze_interrupt_handler.o microblaze_0/lib/microblaze_interrupts_g.o microblaze_0/lib/microblaze_invalidate_cac
TRACE::2025-03-28.22:59:21::SCWMssOS::he_ext.o microblaze_0/lib/microblaze_invalidate_cache_ext_range.o microblaze_0/lib/microblaze_invalidate_dcache.o microblaze_0/
TRACE::2025-03-28.22:59:21::SCWMssOS::lib/microblaze_invalidate_dcache_range.o microblaze_0/lib/microblaze_invalidate_icache.o microblaze_0/lib/microblaze_invalidate
TRACE::2025-03-28.22:59:21::SCWMssOS::_icache_range.o microblaze_0/lib/microblaze_scrub.o microblaze_0/lib/microblaze_selftest.o microblaze_0/lib/microblaze_sleep.o 
TRACE::2025-03-28.22:59:21::SCWMssOS::microblaze_0/lib/microblaze_update_dcache.o microblaze_0/lib/microblaze_update_icache.o microblaze_0/lib/outbyte.o microblaze_0
TRACE::2025-03-28.22:59:21::SCWMssOS::/lib/print.o microblaze_0/lib/pvr.o microblaze_0/lib/xbram.o microblaze_0/lib/xbram_g.o microblaze_0/lib/xbram_intr.o microblaz
TRACE::2025-03-28.22:59:21::SCWMssOS::e_0/lib/xbram_selftest.o microblaze_0/lib/xbram_sinit.o microblaze_0/lib/xgpio.o microblaze_0/lib/xgpio_extra.o microblaze_0/li
TRACE::2025-03-28.22:59:21::SCWMssOS::b/xgpio_g.o microblaze_0/lib/xgpio_intr.o microblaze_0/lib/xgpio_selftest.o microblaze_0/lib/xgpio_sinit.o microblaze_0/lib/xil
TRACE::2025-03-28.22:59:21::SCWMssOS::_assert.o microblaze_0/lib/xil_cache.o microblaze_0/lib/xil_clocking.o microblaze_0/lib/xil_exception.o microblaze_0/lib/xil_me
TRACE::2025-03-28.22:59:21::SCWMssOS::m.o microblaze_0/lib/xil_misc_psreset_api.o microblaze_0/lib/xil_printf.o microblaze_0/lib/xil_sleepcommon.o microblaze_0/lib/x
TRACE::2025-03-28.22:59:21::SCWMssOS::il_testcache.o microblaze_0/lib/xil_testio.o microblaze_0/lib/xil_testmem.o microblaze_0/lib/xil_util.o microblaze_0/lib/xintc.
TRACE::2025-03-28.22:59:21::SCWMssOS::o microblaze_0/lib/xintc_g.o microblaze_0/lib/xintc_intr.o microblaze_0/lib/xintc_l.o microblaze_0/lib/xintc_options.o microbla
TRACE::2025-03-28.22:59:21::SCWMssOS::ze_0/lib/xintc_selftest.o microblaze_0/lib/xinterrupt_wrap.o microblaze_0/lib/xio.o microblaze_0/lib/xplatform_info.o microblaz
TRACE::2025-03-28.22:59:21::SCWMssOS::e_0/lib/xtmrctr.o microblaze_0/lib/xtmrctr_g.o microblaze_0/lib/xtmrctr_intr.o microblaze_0/lib/xtmrctr_l.o microblaze_0/lib/xt
TRACE::2025-03-28.22:59:21::SCWMssOS::mrctr_options.o microblaze_0/lib/xtmrctr_selftest.o microblaze_0/lib/xtmrctr_sinit.o microblaze_0/lib/xtmrctr_stats.o microblaz
TRACE::2025-03-28.22:59:21::SCWMssOS::e_0/lib/xuartlite.o microblaze_0/lib/xuartlite_g.o microblaze_0/lib/xuartlite_intr.o microblaze_0/lib/xuartlite_l.o microblaze_
TRACE::2025-03-28.22:59:21::SCWMssOS::0/lib/xuartlite_selftest.o microblaze_0/lib/xuartlite_sinit.o microblaze_0/lib/xuartlite_stats.o

TRACE::2025-03-28.22:59:21::SCWMssOS::'Finished building libraries'

TRACE::2025-03-28.22:59:21::SCWMssOS:: Checking if to create the Supporting Applications
TRACE::2025-03-28.22:59:21::SCWMssOS:: No Linux domain exists, trying to generate FSBL 
LOG::2025-03-28.22:59:21::SCWSystem::Completed Processing the domain standalone_domain
LOG::2025-03-28.22:59:21::SCWSystem::Completed Processing the sysconfig syncBlaze
LOG::2025-03-28.22:59:21::SCWPlatform::Completed generating the artifacts for system configuration syncBlaze
TRACE::2025-03-28.22:59:21::SCWPlatform::Started preparing the platform 
TRACE::2025-03-28.22:59:21::SCWSystem::Writing the bif file for system config syncBlaze
TRACE::2025-03-28.22:59:21::SCWSystem::dir created 
TRACE::2025-03-28.22:59:21::SCWSystem::Writing the bif 
TRACE::2025-03-28.22:59:21::SCWPlatform::Started writing the spfm file 
TRACE::2025-03-28.22:59:21::SCWPlatform::Started writing the xpfm file 
TRACE::2025-03-28.22:59:21::SCWPlatform::Completed generating the platform
TRACE::2025-03-28.22:59:21::SCWMssOS::Saving the mss changes E:/kevin/myCode/microBlaze1/vitisHome/syncBlaze/microblaze_0/standalone_domain/bsp/system.mss
TRACE::2025-03-28.22:59:21::SCWMssOS::Adding the swdes entry, mss present, able to open swdb E:/kevin/myCode/microBlaze1/vitisHome/syncBlaze/microblaze_0/standalone_domain/bsp/system.mss with des name system
TRACE::2025-03-28.22:59:21::SCWMssOS::Writing the mss file completed E:/kevin/myCode/microBlaze1/vitisHome/syncBlaze/microblaze_0/standalone_domain/bsp/system.mss
TRACE::2025-03-28.22:59:21::SCWMssOS::Commit changes completed.
TRACE::2025-03-28.22:59:21::SCWPlatform::Trying to open the hw design at E:/kevin/myCode/microBlaze1/vitisHome/syncBlaze/hw/design_1_wrapper.xsa
TRACE::2025-03-28.22:59:21::SCWPlatform::DSA given E:/kevin/myCode/microBlaze1/vitisHome/syncBlaze/hw/design_1_wrapper.xsa
TRACE::2025-03-28.22:59:21::SCWPlatform::DSA absoulate path E:/kevin/myCode/microBlaze1/vitisHome/syncBlaze/hw/design_1_wrapper.xsa
TRACE::2025-03-28.22:59:21::SCWPlatform::DSA directory E:/kevin/myCode/microBlaze1/vitisHome/syncBlaze/hw
TRACE::2025-03-28.22:59:21::SCWPlatform:: Platform Path E:/kevin/myCode/microBlaze1/vitisHome/syncBlaze/hw/design_1_wrapper.xsa
TRACE::2025-03-28.22:59:21::SCWPlatform:: Unique name xilinx:::0.0
TRACE::2025-03-28.22:59:21::SCWPlatform::Trying to set the existing hwdb with name design_1_wrapper_14
TRACE::2025-03-28.22:59:21::SCWPlatform::Opened existing hwdb design_1_wrapper_14
TRACE::2025-03-28.22:59:21::SCWPlatform::Found the Hw Db part of the input DSA
TRACE::2025-03-28.22:59:21::SCWMssOS::Checking the sw design at  E:/kevin/myCode/microBlaze1/vitisHome/syncBlaze/microblaze_0/standalone_domain/bsp/system.mss
TRACE::2025-03-28.22:59:21::SCWMssOS::DEBUG:  swdes dump  E:/kevin/myCode/microBlaze1/vitisHome/syncBlaze/microblaze_0/standalone_domain/bsp/system.mss|system||

TRACE::2025-03-28.22:59:21::SCWMssOS::Sw design exists and opened at  E:/kevin/myCode/microBlaze1/vitisHome/syncBlaze/microblaze_0/standalone_domain/bsp/system.mss
TRACE::2025-03-28.22:59:21::SCWWriter::formatted JSON is {
	"platformName":	"syncBlaze",
	"sprVersion":	"2.0",
	"mode":	"gui",
	"dsaType":	"Fixed",
	"platformDesc":	"syncBlaze",
	"platHandOff":	"E:/kevin/myCode/microBlaze1/design_1_wrapper.xsa",
	"platIntHandOff":	"<platformDir>/hw/design_1_wrapper.xsa",
	"deviceType":	"FPGA",
	"platIsPrebuiltAutogen":	"false",
	"platIsNoBootBsp":	"false",
	"hasFsblMakeHasChanges":	"false",
	"hasPmufwMakeHasChanges":	"false",
	"platPreBuiltFlag":	false,
	"platformSamplesDir":	"",
	"platActiveSys":	"syncBlaze",
	"systems":	[{
			"systemName":	"syncBlaze",
			"systemDesc":	"syncBlaze",
			"sysIsBootAutoGen":	"true",
			"systemDispName":	"syncBlaze",
			"sysActiveDom":	"standalone_domain",
			"sysDefaultDom":	"standalone_domain",
			"domains":	[{
					"domainName":	"standalone_domain",
					"domainDispName":	"standalone on microblaze_0",
					"domainDesc":	"standalone_domain",
					"processors":	"microblaze_0",
					"os":	"standalone",
					"sdxOs":	"standalone",
					"debugEnable":	"False",
					"domRuntimes":	["cpp"],
					"swRepo":	"",
					"mssOsVer":	"8.0",
					"mssFile":	"",
					"md5Digest":	"e2cdda41e7956801f4f51a65042beca0",
					"compatibleApp":	"",
					"domType":	"mssDomain",
					"arch":	"32-bit",
					"appSettings":	{
						"appCompilerFlags":	"",
						"appLinkerFlags":	""
					},
					"addedLibs":	[],
					"libOptions":	{
						"libsContainingOptions":	[]
					},
					"prebuiltLibs":	{
						"prebuiltIncPath":	[],
						"prebuiltLibPath":	[]
					},
					"isolation":	{
					}
				}]
		}]
}
KEYINFO::2025-03-28.22:59:21::SCWPlatform::updated the xpfm file.
TRACE::2025-03-28.22:59:22::SCWPlatform::Trying to open the hw design at E:/kevin/myCode/microBlaze1/vitisHome/syncBlaze/hw/design_1_wrapper.xsa
TRACE::2025-03-28.22:59:22::SCWPlatform::DSA given E:/kevin/myCode/microBlaze1/vitisHome/syncBlaze/hw/design_1_wrapper.xsa
TRACE::2025-03-28.22:59:22::SCWPlatform::DSA absoulate path E:/kevin/myCode/microBlaze1/vitisHome/syncBlaze/hw/design_1_wrapper.xsa
TRACE::2025-03-28.22:59:22::SCWPlatform::DSA directory E:/kevin/myCode/microBlaze1/vitisHome/syncBlaze/hw
TRACE::2025-03-28.22:59:22::SCWPlatform:: Platform Path E:/kevin/myCode/microBlaze1/vitisHome/syncBlaze/hw/design_1_wrapper.xsa
TRACE::2025-03-28.22:59:22::SCWPlatform:: Unique name xilinx:::0.0
TRACE::2025-03-28.22:59:22::SCWPlatform::Trying to set the existing hwdb with name design_1_wrapper_14
TRACE::2025-03-28.22:59:22::SCWPlatform::Opened existing hwdb design_1_wrapper_14
TRACE::2025-03-28.22:59:22::SCWPlatform::Found the Hw Db part of the input DSA
TRACE::2025-03-28.22:59:22::SCWMssOS::Checking the sw design at  E:/kevin/myCode/microBlaze1/vitisHome/syncBlaze/microblaze_0/standalone_domain/bsp/system.mss
TRACE::2025-03-28.22:59:22::SCWMssOS::DEBUG:  swdes dump  E:/kevin/myCode/microBlaze1/vitisHome/syncBlaze/microblaze_0/standalone_domain/bsp/system.mss|system||

TRACE::2025-03-28.22:59:22::SCWMssOS::Sw design exists and opened at  E:/kevin/myCode/microBlaze1/vitisHome/syncBlaze/microblaze_0/standalone_domain/bsp/system.mss
TRACE::2025-03-29.15:55:52::SCWPlatform::Clearing the existing platform
TRACE::2025-03-29.15:55:52::SCWSystem::Clearing the existing sysconfig
TRACE::2025-03-29.15:55:52::SCWMssOS::Removing the swdes entry for  E:/kevin/myCode/microBlaze1/vitisHome/syncBlaze/microblaze_0/standalone_domain/bsp/system.mss
TRACE::2025-03-29.15:55:52::SCWSystem::Clearing the domains completed.
TRACE::2025-03-29.15:55:52::SCWPlatform::Clearing the opened hw db.
TRACE::2025-03-29.15:55:52::SCWPlatform::DSA given E:/kevin/myCode/microBlaze1/vitisHome/syncBlaze/hw/design_1_wrapper.xsa
TRACE::2025-03-29.15:55:52::SCWPlatform::DSA absoulate path E:/kevin/myCode/microBlaze1/vitisHome/syncBlaze/hw/design_1_wrapper.xsa
TRACE::2025-03-29.15:55:52::SCWPlatform:: Platform location is E:/kevin/myCode/microBlaze1/vitisHome/syncBlaze/hw
TRACE::2025-03-29.15:55:52::SCWPlatform:: Platform Path E:/kevin/myCode/microBlaze1/vitisHome/syncBlaze/hw/design_1_wrapper.xsa
TRACE::2025-03-29.15:55:52::SCWPlatform:: Unique name xilinx:::0.0
TRACE::2025-03-29.15:55:52::SCWPlatform::Removing the HwDB with name E:/kevin/myCode/microBlaze1/vitisHome/syncBlaze/hw/design_1_wrapper.xsa
TRACE::2025-03-29.15:55:52::SCWPlatform::Trying to open the hw design at E:/kevin/myCode/microBlaze1/vitisHome/syncBlaze/hw/design_1_wrapper.xsa
TRACE::2025-03-29.15:55:52::SCWPlatform::DSA given E:/kevin/myCode/microBlaze1/vitisHome/syncBlaze/hw/design_1_wrapper.xsa
TRACE::2025-03-29.15:55:52::SCWPlatform::DSA absoulate path E:/kevin/myCode/microBlaze1/vitisHome/syncBlaze/hw/design_1_wrapper.xsa
TRACE::2025-03-29.15:55:52::SCWPlatform::DSA directory E:/kevin/myCode/microBlaze1/vitisHome/syncBlaze/hw
TRACE::2025-03-29.15:55:52::SCWPlatform:: Platform Path E:/kevin/myCode/microBlaze1/vitisHome/syncBlaze/hw/design_1_wrapper.xsa
TRACE::2025-03-29.15:55:52::SCWPlatform:: Unique name xilinx:::0.0
TRACE::2025-03-29.15:55:52::SCWPlatform::Do not have an existing db opened. 
TRACE::2025-03-29.15:55:52::SCWPlatform::Opened new HwDB with name design_1_wrapper_15
TRACE::2025-03-29.15:55:52::SCWReader::Active system found as  syncBlaze
TRACE::2025-03-29.15:55:52::SCWReader::Handling sysconfig syncBlaze
TRACE::2025-03-29.15:55:52::SCWDomain::checking for install qemu data   : 
TRACE::2025-03-29.15:55:52::SCWPlatform::Trying to open the hw design at E:/kevin/myCode/microBlaze1/vitisHome/syncBlaze/hw/design_1_wrapper.xsa
TRACE::2025-03-29.15:55:52::SCWPlatform::DSA given E:/kevin/myCode/microBlaze1/vitisHome/syncBlaze/hw/design_1_wrapper.xsa
TRACE::2025-03-29.15:55:52::SCWPlatform::DSA absoulate path E:/kevin/myCode/microBlaze1/vitisHome/syncBlaze/hw/design_1_wrapper.xsa
TRACE::2025-03-29.15:55:52::SCWPlatform::DSA directory E:/kevin/myCode/microBlaze1/vitisHome/syncBlaze/hw
TRACE::2025-03-29.15:55:52::SCWPlatform:: Platform Path E:/kevin/myCode/microBlaze1/vitisHome/syncBlaze/hw/design_1_wrapper.xsa
TRACE::2025-03-29.15:55:52::SCWPlatform:: Unique name xilinx:::0.0
TRACE::2025-03-29.15:55:52::SCWPlatform::Trying to set the existing hwdb with name design_1_wrapper_15
TRACE::2025-03-29.15:55:52::SCWPlatform::Opened existing hwdb design_1_wrapper_15
TRACE::2025-03-29.15:55:52::SCWPlatform::Found the Hw Db part of the input DSA
TRACE::2025-03-29.15:55:52::SCWPlatform::Trying to open the hw design at E:/kevin/myCode/microBlaze1/vitisHome/syncBlaze/hw/design_1_wrapper.xsa
TRACE::2025-03-29.15:55:52::SCWPlatform::DSA given E:/kevin/myCode/microBlaze1/vitisHome/syncBlaze/hw/design_1_wrapper.xsa
TRACE::2025-03-29.15:55:52::SCWPlatform::DSA absoulate path E:/kevin/myCode/microBlaze1/vitisHome/syncBlaze/hw/design_1_wrapper.xsa
TRACE::2025-03-29.15:55:52::SCWPlatform::DSA directory E:/kevin/myCode/microBlaze1/vitisHome/syncBlaze/hw
TRACE::2025-03-29.15:55:52::SCWPlatform:: Platform Path E:/kevin/myCode/microBlaze1/vitisHome/syncBlaze/hw/design_1_wrapper.xsa
TRACE::2025-03-29.15:55:52::SCWPlatform:: Unique name xilinx:::0.0
TRACE::2025-03-29.15:55:52::SCWPlatform::Trying to set the existing hwdb with name design_1_wrapper_15
TRACE::2025-03-29.15:55:52::SCWPlatform::Opened existing hwdb design_1_wrapper_15
TRACE::2025-03-29.15:55:52::SCWPlatform::Found the Hw Db part of the input DSA
TRACE::2025-03-29.15:55:52::SCWPlatform::Trying to open the hw design at E:/kevin/myCode/microBlaze1/vitisHome/syncBlaze/hw/design_1_wrapper.xsa
TRACE::2025-03-29.15:55:52::SCWPlatform::DSA given E:/kevin/myCode/microBlaze1/vitisHome/syncBlaze/hw/design_1_wrapper.xsa
TRACE::2025-03-29.15:55:52::SCWPlatform::DSA absoulate path E:/kevin/myCode/microBlaze1/vitisHome/syncBlaze/hw/design_1_wrapper.xsa
TRACE::2025-03-29.15:55:52::SCWPlatform::DSA directory E:/kevin/myCode/microBlaze1/vitisHome/syncBlaze/hw
TRACE::2025-03-29.15:55:52::SCWPlatform:: Platform Path E:/kevin/myCode/microBlaze1/vitisHome/syncBlaze/hw/design_1_wrapper.xsa
TRACE::2025-03-29.15:55:52::SCWPlatform:: Unique name xilinx:::0.0
TRACE::2025-03-29.15:55:52::SCWPlatform::Trying to set the existing hwdb with name design_1_wrapper_15
TRACE::2025-03-29.15:55:52::SCWPlatform::Opened existing hwdb design_1_wrapper_15
TRACE::2025-03-29.15:55:52::SCWPlatform::Found the Hw Db part of the input DSA
TRACE::2025-03-29.15:55:52::SCWPlatform::Trying to open the hw design at E:/kevin/myCode/microBlaze1/vitisHome/syncBlaze/hw/design_1_wrapper.xsa
TRACE::2025-03-29.15:55:52::SCWPlatform::DSA given E:/kevin/myCode/microBlaze1/vitisHome/syncBlaze/hw/design_1_wrapper.xsa
TRACE::2025-03-29.15:55:52::SCWPlatform::DSA absoulate path E:/kevin/myCode/microBlaze1/vitisHome/syncBlaze/hw/design_1_wrapper.xsa
TRACE::2025-03-29.15:55:52::SCWPlatform::DSA directory E:/kevin/myCode/microBlaze1/vitisHome/syncBlaze/hw
TRACE::2025-03-29.15:55:52::SCWPlatform:: Platform Path E:/kevin/myCode/microBlaze1/vitisHome/syncBlaze/hw/design_1_wrapper.xsa
TRACE::2025-03-29.15:55:52::SCWPlatform:: Unique name xilinx:::0.0
TRACE::2025-03-29.15:55:52::SCWPlatform::Trying to set the existing hwdb with name design_1_wrapper_15
TRACE::2025-03-29.15:55:52::SCWPlatform::Opened existing hwdb design_1_wrapper_15
TRACE::2025-03-29.15:55:52::SCWPlatform::Found the Hw Db part of the input DSA
TRACE::2025-03-29.15:55:52::SCWMssOS::Checking the sw design at  E:/kevin/myCode/microBlaze1/vitisHome/syncBlaze/microblaze_0/standalone_domain/bsp/system.mss
TRACE::2025-03-29.15:55:52::SCWMssOS::DEBUG:  swdes dump  
TRACE::2025-03-29.15:55:52::SCWMssOS::No sw design opened at  E:/kevin/myCode/microBlaze1/vitisHome/syncBlaze/microblaze_0/standalone_domain/bsp/system.mss
TRACE::2025-03-29.15:55:52::SCWMssOS::mss exists loading the mss file  E:/kevin/myCode/microBlaze1/vitisHome/syncBlaze/microblaze_0/standalone_domain/bsp/system.mss
TRACE::2025-03-29.15:55:52::SCWMssOS::Opened the sw design from mss  E:/kevin/myCode/microBlaze1/vitisHome/syncBlaze/microblaze_0/standalone_domain/bsp/system.mss
TRACE::2025-03-29.15:55:52::SCWMssOS::Adding the swdes entry E:/kevin/myCode/microBlaze1/vitisHome/syncBlaze/microblaze_0/standalone_domain/bsp/system.mss with des name system
TRACE::2025-03-29.15:55:52::SCWMssOS::updating the scw layer about changes
TRACE::2025-03-29.15:55:52::SCWMssOS::Opened the sw design.  E:/kevin/myCode/microBlaze1/vitisHome/syncBlaze/microblaze_0/standalone_domain/bsp/system.mss
TRACE::2025-03-29.15:55:52::SCWMssOS::Saving the mss changes E:/kevin/myCode/microBlaze1/vitisHome/syncBlaze/microblaze_0/standalone_domain/bsp/system.mss
TRACE::2025-03-29.15:55:52::SCWMssOS::Found a swdesign opened with the mssfile.
TRACE::2025-03-29.15:55:52::SCWMssOS::Completed writemss as part of save.
TRACE::2025-03-29.15:55:52::SCWMssOS::Commit changes completed.
TRACE::2025-03-29.15:55:52::SCWReader::Adding prebuilt librarypaths as   
TRACE::2025-03-29.15:55:52::SCWReader::Adding prebuilt incpaths  as   
TRACE::2025-03-29.15:55:52::SCWPlatform::Trying to open the hw design at E:/kevin/myCode/microBlaze1/vitisHome/syncBlaze/hw/design_1_wrapper.xsa
TRACE::2025-03-29.15:55:52::SCWPlatform::DSA given E:/kevin/myCode/microBlaze1/vitisHome/syncBlaze/hw/design_1_wrapper.xsa
TRACE::2025-03-29.15:55:52::SCWPlatform::DSA absoulate path E:/kevin/myCode/microBlaze1/vitisHome/syncBlaze/hw/design_1_wrapper.xsa
TRACE::2025-03-29.15:55:52::SCWPlatform::DSA directory E:/kevin/myCode/microBlaze1/vitisHome/syncBlaze/hw
TRACE::2025-03-29.15:55:52::SCWPlatform:: Platform Path E:/kevin/myCode/microBlaze1/vitisHome/syncBlaze/hw/design_1_wrapper.xsa
TRACE::2025-03-29.15:55:52::SCWPlatform:: Unique name xilinx:::0.0
TRACE::2025-03-29.15:55:52::SCWPlatform::Trying to set the existing hwdb with name design_1_wrapper_15
TRACE::2025-03-29.15:55:52::SCWPlatform::Opened existing hwdb design_1_wrapper_15
TRACE::2025-03-29.15:55:52::SCWPlatform::Found the Hw Db part of the input DSA
TRACE::2025-03-29.15:55:52::SCWMssOS::Checking the sw design at  E:/kevin/myCode/microBlaze1/vitisHome/syncBlaze/microblaze_0/standalone_domain/bsp/system.mss
TRACE::2025-03-29.15:55:52::SCWMssOS::DEBUG:  swdes dump  E:/kevin/myCode/microBlaze1/vitisHome/syncBlaze/microblaze_0/standalone_domain/bsp/system.mss|system||

TRACE::2025-03-29.15:55:52::SCWMssOS::Sw design exists and opened at  E:/kevin/myCode/microBlaze1/vitisHome/syncBlaze/microblaze_0/standalone_domain/bsp/system.mss
TRACE::2025-03-29.15:55:52::SCWReader::No isolation master present  
TRACE::2025-03-29.15:55:56::SCWPlatform::DSA given E:/kevin/myCode/microBlaze1/vitisHome/syncBlaze/tempdsa/design_1_wrapper.xsa
TRACE::2025-03-29.15:55:56::SCWPlatform::DSA absoulate path E:/kevin/myCode/microBlaze1/vitisHome/syncBlaze/tempdsa/design_1_wrapper.xsa
TRACE::2025-03-29.15:55:56::SCWPlatform:: Platform location is E:/kevin/myCode/microBlaze1/vitisHome/syncBlaze/tempdsa
TRACE::2025-03-29.15:55:56::SCWPlatform:: Platform Path E:/kevin/myCode/microBlaze1/vitisHome/syncBlaze/tempdsa/design_1_wrapper.xsa
TRACE::2025-03-29.15:55:56::SCWPlatform:: Unique name xilinx:::0.0
TRACE::2025-03-29.15:55:56::SCWPlatform::Found the Hw Db part of the input DSA
TRACE::2025-03-29.15:55:56::SCWMssOS::Doing hw sync for the mss in domain: standalone_domain
TRACE::2025-03-29.15:55:56::SCWPlatform::Trying to open the hw design at E:/kevin/myCode/microBlaze1/vitisHome/syncBlaze/hw/design_1_wrapper.xsa
TRACE::2025-03-29.15:55:56::SCWPlatform::DSA given E:/kevin/myCode/microBlaze1/vitisHome/syncBlaze/hw/design_1_wrapper.xsa
TRACE::2025-03-29.15:55:56::SCWPlatform::DSA absoulate path E:/kevin/myCode/microBlaze1/vitisHome/syncBlaze/hw/design_1_wrapper.xsa
TRACE::2025-03-29.15:55:56::SCWPlatform::DSA directory E:/kevin/myCode/microBlaze1/vitisHome/syncBlaze/hw
TRACE::2025-03-29.15:55:56::SCWPlatform:: Platform Path E:/kevin/myCode/microBlaze1/vitisHome/syncBlaze/hw/design_1_wrapper.xsa
TRACE::2025-03-29.15:55:56::SCWPlatform:: Unique name xilinx:::0.0
TRACE::2025-03-29.15:55:56::SCWPlatform::Trying to set the existing hwdb with name design_1_wrapper_15
TRACE::2025-03-29.15:55:56::SCWPlatform::Opened existing hwdb design_1_wrapper_15
TRACE::2025-03-29.15:55:56::SCWPlatform::Found the Hw Db part of the input DSA
TRACE::2025-03-29.15:55:56::SCWPlatform::Trying to open the hw design at E:/kevin/myCode/microBlaze1/vitisHome/syncBlaze/hw/design_1_wrapper.xsa
TRACE::2025-03-29.15:55:56::SCWPlatform::DSA given E:/kevin/myCode/microBlaze1/vitisHome/syncBlaze/hw/design_1_wrapper.xsa
TRACE::2025-03-29.15:55:56::SCWPlatform::DSA absoulate path E:/kevin/myCode/microBlaze1/vitisHome/syncBlaze/hw/design_1_wrapper.xsa
TRACE::2025-03-29.15:55:56::SCWPlatform::DSA directory E:/kevin/myCode/microBlaze1/vitisHome/syncBlaze/hw
TRACE::2025-03-29.15:55:56::SCWPlatform:: Platform Path E:/kevin/myCode/microBlaze1/vitisHome/syncBlaze/hw/design_1_wrapper.xsa
TRACE::2025-03-29.15:55:56::SCWPlatform:: Unique name xilinx:::0.0
TRACE::2025-03-29.15:55:56::SCWPlatform::Trying to set the existing hwdb with name design_1_wrapper_15
TRACE::2025-03-29.15:55:56::SCWPlatform::Opened existing hwdb design_1_wrapper_15
TRACE::2025-03-29.15:55:56::SCWPlatform::Found the Hw Db part of the input DSA
TRACE::2025-03-29.15:55:56::SCWMssOS::Checking the sw design at  E:/kevin/myCode/microBlaze1/vitisHome/syncBlaze/microblaze_0/standalone_domain/bsp/system.mss
TRACE::2025-03-29.15:55:56::SCWMssOS::DEBUG:  swdes dump  E:/kevin/myCode/microBlaze1/vitisHome/syncBlaze/microblaze_0/standalone_domain/bsp/system.mss|system||

TRACE::2025-03-29.15:55:56::SCWMssOS::Sw design exists and opened at  E:/kevin/myCode/microBlaze1/vitisHome/syncBlaze/microblaze_0/standalone_domain/bsp/system.mss
TRACE::2025-03-29.15:55:56::SCWPlatform::Trying to open the hw design at E:/kevin/myCode/microBlaze1/vitisHome/syncBlaze/tempdsa/design_1_wrapper.xsa
TRACE::2025-03-29.15:55:56::SCWPlatform::DSA given E:/kevin/myCode/microBlaze1/vitisHome/syncBlaze/tempdsa/design_1_wrapper.xsa
TRACE::2025-03-29.15:55:56::SCWPlatform::DSA absoulate path E:/kevin/myCode/microBlaze1/vitisHome/syncBlaze/tempdsa/design_1_wrapper.xsa
TRACE::2025-03-29.15:55:56::SCWPlatform::DSA directory E:/kevin/myCode/microBlaze1/vitisHome/syncBlaze/tempdsa
TRACE::2025-03-29.15:55:56::SCWPlatform:: Platform Path E:/kevin/myCode/microBlaze1/vitisHome/syncBlaze/tempdsa/design_1_wrapper.xsa
TRACE::2025-03-29.15:55:56::SCWPlatform:: Unique name xilinx:::0.0
TRACE::2025-03-29.15:55:56::SCWPlatform::update - Opened existing hwdb design_1_wrapper_16
TRACE::2025-03-29.15:55:56::SCWPlatform::Found the Hw Db part of the input DSA
TRACE::2025-03-29.15:55:56::SCWMssOS::Saving the mss changes E:/kevin/myCode/microBlaze1/vitisHome/syncBlaze/microblaze_0/standalone_domain/bsp/system.mss
TRACE::2025-03-29.15:55:56::SCWMssOS::Found a swdesign opened with the mssfile.
TRACE::2025-03-29.15:55:56::SCWMssOS::Completed writemss as part of save.
TRACE::2025-03-29.15:55:56::SCWMssOS::Commit changes completed.
TRACE::2025-03-29.15:55:56::SCWMssOS::Completed hw sync for the mss in domain: standalone_domain
TRACE::2025-03-29.15:55:56::SCWMssOS::Removing the swdes entry for  E:/kevin/myCode/microBlaze1/vitisHome/syncBlaze/microblaze_0/standalone_domain/bsp/system.mss
TRACE::2025-03-29.15:55:56::SCWPlatform::Trying to open the hw design at E:/kevin/myCode/microBlaze1/vitisHome/syncBlaze/hw/design_1_wrapper.xsa
TRACE::2025-03-29.15:55:56::SCWPlatform::DSA given E:/kevin/myCode/microBlaze1/vitisHome/syncBlaze/hw/design_1_wrapper.xsa
TRACE::2025-03-29.15:55:56::SCWPlatform::DSA absoulate path E:/kevin/myCode/microBlaze1/vitisHome/syncBlaze/hw/design_1_wrapper.xsa
TRACE::2025-03-29.15:55:56::SCWPlatform::DSA directory E:/kevin/myCode/microBlaze1/vitisHome/syncBlaze/hw
TRACE::2025-03-29.15:55:56::SCWPlatform:: Platform Path E:/kevin/myCode/microBlaze1/vitisHome/syncBlaze/hw/design_1_wrapper.xsa
TRACE::2025-03-29.15:55:56::SCWPlatform:: Unique name xilinx:::0.0
TRACE::2025-03-29.15:55:56::SCWPlatform::Do not have an existing db opened. 
TRACE::2025-03-29.15:55:56::SCWPlatform::Opened new HwDB with name design_1_wrapper_17
TRACE::2025-03-29.15:55:56::SCWMssOS::Saving the mss changes E:/kevin/myCode/microBlaze1/vitisHome/syncBlaze/microblaze_0/standalone_domain/bsp/system.mss
TRACE::2025-03-29.15:55:56::SCWMssOS::Adding the swdes entry, mss present, able to open swdb E:/kevin/myCode/microBlaze1/vitisHome/syncBlaze/microblaze_0/standalone_domain/bsp/system.mss with des name system
TRACE::2025-03-29.15:55:56::SCWMssOS::Writing the mss file completed E:/kevin/myCode/microBlaze1/vitisHome/syncBlaze/microblaze_0/standalone_domain/bsp/system.mss
TRACE::2025-03-29.15:55:56::SCWMssOS::Commit changes completed.
TRACE::2025-03-29.15:55:56::SCWPlatform::Trying to open the hw design at E:/kevin/myCode/microBlaze1/vitisHome/syncBlaze/hw/design_1_wrapper.xsa
TRACE::2025-03-29.15:55:56::SCWPlatform::DSA given E:/kevin/myCode/microBlaze1/vitisHome/syncBlaze/hw/design_1_wrapper.xsa
TRACE::2025-03-29.15:55:56::SCWPlatform::DSA absoulate path E:/kevin/myCode/microBlaze1/vitisHome/syncBlaze/hw/design_1_wrapper.xsa
TRACE::2025-03-29.15:55:56::SCWPlatform::DSA directory E:/kevin/myCode/microBlaze1/vitisHome/syncBlaze/hw
TRACE::2025-03-29.15:55:56::SCWPlatform:: Platform Path E:/kevin/myCode/microBlaze1/vitisHome/syncBlaze/hw/design_1_wrapper.xsa
TRACE::2025-03-29.15:55:56::SCWPlatform:: Unique name xilinx:::0.0
TRACE::2025-03-29.15:55:56::SCWPlatform::Trying to set the existing hwdb with name design_1_wrapper_17
TRACE::2025-03-29.15:55:56::SCWPlatform::Opened existing hwdb design_1_wrapper_17
TRACE::2025-03-29.15:55:56::SCWPlatform::Found the Hw Db part of the input DSA
TRACE::2025-03-29.15:55:56::SCWMssOS::Checking the sw design at  E:/kevin/myCode/microBlaze1/vitisHome/syncBlaze/microblaze_0/standalone_domain/bsp/system.mss
TRACE::2025-03-29.15:55:56::SCWMssOS::DEBUG:  swdes dump  E:/kevin/myCode/microBlaze1/vitisHome/syncBlaze/microblaze_0/standalone_domain/bsp/system.mss|system||

TRACE::2025-03-29.15:55:56::SCWMssOS::Sw design exists and opened at  E:/kevin/myCode/microBlaze1/vitisHome/syncBlaze/microblaze_0/standalone_domain/bsp/system.mss
TRACE::2025-03-29.15:55:56::SCWWriter::formatted JSON is {
	"platformName":	"syncBlaze",
	"sprVersion":	"2.0",
	"mode":	"gui",
	"dsaType":	"Fixed",
	"platformDesc":	"syncBlaze",
	"platHandOff":	"E:/kevin/myCode/microBlaze1/design_1_wrapper.xsa",
	"platIntHandOff":	"<platformDir>/hw/design_1_wrapper.xsa",
	"deviceType":	"FPGA",
	"platIsPrebuiltAutogen":	"false",
	"platIsNoBootBsp":	"false",
	"hasFsblMakeHasChanges":	"false",
	"hasPmufwMakeHasChanges":	"false",
	"platPreBuiltFlag":	false,
	"platformSamplesDir":	"",
	"platActiveSys":	"syncBlaze",
	"systems":	[{
			"systemName":	"syncBlaze",
			"systemDesc":	"syncBlaze",
			"sysIsBootAutoGen":	"true",
			"systemDispName":	"syncBlaze",
			"sysActiveDom":	"standalone_domain",
			"sysDefaultDom":	"standalone_domain",
			"domains":	[{
					"domainName":	"standalone_domain",
					"domainDispName":	"standalone on microblaze_0",
					"domainDesc":	"standalone_domain",
					"processors":	"microblaze_0",
					"os":	"standalone",
					"sdxOs":	"standalone",
					"debugEnable":	"False",
					"domRuntimes":	["cpp"],
					"swRepo":	"",
					"mssOsVer":	"8.0",
					"mssFile":	"",
					"md5Digest":	"e2cdda41e7956801f4f51a65042beca01",
					"compatibleApp":	"",
					"domType":	"mssDomain",
					"arch":	"32-bit",
					"appSettings":	{
						"appCompilerFlags":	"",
						"appLinkerFlags":	""
					},
					"addedLibs":	[],
					"libOptions":	{
						"libsContainingOptions":	[]
					},
					"prebuiltLibs":	{
						"prebuiltIncPath":	[],
						"prebuiltLibPath":	[]
					},
					"isolation":	{
					}
				}]
		}]
}
LOG::2025-03-29.15:56:05::SCWPlatform::Started generating the artifacts platform syncBlaze
TRACE::2025-03-29.15:56:05::SCWPlatform::Sanity checking of platform is completed
LOG::2025-03-29.15:56:05::SCWPlatform::Started generating the artifacts for system configuration syncBlaze
LOG::2025-03-29.15:56:05::SCWSystem::Checking the domain standalone_domain
LOG::2025-03-29.15:56:05::SCWSystem::Not a boot domain 
LOG::2025-03-29.15:56:05::SCWSystem::Started Processing the domain standalone_domain
TRACE::2025-03-29.15:56:05::SCWDomain::Generating domain artifcats
TRACE::2025-03-29.15:56:05::SCWMssOS::Generating standalone artifcats
TRACE::2025-03-29.15:56:05::SCWMssOS:: Copying the user libraries. 
TRACE::2025-03-29.15:56:05::SCWPlatform::Trying to open the hw design at E:/kevin/myCode/microBlaze1/vitisHome/syncBlaze/hw/design_1_wrapper.xsa
TRACE::2025-03-29.15:56:05::SCWPlatform::DSA given E:/kevin/myCode/microBlaze1/vitisHome/syncBlaze/hw/design_1_wrapper.xsa
TRACE::2025-03-29.15:56:05::SCWPlatform::DSA absoulate path E:/kevin/myCode/microBlaze1/vitisHome/syncBlaze/hw/design_1_wrapper.xsa
TRACE::2025-03-29.15:56:05::SCWPlatform::DSA directory E:/kevin/myCode/microBlaze1/vitisHome/syncBlaze/hw
TRACE::2025-03-29.15:56:05::SCWPlatform:: Platform Path E:/kevin/myCode/microBlaze1/vitisHome/syncBlaze/hw/design_1_wrapper.xsa
TRACE::2025-03-29.15:56:05::SCWPlatform:: Unique name xilinx:::0.0
TRACE::2025-03-29.15:56:05::SCWPlatform::Trying to set the existing hwdb with name design_1_wrapper_17
TRACE::2025-03-29.15:56:05::SCWPlatform::Opened existing hwdb design_1_wrapper_17
TRACE::2025-03-29.15:56:05::SCWPlatform::Found the Hw Db part of the input DSA
TRACE::2025-03-29.15:56:05::SCWMssOS::Checking the sw design at  E:/kevin/myCode/microBlaze1/vitisHome/syncBlaze/microblaze_0/standalone_domain/bsp/system.mss
TRACE::2025-03-29.15:56:05::SCWMssOS::DEBUG:  swdes dump  E:/kevin/myCode/microBlaze1/vitisHome/syncBlaze/microblaze_0/standalone_domain/bsp/system.mss|system||

TRACE::2025-03-29.15:56:05::SCWMssOS::Sw design exists and opened at  E:/kevin/myCode/microBlaze1/vitisHome/syncBlaze/microblaze_0/standalone_domain/bsp/system.mss
TRACE::2025-03-29.15:56:05::SCWMssOS::Completed writing the mss file at E:/kevin/myCode/microBlaze1/vitisHome/syncBlaze/microblaze_0/standalone_domain/bsp
TRACE::2025-03-29.15:56:05::SCWMssOS::Mss edits present, copying mssfile into export location E:/kevin/myCode/microBlaze1/vitisHome/syncBlaze/microblaze_0/standalone_domain/bsp/system.mss
TRACE::2025-03-29.15:56:05::SCWMssOS::bsp generated is stale removing and regenerating. 
TRACE::2025-03-29.15:56:06::SCWMssOS::doing bsp build ... 
TRACE::2025-03-29.15:56:06::SCWMssOS::System Command Ran  E: & cd  E:/kevin/myCode/microBlaze1/vitisHome/syncBlaze/microblaze_0/standalone_domain/bsp & make 
TRACE::2025-03-29.15:56:06::SCWMssOS::make --no-print-directory seq_libs

TRACE::2025-03-29.15:56:06::SCWMssOS::'Finished building libraries sequentially.'

TRACE::2025-03-29.15:56:06::SCWMssOS::make -j 22 --no-print-directory par_libs

TRACE::2025-03-29.15:56:06::SCWMssOS::"Running Make include in microblaze_0/libsrc/bram_v4_8/src"

TRACE::2025-03-29.15:56:06::SCWMssOS::make -C microblaze_0/libsrc/bram_v4_8/src -s include  "SHELL=CMD" "COMPILER=mb-gcc" "ASSEMBLER=mb-as" "ARCHIVER=mb-ar" "COMPILE
TRACE::2025-03-29.15:56:06::SCWMssOS::R_FLAGS=  -O2 -c -mcpu=v11.0 -mlittle-endian -mxl-soft-mul" "EXTRA_COMPILER_FLAGS=-g -ffunction-sections -fdata-sections -Wall 
TRACE::2025-03-29.15:56:06::SCWMssOS::-Wextra -fno-tree-loop-distribute-patterns"

TRACE::2025-03-29.15:56:06::SCWMssOS::"Running Make include in microblaze_0/libsrc/cpu_v2_16/src"

TRACE::2025-03-29.15:56:07::SCWMssOS::make -C microblaze_0/libsrc/cpu_v2_16/src -s include  "SHELL=CMD" "COMPILER=mb-gcc" "ASSEMBLER=mb-as" "ARCHIVER=mb-ar" "COMPILE
TRACE::2025-03-29.15:56:07::SCWMssOS::R_FLAGS=  -O2 -c -mcpu=v11.0 -mlittle-endian -mxl-soft-mul" "EXTRA_COMPILER_FLAGS=-g -ffunction-sections -fdata-sections -Wall 
TRACE::2025-03-29.15:56:07::SCWMssOS::-Wextra -fno-tree-loop-distribute-patterns"

TRACE::2025-03-29.15:56:07::SCWMssOS::"Running Make include in microblaze_0/libsrc/gpio_v4_9/src"

TRACE::2025-03-29.15:56:07::SCWMssOS::make -C microblaze_0/libsrc/gpio_v4_9/src -s include  "SHELL=CMD" "COMPILER=mb-gcc" "ASSEMBLER=mb-as" "ARCHIVER=mb-ar" "COMPILE
TRACE::2025-03-29.15:56:07::SCWMssOS::R_FLAGS=  -O2 -c -mcpu=v11.0 -mlittle-endian -mxl-soft-mul" "EXTRA_COMPILER_FLAGS=-g -ffunction-sections -fdata-sections -Wall 
TRACE::2025-03-29.15:56:07::SCWMssOS::-Wextra -fno-tree-loop-distribute-patterns"

TRACE::2025-03-29.15:56:07::SCWMssOS::"Running Make include in microblaze_0/libsrc/intc_v3_15/src"

TRACE::2025-03-29.15:56:07::SCWMssOS::make -C microblaze_0/libsrc/intc_v3_15/src -s include  "SHELL=CMD" "COMPILER=mb-gcc" "ASSEMBLER=mb-as" "ARCHIVER=mb-ar" "COMPIL
TRACE::2025-03-29.15:56:07::SCWMssOS::ER_FLAGS=  -O2 -c -mcpu=v11.0 -mlittle-endian -mxl-soft-mul" "EXTRA_COMPILER_FLAGS=-g -ffunction-sections -fdata-sections -Wall
TRACE::2025-03-29.15:56:07::SCWMssOS:: -Wextra -fno-tree-loop-distribute-patterns"

TRACE::2025-03-29.15:56:07::SCWMssOS::"Running Make include in microblaze_0/libsrc/standalone_v8_0/src"

TRACE::2025-03-29.15:56:07::SCWMssOS::make -C microblaze_0/libsrc/standalone_v8_0/src -s include  "SHELL=CMD" "COMPILER=mb-gcc" "ASSEMBLER=mb-as" "ARCHIVER=mb-ar" "C
TRACE::2025-03-29.15:56:07::SCWMssOS::OMPILER_FLAGS=  -O2 -c -mcpu=v11.0 -mlittle-endian -mxl-soft-mul" "EXTRA_COMPILER_FLAGS=-g -ffunction-sections -fdata-sections 
TRACE::2025-03-29.15:56:07::SCWMssOS::-Wall -Wextra -fno-tree-loop-distribute-patterns"

TRACE::2025-03-29.15:56:07::SCWMssOS::"Running Make include in microblaze_0/libsrc/tmrctr_v4_9/src"

TRACE::2025-03-29.15:56:07::SCWMssOS::make -C microblaze_0/libsrc/tmrctr_v4_9/src -s include  "SHELL=CMD" "COMPILER=mb-gcc" "ASSEMBLER=mb-as" "ARCHIVER=mb-ar" "COMPI
TRACE::2025-03-29.15:56:07::SCWMssOS::LER_FLAGS=  -O2 -c -mcpu=v11.0 -mlittle-endian -mxl-soft-mul" "EXTRA_COMPILER_FLAGS=-g -ffunction-sections -fdata-sections -Wal
TRACE::2025-03-29.15:56:07::SCWMssOS::l -Wextra -fno-tree-loop-distribute-patterns"

TRACE::2025-03-29.15:56:07::SCWMssOS::"Running Make include in microblaze_0/libsrc/uartlite_v3_7/src"

TRACE::2025-03-29.15:56:07::SCWMssOS::make -C microblaze_0/libsrc/uartlite_v3_7/src -s include  "SHELL=CMD" "COMPILER=mb-gcc" "ASSEMBLER=mb-as" "ARCHIVER=mb-ar" "COM
TRACE::2025-03-29.15:56:07::SCWMssOS::PILER_FLAGS=  -O2 -c -mcpu=v11.0 -mlittle-endian -mxl-soft-mul" "EXTRA_COMPILER_FLAGS=-g -ffunction-sections -fdata-sections -W
TRACE::2025-03-29.15:56:07::SCWMssOS::all -Wextra -fno-tree-loop-distribute-patterns"

TRACE::2025-03-29.15:56:07::SCWMssOS::"Running Make libs in microblaze_0/libsrc/bram_v4_8/src"

TRACE::2025-03-29.15:56:07::SCWMssOS::make -C microblaze_0/libsrc/bram_v4_8/src -s libs  "SHELL=CMD" "COMPILER=mb-gcc" "ASSEMBLER=mb-as" "ARCHIVER=mb-ar" "COMPILER_F
TRACE::2025-03-29.15:56:07::SCWMssOS::LAGS=  -O2 -c -mcpu=v11.0 -mlittle-endian -mxl-soft-mul" "EXTRA_COMPILER_FLAGS=-g -ffunction-sections -fdata-sections -Wall -We
TRACE::2025-03-29.15:56:07::SCWMssOS::xtra -fno-tree-loop-distribute-patterns"

TRACE::2025-03-29.15:56:07::SCWMssOS::"Running Make libs in microblaze_0/libsrc/cpu_v2_16/src"

TRACE::2025-03-29.15:56:07::SCWMssOS::make -C microblaze_0/libsrc/cpu_v2_16/src -s libs  "SHELL=CMD" "COMPILER=mb-gcc" "ASSEMBLER=mb-as" "ARCHIVER=mb-ar" "COMPILER_F
TRACE::2025-03-29.15:56:07::SCWMssOS::LAGS=  -O2 -c -mcpu=v11.0 -mlittle-endian -mxl-soft-mul" "EXTRA_COMPILER_FLAGS=-g -ffunction-sections -fdata-sections -Wall -We
TRACE::2025-03-29.15:56:07::SCWMssOS::xtra -fno-tree-loop-distribute-patterns"

TRACE::2025-03-29.15:56:07::SCWMssOS::"Running Make libs in microblaze_0/libsrc/gpio_v4_9/src"

TRACE::2025-03-29.15:56:07::SCWMssOS::make -C microblaze_0/libsrc/gpio_v4_9/src -s libs  "SHELL=CMD" "COMPILER=mb-gcc" "ASSEMBLER=mb-as" "ARCHIVER=mb-ar" "COMPILER_F
TRACE::2025-03-29.15:56:07::SCWMssOS::LAGS=  -O2 -c -mcpu=v11.0 -mlittle-endian -mxl-soft-mul" "EXTRA_COMPILER_FLAGS=-g -ffunction-sections -fdata-sections -Wall -We
TRACE::2025-03-29.15:56:07::SCWMssOS::xtra -fno-tree-loop-distribute-patterns"

TRACE::2025-03-29.15:56:07::SCWMssOS::"Running Make libs in microblaze_0/libsrc/intc_v3_15/src"

TRACE::2025-03-29.15:56:07::SCWMssOS::make -C microblaze_0/libsrc/intc_v3_15/src -s libs  "SHELL=CMD" "COMPILER=mb-gcc" "ASSEMBLER=mb-as" "ARCHIVER=mb-ar" "COMPILER_
TRACE::2025-03-29.15:56:07::SCWMssOS::FLAGS=  -O2 -c -mcpu=v11.0 -mlittle-endian -mxl-soft-mul" "EXTRA_COMPILER_FLAGS=-g -ffunction-sections -fdata-sections -Wall -W
TRACE::2025-03-29.15:56:07::SCWMssOS::extra -fno-tree-loop-distribute-patterns"

TRACE::2025-03-29.15:56:07::SCWMssOS::"Running Make libs in microblaze_0/libsrc/standalone_v8_0/src"

TRACE::2025-03-29.15:56:07::SCWMssOS::make -C microblaze_0/libsrc/standalone_v8_0/src -s libs  "SHELL=CMD" "COMPILER=mb-gcc" "ASSEMBLER=mb-as" "ARCHIVER=mb-ar" "COMP
TRACE::2025-03-29.15:56:07::SCWMssOS::ILER_FLAGS=  -O2 -c -mcpu=v11.0 -mlittle-endian -mxl-soft-mul" "EXTRA_COMPILER_FLAGS=-g -ffunction-sections -fdata-sections -Wa
TRACE::2025-03-29.15:56:07::SCWMssOS::ll -Wextra -fno-tree-loop-distribute-patterns"

TRACE::2025-03-29.15:56:07::SCWMssOS::"Running Make libs in microblaze_0/libsrc/tmrctr_v4_9/src"

TRACE::2025-03-29.15:56:07::SCWMssOS::make -C microblaze_0/libsrc/tmrctr_v4_9/src -s libs  "SHELL=CMD" "COMPILER=mb-gcc" "ASSEMBLER=mb-as" "ARCHIVER=mb-ar" "COMPILER
TRACE::2025-03-29.15:56:07::SCWMssOS::_FLAGS=  -O2 -c -mcpu=v11.0 -mlittle-endian -mxl-soft-mul" "EXTRA_COMPILER_FLAGS=-g -ffunction-sections -fdata-sections -Wall -
TRACE::2025-03-29.15:56:07::SCWMssOS::Wextra -fno-tree-loop-distribute-patterns"

TRACE::2025-03-29.15:56:07::SCWMssOS::"Running Make libs in microblaze_0/libsrc/uartlite_v3_7/src"

TRACE::2025-03-29.15:56:07::SCWMssOS::make -C microblaze_0/libsrc/uartlite_v3_7/src -s libs  "SHELL=CMD" "COMPILER=mb-gcc" "ASSEMBLER=mb-as" "ARCHIVER=mb-ar" "COMPIL
TRACE::2025-03-29.15:56:07::SCWMssOS::ER_FLAGS=  -O2 -c -mcpu=v11.0 -mlittle-endian -mxl-soft-mul" "EXTRA_COMPILER_FLAGS=-g -ffunction-sections -fdata-sections -Wall
TRACE::2025-03-29.15:56:07::SCWMssOS:: -Wextra -fno-tree-loop-distribute-patterns"

TRACE::2025-03-29.15:56:07::SCWMssOS::"DEBUG NON_LTO_OBJECTS is ../../../lib/microblaze_interrupt_handler.o"

TRACE::2025-03-29.15:56:07::SCWMssOS::'Finished building libraries parallelly.'

TRACE::2025-03-29.15:56:07::SCWMssOS::make --no-print-directory archive

TRACE::2025-03-29.15:56:07::SCWMssOS::mb-ar -r  microblaze_0/lib/libxil.a microblaze_0/lib/_exit.o microblaze_0/lib/errno.o microblaze_0/lib/fcntl.o microblaze_0/lib
TRACE::2025-03-29.15:56:07::SCWMssOS::/hw_exception_handler.o microblaze_0/lib/inbyte.o microblaze_0/lib/microblaze_disable_dcache.o microblaze_0/lib/microblaze_disa
TRACE::2025-03-29.15:56:07::SCWMssOS::ble_exceptions.o microblaze_0/lib/microblaze_disable_icache.o microblaze_0/lib/microblaze_disable_interrupts.o microblaze_0/lib
TRACE::2025-03-29.15:56:07::SCWMssOS::/microblaze_enable_dcache.o microblaze_0/lib/microblaze_enable_exceptions.o microblaze_0/lib/microblaze_enable_icache.o microbl
TRACE::2025-03-29.15:56:07::SCWMssOS::aze_0/lib/microblaze_enable_interrupts.o microblaze_0/lib/microblaze_exception_handler.o microblaze_0/lib/microblaze_flush_cach
TRACE::2025-03-29.15:56:07::SCWMssOS::e_ext.o microblaze_0/lib/microblaze_flush_cache_ext_range.o microblaze_0/lib/microblaze_flush_dcache.o microblaze_0/lib/microbl
TRACE::2025-03-29.15:56:07::SCWMssOS::aze_flush_dcache_range.o microblaze_0/lib/microblaze_init_dcache_range.o microblaze_0/lib/microblaze_init_icache_range.o microb
TRACE::2025-03-29.15:56:07::SCWMssOS::laze_0/lib/microblaze_interrupt_handler.o microblaze_0/lib/microblaze_interrupts_g.o microblaze_0/lib/microblaze_invalidate_cac
TRACE::2025-03-29.15:56:07::SCWMssOS::he_ext.o microblaze_0/lib/microblaze_invalidate_cache_ext_range.o microblaze_0/lib/microblaze_invalidate_dcache.o microblaze_0/
TRACE::2025-03-29.15:56:07::SCWMssOS::lib/microblaze_invalidate_dcache_range.o microblaze_0/lib/microblaze_invalidate_icache.o microblaze_0/lib/microblaze_invalidate
TRACE::2025-03-29.15:56:07::SCWMssOS::_icache_range.o microblaze_0/lib/microblaze_scrub.o microblaze_0/lib/microblaze_selftest.o microblaze_0/lib/microblaze_sleep.o 
TRACE::2025-03-29.15:56:07::SCWMssOS::microblaze_0/lib/microblaze_update_dcache.o microblaze_0/lib/microblaze_update_icache.o microblaze_0/lib/outbyte.o microblaze_0
TRACE::2025-03-29.15:56:07::SCWMssOS::/lib/print.o microblaze_0/lib/pvr.o microblaze_0/lib/xbram.o microblaze_0/lib/xbram_g.o microblaze_0/lib/xbram_intr.o microblaz
TRACE::2025-03-29.15:56:07::SCWMssOS::e_0/lib/xbram_selftest.o microblaze_0/lib/xbram_sinit.o microblaze_0/lib/xgpio.o microblaze_0/lib/xgpio_extra.o microblaze_0/li
TRACE::2025-03-29.15:56:07::SCWMssOS::b/xgpio_g.o microblaze_0/lib/xgpio_intr.o microblaze_0/lib/xgpio_selftest.o microblaze_0/lib/xgpio_sinit.o microblaze_0/lib/xil
TRACE::2025-03-29.15:56:07::SCWMssOS::_assert.o microblaze_0/lib/xil_cache.o microblaze_0/lib/xil_clocking.o microblaze_0/lib/xil_exception.o microblaze_0/lib/xil_me
TRACE::2025-03-29.15:56:07::SCWMssOS::m.o microblaze_0/lib/xil_misc_psreset_api.o microblaze_0/lib/xil_printf.o microblaze_0/lib/xil_sleepcommon.o microblaze_0/lib/x
TRACE::2025-03-29.15:56:07::SCWMssOS::il_testcache.o microblaze_0/lib/xil_testio.o microblaze_0/lib/xil_testmem.o microblaze_0/lib/xil_util.o microblaze_0/lib/xintc.
TRACE::2025-03-29.15:56:07::SCWMssOS::o microblaze_0/lib/xintc_g.o microblaze_0/lib/xintc_intr.o microblaze_0/lib/xintc_l.o microblaze_0/lib/xintc_options.o microbla
TRACE::2025-03-29.15:56:07::SCWMssOS::ze_0/lib/xintc_selftest.o microblaze_0/lib/xinterrupt_wrap.o microblaze_0/lib/xio.o microblaze_0/lib/xplatform_info.o microblaz
TRACE::2025-03-29.15:56:07::SCWMssOS::e_0/lib/xtmrctr.o microblaze_0/lib/xtmrctr_g.o microblaze_0/lib/xtmrctr_intr.o microblaze_0/lib/xtmrctr_l.o microblaze_0/lib/xt
TRACE::2025-03-29.15:56:07::SCWMssOS::mrctr_options.o microblaze_0/lib/xtmrctr_selftest.o microblaze_0/lib/xtmrctr_sinit.o microblaze_0/lib/xtmrctr_stats.o microblaz
TRACE::2025-03-29.15:56:07::SCWMssOS::e_0/lib/xuartlite.o microblaze_0/lib/xuartlite_g.o microblaze_0/lib/xuartlite_intr.o microblaze_0/lib/xuartlite_l.o microblaze_
TRACE::2025-03-29.15:56:07::SCWMssOS::0/lib/xuartlite_selftest.o microblaze_0/lib/xuartlite_sinit.o microblaze_0/lib/xuartlite_stats.o

TRACE::2025-03-29.15:56:07::SCWMssOS::'Finished building libraries'

TRACE::2025-03-29.15:56:07::SCWMssOS:: Checking if to create the Supporting Applications
TRACE::2025-03-29.15:56:07::SCWMssOS:: No Linux domain exists, trying to generate FSBL 
LOG::2025-03-29.15:56:07::SCWSystem::Completed Processing the domain standalone_domain
LOG::2025-03-29.15:56:07::SCWSystem::Completed Processing the sysconfig syncBlaze
LOG::2025-03-29.15:56:07::SCWPlatform::Completed generating the artifacts for system configuration syncBlaze
TRACE::2025-03-29.15:56:07::SCWPlatform::Started preparing the platform 
TRACE::2025-03-29.15:56:07::SCWSystem::Writing the bif file for system config syncBlaze
TRACE::2025-03-29.15:56:07::SCWSystem::dir created 
TRACE::2025-03-29.15:56:07::SCWSystem::Writing the bif 
TRACE::2025-03-29.15:56:07::SCWPlatform::Started writing the spfm file 
TRACE::2025-03-29.15:56:07::SCWPlatform::Started writing the xpfm file 
TRACE::2025-03-29.15:56:07::SCWPlatform::Completed generating the platform
TRACE::2025-03-29.15:56:07::SCWMssOS::Saving the mss changes E:/kevin/myCode/microBlaze1/vitisHome/syncBlaze/microblaze_0/standalone_domain/bsp/system.mss
TRACE::2025-03-29.15:56:07::SCWMssOS::Adding the swdes entry, mss present, able to open swdb E:/kevin/myCode/microBlaze1/vitisHome/syncBlaze/microblaze_0/standalone_domain/bsp/system.mss with des name system
TRACE::2025-03-29.15:56:07::SCWMssOS::Writing the mss file completed E:/kevin/myCode/microBlaze1/vitisHome/syncBlaze/microblaze_0/standalone_domain/bsp/system.mss
TRACE::2025-03-29.15:56:07::SCWMssOS::Commit changes completed.
TRACE::2025-03-29.15:56:07::SCWPlatform::Trying to open the hw design at E:/kevin/myCode/microBlaze1/vitisHome/syncBlaze/hw/design_1_wrapper.xsa
TRACE::2025-03-29.15:56:07::SCWPlatform::DSA given E:/kevin/myCode/microBlaze1/vitisHome/syncBlaze/hw/design_1_wrapper.xsa
TRACE::2025-03-29.15:56:07::SCWPlatform::DSA absoulate path E:/kevin/myCode/microBlaze1/vitisHome/syncBlaze/hw/design_1_wrapper.xsa
TRACE::2025-03-29.15:56:07::SCWPlatform::DSA directory E:/kevin/myCode/microBlaze1/vitisHome/syncBlaze/hw
TRACE::2025-03-29.15:56:07::SCWPlatform:: Platform Path E:/kevin/myCode/microBlaze1/vitisHome/syncBlaze/hw/design_1_wrapper.xsa
TRACE::2025-03-29.15:56:07::SCWPlatform:: Unique name xilinx:::0.0
TRACE::2025-03-29.15:56:07::SCWPlatform::Trying to set the existing hwdb with name design_1_wrapper_17
TRACE::2025-03-29.15:56:07::SCWPlatform::Opened existing hwdb design_1_wrapper_17
TRACE::2025-03-29.15:56:07::SCWPlatform::Found the Hw Db part of the input DSA
TRACE::2025-03-29.15:56:07::SCWMssOS::Checking the sw design at  E:/kevin/myCode/microBlaze1/vitisHome/syncBlaze/microblaze_0/standalone_domain/bsp/system.mss
TRACE::2025-03-29.15:56:07::SCWMssOS::DEBUG:  swdes dump  E:/kevin/myCode/microBlaze1/vitisHome/syncBlaze/microblaze_0/standalone_domain/bsp/system.mss|system||

TRACE::2025-03-29.15:56:07::SCWMssOS::Sw design exists and opened at  E:/kevin/myCode/microBlaze1/vitisHome/syncBlaze/microblaze_0/standalone_domain/bsp/system.mss
TRACE::2025-03-29.15:56:07::SCWWriter::formatted JSON is {
	"platformName":	"syncBlaze",
	"sprVersion":	"2.0",
	"mode":	"gui",
	"dsaType":	"Fixed",
	"platformDesc":	"syncBlaze",
	"platHandOff":	"E:/kevin/myCode/microBlaze1/design_1_wrapper.xsa",
	"platIntHandOff":	"<platformDir>/hw/design_1_wrapper.xsa",
	"deviceType":	"FPGA",
	"platIsPrebuiltAutogen":	"false",
	"platIsNoBootBsp":	"false",
	"hasFsblMakeHasChanges":	"false",
	"hasPmufwMakeHasChanges":	"false",
	"platPreBuiltFlag":	false,
	"platformSamplesDir":	"",
	"platActiveSys":	"syncBlaze",
	"systems":	[{
			"systemName":	"syncBlaze",
			"systemDesc":	"syncBlaze",
			"sysIsBootAutoGen":	"true",
			"systemDispName":	"syncBlaze",
			"sysActiveDom":	"standalone_domain",
			"sysDefaultDom":	"standalone_domain",
			"domains":	[{
					"domainName":	"standalone_domain",
					"domainDispName":	"standalone on microblaze_0",
					"domainDesc":	"standalone_domain",
					"processors":	"microblaze_0",
					"os":	"standalone",
					"sdxOs":	"standalone",
					"debugEnable":	"False",
					"domRuntimes":	["cpp"],
					"swRepo":	"",
					"mssOsVer":	"8.0",
					"mssFile":	"",
					"md5Digest":	"e2cdda41e7956801f4f51a65042beca0",
					"compatibleApp":	"",
					"domType":	"mssDomain",
					"arch":	"32-bit",
					"appSettings":	{
						"appCompilerFlags":	"",
						"appLinkerFlags":	""
					},
					"addedLibs":	[],
					"libOptions":	{
						"libsContainingOptions":	[]
					},
					"prebuiltLibs":	{
						"prebuiltIncPath":	[],
						"prebuiltLibPath":	[]
					},
					"isolation":	{
					}
				}]
		}]
}
KEYINFO::2025-03-29.15:56:07::SCWPlatform::updated the xpfm file.
TRACE::2025-03-29.15:56:08::SCWPlatform::Trying to open the hw design at E:/kevin/myCode/microBlaze1/vitisHome/syncBlaze/hw/design_1_wrapper.xsa
TRACE::2025-03-29.15:56:08::SCWPlatform::DSA given E:/kevin/myCode/microBlaze1/vitisHome/syncBlaze/hw/design_1_wrapper.xsa
TRACE::2025-03-29.15:56:08::SCWPlatform::DSA absoulate path E:/kevin/myCode/microBlaze1/vitisHome/syncBlaze/hw/design_1_wrapper.xsa
TRACE::2025-03-29.15:56:08::SCWPlatform::DSA directory E:/kevin/myCode/microBlaze1/vitisHome/syncBlaze/hw
TRACE::2025-03-29.15:56:08::SCWPlatform:: Platform Path E:/kevin/myCode/microBlaze1/vitisHome/syncBlaze/hw/design_1_wrapper.xsa
TRACE::2025-03-29.15:56:08::SCWPlatform:: Unique name xilinx:::0.0
TRACE::2025-03-29.15:56:08::SCWPlatform::Trying to set the existing hwdb with name design_1_wrapper_17
TRACE::2025-03-29.15:56:08::SCWPlatform::Opened existing hwdb design_1_wrapper_17
TRACE::2025-03-29.15:56:08::SCWPlatform::Found the Hw Db part of the input DSA
TRACE::2025-03-29.15:56:08::SCWMssOS::Checking the sw design at  E:/kevin/myCode/microBlaze1/vitisHome/syncBlaze/microblaze_0/standalone_domain/bsp/system.mss
TRACE::2025-03-29.15:56:08::SCWMssOS::DEBUG:  swdes dump  E:/kevin/myCode/microBlaze1/vitisHome/syncBlaze/microblaze_0/standalone_domain/bsp/system.mss|system||

TRACE::2025-03-29.15:56:08::SCWMssOS::Sw design exists and opened at  E:/kevin/myCode/microBlaze1/vitisHome/syncBlaze/microblaze_0/standalone_domain/bsp/system.mss
TRACE::2025-03-29.16:31:32::SCWPlatform::Clearing the existing platform
TRACE::2025-03-29.16:31:32::SCWSystem::Clearing the existing sysconfig
TRACE::2025-03-29.16:31:32::SCWMssOS::Removing the swdes entry for  E:/kevin/myCode/microBlaze1/vitisHome/syncBlaze/microblaze_0/standalone_domain/bsp/system.mss
TRACE::2025-03-29.16:31:32::SCWSystem::Clearing the domains completed.
TRACE::2025-03-29.16:31:32::SCWPlatform::Clearing the opened hw db.
TRACE::2025-03-29.16:31:32::SCWPlatform::DSA given E:/kevin/myCode/microBlaze1/vitisHome/syncBlaze/hw/design_1_wrapper.xsa
TRACE::2025-03-29.16:31:32::SCWPlatform::DSA absoulate path E:/kevin/myCode/microBlaze1/vitisHome/syncBlaze/hw/design_1_wrapper.xsa
TRACE::2025-03-29.16:31:32::SCWPlatform:: Platform location is E:/kevin/myCode/microBlaze1/vitisHome/syncBlaze/hw
TRACE::2025-03-29.16:31:32::SCWPlatform:: Platform Path E:/kevin/myCode/microBlaze1/vitisHome/syncBlaze/hw/design_1_wrapper.xsa
TRACE::2025-03-29.16:31:32::SCWPlatform:: Unique name xilinx:::0.0
TRACE::2025-03-29.16:31:32::SCWPlatform::Removing the HwDB with name E:/kevin/myCode/microBlaze1/vitisHome/syncBlaze/hw/design_1_wrapper.xsa
TRACE::2025-03-29.16:31:32::SCWPlatform::Trying to open the hw design at E:/kevin/myCode/microBlaze1/vitisHome/syncBlaze/hw/design_1_wrapper.xsa
TRACE::2025-03-29.16:31:32::SCWPlatform::DSA given E:/kevin/myCode/microBlaze1/vitisHome/syncBlaze/hw/design_1_wrapper.xsa
TRACE::2025-03-29.16:31:32::SCWPlatform::DSA absoulate path E:/kevin/myCode/microBlaze1/vitisHome/syncBlaze/hw/design_1_wrapper.xsa
TRACE::2025-03-29.16:31:32::SCWPlatform::DSA directory E:/kevin/myCode/microBlaze1/vitisHome/syncBlaze/hw
TRACE::2025-03-29.16:31:32::SCWPlatform:: Platform Path E:/kevin/myCode/microBlaze1/vitisHome/syncBlaze/hw/design_1_wrapper.xsa
TRACE::2025-03-29.16:31:32::SCWPlatform:: Unique name xilinx:::0.0
TRACE::2025-03-29.16:31:32::SCWPlatform::Do not have an existing db opened. 
TRACE::2025-03-29.16:31:32::SCWPlatform::Opened new HwDB with name design_1_wrapper_19
TRACE::2025-03-29.16:31:32::SCWReader::Active system found as  syncBlaze
TRACE::2025-03-29.16:31:32::SCWReader::Handling sysconfig syncBlaze
TRACE::2025-03-29.16:31:32::SCWDomain::checking for install qemu data   : 
TRACE::2025-03-29.16:31:32::SCWPlatform::Trying to open the hw design at E:/kevin/myCode/microBlaze1/vitisHome/syncBlaze/hw/design_1_wrapper.xsa
TRACE::2025-03-29.16:31:32::SCWPlatform::DSA given E:/kevin/myCode/microBlaze1/vitisHome/syncBlaze/hw/design_1_wrapper.xsa
TRACE::2025-03-29.16:31:32::SCWPlatform::DSA absoulate path E:/kevin/myCode/microBlaze1/vitisHome/syncBlaze/hw/design_1_wrapper.xsa
TRACE::2025-03-29.16:31:32::SCWPlatform::DSA directory E:/kevin/myCode/microBlaze1/vitisHome/syncBlaze/hw
TRACE::2025-03-29.16:31:32::SCWPlatform:: Platform Path E:/kevin/myCode/microBlaze1/vitisHome/syncBlaze/hw/design_1_wrapper.xsa
TRACE::2025-03-29.16:31:32::SCWPlatform:: Unique name xilinx:::0.0
TRACE::2025-03-29.16:31:32::SCWPlatform::Trying to set the existing hwdb with name design_1_wrapper_19
TRACE::2025-03-29.16:31:32::SCWPlatform::Opened existing hwdb design_1_wrapper_19
TRACE::2025-03-29.16:31:32::SCWPlatform::Found the Hw Db part of the input DSA
TRACE::2025-03-29.16:31:32::SCWPlatform::Trying to open the hw design at E:/kevin/myCode/microBlaze1/vitisHome/syncBlaze/hw/design_1_wrapper.xsa
TRACE::2025-03-29.16:31:32::SCWPlatform::DSA given E:/kevin/myCode/microBlaze1/vitisHome/syncBlaze/hw/design_1_wrapper.xsa
TRACE::2025-03-29.16:31:32::SCWPlatform::DSA absoulate path E:/kevin/myCode/microBlaze1/vitisHome/syncBlaze/hw/design_1_wrapper.xsa
TRACE::2025-03-29.16:31:32::SCWPlatform::DSA directory E:/kevin/myCode/microBlaze1/vitisHome/syncBlaze/hw
TRACE::2025-03-29.16:31:32::SCWPlatform:: Platform Path E:/kevin/myCode/microBlaze1/vitisHome/syncBlaze/hw/design_1_wrapper.xsa
TRACE::2025-03-29.16:31:32::SCWPlatform:: Unique name xilinx:::0.0
TRACE::2025-03-29.16:31:32::SCWPlatform::Trying to set the existing hwdb with name design_1_wrapper_19
TRACE::2025-03-29.16:31:32::SCWPlatform::Opened existing hwdb design_1_wrapper_19
TRACE::2025-03-29.16:31:32::SCWPlatform::Found the Hw Db part of the input DSA
TRACE::2025-03-29.16:31:32::SCWPlatform::Trying to open the hw design at E:/kevin/myCode/microBlaze1/vitisHome/syncBlaze/hw/design_1_wrapper.xsa
TRACE::2025-03-29.16:31:32::SCWPlatform::DSA given E:/kevin/myCode/microBlaze1/vitisHome/syncBlaze/hw/design_1_wrapper.xsa
TRACE::2025-03-29.16:31:32::SCWPlatform::DSA absoulate path E:/kevin/myCode/microBlaze1/vitisHome/syncBlaze/hw/design_1_wrapper.xsa
TRACE::2025-03-29.16:31:32::SCWPlatform::DSA directory E:/kevin/myCode/microBlaze1/vitisHome/syncBlaze/hw
TRACE::2025-03-29.16:31:32::SCWPlatform:: Platform Path E:/kevin/myCode/microBlaze1/vitisHome/syncBlaze/hw/design_1_wrapper.xsa
TRACE::2025-03-29.16:31:32::SCWPlatform:: Unique name xilinx:::0.0
TRACE::2025-03-29.16:31:32::SCWPlatform::Trying to set the existing hwdb with name design_1_wrapper_19
TRACE::2025-03-29.16:31:32::SCWPlatform::Opened existing hwdb design_1_wrapper_19
TRACE::2025-03-29.16:31:32::SCWPlatform::Found the Hw Db part of the input DSA
TRACE::2025-03-29.16:31:32::SCWPlatform::Trying to open the hw design at E:/kevin/myCode/microBlaze1/vitisHome/syncBlaze/hw/design_1_wrapper.xsa
TRACE::2025-03-29.16:31:32::SCWPlatform::DSA given E:/kevin/myCode/microBlaze1/vitisHome/syncBlaze/hw/design_1_wrapper.xsa
TRACE::2025-03-29.16:31:32::SCWPlatform::DSA absoulate path E:/kevin/myCode/microBlaze1/vitisHome/syncBlaze/hw/design_1_wrapper.xsa
TRACE::2025-03-29.16:31:32::SCWPlatform::DSA directory E:/kevin/myCode/microBlaze1/vitisHome/syncBlaze/hw
TRACE::2025-03-29.16:31:32::SCWPlatform:: Platform Path E:/kevin/myCode/microBlaze1/vitisHome/syncBlaze/hw/design_1_wrapper.xsa
TRACE::2025-03-29.16:31:32::SCWPlatform:: Unique name xilinx:::0.0
TRACE::2025-03-29.16:31:32::SCWPlatform::Trying to set the existing hwdb with name design_1_wrapper_19
TRACE::2025-03-29.16:31:32::SCWPlatform::Opened existing hwdb design_1_wrapper_19
TRACE::2025-03-29.16:31:32::SCWPlatform::Found the Hw Db part of the input DSA
TRACE::2025-03-29.16:31:32::SCWMssOS::Checking the sw design at  E:/kevin/myCode/microBlaze1/vitisHome/syncBlaze/microblaze_0/standalone_domain/bsp/system.mss
TRACE::2025-03-29.16:31:32::SCWMssOS::DEBUG:  swdes dump  
TRACE::2025-03-29.16:31:32::SCWMssOS::No sw design opened at  E:/kevin/myCode/microBlaze1/vitisHome/syncBlaze/microblaze_0/standalone_domain/bsp/system.mss
TRACE::2025-03-29.16:31:32::SCWMssOS::mss exists loading the mss file  E:/kevin/myCode/microBlaze1/vitisHome/syncBlaze/microblaze_0/standalone_domain/bsp/system.mss
TRACE::2025-03-29.16:31:32::SCWMssOS::Opened the sw design from mss  E:/kevin/myCode/microBlaze1/vitisHome/syncBlaze/microblaze_0/standalone_domain/bsp/system.mss
TRACE::2025-03-29.16:31:32::SCWMssOS::Adding the swdes entry E:/kevin/myCode/microBlaze1/vitisHome/syncBlaze/microblaze_0/standalone_domain/bsp/system.mss with des name system
TRACE::2025-03-29.16:31:32::SCWMssOS::updating the scw layer about changes
TRACE::2025-03-29.16:31:32::SCWMssOS::Opened the sw design.  E:/kevin/myCode/microBlaze1/vitisHome/syncBlaze/microblaze_0/standalone_domain/bsp/system.mss
TRACE::2025-03-29.16:31:32::SCWMssOS::Saving the mss changes E:/kevin/myCode/microBlaze1/vitisHome/syncBlaze/microblaze_0/standalone_domain/bsp/system.mss
TRACE::2025-03-29.16:31:32::SCWMssOS::Found a swdesign opened with the mssfile.
TRACE::2025-03-29.16:31:32::SCWMssOS::Completed writemss as part of save.
TRACE::2025-03-29.16:31:32::SCWMssOS::Commit changes completed.
TRACE::2025-03-29.16:31:32::SCWReader::Adding prebuilt librarypaths as   
TRACE::2025-03-29.16:31:32::SCWReader::Adding prebuilt incpaths  as   
TRACE::2025-03-29.16:31:32::SCWPlatform::Trying to open the hw design at E:/kevin/myCode/microBlaze1/vitisHome/syncBlaze/hw/design_1_wrapper.xsa
TRACE::2025-03-29.16:31:32::SCWPlatform::DSA given E:/kevin/myCode/microBlaze1/vitisHome/syncBlaze/hw/design_1_wrapper.xsa
TRACE::2025-03-29.16:31:32::SCWPlatform::DSA absoulate path E:/kevin/myCode/microBlaze1/vitisHome/syncBlaze/hw/design_1_wrapper.xsa
TRACE::2025-03-29.16:31:32::SCWPlatform::DSA directory E:/kevin/myCode/microBlaze1/vitisHome/syncBlaze/hw
TRACE::2025-03-29.16:31:32::SCWPlatform:: Platform Path E:/kevin/myCode/microBlaze1/vitisHome/syncBlaze/hw/design_1_wrapper.xsa
TRACE::2025-03-29.16:31:32::SCWPlatform:: Unique name xilinx:::0.0
TRACE::2025-03-29.16:31:32::SCWPlatform::Trying to set the existing hwdb with name design_1_wrapper_19
TRACE::2025-03-29.16:31:32::SCWPlatform::Opened existing hwdb design_1_wrapper_19
TRACE::2025-03-29.16:31:32::SCWPlatform::Found the Hw Db part of the input DSA
TRACE::2025-03-29.16:31:32::SCWMssOS::Checking the sw design at  E:/kevin/myCode/microBlaze1/vitisHome/syncBlaze/microblaze_0/standalone_domain/bsp/system.mss
TRACE::2025-03-29.16:31:32::SCWMssOS::DEBUG:  swdes dump  E:/kevin/myCode/microBlaze1/vitisHome/syncBlaze/microblaze_0/standalone_domain/bsp/system.mss|system||

TRACE::2025-03-29.16:31:32::SCWMssOS::Sw design exists and opened at  E:/kevin/myCode/microBlaze1/vitisHome/syncBlaze/microblaze_0/standalone_domain/bsp/system.mss
TRACE::2025-03-29.16:31:32::SCWReader::No isolation master present  
TRACE::2025-03-29.16:31:35::SCWPlatform::DSA given E:/kevin/myCode/microBlaze1/vitisHome/syncBlaze/tempdsa/design_1_wrapper.xsa
TRACE::2025-03-29.16:31:35::SCWPlatform::DSA absoulate path E:/kevin/myCode/microBlaze1/vitisHome/syncBlaze/tempdsa/design_1_wrapper.xsa
TRACE::2025-03-29.16:31:35::SCWPlatform:: Platform location is E:/kevin/myCode/microBlaze1/vitisHome/syncBlaze/tempdsa
TRACE::2025-03-29.16:31:35::SCWPlatform:: Platform Path E:/kevin/myCode/microBlaze1/vitisHome/syncBlaze/tempdsa/design_1_wrapper.xsa
TRACE::2025-03-29.16:31:35::SCWPlatform:: Unique name xilinx:::0.0
TRACE::2025-03-29.16:31:35::SCWPlatform::Found the Hw Db part of the input DSA
TRACE::2025-03-29.16:31:35::SCWMssOS::Doing hw sync for the mss in domain: standalone_domain
TRACE::2025-03-29.16:31:35::SCWPlatform::Trying to open the hw design at E:/kevin/myCode/microBlaze1/vitisHome/syncBlaze/hw/design_1_wrapper.xsa
TRACE::2025-03-29.16:31:35::SCWPlatform::DSA given E:/kevin/myCode/microBlaze1/vitisHome/syncBlaze/hw/design_1_wrapper.xsa
TRACE::2025-03-29.16:31:35::SCWPlatform::DSA absoulate path E:/kevin/myCode/microBlaze1/vitisHome/syncBlaze/hw/design_1_wrapper.xsa
TRACE::2025-03-29.16:31:35::SCWPlatform::DSA directory E:/kevin/myCode/microBlaze1/vitisHome/syncBlaze/hw
TRACE::2025-03-29.16:31:35::SCWPlatform:: Platform Path E:/kevin/myCode/microBlaze1/vitisHome/syncBlaze/hw/design_1_wrapper.xsa
TRACE::2025-03-29.16:31:35::SCWPlatform:: Unique name xilinx:::0.0
TRACE::2025-03-29.16:31:35::SCWPlatform::Trying to set the existing hwdb with name design_1_wrapper_19
TRACE::2025-03-29.16:31:35::SCWPlatform::Opened existing hwdb design_1_wrapper_19
TRACE::2025-03-29.16:31:35::SCWPlatform::Found the Hw Db part of the input DSA
TRACE::2025-03-29.16:31:35::SCWPlatform::Trying to open the hw design at E:/kevin/myCode/microBlaze1/vitisHome/syncBlaze/hw/design_1_wrapper.xsa
TRACE::2025-03-29.16:31:35::SCWPlatform::DSA given E:/kevin/myCode/microBlaze1/vitisHome/syncBlaze/hw/design_1_wrapper.xsa
TRACE::2025-03-29.16:31:35::SCWPlatform::DSA absoulate path E:/kevin/myCode/microBlaze1/vitisHome/syncBlaze/hw/design_1_wrapper.xsa
TRACE::2025-03-29.16:31:35::SCWPlatform::DSA directory E:/kevin/myCode/microBlaze1/vitisHome/syncBlaze/hw
TRACE::2025-03-29.16:31:35::SCWPlatform:: Platform Path E:/kevin/myCode/microBlaze1/vitisHome/syncBlaze/hw/design_1_wrapper.xsa
TRACE::2025-03-29.16:31:35::SCWPlatform:: Unique name xilinx:::0.0
TRACE::2025-03-29.16:31:35::SCWPlatform::Trying to set the existing hwdb with name design_1_wrapper_19
TRACE::2025-03-29.16:31:35::SCWPlatform::Opened existing hwdb design_1_wrapper_19
TRACE::2025-03-29.16:31:35::SCWPlatform::Found the Hw Db part of the input DSA
TRACE::2025-03-29.16:31:35::SCWMssOS::Checking the sw design at  E:/kevin/myCode/microBlaze1/vitisHome/syncBlaze/microblaze_0/standalone_domain/bsp/system.mss
TRACE::2025-03-29.16:31:35::SCWMssOS::DEBUG:  swdes dump  E:/kevin/myCode/microBlaze1/vitisHome/syncBlaze/microblaze_0/standalone_domain/bsp/system.mss|system||

TRACE::2025-03-29.16:31:35::SCWMssOS::Sw design exists and opened at  E:/kevin/myCode/microBlaze1/vitisHome/syncBlaze/microblaze_0/standalone_domain/bsp/system.mss
TRACE::2025-03-29.16:31:35::SCWPlatform::Trying to open the hw design at E:/kevin/myCode/microBlaze1/vitisHome/syncBlaze/tempdsa/design_1_wrapper.xsa
TRACE::2025-03-29.16:31:35::SCWPlatform::DSA given E:/kevin/myCode/microBlaze1/vitisHome/syncBlaze/tempdsa/design_1_wrapper.xsa
TRACE::2025-03-29.16:31:35::SCWPlatform::DSA absoulate path E:/kevin/myCode/microBlaze1/vitisHome/syncBlaze/tempdsa/design_1_wrapper.xsa
TRACE::2025-03-29.16:31:35::SCWPlatform::DSA directory E:/kevin/myCode/microBlaze1/vitisHome/syncBlaze/tempdsa
TRACE::2025-03-29.16:31:35::SCWPlatform:: Platform Path E:/kevin/myCode/microBlaze1/vitisHome/syncBlaze/tempdsa/design_1_wrapper.xsa
TRACE::2025-03-29.16:31:35::SCWPlatform:: Unique name xilinx:::0.0
TRACE::2025-03-29.16:31:35::SCWPlatform::update - Opened existing hwdb design_1_wrapper_20
TRACE::2025-03-29.16:31:35::SCWPlatform::Found the Hw Db part of the input DSA
TRACE::2025-03-29.16:31:35::SCWMssOS::Saving the mss changes E:/kevin/myCode/microBlaze1/vitisHome/syncBlaze/microblaze_0/standalone_domain/bsp/system.mss
TRACE::2025-03-29.16:31:35::SCWMssOS::Found a swdesign opened with the mssfile.
TRACE::2025-03-29.16:31:35::SCWMssOS::Completed writemss as part of save.
TRACE::2025-03-29.16:31:35::SCWMssOS::Commit changes completed.
TRACE::2025-03-29.16:31:35::SCWMssOS::Completed hw sync for the mss in domain: standalone_domain
TRACE::2025-03-29.16:31:35::SCWMssOS::Removing the swdes entry for  E:/kevin/myCode/microBlaze1/vitisHome/syncBlaze/microblaze_0/standalone_domain/bsp/system.mss
TRACE::2025-03-29.16:31:35::SCWPlatform::Trying to open the hw design at E:/kevin/myCode/microBlaze1/vitisHome/syncBlaze/hw/design_1_wrapper.xsa
TRACE::2025-03-29.16:31:35::SCWPlatform::DSA given E:/kevin/myCode/microBlaze1/vitisHome/syncBlaze/hw/design_1_wrapper.xsa
TRACE::2025-03-29.16:31:35::SCWPlatform::DSA absoulate path E:/kevin/myCode/microBlaze1/vitisHome/syncBlaze/hw/design_1_wrapper.xsa
TRACE::2025-03-29.16:31:35::SCWPlatform::DSA directory E:/kevin/myCode/microBlaze1/vitisHome/syncBlaze/hw
TRACE::2025-03-29.16:31:35::SCWPlatform:: Platform Path E:/kevin/myCode/microBlaze1/vitisHome/syncBlaze/hw/design_1_wrapper.xsa
TRACE::2025-03-29.16:31:35::SCWPlatform:: Unique name xilinx:::0.0
TRACE::2025-03-29.16:31:35::SCWPlatform::Do not have an existing db opened. 
TRACE::2025-03-29.16:31:35::SCWPlatform::Opened new HwDB with name design_1_wrapper_21
TRACE::2025-03-29.16:31:35::SCWMssOS::Saving the mss changes E:/kevin/myCode/microBlaze1/vitisHome/syncBlaze/microblaze_0/standalone_domain/bsp/system.mss
TRACE::2025-03-29.16:31:35::SCWMssOS::Adding the swdes entry, mss present, able to open swdb E:/kevin/myCode/microBlaze1/vitisHome/syncBlaze/microblaze_0/standalone_domain/bsp/system.mss with des name system
TRACE::2025-03-29.16:31:35::SCWMssOS::Writing the mss file completed E:/kevin/myCode/microBlaze1/vitisHome/syncBlaze/microblaze_0/standalone_domain/bsp/system.mss
TRACE::2025-03-29.16:31:35::SCWMssOS::Commit changes completed.
TRACE::2025-03-29.16:31:35::SCWPlatform::Trying to open the hw design at E:/kevin/myCode/microBlaze1/vitisHome/syncBlaze/hw/design_1_wrapper.xsa
TRACE::2025-03-29.16:31:35::SCWPlatform::DSA given E:/kevin/myCode/microBlaze1/vitisHome/syncBlaze/hw/design_1_wrapper.xsa
TRACE::2025-03-29.16:31:35::SCWPlatform::DSA absoulate path E:/kevin/myCode/microBlaze1/vitisHome/syncBlaze/hw/design_1_wrapper.xsa
TRACE::2025-03-29.16:31:35::SCWPlatform::DSA directory E:/kevin/myCode/microBlaze1/vitisHome/syncBlaze/hw
TRACE::2025-03-29.16:31:35::SCWPlatform:: Platform Path E:/kevin/myCode/microBlaze1/vitisHome/syncBlaze/hw/design_1_wrapper.xsa
TRACE::2025-03-29.16:31:35::SCWPlatform:: Unique name xilinx:::0.0
TRACE::2025-03-29.16:31:35::SCWPlatform::Trying to set the existing hwdb with name design_1_wrapper_21
TRACE::2025-03-29.16:31:35::SCWPlatform::Opened existing hwdb design_1_wrapper_21
TRACE::2025-03-29.16:31:35::SCWPlatform::Found the Hw Db part of the input DSA
TRACE::2025-03-29.16:31:35::SCWMssOS::Checking the sw design at  E:/kevin/myCode/microBlaze1/vitisHome/syncBlaze/microblaze_0/standalone_domain/bsp/system.mss
TRACE::2025-03-29.16:31:35::SCWMssOS::DEBUG:  swdes dump  E:/kevin/myCode/microBlaze1/vitisHome/syncBlaze/microblaze_0/standalone_domain/bsp/system.mss|system||

TRACE::2025-03-29.16:31:35::SCWMssOS::Sw design exists and opened at  E:/kevin/myCode/microBlaze1/vitisHome/syncBlaze/microblaze_0/standalone_domain/bsp/system.mss
TRACE::2025-03-29.16:31:35::SCWWriter::formatted JSON is {
	"platformName":	"syncBlaze",
	"sprVersion":	"2.0",
	"mode":	"gui",
	"dsaType":	"Fixed",
	"platformDesc":	"syncBlaze",
	"platHandOff":	"E:/kevin/myCode/microBlaze1/design_1_wrapper.xsa",
	"platIntHandOff":	"<platformDir>/hw/design_1_wrapper.xsa",
	"deviceType":	"FPGA",
	"platIsPrebuiltAutogen":	"false",
	"platIsNoBootBsp":	"false",
	"hasFsblMakeHasChanges":	"false",
	"hasPmufwMakeHasChanges":	"false",
	"platPreBuiltFlag":	false,
	"platformSamplesDir":	"",
	"platActiveSys":	"syncBlaze",
	"systems":	[{
			"systemName":	"syncBlaze",
			"systemDesc":	"syncBlaze",
			"sysIsBootAutoGen":	"true",
			"systemDispName":	"syncBlaze",
			"sysActiveDom":	"standalone_domain",
			"sysDefaultDom":	"standalone_domain",
			"domains":	[{
					"domainName":	"standalone_domain",
					"domainDispName":	"standalone on microblaze_0",
					"domainDesc":	"standalone_domain",
					"processors":	"microblaze_0",
					"os":	"standalone",
					"sdxOs":	"standalone",
					"debugEnable":	"False",
					"domRuntimes":	["cpp"],
					"swRepo":	"",
					"mssOsVer":	"8.0",
					"mssFile":	"",
					"md5Digest":	"e2cdda41e7956801f4f51a65042beca01",
					"compatibleApp":	"",
					"domType":	"mssDomain",
					"arch":	"32-bit",
					"appSettings":	{
						"appCompilerFlags":	"",
						"appLinkerFlags":	""
					},
					"addedLibs":	[],
					"libOptions":	{
						"libsContainingOptions":	[]
					},
					"prebuiltLibs":	{
						"prebuiltIncPath":	[],
						"prebuiltLibPath":	[]
					},
					"isolation":	{
					}
				}]
		}]
}
LOG::2025-03-29.16:31:41::SCWPlatform::Started generating the artifacts platform syncBlaze
TRACE::2025-03-29.16:31:41::SCWPlatform::Sanity checking of platform is completed
LOG::2025-03-29.16:31:41::SCWPlatform::Started generating the artifacts for system configuration syncBlaze
LOG::2025-03-29.16:31:41::SCWSystem::Checking the domain standalone_domain
LOG::2025-03-29.16:31:41::SCWSystem::Not a boot domain 
LOG::2025-03-29.16:31:41::SCWSystem::Started Processing the domain standalone_domain
TRACE::2025-03-29.16:31:41::SCWDomain::Generating domain artifcats
TRACE::2025-03-29.16:31:41::SCWMssOS::Generating standalone artifcats
TRACE::2025-03-29.16:31:41::SCWMssOS:: Copying the user libraries. 
TRACE::2025-03-29.16:31:41::SCWPlatform::Trying to open the hw design at E:/kevin/myCode/microBlaze1/vitisHome/syncBlaze/hw/design_1_wrapper.xsa
TRACE::2025-03-29.16:31:41::SCWPlatform::DSA given E:/kevin/myCode/microBlaze1/vitisHome/syncBlaze/hw/design_1_wrapper.xsa
TRACE::2025-03-29.16:31:41::SCWPlatform::DSA absoulate path E:/kevin/myCode/microBlaze1/vitisHome/syncBlaze/hw/design_1_wrapper.xsa
TRACE::2025-03-29.16:31:41::SCWPlatform::DSA directory E:/kevin/myCode/microBlaze1/vitisHome/syncBlaze/hw
TRACE::2025-03-29.16:31:41::SCWPlatform:: Platform Path E:/kevin/myCode/microBlaze1/vitisHome/syncBlaze/hw/design_1_wrapper.xsa
TRACE::2025-03-29.16:31:41::SCWPlatform:: Unique name xilinx:::0.0
TRACE::2025-03-29.16:31:41::SCWPlatform::Trying to set the existing hwdb with name design_1_wrapper_21
TRACE::2025-03-29.16:31:41::SCWPlatform::Opened existing hwdb design_1_wrapper_21
TRACE::2025-03-29.16:31:41::SCWPlatform::Found the Hw Db part of the input DSA
TRACE::2025-03-29.16:31:41::SCWMssOS::Checking the sw design at  E:/kevin/myCode/microBlaze1/vitisHome/syncBlaze/microblaze_0/standalone_domain/bsp/system.mss
TRACE::2025-03-29.16:31:41::SCWMssOS::DEBUG:  swdes dump  E:/kevin/myCode/microBlaze1/vitisHome/syncBlaze/microblaze_0/standalone_domain/bsp/system.mss|system||

TRACE::2025-03-29.16:31:41::SCWMssOS::Sw design exists and opened at  E:/kevin/myCode/microBlaze1/vitisHome/syncBlaze/microblaze_0/standalone_domain/bsp/system.mss
TRACE::2025-03-29.16:31:41::SCWMssOS::Completed writing the mss file at E:/kevin/myCode/microBlaze1/vitisHome/syncBlaze/microblaze_0/standalone_domain/bsp
TRACE::2025-03-29.16:31:41::SCWMssOS::Mss edits present, copying mssfile into export location E:/kevin/myCode/microBlaze1/vitisHome/syncBlaze/microblaze_0/standalone_domain/bsp/system.mss
TRACE::2025-03-29.16:31:41::SCWMssOS::bsp generated is stale removing and regenerating. 
TRACE::2025-03-29.16:31:42::SCWMssOS::doing bsp build ... 
TRACE::2025-03-29.16:31:42::SCWMssOS::System Command Ran  E: & cd  E:/kevin/myCode/microBlaze1/vitisHome/syncBlaze/microblaze_0/standalone_domain/bsp & make 
TRACE::2025-03-29.16:31:42::SCWMssOS::make --no-print-directory seq_libs

TRACE::2025-03-29.16:31:42::SCWMssOS::'Finished building libraries sequentially.'

TRACE::2025-03-29.16:31:42::SCWMssOS::make -j 22 --no-print-directory par_libs

TRACE::2025-03-29.16:31:42::SCWMssOS::"Running Make include in microblaze_0/libsrc/bram_v4_8/src"

TRACE::2025-03-29.16:31:42::SCWMssOS::make -C microblaze_0/libsrc/bram_v4_8/src -s include  "SHELL=CMD" "COMPILER=mb-gcc" "ASSEMBLER=mb-as" "ARCHIVER=mb-ar" "COMPILE
TRACE::2025-03-29.16:31:42::SCWMssOS::R_FLAGS=  -O2 -c -mcpu=v11.0 -mlittle-endian -mxl-soft-mul" "EXTRA_COMPILER_FLAGS=-g -ffunction-sections -fdata-sections -Wall 
TRACE::2025-03-29.16:31:42::SCWMssOS::-Wextra -fno-tree-loop-distribute-patterns"

TRACE::2025-03-29.16:31:42::SCWMssOS::"Running Make include in microblaze_0/libsrc/cpu_v2_16/src"

TRACE::2025-03-29.16:31:42::SCWMssOS::make -C microblaze_0/libsrc/cpu_v2_16/src -s include  "SHELL=CMD" "COMPILER=mb-gcc" "ASSEMBLER=mb-as" "ARCHIVER=mb-ar" "COMPILE
TRACE::2025-03-29.16:31:42::SCWMssOS::R_FLAGS=  -O2 -c -mcpu=v11.0 -mlittle-endian -mxl-soft-mul" "EXTRA_COMPILER_FLAGS=-g -ffunction-sections -fdata-sections -Wall 
TRACE::2025-03-29.16:31:42::SCWMssOS::-Wextra -fno-tree-loop-distribute-patterns"

TRACE::2025-03-29.16:31:42::SCWMssOS::"Running Make include in microblaze_0/libsrc/gpio_v4_9/src"

TRACE::2025-03-29.16:31:42::SCWMssOS::make -C microblaze_0/libsrc/gpio_v4_9/src -s include  "SHELL=CMD" "COMPILER=mb-gcc" "ASSEMBLER=mb-as" "ARCHIVER=mb-ar" "COMPILE
TRACE::2025-03-29.16:31:42::SCWMssOS::R_FLAGS=  -O2 -c -mcpu=v11.0 -mlittle-endian -mxl-soft-mul" "EXTRA_COMPILER_FLAGS=-g -ffunction-sections -fdata-sections -Wall 
TRACE::2025-03-29.16:31:42::SCWMssOS::-Wextra -fno-tree-loop-distribute-patterns"

TRACE::2025-03-29.16:31:42::SCWMssOS::"Running Make include in microblaze_0/libsrc/intc_v3_15/src"

TRACE::2025-03-29.16:31:42::SCWMssOS::make -C microblaze_0/libsrc/intc_v3_15/src -s include  "SHELL=CMD" "COMPILER=mb-gcc" "ASSEMBLER=mb-as" "ARCHIVER=mb-ar" "COMPIL
TRACE::2025-03-29.16:31:42::SCWMssOS::ER_FLAGS=  -O2 -c -mcpu=v11.0 -mlittle-endian -mxl-soft-mul" "EXTRA_COMPILER_FLAGS=-g -ffunction-sections -fdata-sections -Wall
TRACE::2025-03-29.16:31:42::SCWMssOS:: -Wextra -fno-tree-loop-distribute-patterns"

TRACE::2025-03-29.16:31:42::SCWMssOS::"Running Make include in microblaze_0/libsrc/standalone_v8_0/src"

TRACE::2025-03-29.16:31:42::SCWMssOS::make -C microblaze_0/libsrc/standalone_v8_0/src -s include  "SHELL=CMD" "COMPILER=mb-gcc" "ASSEMBLER=mb-as" "ARCHIVER=mb-ar" "C
TRACE::2025-03-29.16:31:42::SCWMssOS::OMPILER_FLAGS=  -O2 -c -mcpu=v11.0 -mlittle-endian -mxl-soft-mul" "EXTRA_COMPILER_FLAGS=-g -ffunction-sections -fdata-sections 
TRACE::2025-03-29.16:31:42::SCWMssOS::-Wall -Wextra -fno-tree-loop-distribute-patterns"

TRACE::2025-03-29.16:31:42::SCWMssOS::"Running Make include in microblaze_0/libsrc/tmrctr_v4_9/src"

TRACE::2025-03-29.16:31:42::SCWMssOS::make -C microblaze_0/libsrc/tmrctr_v4_9/src -s include  "SHELL=CMD" "COMPILER=mb-gcc" "ASSEMBLER=mb-as" "ARCHIVER=mb-ar" "COMPI
TRACE::2025-03-29.16:31:42::SCWMssOS::LER_FLAGS=  -O2 -c -mcpu=v11.0 -mlittle-endian -mxl-soft-mul" "EXTRA_COMPILER_FLAGS=-g -ffunction-sections -fdata-sections -Wal
TRACE::2025-03-29.16:31:42::SCWMssOS::l -Wextra -fno-tree-loop-distribute-patterns"

TRACE::2025-03-29.16:31:42::SCWMssOS::"Running Make include in microblaze_0/libsrc/uartlite_v3_7/src"

TRACE::2025-03-29.16:31:42::SCWMssOS::make -C microblaze_0/libsrc/uartlite_v3_7/src -s include  "SHELL=CMD" "COMPILER=mb-gcc" "ASSEMBLER=mb-as" "ARCHIVER=mb-ar" "COM
TRACE::2025-03-29.16:31:42::SCWMssOS::PILER_FLAGS=  -O2 -c -mcpu=v11.0 -mlittle-endian -mxl-soft-mul" "EXTRA_COMPILER_FLAGS=-g -ffunction-sections -fdata-sections -W
TRACE::2025-03-29.16:31:42::SCWMssOS::all -Wextra -fno-tree-loop-distribute-patterns"

TRACE::2025-03-29.16:31:42::SCWMssOS::"Running Make libs in microblaze_0/libsrc/bram_v4_8/src"

TRACE::2025-03-29.16:31:42::SCWMssOS::make -C microblaze_0/libsrc/bram_v4_8/src -s libs  "SHELL=CMD" "COMPILER=mb-gcc" "ASSEMBLER=mb-as" "ARCHIVER=mb-ar" "COMPILER_F
TRACE::2025-03-29.16:31:42::SCWMssOS::LAGS=  -O2 -c -mcpu=v11.0 -mlittle-endian -mxl-soft-mul" "EXTRA_COMPILER_FLAGS=-g -ffunction-sections -fdata-sections -Wall -We
TRACE::2025-03-29.16:31:42::SCWMssOS::xtra -fno-tree-loop-distribute-patterns"

TRACE::2025-03-29.16:31:42::SCWMssOS::"Running Make libs in microblaze_0/libsrc/cpu_v2_16/src"

TRACE::2025-03-29.16:31:42::SCWMssOS::make -C microblaze_0/libsrc/cpu_v2_16/src -s libs  "SHELL=CMD" "COMPILER=mb-gcc" "ASSEMBLER=mb-as" "ARCHIVER=mb-ar" "COMPILER_F
TRACE::2025-03-29.16:31:42::SCWMssOS::LAGS=  -O2 -c -mcpu=v11.0 -mlittle-endian -mxl-soft-mul" "EXTRA_COMPILER_FLAGS=-g -ffunction-sections -fdata-sections -Wall -We
TRACE::2025-03-29.16:31:42::SCWMssOS::xtra -fno-tree-loop-distribute-patterns"

TRACE::2025-03-29.16:31:42::SCWMssOS::"Running Make libs in microblaze_0/libsrc/gpio_v4_9/src"

TRACE::2025-03-29.16:31:42::SCWMssOS::make -C microblaze_0/libsrc/gpio_v4_9/src -s libs  "SHELL=CMD" "COMPILER=mb-gcc" "ASSEMBLER=mb-as" "ARCHIVER=mb-ar" "COMPILER_F
TRACE::2025-03-29.16:31:42::SCWMssOS::LAGS=  -O2 -c -mcpu=v11.0 -mlittle-endian -mxl-soft-mul" "EXTRA_COMPILER_FLAGS=-g -ffunction-sections -fdata-sections -Wall -We
TRACE::2025-03-29.16:31:42::SCWMssOS::xtra -fno-tree-loop-distribute-patterns"

TRACE::2025-03-29.16:31:42::SCWMssOS::"Running Make libs in microblaze_0/libsrc/intc_v3_15/src"

TRACE::2025-03-29.16:31:42::SCWMssOS::make -C microblaze_0/libsrc/intc_v3_15/src -s libs  "SHELL=CMD" "COMPILER=mb-gcc" "ASSEMBLER=mb-as" "ARCHIVER=mb-ar" "COMPILER_
TRACE::2025-03-29.16:31:42::SCWMssOS::FLAGS=  -O2 -c -mcpu=v11.0 -mlittle-endian -mxl-soft-mul" "EXTRA_COMPILER_FLAGS=-g -ffunction-sections -fdata-sections -Wall -W
TRACE::2025-03-29.16:31:42::SCWMssOS::extra -fno-tree-loop-distribute-patterns"

TRACE::2025-03-29.16:31:42::SCWMssOS::"Running Make libs in microblaze_0/libsrc/standalone_v8_0/src"

TRACE::2025-03-29.16:31:42::SCWMssOS::make -C microblaze_0/libsrc/standalone_v8_0/src -s libs  "SHELL=CMD" "COMPILER=mb-gcc" "ASSEMBLER=mb-as" "ARCHIVER=mb-ar" "COMP
TRACE::2025-03-29.16:31:42::SCWMssOS::ILER_FLAGS=  -O2 -c -mcpu=v11.0 -mlittle-endian -mxl-soft-mul" "EXTRA_COMPILER_FLAGS=-g -ffunction-sections -fdata-sections -Wa
TRACE::2025-03-29.16:31:42::SCWMssOS::ll -Wextra -fno-tree-loop-distribute-patterns"

TRACE::2025-03-29.16:31:42::SCWMssOS::"Running Make libs in microblaze_0/libsrc/tmrctr_v4_9/src"

TRACE::2025-03-29.16:31:42::SCWMssOS::make -C microblaze_0/libsrc/tmrctr_v4_9/src -s libs  "SHELL=CMD" "COMPILER=mb-gcc" "ASSEMBLER=mb-as" "ARCHIVER=mb-ar" "COMPILER
TRACE::2025-03-29.16:31:42::SCWMssOS::_FLAGS=  -O2 -c -mcpu=v11.0 -mlittle-endian -mxl-soft-mul" "EXTRA_COMPILER_FLAGS=-g -ffunction-sections -fdata-sections -Wall -
TRACE::2025-03-29.16:31:42::SCWMssOS::Wextra -fno-tree-loop-distribute-patterns"

TRACE::2025-03-29.16:31:42::SCWMssOS::"Running Make libs in microblaze_0/libsrc/uartlite_v3_7/src"

TRACE::2025-03-29.16:31:42::SCWMssOS::make -C microblaze_0/libsrc/uartlite_v3_7/src -s libs  "SHELL=CMD" "COMPILER=mb-gcc" "ASSEMBLER=mb-as" "ARCHIVER=mb-ar" "COMPIL
TRACE::2025-03-29.16:31:42::SCWMssOS::ER_FLAGS=  -O2 -c -mcpu=v11.0 -mlittle-endian -mxl-soft-mul" "EXTRA_COMPILER_FLAGS=-g -ffunction-sections -fdata-sections -Wall
TRACE::2025-03-29.16:31:42::SCWMssOS:: -Wextra -fno-tree-loop-distribute-patterns"

TRACE::2025-03-29.16:31:42::SCWMssOS::"DEBUG NON_LTO_OBJECTS is ../../../lib/microblaze_interrupt_handler.o"

TRACE::2025-03-29.16:31:42::SCWMssOS::'Finished building libraries parallelly.'

TRACE::2025-03-29.16:31:42::SCWMssOS::make --no-print-directory archive

TRACE::2025-03-29.16:31:42::SCWMssOS::mb-ar -r  microblaze_0/lib/libxil.a microblaze_0/lib/_exit.o microblaze_0/lib/errno.o microblaze_0/lib/fcntl.o microblaze_0/lib
TRACE::2025-03-29.16:31:42::SCWMssOS::/hw_exception_handler.o microblaze_0/lib/inbyte.o microblaze_0/lib/microblaze_disable_dcache.o microblaze_0/lib/microblaze_disa
TRACE::2025-03-29.16:31:42::SCWMssOS::ble_exceptions.o microblaze_0/lib/microblaze_disable_icache.o microblaze_0/lib/microblaze_disable_interrupts.o microblaze_0/lib
TRACE::2025-03-29.16:31:42::SCWMssOS::/microblaze_enable_dcache.o microblaze_0/lib/microblaze_enable_exceptions.o microblaze_0/lib/microblaze_enable_icache.o microbl
TRACE::2025-03-29.16:31:42::SCWMssOS::aze_0/lib/microblaze_enable_interrupts.o microblaze_0/lib/microblaze_exception_handler.o microblaze_0/lib/microblaze_flush_cach
TRACE::2025-03-29.16:31:42::SCWMssOS::e_ext.o microblaze_0/lib/microblaze_flush_cache_ext_range.o microblaze_0/lib/microblaze_flush_dcache.o microblaze_0/lib/microbl
TRACE::2025-03-29.16:31:42::SCWMssOS::aze_flush_dcache_range.o microblaze_0/lib/microblaze_init_dcache_range.o microblaze_0/lib/microblaze_init_icache_range.o microb
TRACE::2025-03-29.16:31:42::SCWMssOS::laze_0/lib/microblaze_interrupt_handler.o microblaze_0/lib/microblaze_interrupts_g.o microblaze_0/lib/microblaze_invalidate_cac
TRACE::2025-03-29.16:31:42::SCWMssOS::he_ext.o microblaze_0/lib/microblaze_invalidate_cache_ext_range.o microblaze_0/lib/microblaze_invalidate_dcache.o microblaze_0/
TRACE::2025-03-29.16:31:42::SCWMssOS::lib/microblaze_invalidate_dcache_range.o microblaze_0/lib/microblaze_invalidate_icache.o microblaze_0/lib/microblaze_invalidate
TRACE::2025-03-29.16:31:42::SCWMssOS::_icache_range.o microblaze_0/lib/microblaze_scrub.o microblaze_0/lib/microblaze_selftest.o microblaze_0/lib/microblaze_sleep.o 
TRACE::2025-03-29.16:31:42::SCWMssOS::microblaze_0/lib/microblaze_update_dcache.o microblaze_0/lib/microblaze_update_icache.o microblaze_0/lib/outbyte.o microblaze_0
TRACE::2025-03-29.16:31:42::SCWMssOS::/lib/print.o microblaze_0/lib/pvr.o microblaze_0/lib/xbram.o microblaze_0/lib/xbram_g.o microblaze_0/lib/xbram_intr.o microblaz
TRACE::2025-03-29.16:31:42::SCWMssOS::e_0/lib/xbram_selftest.o microblaze_0/lib/xbram_sinit.o microblaze_0/lib/xgpio.o microblaze_0/lib/xgpio_extra.o microblaze_0/li
TRACE::2025-03-29.16:31:42::SCWMssOS::b/xgpio_g.o microblaze_0/lib/xgpio_intr.o microblaze_0/lib/xgpio_selftest.o microblaze_0/lib/xgpio_sinit.o microblaze_0/lib/xil
TRACE::2025-03-29.16:31:42::SCWMssOS::_assert.o microblaze_0/lib/xil_cache.o microblaze_0/lib/xil_clocking.o microblaze_0/lib/xil_exception.o microblaze_0/lib/xil_me
TRACE::2025-03-29.16:31:42::SCWMssOS::m.o microblaze_0/lib/xil_misc_psreset_api.o microblaze_0/lib/xil_printf.o microblaze_0/lib/xil_sleepcommon.o microblaze_0/lib/x
TRACE::2025-03-29.16:31:42::SCWMssOS::il_testcache.o microblaze_0/lib/xil_testio.o microblaze_0/lib/xil_testmem.o microblaze_0/lib/xil_util.o microblaze_0/lib/xintc.
TRACE::2025-03-29.16:31:42::SCWMssOS::o microblaze_0/lib/xintc_g.o microblaze_0/lib/xintc_intr.o microblaze_0/lib/xintc_l.o microblaze_0/lib/xintc_options.o microbla
TRACE::2025-03-29.16:31:42::SCWMssOS::ze_0/lib/xintc_selftest.o microblaze_0/lib/xinterrupt_wrap.o microblaze_0/lib/xio.o microblaze_0/lib/xplatform_info.o microblaz
TRACE::2025-03-29.16:31:42::SCWMssOS::e_0/lib/xtmrctr.o microblaze_0/lib/xtmrctr_g.o microblaze_0/lib/xtmrctr_intr.o microblaze_0/lib/xtmrctr_l.o microblaze_0/lib/xt
TRACE::2025-03-29.16:31:42::SCWMssOS::mrctr_options.o microblaze_0/lib/xtmrctr_selftest.o microblaze_0/lib/xtmrctr_sinit.o microblaze_0/lib/xtmrctr_stats.o microblaz
TRACE::2025-03-29.16:31:42::SCWMssOS::e_0/lib/xuartlite.o microblaze_0/lib/xuartlite_g.o microblaze_0/lib/xuartlite_intr.o microblaze_0/lib/xuartlite_l.o microblaze_
TRACE::2025-03-29.16:31:42::SCWMssOS::0/lib/xuartlite_selftest.o microblaze_0/lib/xuartlite_sinit.o microblaze_0/lib/xuartlite_stats.o

TRACE::2025-03-29.16:31:42::SCWMssOS::'Finished building libraries'

TRACE::2025-03-29.16:31:42::SCWMssOS:: Checking if to create the Supporting Applications
TRACE::2025-03-29.16:31:42::SCWMssOS:: No Linux domain exists, trying to generate FSBL 
LOG::2025-03-29.16:31:42::SCWSystem::Completed Processing the domain standalone_domain
LOG::2025-03-29.16:31:42::SCWSystem::Completed Processing the sysconfig syncBlaze
LOG::2025-03-29.16:31:42::SCWPlatform::Completed generating the artifacts for system configuration syncBlaze
TRACE::2025-03-29.16:31:42::SCWPlatform::Started preparing the platform 
TRACE::2025-03-29.16:31:42::SCWSystem::Writing the bif file for system config syncBlaze
TRACE::2025-03-29.16:31:42::SCWSystem::dir created 
TRACE::2025-03-29.16:31:42::SCWSystem::Writing the bif 
TRACE::2025-03-29.16:31:42::SCWPlatform::Started writing the spfm file 
TRACE::2025-03-29.16:31:42::SCWPlatform::Started writing the xpfm file 
TRACE::2025-03-29.16:31:42::SCWPlatform::Completed generating the platform
TRACE::2025-03-29.16:31:42::SCWMssOS::Saving the mss changes E:/kevin/myCode/microBlaze1/vitisHome/syncBlaze/microblaze_0/standalone_domain/bsp/system.mss
TRACE::2025-03-29.16:31:42::SCWMssOS::Adding the swdes entry, mss present, able to open swdb E:/kevin/myCode/microBlaze1/vitisHome/syncBlaze/microblaze_0/standalone_domain/bsp/system.mss with des name system
TRACE::2025-03-29.16:31:42::SCWMssOS::Writing the mss file completed E:/kevin/myCode/microBlaze1/vitisHome/syncBlaze/microblaze_0/standalone_domain/bsp/system.mss
TRACE::2025-03-29.16:31:42::SCWMssOS::Commit changes completed.
TRACE::2025-03-29.16:31:42::SCWPlatform::Trying to open the hw design at E:/kevin/myCode/microBlaze1/vitisHome/syncBlaze/hw/design_1_wrapper.xsa
TRACE::2025-03-29.16:31:42::SCWPlatform::DSA given E:/kevin/myCode/microBlaze1/vitisHome/syncBlaze/hw/design_1_wrapper.xsa
TRACE::2025-03-29.16:31:42::SCWPlatform::DSA absoulate path E:/kevin/myCode/microBlaze1/vitisHome/syncBlaze/hw/design_1_wrapper.xsa
TRACE::2025-03-29.16:31:42::SCWPlatform::DSA directory E:/kevin/myCode/microBlaze1/vitisHome/syncBlaze/hw
TRACE::2025-03-29.16:31:42::SCWPlatform:: Platform Path E:/kevin/myCode/microBlaze1/vitisHome/syncBlaze/hw/design_1_wrapper.xsa
TRACE::2025-03-29.16:31:42::SCWPlatform:: Unique name xilinx:::0.0
TRACE::2025-03-29.16:31:42::SCWPlatform::Trying to set the existing hwdb with name design_1_wrapper_21
TRACE::2025-03-29.16:31:42::SCWPlatform::Opened existing hwdb design_1_wrapper_21
TRACE::2025-03-29.16:31:42::SCWPlatform::Found the Hw Db part of the input DSA
TRACE::2025-03-29.16:31:42::SCWMssOS::Checking the sw design at  E:/kevin/myCode/microBlaze1/vitisHome/syncBlaze/microblaze_0/standalone_domain/bsp/system.mss
TRACE::2025-03-29.16:31:42::SCWMssOS::DEBUG:  swdes dump  E:/kevin/myCode/microBlaze1/vitisHome/syncBlaze/microblaze_0/standalone_domain/bsp/system.mss|system||

TRACE::2025-03-29.16:31:42::SCWMssOS::Sw design exists and opened at  E:/kevin/myCode/microBlaze1/vitisHome/syncBlaze/microblaze_0/standalone_domain/bsp/system.mss
TRACE::2025-03-29.16:31:42::SCWWriter::formatted JSON is {
	"platformName":	"syncBlaze",
	"sprVersion":	"2.0",
	"mode":	"gui",
	"dsaType":	"Fixed",
	"platformDesc":	"syncBlaze",
	"platHandOff":	"E:/kevin/myCode/microBlaze1/design_1_wrapper.xsa",
	"platIntHandOff":	"<platformDir>/hw/design_1_wrapper.xsa",
	"deviceType":	"FPGA",
	"platIsPrebuiltAutogen":	"false",
	"platIsNoBootBsp":	"false",
	"hasFsblMakeHasChanges":	"false",
	"hasPmufwMakeHasChanges":	"false",
	"platPreBuiltFlag":	false,
	"platformSamplesDir":	"",
	"platActiveSys":	"syncBlaze",
	"systems":	[{
			"systemName":	"syncBlaze",
			"systemDesc":	"syncBlaze",
			"sysIsBootAutoGen":	"true",
			"systemDispName":	"syncBlaze",
			"sysActiveDom":	"standalone_domain",
			"sysDefaultDom":	"standalone_domain",
			"domains":	[{
					"domainName":	"standalone_domain",
					"domainDispName":	"standalone on microblaze_0",
					"domainDesc":	"standalone_domain",
					"processors":	"microblaze_0",
					"os":	"standalone",
					"sdxOs":	"standalone",
					"debugEnable":	"False",
					"domRuntimes":	["cpp"],
					"swRepo":	"",
					"mssOsVer":	"8.0",
					"mssFile":	"",
					"md5Digest":	"e2cdda41e7956801f4f51a65042beca0",
					"compatibleApp":	"",
					"domType":	"mssDomain",
					"arch":	"32-bit",
					"appSettings":	{
						"appCompilerFlags":	"",
						"appLinkerFlags":	""
					},
					"addedLibs":	[],
					"libOptions":	{
						"libsContainingOptions":	[]
					},
					"prebuiltLibs":	{
						"prebuiltIncPath":	[],
						"prebuiltLibPath":	[]
					},
					"isolation":	{
					}
				}]
		}]
}
KEYINFO::2025-03-29.16:31:42::SCWPlatform::updated the xpfm file.
TRACE::2025-03-29.16:31:43::SCWPlatform::Trying to open the hw design at E:/kevin/myCode/microBlaze1/vitisHome/syncBlaze/hw/design_1_wrapper.xsa
TRACE::2025-03-29.16:31:43::SCWPlatform::DSA given E:/kevin/myCode/microBlaze1/vitisHome/syncBlaze/hw/design_1_wrapper.xsa
TRACE::2025-03-29.16:31:43::SCWPlatform::DSA absoulate path E:/kevin/myCode/microBlaze1/vitisHome/syncBlaze/hw/design_1_wrapper.xsa
TRACE::2025-03-29.16:31:43::SCWPlatform::DSA directory E:/kevin/myCode/microBlaze1/vitisHome/syncBlaze/hw
TRACE::2025-03-29.16:31:43::SCWPlatform:: Platform Path E:/kevin/myCode/microBlaze1/vitisHome/syncBlaze/hw/design_1_wrapper.xsa
TRACE::2025-03-29.16:31:43::SCWPlatform:: Unique name xilinx:::0.0
TRACE::2025-03-29.16:31:43::SCWPlatform::Trying to set the existing hwdb with name design_1_wrapper_21
TRACE::2025-03-29.16:31:43::SCWPlatform::Opened existing hwdb design_1_wrapper_21
TRACE::2025-03-29.16:31:43::SCWPlatform::Found the Hw Db part of the input DSA
TRACE::2025-03-29.16:31:43::SCWMssOS::Checking the sw design at  E:/kevin/myCode/microBlaze1/vitisHome/syncBlaze/microblaze_0/standalone_domain/bsp/system.mss
TRACE::2025-03-29.16:31:43::SCWMssOS::DEBUG:  swdes dump  E:/kevin/myCode/microBlaze1/vitisHome/syncBlaze/microblaze_0/standalone_domain/bsp/system.mss|system||

TRACE::2025-03-29.16:31:43::SCWMssOS::Sw design exists and opened at  E:/kevin/myCode/microBlaze1/vitisHome/syncBlaze/microblaze_0/standalone_domain/bsp/system.mss
TRACE::2025-03-29.18:03:17::SCWPlatform::Clearing the existing platform
TRACE::2025-03-29.18:03:17::SCWSystem::Clearing the existing sysconfig
TRACE::2025-03-29.18:03:17::SCWMssOS::Removing the swdes entry for  E:/kevin/myCode/microBlaze1/vitisHome/syncBlaze/microblaze_0/standalone_domain/bsp/system.mss
TRACE::2025-03-29.18:03:17::SCWSystem::Clearing the domains completed.
TRACE::2025-03-29.18:03:17::SCWPlatform::Clearing the opened hw db.
TRACE::2025-03-29.18:03:17::SCWPlatform::DSA given E:/kevin/myCode/microBlaze1/vitisHome/syncBlaze/hw/design_1_wrapper.xsa
TRACE::2025-03-29.18:03:17::SCWPlatform::DSA absoulate path E:/kevin/myCode/microBlaze1/vitisHome/syncBlaze/hw/design_1_wrapper.xsa
TRACE::2025-03-29.18:03:17::SCWPlatform:: Platform location is E:/kevin/myCode/microBlaze1/vitisHome/syncBlaze/hw
TRACE::2025-03-29.18:03:17::SCWPlatform:: Platform Path E:/kevin/myCode/microBlaze1/vitisHome/syncBlaze/hw/design_1_wrapper.xsa
TRACE::2025-03-29.18:03:17::SCWPlatform:: Unique name xilinx:::0.0
TRACE::2025-03-29.18:03:17::SCWPlatform::Removing the HwDB with name E:/kevin/myCode/microBlaze1/vitisHome/syncBlaze/hw/design_1_wrapper.xsa
TRACE::2025-03-29.18:03:17::SCWPlatform::Trying to open the hw design at E:/kevin/myCode/microBlaze1/vitisHome/syncBlaze/hw/design_1_wrapper.xsa
TRACE::2025-03-29.18:03:17::SCWPlatform::DSA given E:/kevin/myCode/microBlaze1/vitisHome/syncBlaze/hw/design_1_wrapper.xsa
TRACE::2025-03-29.18:03:17::SCWPlatform::DSA absoulate path E:/kevin/myCode/microBlaze1/vitisHome/syncBlaze/hw/design_1_wrapper.xsa
TRACE::2025-03-29.18:03:17::SCWPlatform::DSA directory E:/kevin/myCode/microBlaze1/vitisHome/syncBlaze/hw
TRACE::2025-03-29.18:03:17::SCWPlatform:: Platform Path E:/kevin/myCode/microBlaze1/vitisHome/syncBlaze/hw/design_1_wrapper.xsa
TRACE::2025-03-29.18:03:17::SCWPlatform:: Unique name xilinx:::0.0
TRACE::2025-03-29.18:03:17::SCWPlatform::Do not have an existing db opened. 
TRACE::2025-03-29.18:03:17::SCWPlatform::Opened new HwDB with name design_1_wrapper_23
TRACE::2025-03-29.18:03:17::SCWReader::Active system found as  syncBlaze
TRACE::2025-03-29.18:03:17::SCWReader::Handling sysconfig syncBlaze
TRACE::2025-03-29.18:03:17::SCWDomain::checking for install qemu data   : 
TRACE::2025-03-29.18:03:17::SCWPlatform::Trying to open the hw design at E:/kevin/myCode/microBlaze1/vitisHome/syncBlaze/hw/design_1_wrapper.xsa
TRACE::2025-03-29.18:03:17::SCWPlatform::DSA given E:/kevin/myCode/microBlaze1/vitisHome/syncBlaze/hw/design_1_wrapper.xsa
TRACE::2025-03-29.18:03:17::SCWPlatform::DSA absoulate path E:/kevin/myCode/microBlaze1/vitisHome/syncBlaze/hw/design_1_wrapper.xsa
TRACE::2025-03-29.18:03:17::SCWPlatform::DSA directory E:/kevin/myCode/microBlaze1/vitisHome/syncBlaze/hw
TRACE::2025-03-29.18:03:17::SCWPlatform:: Platform Path E:/kevin/myCode/microBlaze1/vitisHome/syncBlaze/hw/design_1_wrapper.xsa
TRACE::2025-03-29.18:03:17::SCWPlatform:: Unique name xilinx:::0.0
TRACE::2025-03-29.18:03:17::SCWPlatform::Trying to set the existing hwdb with name design_1_wrapper_23
TRACE::2025-03-29.18:03:17::SCWPlatform::Opened existing hwdb design_1_wrapper_23
TRACE::2025-03-29.18:03:17::SCWPlatform::Found the Hw Db part of the input DSA
TRACE::2025-03-29.18:03:17::SCWPlatform::Trying to open the hw design at E:/kevin/myCode/microBlaze1/vitisHome/syncBlaze/hw/design_1_wrapper.xsa
TRACE::2025-03-29.18:03:17::SCWPlatform::DSA given E:/kevin/myCode/microBlaze1/vitisHome/syncBlaze/hw/design_1_wrapper.xsa
TRACE::2025-03-29.18:03:17::SCWPlatform::DSA absoulate path E:/kevin/myCode/microBlaze1/vitisHome/syncBlaze/hw/design_1_wrapper.xsa
TRACE::2025-03-29.18:03:17::SCWPlatform::DSA directory E:/kevin/myCode/microBlaze1/vitisHome/syncBlaze/hw
TRACE::2025-03-29.18:03:17::SCWPlatform:: Platform Path E:/kevin/myCode/microBlaze1/vitisHome/syncBlaze/hw/design_1_wrapper.xsa
TRACE::2025-03-29.18:03:17::SCWPlatform:: Unique name xilinx:::0.0
TRACE::2025-03-29.18:03:17::SCWPlatform::Trying to set the existing hwdb with name design_1_wrapper_23
TRACE::2025-03-29.18:03:17::SCWPlatform::Opened existing hwdb design_1_wrapper_23
TRACE::2025-03-29.18:03:17::SCWPlatform::Found the Hw Db part of the input DSA
TRACE::2025-03-29.18:03:17::SCWPlatform::Trying to open the hw design at E:/kevin/myCode/microBlaze1/vitisHome/syncBlaze/hw/design_1_wrapper.xsa
TRACE::2025-03-29.18:03:17::SCWPlatform::DSA given E:/kevin/myCode/microBlaze1/vitisHome/syncBlaze/hw/design_1_wrapper.xsa
TRACE::2025-03-29.18:03:17::SCWPlatform::DSA absoulate path E:/kevin/myCode/microBlaze1/vitisHome/syncBlaze/hw/design_1_wrapper.xsa
TRACE::2025-03-29.18:03:17::SCWPlatform::DSA directory E:/kevin/myCode/microBlaze1/vitisHome/syncBlaze/hw
TRACE::2025-03-29.18:03:17::SCWPlatform:: Platform Path E:/kevin/myCode/microBlaze1/vitisHome/syncBlaze/hw/design_1_wrapper.xsa
TRACE::2025-03-29.18:03:17::SCWPlatform:: Unique name xilinx:::0.0
TRACE::2025-03-29.18:03:17::SCWPlatform::Trying to set the existing hwdb with name design_1_wrapper_23
TRACE::2025-03-29.18:03:17::SCWPlatform::Opened existing hwdb design_1_wrapper_23
TRACE::2025-03-29.18:03:17::SCWPlatform::Found the Hw Db part of the input DSA
TRACE::2025-03-29.18:03:17::SCWPlatform::Trying to open the hw design at E:/kevin/myCode/microBlaze1/vitisHome/syncBlaze/hw/design_1_wrapper.xsa
TRACE::2025-03-29.18:03:17::SCWPlatform::DSA given E:/kevin/myCode/microBlaze1/vitisHome/syncBlaze/hw/design_1_wrapper.xsa
TRACE::2025-03-29.18:03:17::SCWPlatform::DSA absoulate path E:/kevin/myCode/microBlaze1/vitisHome/syncBlaze/hw/design_1_wrapper.xsa
TRACE::2025-03-29.18:03:17::SCWPlatform::DSA directory E:/kevin/myCode/microBlaze1/vitisHome/syncBlaze/hw
TRACE::2025-03-29.18:03:17::SCWPlatform:: Platform Path E:/kevin/myCode/microBlaze1/vitisHome/syncBlaze/hw/design_1_wrapper.xsa
TRACE::2025-03-29.18:03:17::SCWPlatform:: Unique name xilinx:::0.0
TRACE::2025-03-29.18:03:17::SCWPlatform::Trying to set the existing hwdb with name design_1_wrapper_23
TRACE::2025-03-29.18:03:17::SCWPlatform::Opened existing hwdb design_1_wrapper_23
TRACE::2025-03-29.18:03:17::SCWPlatform::Found the Hw Db part of the input DSA
TRACE::2025-03-29.18:03:17::SCWMssOS::Checking the sw design at  E:/kevin/myCode/microBlaze1/vitisHome/syncBlaze/microblaze_0/standalone_domain/bsp/system.mss
TRACE::2025-03-29.18:03:17::SCWMssOS::DEBUG:  swdes dump  
TRACE::2025-03-29.18:03:17::SCWMssOS::No sw design opened at  E:/kevin/myCode/microBlaze1/vitisHome/syncBlaze/microblaze_0/standalone_domain/bsp/system.mss
TRACE::2025-03-29.18:03:17::SCWMssOS::mss exists loading the mss file  E:/kevin/myCode/microBlaze1/vitisHome/syncBlaze/microblaze_0/standalone_domain/bsp/system.mss
TRACE::2025-03-29.18:03:17::SCWMssOS::Opened the sw design from mss  E:/kevin/myCode/microBlaze1/vitisHome/syncBlaze/microblaze_0/standalone_domain/bsp/system.mss
TRACE::2025-03-29.18:03:17::SCWMssOS::Adding the swdes entry E:/kevin/myCode/microBlaze1/vitisHome/syncBlaze/microblaze_0/standalone_domain/bsp/system.mss with des name system
TRACE::2025-03-29.18:03:17::SCWMssOS::updating the scw layer about changes
TRACE::2025-03-29.18:03:17::SCWMssOS::Opened the sw design.  E:/kevin/myCode/microBlaze1/vitisHome/syncBlaze/microblaze_0/standalone_domain/bsp/system.mss
TRACE::2025-03-29.18:03:17::SCWMssOS::Saving the mss changes E:/kevin/myCode/microBlaze1/vitisHome/syncBlaze/microblaze_0/standalone_domain/bsp/system.mss
TRACE::2025-03-29.18:03:17::SCWMssOS::Found a swdesign opened with the mssfile.
TRACE::2025-03-29.18:03:17::SCWMssOS::Completed writemss as part of save.
TRACE::2025-03-29.18:03:17::SCWMssOS::Commit changes completed.
TRACE::2025-03-29.18:03:17::SCWReader::Adding prebuilt librarypaths as   
TRACE::2025-03-29.18:03:17::SCWReader::Adding prebuilt incpaths  as   
TRACE::2025-03-29.18:03:17::SCWPlatform::Trying to open the hw design at E:/kevin/myCode/microBlaze1/vitisHome/syncBlaze/hw/design_1_wrapper.xsa
TRACE::2025-03-29.18:03:17::SCWPlatform::DSA given E:/kevin/myCode/microBlaze1/vitisHome/syncBlaze/hw/design_1_wrapper.xsa
TRACE::2025-03-29.18:03:17::SCWPlatform::DSA absoulate path E:/kevin/myCode/microBlaze1/vitisHome/syncBlaze/hw/design_1_wrapper.xsa
TRACE::2025-03-29.18:03:17::SCWPlatform::DSA directory E:/kevin/myCode/microBlaze1/vitisHome/syncBlaze/hw
TRACE::2025-03-29.18:03:17::SCWPlatform:: Platform Path E:/kevin/myCode/microBlaze1/vitisHome/syncBlaze/hw/design_1_wrapper.xsa
TRACE::2025-03-29.18:03:17::SCWPlatform:: Unique name xilinx:::0.0
TRACE::2025-03-29.18:03:17::SCWPlatform::Trying to set the existing hwdb with name design_1_wrapper_23
TRACE::2025-03-29.18:03:17::SCWPlatform::Opened existing hwdb design_1_wrapper_23
TRACE::2025-03-29.18:03:17::SCWPlatform::Found the Hw Db part of the input DSA
TRACE::2025-03-29.18:03:17::SCWMssOS::Checking the sw design at  E:/kevin/myCode/microBlaze1/vitisHome/syncBlaze/microblaze_0/standalone_domain/bsp/system.mss
TRACE::2025-03-29.18:03:17::SCWMssOS::DEBUG:  swdes dump  E:/kevin/myCode/microBlaze1/vitisHome/syncBlaze/microblaze_0/standalone_domain/bsp/system.mss|system||

TRACE::2025-03-29.18:03:17::SCWMssOS::Sw design exists and opened at  E:/kevin/myCode/microBlaze1/vitisHome/syncBlaze/microblaze_0/standalone_domain/bsp/system.mss
TRACE::2025-03-29.18:03:17::SCWReader::No isolation master present  
TRACE::2025-03-29.18:03:20::SCWPlatform::DSA given E:/kevin/myCode/microBlaze1/vitisHome/syncBlaze/tempdsa/design_1_wrapper.xsa
TRACE::2025-03-29.18:03:20::SCWPlatform::DSA absoulate path E:/kevin/myCode/microBlaze1/vitisHome/syncBlaze/tempdsa/design_1_wrapper.xsa
TRACE::2025-03-29.18:03:20::SCWPlatform:: Platform location is E:/kevin/myCode/microBlaze1/vitisHome/syncBlaze/tempdsa
TRACE::2025-03-29.18:03:20::SCWPlatform:: Platform Path E:/kevin/myCode/microBlaze1/vitisHome/syncBlaze/tempdsa/design_1_wrapper.xsa
TRACE::2025-03-29.18:03:20::SCWPlatform:: Unique name xilinx:::0.0
TRACE::2025-03-29.18:03:20::SCWPlatform::Found the Hw Db part of the input DSA
TRACE::2025-03-29.18:03:20::SCWMssOS::Doing hw sync for the mss in domain: standalone_domain
TRACE::2025-03-29.18:03:20::SCWPlatform::Trying to open the hw design at E:/kevin/myCode/microBlaze1/vitisHome/syncBlaze/hw/design_1_wrapper.xsa
TRACE::2025-03-29.18:03:20::SCWPlatform::DSA given E:/kevin/myCode/microBlaze1/vitisHome/syncBlaze/hw/design_1_wrapper.xsa
TRACE::2025-03-29.18:03:20::SCWPlatform::DSA absoulate path E:/kevin/myCode/microBlaze1/vitisHome/syncBlaze/hw/design_1_wrapper.xsa
TRACE::2025-03-29.18:03:20::SCWPlatform::DSA directory E:/kevin/myCode/microBlaze1/vitisHome/syncBlaze/hw
TRACE::2025-03-29.18:03:20::SCWPlatform:: Platform Path E:/kevin/myCode/microBlaze1/vitisHome/syncBlaze/hw/design_1_wrapper.xsa
TRACE::2025-03-29.18:03:20::SCWPlatform:: Unique name xilinx:::0.0
TRACE::2025-03-29.18:03:20::SCWPlatform::Trying to set the existing hwdb with name design_1_wrapper_23
TRACE::2025-03-29.18:03:20::SCWPlatform::Opened existing hwdb design_1_wrapper_23
TRACE::2025-03-29.18:03:20::SCWPlatform::Found the Hw Db part of the input DSA
TRACE::2025-03-29.18:03:20::SCWPlatform::Trying to open the hw design at E:/kevin/myCode/microBlaze1/vitisHome/syncBlaze/hw/design_1_wrapper.xsa
TRACE::2025-03-29.18:03:20::SCWPlatform::DSA given E:/kevin/myCode/microBlaze1/vitisHome/syncBlaze/hw/design_1_wrapper.xsa
TRACE::2025-03-29.18:03:20::SCWPlatform::DSA absoulate path E:/kevin/myCode/microBlaze1/vitisHome/syncBlaze/hw/design_1_wrapper.xsa
TRACE::2025-03-29.18:03:20::SCWPlatform::DSA directory E:/kevin/myCode/microBlaze1/vitisHome/syncBlaze/hw
TRACE::2025-03-29.18:03:20::SCWPlatform:: Platform Path E:/kevin/myCode/microBlaze1/vitisHome/syncBlaze/hw/design_1_wrapper.xsa
TRACE::2025-03-29.18:03:20::SCWPlatform:: Unique name xilinx:::0.0
TRACE::2025-03-29.18:03:20::SCWPlatform::Trying to set the existing hwdb with name design_1_wrapper_23
TRACE::2025-03-29.18:03:20::SCWPlatform::Opened existing hwdb design_1_wrapper_23
TRACE::2025-03-29.18:03:20::SCWPlatform::Found the Hw Db part of the input DSA
TRACE::2025-03-29.18:03:20::SCWMssOS::Checking the sw design at  E:/kevin/myCode/microBlaze1/vitisHome/syncBlaze/microblaze_0/standalone_domain/bsp/system.mss
TRACE::2025-03-29.18:03:20::SCWMssOS::DEBUG:  swdes dump  E:/kevin/myCode/microBlaze1/vitisHome/syncBlaze/microblaze_0/standalone_domain/bsp/system.mss|system||

TRACE::2025-03-29.18:03:20::SCWMssOS::Sw design exists and opened at  E:/kevin/myCode/microBlaze1/vitisHome/syncBlaze/microblaze_0/standalone_domain/bsp/system.mss
TRACE::2025-03-29.18:03:20::SCWPlatform::Trying to open the hw design at E:/kevin/myCode/microBlaze1/vitisHome/syncBlaze/tempdsa/design_1_wrapper.xsa
TRACE::2025-03-29.18:03:20::SCWPlatform::DSA given E:/kevin/myCode/microBlaze1/vitisHome/syncBlaze/tempdsa/design_1_wrapper.xsa
TRACE::2025-03-29.18:03:20::SCWPlatform::DSA absoulate path E:/kevin/myCode/microBlaze1/vitisHome/syncBlaze/tempdsa/design_1_wrapper.xsa
TRACE::2025-03-29.18:03:20::SCWPlatform::DSA directory E:/kevin/myCode/microBlaze1/vitisHome/syncBlaze/tempdsa
TRACE::2025-03-29.18:03:20::SCWPlatform:: Platform Path E:/kevin/myCode/microBlaze1/vitisHome/syncBlaze/tempdsa/design_1_wrapper.xsa
TRACE::2025-03-29.18:03:20::SCWPlatform:: Unique name xilinx:::0.0
TRACE::2025-03-29.18:03:20::SCWPlatform::update - Opened existing hwdb design_1_wrapper_24
TRACE::2025-03-29.18:03:20::SCWPlatform::Found the Hw Db part of the input DSA
TRACE::2025-03-29.18:03:20::SCWMssOS::Saving the mss changes E:/kevin/myCode/microBlaze1/vitisHome/syncBlaze/microblaze_0/standalone_domain/bsp/system.mss
TRACE::2025-03-29.18:03:20::SCWMssOS::Found a swdesign opened with the mssfile.
TRACE::2025-03-29.18:03:20::SCWMssOS::Completed writemss as part of save.
TRACE::2025-03-29.18:03:20::SCWMssOS::Commit changes completed.
TRACE::2025-03-29.18:03:20::SCWMssOS::Completed hw sync for the mss in domain: standalone_domain
TRACE::2025-03-29.18:03:20::SCWMssOS::Removing the swdes entry for  E:/kevin/myCode/microBlaze1/vitisHome/syncBlaze/microblaze_0/standalone_domain/bsp/system.mss
TRACE::2025-03-29.18:03:20::SCWPlatform::Trying to open the hw design at E:/kevin/myCode/microBlaze1/vitisHome/syncBlaze/hw/design_1_wrapper.xsa
TRACE::2025-03-29.18:03:20::SCWPlatform::DSA given E:/kevin/myCode/microBlaze1/vitisHome/syncBlaze/hw/design_1_wrapper.xsa
TRACE::2025-03-29.18:03:20::SCWPlatform::DSA absoulate path E:/kevin/myCode/microBlaze1/vitisHome/syncBlaze/hw/design_1_wrapper.xsa
TRACE::2025-03-29.18:03:20::SCWPlatform::DSA directory E:/kevin/myCode/microBlaze1/vitisHome/syncBlaze/hw
TRACE::2025-03-29.18:03:20::SCWPlatform:: Platform Path E:/kevin/myCode/microBlaze1/vitisHome/syncBlaze/hw/design_1_wrapper.xsa
TRACE::2025-03-29.18:03:20::SCWPlatform:: Unique name xilinx:::0.0
TRACE::2025-03-29.18:03:20::SCWPlatform::Do not have an existing db opened. 
TRACE::2025-03-29.18:03:20::SCWPlatform::Opened new HwDB with name design_1_wrapper_25
TRACE::2025-03-29.18:03:20::SCWMssOS::Saving the mss changes E:/kevin/myCode/microBlaze1/vitisHome/syncBlaze/microblaze_0/standalone_domain/bsp/system.mss
TRACE::2025-03-29.18:03:20::SCWMssOS::Adding the swdes entry, mss present, able to open swdb E:/kevin/myCode/microBlaze1/vitisHome/syncBlaze/microblaze_0/standalone_domain/bsp/system.mss with des name system
TRACE::2025-03-29.18:03:20::SCWMssOS::Writing the mss file completed E:/kevin/myCode/microBlaze1/vitisHome/syncBlaze/microblaze_0/standalone_domain/bsp/system.mss
TRACE::2025-03-29.18:03:20::SCWMssOS::Commit changes completed.
TRACE::2025-03-29.18:03:20::SCWPlatform::Trying to open the hw design at E:/kevin/myCode/microBlaze1/vitisHome/syncBlaze/hw/design_1_wrapper.xsa
TRACE::2025-03-29.18:03:20::SCWPlatform::DSA given E:/kevin/myCode/microBlaze1/vitisHome/syncBlaze/hw/design_1_wrapper.xsa
TRACE::2025-03-29.18:03:20::SCWPlatform::DSA absoulate path E:/kevin/myCode/microBlaze1/vitisHome/syncBlaze/hw/design_1_wrapper.xsa
TRACE::2025-03-29.18:03:20::SCWPlatform::DSA directory E:/kevin/myCode/microBlaze1/vitisHome/syncBlaze/hw
TRACE::2025-03-29.18:03:20::SCWPlatform:: Platform Path E:/kevin/myCode/microBlaze1/vitisHome/syncBlaze/hw/design_1_wrapper.xsa
TRACE::2025-03-29.18:03:20::SCWPlatform:: Unique name xilinx:::0.0
TRACE::2025-03-29.18:03:20::SCWPlatform::Trying to set the existing hwdb with name design_1_wrapper_25
TRACE::2025-03-29.18:03:20::SCWPlatform::Opened existing hwdb design_1_wrapper_25
TRACE::2025-03-29.18:03:20::SCWPlatform::Found the Hw Db part of the input DSA
TRACE::2025-03-29.18:03:20::SCWMssOS::Checking the sw design at  E:/kevin/myCode/microBlaze1/vitisHome/syncBlaze/microblaze_0/standalone_domain/bsp/system.mss
TRACE::2025-03-29.18:03:20::SCWMssOS::DEBUG:  swdes dump  E:/kevin/myCode/microBlaze1/vitisHome/syncBlaze/microblaze_0/standalone_domain/bsp/system.mss|system||

TRACE::2025-03-29.18:03:20::SCWMssOS::Sw design exists and opened at  E:/kevin/myCode/microBlaze1/vitisHome/syncBlaze/microblaze_0/standalone_domain/bsp/system.mss
TRACE::2025-03-29.18:03:20::SCWWriter::formatted JSON is {
	"platformName":	"syncBlaze",
	"sprVersion":	"2.0",
	"mode":	"gui",
	"dsaType":	"Fixed",
	"platformDesc":	"syncBlaze",
	"platHandOff":	"E:/kevin/myCode/microBlaze1/design_1_wrapper.xsa",
	"platIntHandOff":	"<platformDir>/hw/design_1_wrapper.xsa",
	"deviceType":	"FPGA",
	"platIsPrebuiltAutogen":	"false",
	"platIsNoBootBsp":	"false",
	"hasFsblMakeHasChanges":	"false",
	"hasPmufwMakeHasChanges":	"false",
	"platPreBuiltFlag":	false,
	"platformSamplesDir":	"",
	"platActiveSys":	"syncBlaze",
	"systems":	[{
			"systemName":	"syncBlaze",
			"systemDesc":	"syncBlaze",
			"sysIsBootAutoGen":	"true",
			"systemDispName":	"syncBlaze",
			"sysActiveDom":	"standalone_domain",
			"sysDefaultDom":	"standalone_domain",
			"domains":	[{
					"domainName":	"standalone_domain",
					"domainDispName":	"standalone on microblaze_0",
					"domainDesc":	"standalone_domain",
					"processors":	"microblaze_0",
					"os":	"standalone",
					"sdxOs":	"standalone",
					"debugEnable":	"False",
					"domRuntimes":	["cpp"],
					"swRepo":	"",
					"mssOsVer":	"8.0",
					"mssFile":	"",
					"md5Digest":	"e2cdda41e7956801f4f51a65042beca01",
					"compatibleApp":	"",
					"domType":	"mssDomain",
					"arch":	"32-bit",
					"appSettings":	{
						"appCompilerFlags":	"",
						"appLinkerFlags":	""
					},
					"addedLibs":	[],
					"libOptions":	{
						"libsContainingOptions":	[]
					},
					"prebuiltLibs":	{
						"prebuiltIncPath":	[],
						"prebuiltLibPath":	[]
					},
					"isolation":	{
					}
				}]
		}]
}
LOG::2025-03-29.18:03:28::SCWPlatform::Started generating the artifacts platform syncBlaze
TRACE::2025-03-29.18:03:28::SCWPlatform::Sanity checking of platform is completed
LOG::2025-03-29.18:03:28::SCWPlatform::Started generating the artifacts for system configuration syncBlaze
LOG::2025-03-29.18:03:28::SCWSystem::Checking the domain standalone_domain
LOG::2025-03-29.18:03:28::SCWSystem::Not a boot domain 
LOG::2025-03-29.18:03:28::SCWSystem::Started Processing the domain standalone_domain
TRACE::2025-03-29.18:03:28::SCWDomain::Generating domain artifcats
TRACE::2025-03-29.18:03:28::SCWMssOS::Generating standalone artifcats
TRACE::2025-03-29.18:03:28::SCWMssOS:: Copying the user libraries. 
TRACE::2025-03-29.18:03:28::SCWPlatform::Trying to open the hw design at E:/kevin/myCode/microBlaze1/vitisHome/syncBlaze/hw/design_1_wrapper.xsa
TRACE::2025-03-29.18:03:28::SCWPlatform::DSA given E:/kevin/myCode/microBlaze1/vitisHome/syncBlaze/hw/design_1_wrapper.xsa
TRACE::2025-03-29.18:03:28::SCWPlatform::DSA absoulate path E:/kevin/myCode/microBlaze1/vitisHome/syncBlaze/hw/design_1_wrapper.xsa
TRACE::2025-03-29.18:03:28::SCWPlatform::DSA directory E:/kevin/myCode/microBlaze1/vitisHome/syncBlaze/hw
TRACE::2025-03-29.18:03:28::SCWPlatform:: Platform Path E:/kevin/myCode/microBlaze1/vitisHome/syncBlaze/hw/design_1_wrapper.xsa
TRACE::2025-03-29.18:03:28::SCWPlatform:: Unique name xilinx:::0.0
TRACE::2025-03-29.18:03:28::SCWPlatform::Trying to set the existing hwdb with name design_1_wrapper_25
TRACE::2025-03-29.18:03:28::SCWPlatform::Opened existing hwdb design_1_wrapper_25
TRACE::2025-03-29.18:03:28::SCWPlatform::Found the Hw Db part of the input DSA
TRACE::2025-03-29.18:03:28::SCWMssOS::Checking the sw design at  E:/kevin/myCode/microBlaze1/vitisHome/syncBlaze/microblaze_0/standalone_domain/bsp/system.mss
TRACE::2025-03-29.18:03:28::SCWMssOS::DEBUG:  swdes dump  E:/kevin/myCode/microBlaze1/vitisHome/syncBlaze/microblaze_0/standalone_domain/bsp/system.mss|system||

TRACE::2025-03-29.18:03:28::SCWMssOS::Sw design exists and opened at  E:/kevin/myCode/microBlaze1/vitisHome/syncBlaze/microblaze_0/standalone_domain/bsp/system.mss
TRACE::2025-03-29.18:03:28::SCWMssOS::Completed writing the mss file at E:/kevin/myCode/microBlaze1/vitisHome/syncBlaze/microblaze_0/standalone_domain/bsp
TRACE::2025-03-29.18:03:28::SCWMssOS::Mss edits present, copying mssfile into export location E:/kevin/myCode/microBlaze1/vitisHome/syncBlaze/microblaze_0/standalone_domain/bsp/system.mss
TRACE::2025-03-29.18:03:28::SCWMssOS::bsp generated is stale removing and regenerating. 
TRACE::2025-03-29.18:03:29::SCWMssOS::doing bsp build ... 
TRACE::2025-03-29.18:03:29::SCWMssOS::System Command Ran  E: & cd  E:/kevin/myCode/microBlaze1/vitisHome/syncBlaze/microblaze_0/standalone_domain/bsp & make 
TRACE::2025-03-29.18:03:29::SCWMssOS::make --no-print-directory seq_libs

TRACE::2025-03-29.18:03:29::SCWMssOS::'Finished building libraries sequentially.'

TRACE::2025-03-29.18:03:29::SCWMssOS::make -j 22 --no-print-directory par_libs

TRACE::2025-03-29.18:03:29::SCWMssOS::"Running Make include in microblaze_0/libsrc/bram_v4_8/src"

TRACE::2025-03-29.18:03:29::SCWMssOS::make -C microblaze_0/libsrc/bram_v4_8/src -s include  "SHELL=CMD" "COMPILER=mb-gcc" "ASSEMBLER=mb-as" "ARCHIVER=mb-ar" "COMPILE
TRACE::2025-03-29.18:03:29::SCWMssOS::R_FLAGS=  -O2 -c -mcpu=v11.0 -mlittle-endian -mxl-soft-mul" "EXTRA_COMPILER_FLAGS=-g -ffunction-sections -fdata-sections -Wall 
TRACE::2025-03-29.18:03:29::SCWMssOS::-Wextra -fno-tree-loop-distribute-patterns"

TRACE::2025-03-29.18:03:29::SCWMssOS::"Running Make include in microblaze_0/libsrc/cpu_v2_16/src"

TRACE::2025-03-29.18:03:29::SCWMssOS::make -C microblaze_0/libsrc/cpu_v2_16/src -s include  "SHELL=CMD" "COMPILER=mb-gcc" "ASSEMBLER=mb-as" "ARCHIVER=mb-ar" "COMPILE
TRACE::2025-03-29.18:03:29::SCWMssOS::R_FLAGS=  -O2 -c -mcpu=v11.0 -mlittle-endian -mxl-soft-mul" "EXTRA_COMPILER_FLAGS=-g -ffunction-sections -fdata-sections -Wall 
TRACE::2025-03-29.18:03:29::SCWMssOS::-Wextra -fno-tree-loop-distribute-patterns"

TRACE::2025-03-29.18:03:29::SCWMssOS::"Running Make include in microblaze_0/libsrc/gpio_v4_9/src"

TRACE::2025-03-29.18:03:29::SCWMssOS::make -C microblaze_0/libsrc/gpio_v4_9/src -s include  "SHELL=CMD" "COMPILER=mb-gcc" "ASSEMBLER=mb-as" "ARCHIVER=mb-ar" "COMPILE
TRACE::2025-03-29.18:03:29::SCWMssOS::R_FLAGS=  -O2 -c -mcpu=v11.0 -mlittle-endian -mxl-soft-mul" "EXTRA_COMPILER_FLAGS=-g -ffunction-sections -fdata-sections -Wall 
TRACE::2025-03-29.18:03:29::SCWMssOS::-Wextra -fno-tree-loop-distribute-patterns"

TRACE::2025-03-29.18:03:29::SCWMssOS::"Running Make include in microblaze_0/libsrc/intc_v3_15/src"

TRACE::2025-03-29.18:03:29::SCWMssOS::make -C microblaze_0/libsrc/intc_v3_15/src -s include  "SHELL=CMD" "COMPILER=mb-gcc" "ASSEMBLER=mb-as" "ARCHIVER=mb-ar" "COMPIL
TRACE::2025-03-29.18:03:29::SCWMssOS::ER_FLAGS=  -O2 -c -mcpu=v11.0 -mlittle-endian -mxl-soft-mul" "EXTRA_COMPILER_FLAGS=-g -ffunction-sections -fdata-sections -Wall
TRACE::2025-03-29.18:03:29::SCWMssOS:: -Wextra -fno-tree-loop-distribute-patterns"

TRACE::2025-03-29.18:03:29::SCWMssOS::"Running Make include in microblaze_0/libsrc/standalone_v8_0/src"

TRACE::2025-03-29.18:03:29::SCWMssOS::make -C microblaze_0/libsrc/standalone_v8_0/src -s include  "SHELL=CMD" "COMPILER=mb-gcc" "ASSEMBLER=mb-as" "ARCHIVER=mb-ar" "C
TRACE::2025-03-29.18:03:29::SCWMssOS::OMPILER_FLAGS=  -O2 -c -mcpu=v11.0 -mlittle-endian -mxl-soft-mul" "EXTRA_COMPILER_FLAGS=-g -ffunction-sections -fdata-sections 
TRACE::2025-03-29.18:03:29::SCWMssOS::-Wall -Wextra -fno-tree-loop-distribute-patterns"

TRACE::2025-03-29.18:03:29::SCWMssOS::"Running Make include in microblaze_0/libsrc/tmrctr_v4_9/src"

TRACE::2025-03-29.18:03:29::SCWMssOS::make -C microblaze_0/libsrc/tmrctr_v4_9/src -s include  "SHELL=CMD" "COMPILER=mb-gcc" "ASSEMBLER=mb-as" "ARCHIVER=mb-ar" "COMPI
TRACE::2025-03-29.18:03:29::SCWMssOS::LER_FLAGS=  -O2 -c -mcpu=v11.0 -mlittle-endian -mxl-soft-mul" "EXTRA_COMPILER_FLAGS=-g -ffunction-sections -fdata-sections -Wal
TRACE::2025-03-29.18:03:29::SCWMssOS::l -Wextra -fno-tree-loop-distribute-patterns"

TRACE::2025-03-29.18:03:29::SCWMssOS::"Running Make include in microblaze_0/libsrc/uartlite_v3_7/src"

TRACE::2025-03-29.18:03:29::SCWMssOS::make -C microblaze_0/libsrc/uartlite_v3_7/src -s include  "SHELL=CMD" "COMPILER=mb-gcc" "ASSEMBLER=mb-as" "ARCHIVER=mb-ar" "COM
TRACE::2025-03-29.18:03:29::SCWMssOS::PILER_FLAGS=  -O2 -c -mcpu=v11.0 -mlittle-endian -mxl-soft-mul" "EXTRA_COMPILER_FLAGS=-g -ffunction-sections -fdata-sections -W
TRACE::2025-03-29.18:03:29::SCWMssOS::all -Wextra -fno-tree-loop-distribute-patterns"

TRACE::2025-03-29.18:03:29::SCWMssOS::"Running Make libs in microblaze_0/libsrc/bram_v4_8/src"

TRACE::2025-03-29.18:03:29::SCWMssOS::make -C microblaze_0/libsrc/bram_v4_8/src -s libs  "SHELL=CMD" "COMPILER=mb-gcc" "ASSEMBLER=mb-as" "ARCHIVER=mb-ar" "COMPILER_F
TRACE::2025-03-29.18:03:29::SCWMssOS::LAGS=  -O2 -c -mcpu=v11.0 -mlittle-endian -mxl-soft-mul" "EXTRA_COMPILER_FLAGS=-g -ffunction-sections -fdata-sections -Wall -We
TRACE::2025-03-29.18:03:29::SCWMssOS::xtra -fno-tree-loop-distribute-patterns"

TRACE::2025-03-29.18:03:29::SCWMssOS::"Running Make libs in microblaze_0/libsrc/cpu_v2_16/src"

TRACE::2025-03-29.18:03:29::SCWMssOS::make -C microblaze_0/libsrc/cpu_v2_16/src -s libs  "SHELL=CMD" "COMPILER=mb-gcc" "ASSEMBLER=mb-as" "ARCHIVER=mb-ar" "COMPILER_F
TRACE::2025-03-29.18:03:29::SCWMssOS::LAGS=  -O2 -c -mcpu=v11.0 -mlittle-endian -mxl-soft-mul" "EXTRA_COMPILER_FLAGS=-g -ffunction-sections -fdata-sections -Wall -We
TRACE::2025-03-29.18:03:29::SCWMssOS::xtra -fno-tree-loop-distribute-patterns"

TRACE::2025-03-29.18:03:29::SCWMssOS::"Running Make libs in microblaze_0/libsrc/gpio_v4_9/src"

TRACE::2025-03-29.18:03:29::SCWMssOS::make -C microblaze_0/libsrc/gpio_v4_9/src -s libs  "SHELL=CMD" "COMPILER=mb-gcc" "ASSEMBLER=mb-as" "ARCHIVER=mb-ar" "COMPILER_F
TRACE::2025-03-29.18:03:29::SCWMssOS::LAGS=  -O2 -c -mcpu=v11.0 -mlittle-endian -mxl-soft-mul" "EXTRA_COMPILER_FLAGS=-g -ffunction-sections -fdata-sections -Wall -We
TRACE::2025-03-29.18:03:29::SCWMssOS::xtra -fno-tree-loop-distribute-patterns"

TRACE::2025-03-29.18:03:29::SCWMssOS::"Running Make libs in microblaze_0/libsrc/intc_v3_15/src"

TRACE::2025-03-29.18:03:29::SCWMssOS::make -C microblaze_0/libsrc/intc_v3_15/src -s libs  "SHELL=CMD" "COMPILER=mb-gcc" "ASSEMBLER=mb-as" "ARCHIVER=mb-ar" "COMPILER_
TRACE::2025-03-29.18:03:29::SCWMssOS::FLAGS=  -O2 -c -mcpu=v11.0 -mlittle-endian -mxl-soft-mul" "EXTRA_COMPILER_FLAGS=-g -ffunction-sections -fdata-sections -Wall -W
TRACE::2025-03-29.18:03:29::SCWMssOS::extra -fno-tree-loop-distribute-patterns"

TRACE::2025-03-29.18:03:29::SCWMssOS::"Running Make libs in microblaze_0/libsrc/standalone_v8_0/src"

TRACE::2025-03-29.18:03:29::SCWMssOS::make -C microblaze_0/libsrc/standalone_v8_0/src -s libs  "SHELL=CMD" "COMPILER=mb-gcc" "ASSEMBLER=mb-as" "ARCHIVER=mb-ar" "COMP
TRACE::2025-03-29.18:03:29::SCWMssOS::ILER_FLAGS=  -O2 -c -mcpu=v11.0 -mlittle-endian -mxl-soft-mul" "EXTRA_COMPILER_FLAGS=-g -ffunction-sections -fdata-sections -Wa
TRACE::2025-03-29.18:03:29::SCWMssOS::ll -Wextra -fno-tree-loop-distribute-patterns"

TRACE::2025-03-29.18:03:29::SCWMssOS::"Running Make libs in microblaze_0/libsrc/tmrctr_v4_9/src"

TRACE::2025-03-29.18:03:29::SCWMssOS::make -C microblaze_0/libsrc/tmrctr_v4_9/src -s libs  "SHELL=CMD" "COMPILER=mb-gcc" "ASSEMBLER=mb-as" "ARCHIVER=mb-ar" "COMPILER
TRACE::2025-03-29.18:03:29::SCWMssOS::_FLAGS=  -O2 -c -mcpu=v11.0 -mlittle-endian -mxl-soft-mul" "EXTRA_COMPILER_FLAGS=-g -ffunction-sections -fdata-sections -Wall -
TRACE::2025-03-29.18:03:29::SCWMssOS::Wextra -fno-tree-loop-distribute-patterns"

TRACE::2025-03-29.18:03:29::SCWMssOS::"Running Make libs in microblaze_0/libsrc/uartlite_v3_7/src"

TRACE::2025-03-29.18:03:29::SCWMssOS::make -C microblaze_0/libsrc/uartlite_v3_7/src -s libs  "SHELL=CMD" "COMPILER=mb-gcc" "ASSEMBLER=mb-as" "ARCHIVER=mb-ar" "COMPIL
TRACE::2025-03-29.18:03:29::SCWMssOS::ER_FLAGS=  -O2 -c -mcpu=v11.0 -mlittle-endian -mxl-soft-mul" "EXTRA_COMPILER_FLAGS=-g -ffunction-sections -fdata-sections -Wall
TRACE::2025-03-29.18:03:29::SCWMssOS:: -Wextra -fno-tree-loop-distribute-patterns"

TRACE::2025-03-29.18:03:30::SCWMssOS::"DEBUG NON_LTO_OBJECTS is ../../../lib/microblaze_interrupt_handler.o"

TRACE::2025-03-29.18:03:30::SCWMssOS::'Finished building libraries parallelly.'

TRACE::2025-03-29.18:03:30::SCWMssOS::make --no-print-directory archive

TRACE::2025-03-29.18:03:30::SCWMssOS::mb-ar -r  microblaze_0/lib/libxil.a microblaze_0/lib/_exit.o microblaze_0/lib/errno.o microblaze_0/lib/fcntl.o microblaze_0/lib
TRACE::2025-03-29.18:03:30::SCWMssOS::/hw_exception_handler.o microblaze_0/lib/inbyte.o microblaze_0/lib/microblaze_disable_dcache.o microblaze_0/lib/microblaze_disa
TRACE::2025-03-29.18:03:30::SCWMssOS::ble_exceptions.o microblaze_0/lib/microblaze_disable_icache.o microblaze_0/lib/microblaze_disable_interrupts.o microblaze_0/lib
TRACE::2025-03-29.18:03:30::SCWMssOS::/microblaze_enable_dcache.o microblaze_0/lib/microblaze_enable_exceptions.o microblaze_0/lib/microblaze_enable_icache.o microbl
TRACE::2025-03-29.18:03:30::SCWMssOS::aze_0/lib/microblaze_enable_interrupts.o microblaze_0/lib/microblaze_exception_handler.o microblaze_0/lib/microblaze_flush_cach
TRACE::2025-03-29.18:03:30::SCWMssOS::e_ext.o microblaze_0/lib/microblaze_flush_cache_ext_range.o microblaze_0/lib/microblaze_flush_dcache.o microblaze_0/lib/microbl
TRACE::2025-03-29.18:03:30::SCWMssOS::aze_flush_dcache_range.o microblaze_0/lib/microblaze_init_dcache_range.o microblaze_0/lib/microblaze_init_icache_range.o microb
TRACE::2025-03-29.18:03:30::SCWMssOS::laze_0/lib/microblaze_interrupt_handler.o microblaze_0/lib/microblaze_interrupts_g.o microblaze_0/lib/microblaze_invalidate_cac
TRACE::2025-03-29.18:03:30::SCWMssOS::he_ext.o microblaze_0/lib/microblaze_invalidate_cache_ext_range.o microblaze_0/lib/microblaze_invalidate_dcache.o microblaze_0/
TRACE::2025-03-29.18:03:30::SCWMssOS::lib/microblaze_invalidate_dcache_range.o microblaze_0/lib/microblaze_invalidate_icache.o microblaze_0/lib/microblaze_invalidate
TRACE::2025-03-29.18:03:30::SCWMssOS::_icache_range.o microblaze_0/lib/microblaze_scrub.o microblaze_0/lib/microblaze_selftest.o microblaze_0/lib/microblaze_sleep.o 
TRACE::2025-03-29.18:03:30::SCWMssOS::microblaze_0/lib/microblaze_update_dcache.o microblaze_0/lib/microblaze_update_icache.o microblaze_0/lib/outbyte.o microblaze_0
TRACE::2025-03-29.18:03:30::SCWMssOS::/lib/print.o microblaze_0/lib/pvr.o microblaze_0/lib/xbram.o microblaze_0/lib/xbram_g.o microblaze_0/lib/xbram_intr.o microblaz
TRACE::2025-03-29.18:03:30::SCWMssOS::e_0/lib/xbram_selftest.o microblaze_0/lib/xbram_sinit.o microblaze_0/lib/xgpio.o microblaze_0/lib/xgpio_extra.o microblaze_0/li
TRACE::2025-03-29.18:03:30::SCWMssOS::b/xgpio_g.o microblaze_0/lib/xgpio_intr.o microblaze_0/lib/xgpio_selftest.o microblaze_0/lib/xgpio_sinit.o microblaze_0/lib/xil
TRACE::2025-03-29.18:03:30::SCWMssOS::_assert.o microblaze_0/lib/xil_cache.o microblaze_0/lib/xil_clocking.o microblaze_0/lib/xil_exception.o microblaze_0/lib/xil_me
TRACE::2025-03-29.18:03:30::SCWMssOS::m.o microblaze_0/lib/xil_misc_psreset_api.o microblaze_0/lib/xil_printf.o microblaze_0/lib/xil_sleepcommon.o microblaze_0/lib/x
TRACE::2025-03-29.18:03:30::SCWMssOS::il_testcache.o microblaze_0/lib/xil_testio.o microblaze_0/lib/xil_testmem.o microblaze_0/lib/xil_util.o microblaze_0/lib/xintc.
TRACE::2025-03-29.18:03:30::SCWMssOS::o microblaze_0/lib/xintc_g.o microblaze_0/lib/xintc_intr.o microblaze_0/lib/xintc_l.o microblaze_0/lib/xintc_options.o microbla
TRACE::2025-03-29.18:03:30::SCWMssOS::ze_0/lib/xintc_selftest.o microblaze_0/lib/xinterrupt_wrap.o microblaze_0/lib/xio.o microblaze_0/lib/xplatform_info.o microblaz
TRACE::2025-03-29.18:03:30::SCWMssOS::e_0/lib/xtmrctr.o microblaze_0/lib/xtmrctr_g.o microblaze_0/lib/xtmrctr_intr.o microblaze_0/lib/xtmrctr_l.o microblaze_0/lib/xt
TRACE::2025-03-29.18:03:30::SCWMssOS::mrctr_options.o microblaze_0/lib/xtmrctr_selftest.o microblaze_0/lib/xtmrctr_sinit.o microblaze_0/lib/xtmrctr_stats.o microblaz
TRACE::2025-03-29.18:03:30::SCWMssOS::e_0/lib/xuartlite.o microblaze_0/lib/xuartlite_g.o microblaze_0/lib/xuartlite_intr.o microblaze_0/lib/xuartlite_l.o microblaze_
TRACE::2025-03-29.18:03:30::SCWMssOS::0/lib/xuartlite_selftest.o microblaze_0/lib/xuartlite_sinit.o microblaze_0/lib/xuartlite_stats.o

TRACE::2025-03-29.18:03:30::SCWMssOS::'Finished building libraries'

TRACE::2025-03-29.18:03:30::SCWMssOS:: Checking if to create the Supporting Applications
TRACE::2025-03-29.18:03:30::SCWMssOS:: No Linux domain exists, trying to generate FSBL 
LOG::2025-03-29.18:03:30::SCWSystem::Completed Processing the domain standalone_domain
LOG::2025-03-29.18:03:30::SCWSystem::Completed Processing the sysconfig syncBlaze
LOG::2025-03-29.18:03:30::SCWPlatform::Completed generating the artifacts for system configuration syncBlaze
TRACE::2025-03-29.18:03:30::SCWPlatform::Started preparing the platform 
TRACE::2025-03-29.18:03:30::SCWSystem::Writing the bif file for system config syncBlaze
TRACE::2025-03-29.18:03:30::SCWSystem::dir created 
TRACE::2025-03-29.18:03:30::SCWSystem::Writing the bif 
TRACE::2025-03-29.18:03:30::SCWPlatform::Started writing the spfm file 
TRACE::2025-03-29.18:03:30::SCWPlatform::Started writing the xpfm file 
TRACE::2025-03-29.18:03:30::SCWPlatform::Completed generating the platform
TRACE::2025-03-29.18:03:30::SCWMssOS::Saving the mss changes E:/kevin/myCode/microBlaze1/vitisHome/syncBlaze/microblaze_0/standalone_domain/bsp/system.mss
TRACE::2025-03-29.18:03:30::SCWMssOS::Adding the swdes entry, mss present, able to open swdb E:/kevin/myCode/microBlaze1/vitisHome/syncBlaze/microblaze_0/standalone_domain/bsp/system.mss with des name system
TRACE::2025-03-29.18:03:30::SCWMssOS::Writing the mss file completed E:/kevin/myCode/microBlaze1/vitisHome/syncBlaze/microblaze_0/standalone_domain/bsp/system.mss
TRACE::2025-03-29.18:03:30::SCWMssOS::Commit changes completed.
TRACE::2025-03-29.18:03:30::SCWPlatform::Trying to open the hw design at E:/kevin/myCode/microBlaze1/vitisHome/syncBlaze/hw/design_1_wrapper.xsa
TRACE::2025-03-29.18:03:30::SCWPlatform::DSA given E:/kevin/myCode/microBlaze1/vitisHome/syncBlaze/hw/design_1_wrapper.xsa
TRACE::2025-03-29.18:03:30::SCWPlatform::DSA absoulate path E:/kevin/myCode/microBlaze1/vitisHome/syncBlaze/hw/design_1_wrapper.xsa
TRACE::2025-03-29.18:03:30::SCWPlatform::DSA directory E:/kevin/myCode/microBlaze1/vitisHome/syncBlaze/hw
TRACE::2025-03-29.18:03:30::SCWPlatform:: Platform Path E:/kevin/myCode/microBlaze1/vitisHome/syncBlaze/hw/design_1_wrapper.xsa
TRACE::2025-03-29.18:03:30::SCWPlatform:: Unique name xilinx:::0.0
TRACE::2025-03-29.18:03:30::SCWPlatform::Trying to set the existing hwdb with name design_1_wrapper_25
TRACE::2025-03-29.18:03:30::SCWPlatform::Opened existing hwdb design_1_wrapper_25
TRACE::2025-03-29.18:03:30::SCWPlatform::Found the Hw Db part of the input DSA
TRACE::2025-03-29.18:03:30::SCWMssOS::Checking the sw design at  E:/kevin/myCode/microBlaze1/vitisHome/syncBlaze/microblaze_0/standalone_domain/bsp/system.mss
TRACE::2025-03-29.18:03:30::SCWMssOS::DEBUG:  swdes dump  E:/kevin/myCode/microBlaze1/vitisHome/syncBlaze/microblaze_0/standalone_domain/bsp/system.mss|system||

TRACE::2025-03-29.18:03:30::SCWMssOS::Sw design exists and opened at  E:/kevin/myCode/microBlaze1/vitisHome/syncBlaze/microblaze_0/standalone_domain/bsp/system.mss
TRACE::2025-03-29.18:03:30::SCWWriter::formatted JSON is {
	"platformName":	"syncBlaze",
	"sprVersion":	"2.0",
	"mode":	"gui",
	"dsaType":	"Fixed",
	"platformDesc":	"syncBlaze",
	"platHandOff":	"E:/kevin/myCode/microBlaze1/design_1_wrapper.xsa",
	"platIntHandOff":	"<platformDir>/hw/design_1_wrapper.xsa",
	"deviceType":	"FPGA",
	"platIsPrebuiltAutogen":	"false",
	"platIsNoBootBsp":	"false",
	"hasFsblMakeHasChanges":	"false",
	"hasPmufwMakeHasChanges":	"false",
	"platPreBuiltFlag":	false,
	"platformSamplesDir":	"",
	"platActiveSys":	"syncBlaze",
	"systems":	[{
			"systemName":	"syncBlaze",
			"systemDesc":	"syncBlaze",
			"sysIsBootAutoGen":	"true",
			"systemDispName":	"syncBlaze",
			"sysActiveDom":	"standalone_domain",
			"sysDefaultDom":	"standalone_domain",
			"domains":	[{
					"domainName":	"standalone_domain",
					"domainDispName":	"standalone on microblaze_0",
					"domainDesc":	"standalone_domain",
					"processors":	"microblaze_0",
					"os":	"standalone",
					"sdxOs":	"standalone",
					"debugEnable":	"False",
					"domRuntimes":	["cpp"],
					"swRepo":	"",
					"mssOsVer":	"8.0",
					"mssFile":	"",
					"md5Digest":	"e2cdda41e7956801f4f51a65042beca0",
					"compatibleApp":	"",
					"domType":	"mssDomain",
					"arch":	"32-bit",
					"appSettings":	{
						"appCompilerFlags":	"",
						"appLinkerFlags":	""
					},
					"addedLibs":	[],
					"libOptions":	{
						"libsContainingOptions":	[]
					},
					"prebuiltLibs":	{
						"prebuiltIncPath":	[],
						"prebuiltLibPath":	[]
					},
					"isolation":	{
					}
				}]
		}]
}
KEYINFO::2025-03-29.18:03:30::SCWPlatform::updated the xpfm file.
TRACE::2025-03-29.18:03:30::SCWPlatform::Trying to open the hw design at E:/kevin/myCode/microBlaze1/vitisHome/syncBlaze/hw/design_1_wrapper.xsa
TRACE::2025-03-29.18:03:30::SCWPlatform::DSA given E:/kevin/myCode/microBlaze1/vitisHome/syncBlaze/hw/design_1_wrapper.xsa
TRACE::2025-03-29.18:03:30::SCWPlatform::DSA absoulate path E:/kevin/myCode/microBlaze1/vitisHome/syncBlaze/hw/design_1_wrapper.xsa
TRACE::2025-03-29.18:03:30::SCWPlatform::DSA directory E:/kevin/myCode/microBlaze1/vitisHome/syncBlaze/hw
TRACE::2025-03-29.18:03:30::SCWPlatform:: Platform Path E:/kevin/myCode/microBlaze1/vitisHome/syncBlaze/hw/design_1_wrapper.xsa
TRACE::2025-03-29.18:03:30::SCWPlatform:: Unique name xilinx:::0.0
TRACE::2025-03-29.18:03:30::SCWPlatform::Trying to set the existing hwdb with name design_1_wrapper_25
TRACE::2025-03-29.18:03:30::SCWPlatform::Opened existing hwdb design_1_wrapper_25
TRACE::2025-03-29.18:03:30::SCWPlatform::Found the Hw Db part of the input DSA
TRACE::2025-03-29.18:03:30::SCWMssOS::Checking the sw design at  E:/kevin/myCode/microBlaze1/vitisHome/syncBlaze/microblaze_0/standalone_domain/bsp/system.mss
TRACE::2025-03-29.18:03:30::SCWMssOS::DEBUG:  swdes dump  E:/kevin/myCode/microBlaze1/vitisHome/syncBlaze/microblaze_0/standalone_domain/bsp/system.mss|system||

TRACE::2025-03-29.18:03:30::SCWMssOS::Sw design exists and opened at  E:/kevin/myCode/microBlaze1/vitisHome/syncBlaze/microblaze_0/standalone_domain/bsp/system.mss
TRACE::2025-03-30.00:09:38::SCWPlatform::Clearing the existing platform
TRACE::2025-03-30.00:09:38::SCWSystem::Clearing the existing sysconfig
TRACE::2025-03-30.00:09:38::SCWMssOS::Removing the swdes entry for  E:/kevin/myCode/microBlaze1/vitisHome/syncBlaze/microblaze_0/standalone_domain/bsp/system.mss
TRACE::2025-03-30.00:09:38::SCWSystem::Clearing the domains completed.
TRACE::2025-03-30.00:09:38::SCWPlatform::Clearing the opened hw db.
TRACE::2025-03-30.00:09:38::SCWPlatform::DSA given E:/kevin/myCode/microBlaze1/vitisHome/syncBlaze/hw/design_1_wrapper.xsa
TRACE::2025-03-30.00:09:38::SCWPlatform::DSA absoulate path E:/kevin/myCode/microBlaze1/vitisHome/syncBlaze/hw/design_1_wrapper.xsa
TRACE::2025-03-30.00:09:38::SCWPlatform:: Platform location is E:/kevin/myCode/microBlaze1/vitisHome/syncBlaze/hw
TRACE::2025-03-30.00:09:38::SCWPlatform:: Platform Path E:/kevin/myCode/microBlaze1/vitisHome/syncBlaze/hw/design_1_wrapper.xsa
TRACE::2025-03-30.00:09:38::SCWPlatform:: Unique name xilinx:::0.0
TRACE::2025-03-30.00:09:38::SCWPlatform::Removing the HwDB with name E:/kevin/myCode/microBlaze1/vitisHome/syncBlaze/hw/design_1_wrapper.xsa
TRACE::2025-03-30.00:09:38::SCWPlatform::Trying to open the hw design at E:/kevin/myCode/microBlaze1/vitisHome/syncBlaze/hw/design_1_wrapper.xsa
TRACE::2025-03-30.00:09:38::SCWPlatform::DSA given E:/kevin/myCode/microBlaze1/vitisHome/syncBlaze/hw/design_1_wrapper.xsa
TRACE::2025-03-30.00:09:38::SCWPlatform::DSA absoulate path E:/kevin/myCode/microBlaze1/vitisHome/syncBlaze/hw/design_1_wrapper.xsa
TRACE::2025-03-30.00:09:38::SCWPlatform::DSA directory E:/kevin/myCode/microBlaze1/vitisHome/syncBlaze/hw
TRACE::2025-03-30.00:09:38::SCWPlatform:: Platform Path E:/kevin/myCode/microBlaze1/vitisHome/syncBlaze/hw/design_1_wrapper.xsa
TRACE::2025-03-30.00:09:38::SCWPlatform:: Unique name xilinx:::0.0
TRACE::2025-03-30.00:09:38::SCWPlatform::Do not have an existing db opened. 
TRACE::2025-03-30.00:09:38::SCWPlatform::Opened new HwDB with name design_1_wrapper_27
TRACE::2025-03-30.00:09:38::SCWReader::Active system found as  syncBlaze
TRACE::2025-03-30.00:09:38::SCWReader::Handling sysconfig syncBlaze
TRACE::2025-03-30.00:09:38::SCWDomain::checking for install qemu data   : 
TRACE::2025-03-30.00:09:38::SCWPlatform::Trying to open the hw design at E:/kevin/myCode/microBlaze1/vitisHome/syncBlaze/hw/design_1_wrapper.xsa
TRACE::2025-03-30.00:09:38::SCWPlatform::DSA given E:/kevin/myCode/microBlaze1/vitisHome/syncBlaze/hw/design_1_wrapper.xsa
TRACE::2025-03-30.00:09:38::SCWPlatform::DSA absoulate path E:/kevin/myCode/microBlaze1/vitisHome/syncBlaze/hw/design_1_wrapper.xsa
TRACE::2025-03-30.00:09:38::SCWPlatform::DSA directory E:/kevin/myCode/microBlaze1/vitisHome/syncBlaze/hw
TRACE::2025-03-30.00:09:38::SCWPlatform:: Platform Path E:/kevin/myCode/microBlaze1/vitisHome/syncBlaze/hw/design_1_wrapper.xsa
TRACE::2025-03-30.00:09:38::SCWPlatform:: Unique name xilinx:::0.0
TRACE::2025-03-30.00:09:38::SCWPlatform::Trying to set the existing hwdb with name design_1_wrapper_27
TRACE::2025-03-30.00:09:38::SCWPlatform::Opened existing hwdb design_1_wrapper_27
TRACE::2025-03-30.00:09:38::SCWPlatform::Found the Hw Db part of the input DSA
TRACE::2025-03-30.00:09:38::SCWPlatform::Trying to open the hw design at E:/kevin/myCode/microBlaze1/vitisHome/syncBlaze/hw/design_1_wrapper.xsa
TRACE::2025-03-30.00:09:38::SCWPlatform::DSA given E:/kevin/myCode/microBlaze1/vitisHome/syncBlaze/hw/design_1_wrapper.xsa
TRACE::2025-03-30.00:09:38::SCWPlatform::DSA absoulate path E:/kevin/myCode/microBlaze1/vitisHome/syncBlaze/hw/design_1_wrapper.xsa
TRACE::2025-03-30.00:09:38::SCWPlatform::DSA directory E:/kevin/myCode/microBlaze1/vitisHome/syncBlaze/hw
TRACE::2025-03-30.00:09:38::SCWPlatform:: Platform Path E:/kevin/myCode/microBlaze1/vitisHome/syncBlaze/hw/design_1_wrapper.xsa
TRACE::2025-03-30.00:09:38::SCWPlatform:: Unique name xilinx:::0.0
TRACE::2025-03-30.00:09:38::SCWPlatform::Trying to set the existing hwdb with name design_1_wrapper_27
TRACE::2025-03-30.00:09:38::SCWPlatform::Opened existing hwdb design_1_wrapper_27
TRACE::2025-03-30.00:09:38::SCWPlatform::Found the Hw Db part of the input DSA
TRACE::2025-03-30.00:09:38::SCWPlatform::Trying to open the hw design at E:/kevin/myCode/microBlaze1/vitisHome/syncBlaze/hw/design_1_wrapper.xsa
TRACE::2025-03-30.00:09:38::SCWPlatform::DSA given E:/kevin/myCode/microBlaze1/vitisHome/syncBlaze/hw/design_1_wrapper.xsa
TRACE::2025-03-30.00:09:38::SCWPlatform::DSA absoulate path E:/kevin/myCode/microBlaze1/vitisHome/syncBlaze/hw/design_1_wrapper.xsa
TRACE::2025-03-30.00:09:38::SCWPlatform::DSA directory E:/kevin/myCode/microBlaze1/vitisHome/syncBlaze/hw
TRACE::2025-03-30.00:09:38::SCWPlatform:: Platform Path E:/kevin/myCode/microBlaze1/vitisHome/syncBlaze/hw/design_1_wrapper.xsa
TRACE::2025-03-30.00:09:38::SCWPlatform:: Unique name xilinx:::0.0
TRACE::2025-03-30.00:09:38::SCWPlatform::Trying to set the existing hwdb with name design_1_wrapper_27
TRACE::2025-03-30.00:09:38::SCWPlatform::Opened existing hwdb design_1_wrapper_27
TRACE::2025-03-30.00:09:38::SCWPlatform::Found the Hw Db part of the input DSA
TRACE::2025-03-30.00:09:38::SCWPlatform::Trying to open the hw design at E:/kevin/myCode/microBlaze1/vitisHome/syncBlaze/hw/design_1_wrapper.xsa
TRACE::2025-03-30.00:09:38::SCWPlatform::DSA given E:/kevin/myCode/microBlaze1/vitisHome/syncBlaze/hw/design_1_wrapper.xsa
TRACE::2025-03-30.00:09:38::SCWPlatform::DSA absoulate path E:/kevin/myCode/microBlaze1/vitisHome/syncBlaze/hw/design_1_wrapper.xsa
TRACE::2025-03-30.00:09:38::SCWPlatform::DSA directory E:/kevin/myCode/microBlaze1/vitisHome/syncBlaze/hw
TRACE::2025-03-30.00:09:38::SCWPlatform:: Platform Path E:/kevin/myCode/microBlaze1/vitisHome/syncBlaze/hw/design_1_wrapper.xsa
TRACE::2025-03-30.00:09:38::SCWPlatform:: Unique name xilinx:::0.0
TRACE::2025-03-30.00:09:38::SCWPlatform::Trying to set the existing hwdb with name design_1_wrapper_27
TRACE::2025-03-30.00:09:38::SCWPlatform::Opened existing hwdb design_1_wrapper_27
TRACE::2025-03-30.00:09:38::SCWPlatform::Found the Hw Db part of the input DSA
TRACE::2025-03-30.00:09:38::SCWMssOS::Checking the sw design at  E:/kevin/myCode/microBlaze1/vitisHome/syncBlaze/microblaze_0/standalone_domain/bsp/system.mss
TRACE::2025-03-30.00:09:38::SCWMssOS::DEBUG:  swdes dump  
TRACE::2025-03-30.00:09:38::SCWMssOS::No sw design opened at  E:/kevin/myCode/microBlaze1/vitisHome/syncBlaze/microblaze_0/standalone_domain/bsp/system.mss
TRACE::2025-03-30.00:09:38::SCWMssOS::mss exists loading the mss file  E:/kevin/myCode/microBlaze1/vitisHome/syncBlaze/microblaze_0/standalone_domain/bsp/system.mss
TRACE::2025-03-30.00:09:38::SCWMssOS::Opened the sw design from mss  E:/kevin/myCode/microBlaze1/vitisHome/syncBlaze/microblaze_0/standalone_domain/bsp/system.mss
TRACE::2025-03-30.00:09:38::SCWMssOS::Adding the swdes entry E:/kevin/myCode/microBlaze1/vitisHome/syncBlaze/microblaze_0/standalone_domain/bsp/system.mss with des name system
TRACE::2025-03-30.00:09:38::SCWMssOS::updating the scw layer about changes
TRACE::2025-03-30.00:09:38::SCWMssOS::Opened the sw design.  E:/kevin/myCode/microBlaze1/vitisHome/syncBlaze/microblaze_0/standalone_domain/bsp/system.mss
TRACE::2025-03-30.00:09:38::SCWMssOS::Saving the mss changes E:/kevin/myCode/microBlaze1/vitisHome/syncBlaze/microblaze_0/standalone_domain/bsp/system.mss
TRACE::2025-03-30.00:09:38::SCWMssOS::Found a swdesign opened with the mssfile.
TRACE::2025-03-30.00:09:38::SCWMssOS::Completed writemss as part of save.
TRACE::2025-03-30.00:09:38::SCWMssOS::Commit changes completed.
TRACE::2025-03-30.00:09:38::SCWReader::Adding prebuilt librarypaths as   
TRACE::2025-03-30.00:09:38::SCWReader::Adding prebuilt incpaths  as   
TRACE::2025-03-30.00:09:38::SCWPlatform::Trying to open the hw design at E:/kevin/myCode/microBlaze1/vitisHome/syncBlaze/hw/design_1_wrapper.xsa
TRACE::2025-03-30.00:09:38::SCWPlatform::DSA given E:/kevin/myCode/microBlaze1/vitisHome/syncBlaze/hw/design_1_wrapper.xsa
TRACE::2025-03-30.00:09:38::SCWPlatform::DSA absoulate path E:/kevin/myCode/microBlaze1/vitisHome/syncBlaze/hw/design_1_wrapper.xsa
TRACE::2025-03-30.00:09:38::SCWPlatform::DSA directory E:/kevin/myCode/microBlaze1/vitisHome/syncBlaze/hw
TRACE::2025-03-30.00:09:38::SCWPlatform:: Platform Path E:/kevin/myCode/microBlaze1/vitisHome/syncBlaze/hw/design_1_wrapper.xsa
TRACE::2025-03-30.00:09:38::SCWPlatform:: Unique name xilinx:::0.0
TRACE::2025-03-30.00:09:38::SCWPlatform::Trying to set the existing hwdb with name design_1_wrapper_27
TRACE::2025-03-30.00:09:38::SCWPlatform::Opened existing hwdb design_1_wrapper_27
TRACE::2025-03-30.00:09:38::SCWPlatform::Found the Hw Db part of the input DSA
TRACE::2025-03-30.00:09:38::SCWMssOS::Checking the sw design at  E:/kevin/myCode/microBlaze1/vitisHome/syncBlaze/microblaze_0/standalone_domain/bsp/system.mss
TRACE::2025-03-30.00:09:38::SCWMssOS::DEBUG:  swdes dump  E:/kevin/myCode/microBlaze1/vitisHome/syncBlaze/microblaze_0/standalone_domain/bsp/system.mss|system||

TRACE::2025-03-30.00:09:38::SCWMssOS::Sw design exists and opened at  E:/kevin/myCode/microBlaze1/vitisHome/syncBlaze/microblaze_0/standalone_domain/bsp/system.mss
TRACE::2025-03-30.00:09:38::SCWReader::No isolation master present  
TRACE::2025-03-30.00:09:41::SCWPlatform::DSA given E:/kevin/myCode/microBlaze1/vitisHome/syncBlaze/tempdsa/design_1_wrapper.xsa
TRACE::2025-03-30.00:09:41::SCWPlatform::DSA absoulate path E:/kevin/myCode/microBlaze1/vitisHome/syncBlaze/tempdsa/design_1_wrapper.xsa
TRACE::2025-03-30.00:09:41::SCWPlatform:: Platform location is E:/kevin/myCode/microBlaze1/vitisHome/syncBlaze/tempdsa
TRACE::2025-03-30.00:09:41::SCWPlatform:: Platform Path E:/kevin/myCode/microBlaze1/vitisHome/syncBlaze/tempdsa/design_1_wrapper.xsa
TRACE::2025-03-30.00:09:41::SCWPlatform:: Unique name xilinx:::0.0
TRACE::2025-03-30.00:09:41::SCWPlatform::Found the Hw Db part of the input DSA
TRACE::2025-03-30.00:09:41::SCWMssOS::Doing hw sync for the mss in domain: standalone_domain
TRACE::2025-03-30.00:09:41::SCWPlatform::Trying to open the hw design at E:/kevin/myCode/microBlaze1/vitisHome/syncBlaze/hw/design_1_wrapper.xsa
TRACE::2025-03-30.00:09:41::SCWPlatform::DSA given E:/kevin/myCode/microBlaze1/vitisHome/syncBlaze/hw/design_1_wrapper.xsa
TRACE::2025-03-30.00:09:41::SCWPlatform::DSA absoulate path E:/kevin/myCode/microBlaze1/vitisHome/syncBlaze/hw/design_1_wrapper.xsa
TRACE::2025-03-30.00:09:41::SCWPlatform::DSA directory E:/kevin/myCode/microBlaze1/vitisHome/syncBlaze/hw
TRACE::2025-03-30.00:09:41::SCWPlatform:: Platform Path E:/kevin/myCode/microBlaze1/vitisHome/syncBlaze/hw/design_1_wrapper.xsa
TRACE::2025-03-30.00:09:41::SCWPlatform:: Unique name xilinx:::0.0
TRACE::2025-03-30.00:09:41::SCWPlatform::Trying to set the existing hwdb with name design_1_wrapper_27
TRACE::2025-03-30.00:09:41::SCWPlatform::Opened existing hwdb design_1_wrapper_27
TRACE::2025-03-30.00:09:41::SCWPlatform::Found the Hw Db part of the input DSA
TRACE::2025-03-30.00:09:41::SCWPlatform::Trying to open the hw design at E:/kevin/myCode/microBlaze1/vitisHome/syncBlaze/hw/design_1_wrapper.xsa
TRACE::2025-03-30.00:09:41::SCWPlatform::DSA given E:/kevin/myCode/microBlaze1/vitisHome/syncBlaze/hw/design_1_wrapper.xsa
TRACE::2025-03-30.00:09:41::SCWPlatform::DSA absoulate path E:/kevin/myCode/microBlaze1/vitisHome/syncBlaze/hw/design_1_wrapper.xsa
TRACE::2025-03-30.00:09:41::SCWPlatform::DSA directory E:/kevin/myCode/microBlaze1/vitisHome/syncBlaze/hw
TRACE::2025-03-30.00:09:41::SCWPlatform:: Platform Path E:/kevin/myCode/microBlaze1/vitisHome/syncBlaze/hw/design_1_wrapper.xsa
TRACE::2025-03-30.00:09:41::SCWPlatform:: Unique name xilinx:::0.0
TRACE::2025-03-30.00:09:41::SCWPlatform::Trying to set the existing hwdb with name design_1_wrapper_27
TRACE::2025-03-30.00:09:41::SCWPlatform::Opened existing hwdb design_1_wrapper_27
TRACE::2025-03-30.00:09:41::SCWPlatform::Found the Hw Db part of the input DSA
TRACE::2025-03-30.00:09:41::SCWMssOS::Checking the sw design at  E:/kevin/myCode/microBlaze1/vitisHome/syncBlaze/microblaze_0/standalone_domain/bsp/system.mss
TRACE::2025-03-30.00:09:41::SCWMssOS::DEBUG:  swdes dump  E:/kevin/myCode/microBlaze1/vitisHome/syncBlaze/microblaze_0/standalone_domain/bsp/system.mss|system||

TRACE::2025-03-30.00:09:41::SCWMssOS::Sw design exists and opened at  E:/kevin/myCode/microBlaze1/vitisHome/syncBlaze/microblaze_0/standalone_domain/bsp/system.mss
TRACE::2025-03-30.00:09:41::SCWPlatform::Trying to open the hw design at E:/kevin/myCode/microBlaze1/vitisHome/syncBlaze/tempdsa/design_1_wrapper.xsa
TRACE::2025-03-30.00:09:41::SCWPlatform::DSA given E:/kevin/myCode/microBlaze1/vitisHome/syncBlaze/tempdsa/design_1_wrapper.xsa
TRACE::2025-03-30.00:09:41::SCWPlatform::DSA absoulate path E:/kevin/myCode/microBlaze1/vitisHome/syncBlaze/tempdsa/design_1_wrapper.xsa
TRACE::2025-03-30.00:09:41::SCWPlatform::DSA directory E:/kevin/myCode/microBlaze1/vitisHome/syncBlaze/tempdsa
TRACE::2025-03-30.00:09:41::SCWPlatform:: Platform Path E:/kevin/myCode/microBlaze1/vitisHome/syncBlaze/tempdsa/design_1_wrapper.xsa
TRACE::2025-03-30.00:09:41::SCWPlatform:: Unique name xilinx:::0.0
TRACE::2025-03-30.00:09:41::SCWPlatform::update - Opened existing hwdb design_1_wrapper_28
TRACE::2025-03-30.00:09:41::SCWPlatform::Found the Hw Db part of the input DSA
TRACE::2025-03-30.00:09:41::SCWMssOS::Saving the mss changes E:/kevin/myCode/microBlaze1/vitisHome/syncBlaze/microblaze_0/standalone_domain/bsp/system.mss
TRACE::2025-03-30.00:09:41::SCWMssOS::Found a swdesign opened with the mssfile.
TRACE::2025-03-30.00:09:41::SCWMssOS::Completed writemss as part of save.
TRACE::2025-03-30.00:09:41::SCWMssOS::Commit changes completed.
TRACE::2025-03-30.00:09:41::SCWMssOS::Completed hw sync for the mss in domain: standalone_domain
TRACE::2025-03-30.00:09:41::SCWMssOS::Removing the swdes entry for  E:/kevin/myCode/microBlaze1/vitisHome/syncBlaze/microblaze_0/standalone_domain/bsp/system.mss
TRACE::2025-03-30.00:09:41::SCWPlatform::Trying to open the hw design at E:/kevin/myCode/microBlaze1/vitisHome/syncBlaze/hw/design_1_wrapper.xsa
TRACE::2025-03-30.00:09:41::SCWPlatform::DSA given E:/kevin/myCode/microBlaze1/vitisHome/syncBlaze/hw/design_1_wrapper.xsa
TRACE::2025-03-30.00:09:41::SCWPlatform::DSA absoulate path E:/kevin/myCode/microBlaze1/vitisHome/syncBlaze/hw/design_1_wrapper.xsa
TRACE::2025-03-30.00:09:41::SCWPlatform::DSA directory E:/kevin/myCode/microBlaze1/vitisHome/syncBlaze/hw
TRACE::2025-03-30.00:09:41::SCWPlatform:: Platform Path E:/kevin/myCode/microBlaze1/vitisHome/syncBlaze/hw/design_1_wrapper.xsa
TRACE::2025-03-30.00:09:41::SCWPlatform:: Unique name xilinx:::0.0
TRACE::2025-03-30.00:09:41::SCWPlatform::Do not have an existing db opened. 
TRACE::2025-03-30.00:09:41::SCWPlatform::Opened new HwDB with name design_1_wrapper_29
TRACE::2025-03-30.00:09:41::SCWMssOS::Saving the mss changes E:/kevin/myCode/microBlaze1/vitisHome/syncBlaze/microblaze_0/standalone_domain/bsp/system.mss
TRACE::2025-03-30.00:09:41::SCWMssOS::Adding the swdes entry, mss present, able to open swdb E:/kevin/myCode/microBlaze1/vitisHome/syncBlaze/microblaze_0/standalone_domain/bsp/system.mss with des name system
TRACE::2025-03-30.00:09:41::SCWMssOS::Writing the mss file completed E:/kevin/myCode/microBlaze1/vitisHome/syncBlaze/microblaze_0/standalone_domain/bsp/system.mss
TRACE::2025-03-30.00:09:41::SCWMssOS::Commit changes completed.
TRACE::2025-03-30.00:09:41::SCWPlatform::Trying to open the hw design at E:/kevin/myCode/microBlaze1/vitisHome/syncBlaze/hw/design_1_wrapper.xsa
TRACE::2025-03-30.00:09:41::SCWPlatform::DSA given E:/kevin/myCode/microBlaze1/vitisHome/syncBlaze/hw/design_1_wrapper.xsa
TRACE::2025-03-30.00:09:41::SCWPlatform::DSA absoulate path E:/kevin/myCode/microBlaze1/vitisHome/syncBlaze/hw/design_1_wrapper.xsa
TRACE::2025-03-30.00:09:41::SCWPlatform::DSA directory E:/kevin/myCode/microBlaze1/vitisHome/syncBlaze/hw
TRACE::2025-03-30.00:09:41::SCWPlatform:: Platform Path E:/kevin/myCode/microBlaze1/vitisHome/syncBlaze/hw/design_1_wrapper.xsa
TRACE::2025-03-30.00:09:41::SCWPlatform:: Unique name xilinx:::0.0
TRACE::2025-03-30.00:09:41::SCWPlatform::Trying to set the existing hwdb with name design_1_wrapper_29
TRACE::2025-03-30.00:09:41::SCWPlatform::Opened existing hwdb design_1_wrapper_29
TRACE::2025-03-30.00:09:41::SCWPlatform::Found the Hw Db part of the input DSA
TRACE::2025-03-30.00:09:41::SCWMssOS::Checking the sw design at  E:/kevin/myCode/microBlaze1/vitisHome/syncBlaze/microblaze_0/standalone_domain/bsp/system.mss
TRACE::2025-03-30.00:09:41::SCWMssOS::DEBUG:  swdes dump  E:/kevin/myCode/microBlaze1/vitisHome/syncBlaze/microblaze_0/standalone_domain/bsp/system.mss|system||

TRACE::2025-03-30.00:09:41::SCWMssOS::Sw design exists and opened at  E:/kevin/myCode/microBlaze1/vitisHome/syncBlaze/microblaze_0/standalone_domain/bsp/system.mss
TRACE::2025-03-30.00:09:41::SCWWriter::formatted JSON is {
	"platformName":	"syncBlaze",
	"sprVersion":	"2.0",
	"mode":	"gui",
	"dsaType":	"Fixed",
	"platformDesc":	"syncBlaze",
	"platHandOff":	"E:/kevin/myCode/microBlaze1/design_1_wrapper.xsa",
	"platIntHandOff":	"<platformDir>/hw/design_1_wrapper.xsa",
	"deviceType":	"FPGA",
	"platIsPrebuiltAutogen":	"false",
	"platIsNoBootBsp":	"false",
	"hasFsblMakeHasChanges":	"false",
	"hasPmufwMakeHasChanges":	"false",
	"platPreBuiltFlag":	false,
	"platformSamplesDir":	"",
	"platActiveSys":	"syncBlaze",
	"systems":	[{
			"systemName":	"syncBlaze",
			"systemDesc":	"syncBlaze",
			"sysIsBootAutoGen":	"true",
			"systemDispName":	"syncBlaze",
			"sysActiveDom":	"standalone_domain",
			"sysDefaultDom":	"standalone_domain",
			"domains":	[{
					"domainName":	"standalone_domain",
					"domainDispName":	"standalone on microblaze_0",
					"domainDesc":	"standalone_domain",
					"processors":	"microblaze_0",
					"os":	"standalone",
					"sdxOs":	"standalone",
					"debugEnable":	"False",
					"domRuntimes":	["cpp"],
					"swRepo":	"",
					"mssOsVer":	"8.0",
					"mssFile":	"",
					"md5Digest":	"e2cdda41e7956801f4f51a65042beca01",
					"compatibleApp":	"",
					"domType":	"mssDomain",
					"arch":	"32-bit",
					"appSettings":	{
						"appCompilerFlags":	"",
						"appLinkerFlags":	""
					},
					"addedLibs":	[],
					"libOptions":	{
						"libsContainingOptions":	[]
					},
					"prebuiltLibs":	{
						"prebuiltIncPath":	[],
						"prebuiltLibPath":	[]
					},
					"isolation":	{
					}
				}]
		}]
}
LOG::2025-03-30.00:09:49::SCWPlatform::Started generating the artifacts platform syncBlaze
TRACE::2025-03-30.00:09:49::SCWPlatform::Sanity checking of platform is completed
LOG::2025-03-30.00:09:49::SCWPlatform::Started generating the artifacts for system configuration syncBlaze
LOG::2025-03-30.00:09:49::SCWSystem::Checking the domain standalone_domain
LOG::2025-03-30.00:09:49::SCWSystem::Not a boot domain 
LOG::2025-03-30.00:09:49::SCWSystem::Started Processing the domain standalone_domain
TRACE::2025-03-30.00:09:49::SCWDomain::Generating domain artifcats
TRACE::2025-03-30.00:09:49::SCWMssOS::Generating standalone artifcats
TRACE::2025-03-30.00:09:49::SCWMssOS:: Copying the user libraries. 
TRACE::2025-03-30.00:09:49::SCWPlatform::Trying to open the hw design at E:/kevin/myCode/microBlaze1/vitisHome/syncBlaze/hw/design_1_wrapper.xsa
TRACE::2025-03-30.00:09:49::SCWPlatform::DSA given E:/kevin/myCode/microBlaze1/vitisHome/syncBlaze/hw/design_1_wrapper.xsa
TRACE::2025-03-30.00:09:49::SCWPlatform::DSA absoulate path E:/kevin/myCode/microBlaze1/vitisHome/syncBlaze/hw/design_1_wrapper.xsa
TRACE::2025-03-30.00:09:49::SCWPlatform::DSA directory E:/kevin/myCode/microBlaze1/vitisHome/syncBlaze/hw
TRACE::2025-03-30.00:09:49::SCWPlatform:: Platform Path E:/kevin/myCode/microBlaze1/vitisHome/syncBlaze/hw/design_1_wrapper.xsa
TRACE::2025-03-30.00:09:49::SCWPlatform:: Unique name xilinx:::0.0
TRACE::2025-03-30.00:09:49::SCWPlatform::Trying to set the existing hwdb with name design_1_wrapper_29
TRACE::2025-03-30.00:09:49::SCWPlatform::Opened existing hwdb design_1_wrapper_29
TRACE::2025-03-30.00:09:49::SCWPlatform::Found the Hw Db part of the input DSA
TRACE::2025-03-30.00:09:49::SCWMssOS::Checking the sw design at  E:/kevin/myCode/microBlaze1/vitisHome/syncBlaze/microblaze_0/standalone_domain/bsp/system.mss
TRACE::2025-03-30.00:09:49::SCWMssOS::DEBUG:  swdes dump  E:/kevin/myCode/microBlaze1/vitisHome/syncBlaze/microblaze_0/standalone_domain/bsp/system.mss|system||

TRACE::2025-03-30.00:09:49::SCWMssOS::Sw design exists and opened at  E:/kevin/myCode/microBlaze1/vitisHome/syncBlaze/microblaze_0/standalone_domain/bsp/system.mss
TRACE::2025-03-30.00:09:49::SCWMssOS::Completed writing the mss file at E:/kevin/myCode/microBlaze1/vitisHome/syncBlaze/microblaze_0/standalone_domain/bsp
TRACE::2025-03-30.00:09:49::SCWMssOS::Mss edits present, copying mssfile into export location E:/kevin/myCode/microBlaze1/vitisHome/syncBlaze/microblaze_0/standalone_domain/bsp/system.mss
TRACE::2025-03-30.00:09:49::SCWMssOS::bsp generated is stale removing and regenerating. 
TRACE::2025-03-30.00:09:49::SCWMssOS::doing bsp build ... 
TRACE::2025-03-30.00:09:49::SCWMssOS::System Command Ran  E: & cd  E:/kevin/myCode/microBlaze1/vitisHome/syncBlaze/microblaze_0/standalone_domain/bsp & make 
TRACE::2025-03-30.00:09:49::SCWMssOS::make --no-print-directory seq_libs

TRACE::2025-03-30.00:09:49::SCWMssOS::'Finished building libraries sequentially.'

TRACE::2025-03-30.00:09:49::SCWMssOS::make -j 22 --no-print-directory par_libs

TRACE::2025-03-30.00:09:49::SCWMssOS::"Running Make include in microblaze_0/libsrc/bram_v4_8/src"

TRACE::2025-03-30.00:09:49::SCWMssOS::make -C microblaze_0/libsrc/bram_v4_8/src -s include  "SHELL=CMD" "COMPILER=mb-gcc" "ASSEMBLER=mb-as" "ARCHIVER=mb-ar" "COMPILE
TRACE::2025-03-30.00:09:49::SCWMssOS::R_FLAGS=  -O2 -c -mcpu=v11.0 -mlittle-endian -mxl-soft-mul" "EXTRA_COMPILER_FLAGS=-g -ffunction-sections -fdata-sections -Wall 
TRACE::2025-03-30.00:09:49::SCWMssOS::-Wextra -fno-tree-loop-distribute-patterns"

TRACE::2025-03-30.00:09:49::SCWMssOS::"Running Make include in microblaze_0/libsrc/cpu_v2_16/src"

TRACE::2025-03-30.00:09:49::SCWMssOS::make -C microblaze_0/libsrc/cpu_v2_16/src -s include  "SHELL=CMD" "COMPILER=mb-gcc" "ASSEMBLER=mb-as" "ARCHIVER=mb-ar" "COMPILE
TRACE::2025-03-30.00:09:49::SCWMssOS::R_FLAGS=  -O2 -c -mcpu=v11.0 -mlittle-endian -mxl-soft-mul" "EXTRA_COMPILER_FLAGS=-g -ffunction-sections -fdata-sections -Wall 
TRACE::2025-03-30.00:09:49::SCWMssOS::-Wextra -fno-tree-loop-distribute-patterns"

TRACE::2025-03-30.00:09:49::SCWMssOS::"Running Make include in microblaze_0/libsrc/gpio_v4_9/src"

TRACE::2025-03-30.00:09:49::SCWMssOS::make -C microblaze_0/libsrc/gpio_v4_9/src -s include  "SHELL=CMD" "COMPILER=mb-gcc" "ASSEMBLER=mb-as" "ARCHIVER=mb-ar" "COMPILE
TRACE::2025-03-30.00:09:49::SCWMssOS::R_FLAGS=  -O2 -c -mcpu=v11.0 -mlittle-endian -mxl-soft-mul" "EXTRA_COMPILER_FLAGS=-g -ffunction-sections -fdata-sections -Wall 
TRACE::2025-03-30.00:09:49::SCWMssOS::-Wextra -fno-tree-loop-distribute-patterns"

TRACE::2025-03-30.00:09:49::SCWMssOS::"Running Make include in microblaze_0/libsrc/intc_v3_15/src"

TRACE::2025-03-30.00:09:49::SCWMssOS::make -C microblaze_0/libsrc/intc_v3_15/src -s include  "SHELL=CMD" "COMPILER=mb-gcc" "ASSEMBLER=mb-as" "ARCHIVER=mb-ar" "COMPIL
TRACE::2025-03-30.00:09:50::SCWMssOS::ER_FLAGS=  -O2 -c -mcpu=v11.0 -mlittle-endian -mxl-soft-mul" "EXTRA_COMPILER_FLAGS=-g -ffunction-sections -fdata-sections -Wall
TRACE::2025-03-30.00:09:50::SCWMssOS:: -Wextra -fno-tree-loop-distribute-patterns"

TRACE::2025-03-30.00:09:50::SCWMssOS::"Running Make include in microblaze_0/libsrc/standalone_v8_0/src"

TRACE::2025-03-30.00:09:50::SCWMssOS::make -C microblaze_0/libsrc/standalone_v8_0/src -s include  "SHELL=CMD" "COMPILER=mb-gcc" "ASSEMBLER=mb-as" "ARCHIVER=mb-ar" "C
TRACE::2025-03-30.00:09:50::SCWMssOS::OMPILER_FLAGS=  -O2 -c -mcpu=v11.0 -mlittle-endian -mxl-soft-mul" "EXTRA_COMPILER_FLAGS=-g -ffunction-sections -fdata-sections 
TRACE::2025-03-30.00:09:50::SCWMssOS::-Wall -Wextra -fno-tree-loop-distribute-patterns"

TRACE::2025-03-30.00:09:50::SCWMssOS::"Running Make include in microblaze_0/libsrc/tmrctr_v4_9/src"

TRACE::2025-03-30.00:09:50::SCWMssOS::make -C microblaze_0/libsrc/tmrctr_v4_9/src -s include  "SHELL=CMD" "COMPILER=mb-gcc" "ASSEMBLER=mb-as" "ARCHIVER=mb-ar" "COMPI
TRACE::2025-03-30.00:09:50::SCWMssOS::LER_FLAGS=  -O2 -c -mcpu=v11.0 -mlittle-endian -mxl-soft-mul" "EXTRA_COMPILER_FLAGS=-g -ffunction-sections -fdata-sections -Wal
TRACE::2025-03-30.00:09:50::SCWMssOS::l -Wextra -fno-tree-loop-distribute-patterns"

TRACE::2025-03-30.00:09:50::SCWMssOS::"Running Make include in microblaze_0/libsrc/uartlite_v3_7/src"

TRACE::2025-03-30.00:09:50::SCWMssOS::make -C microblaze_0/libsrc/uartlite_v3_7/src -s include  "SHELL=CMD" "COMPILER=mb-gcc" "ASSEMBLER=mb-as" "ARCHIVER=mb-ar" "COM
TRACE::2025-03-30.00:09:50::SCWMssOS::PILER_FLAGS=  -O2 -c -mcpu=v11.0 -mlittle-endian -mxl-soft-mul" "EXTRA_COMPILER_FLAGS=-g -ffunction-sections -fdata-sections -W
TRACE::2025-03-30.00:09:50::SCWMssOS::all -Wextra -fno-tree-loop-distribute-patterns"

TRACE::2025-03-30.00:09:50::SCWMssOS::"Running Make libs in microblaze_0/libsrc/bram_v4_8/src"

TRACE::2025-03-30.00:09:50::SCWMssOS::make -C microblaze_0/libsrc/bram_v4_8/src -s libs  "SHELL=CMD" "COMPILER=mb-gcc" "ASSEMBLER=mb-as" "ARCHIVER=mb-ar" "COMPILER_F
TRACE::2025-03-30.00:09:50::SCWMssOS::LAGS=  -O2 -c -mcpu=v11.0 -mlittle-endian -mxl-soft-mul" "EXTRA_COMPILER_FLAGS=-g -ffunction-sections -fdata-sections -Wall -We
TRACE::2025-03-30.00:09:50::SCWMssOS::xtra -fno-tree-loop-distribute-patterns"

TRACE::2025-03-30.00:09:50::SCWMssOS::"Running Make libs in microblaze_0/libsrc/cpu_v2_16/src"

TRACE::2025-03-30.00:09:50::SCWMssOS::make -C microblaze_0/libsrc/cpu_v2_16/src -s libs  "SHELL=CMD" "COMPILER=mb-gcc" "ASSEMBLER=mb-as" "ARCHIVER=mb-ar" "COMPILER_F
TRACE::2025-03-30.00:09:50::SCWMssOS::LAGS=  -O2 -c -mcpu=v11.0 -mlittle-endian -mxl-soft-mul" "EXTRA_COMPILER_FLAGS=-g -ffunction-sections -fdata-sections -Wall -We
TRACE::2025-03-30.00:09:50::SCWMssOS::xtra -fno-tree-loop-distribute-patterns"

TRACE::2025-03-30.00:09:50::SCWMssOS::"Running Make libs in microblaze_0/libsrc/gpio_v4_9/src"

TRACE::2025-03-30.00:09:50::SCWMssOS::make -C microblaze_0/libsrc/gpio_v4_9/src -s libs  "SHELL=CMD" "COMPILER=mb-gcc" "ASSEMBLER=mb-as" "ARCHIVER=mb-ar" "COMPILER_F
TRACE::2025-03-30.00:09:50::SCWMssOS::LAGS=  -O2 -c -mcpu=v11.0 -mlittle-endian -mxl-soft-mul" "EXTRA_COMPILER_FLAGS=-g -ffunction-sections -fdata-sections -Wall -We
TRACE::2025-03-30.00:09:50::SCWMssOS::xtra -fno-tree-loop-distribute-patterns"

TRACE::2025-03-30.00:09:50::SCWMssOS::"Running Make libs in microblaze_0/libsrc/intc_v3_15/src"

TRACE::2025-03-30.00:09:50::SCWMssOS::make -C microblaze_0/libsrc/intc_v3_15/src -s libs  "SHELL=CMD" "COMPILER=mb-gcc" "ASSEMBLER=mb-as" "ARCHIVER=mb-ar" "COMPILER_
TRACE::2025-03-30.00:09:50::SCWMssOS::FLAGS=  -O2 -c -mcpu=v11.0 -mlittle-endian -mxl-soft-mul" "EXTRA_COMPILER_FLAGS=-g -ffunction-sections -fdata-sections -Wall -W
TRACE::2025-03-30.00:09:50::SCWMssOS::extra -fno-tree-loop-distribute-patterns"

TRACE::2025-03-30.00:09:50::SCWMssOS::"Running Make libs in microblaze_0/libsrc/standalone_v8_0/src"

TRACE::2025-03-30.00:09:50::SCWMssOS::make -C microblaze_0/libsrc/standalone_v8_0/src -s libs  "SHELL=CMD" "COMPILER=mb-gcc" "ASSEMBLER=mb-as" "ARCHIVER=mb-ar" "COMP
TRACE::2025-03-30.00:09:50::SCWMssOS::ILER_FLAGS=  -O2 -c -mcpu=v11.0 -mlittle-endian -mxl-soft-mul" "EXTRA_COMPILER_FLAGS=-g -ffunction-sections -fdata-sections -Wa
TRACE::2025-03-30.00:09:50::SCWMssOS::ll -Wextra -fno-tree-loop-distribute-patterns"

TRACE::2025-03-30.00:09:50::SCWMssOS::"Running Make libs in microblaze_0/libsrc/tmrctr_v4_9/src"

TRACE::2025-03-30.00:09:50::SCWMssOS::make -C microblaze_0/libsrc/tmrctr_v4_9/src -s libs  "SHELL=CMD" "COMPILER=mb-gcc" "ASSEMBLER=mb-as" "ARCHIVER=mb-ar" "COMPILER
TRACE::2025-03-30.00:09:50::SCWMssOS::_FLAGS=  -O2 -c -mcpu=v11.0 -mlittle-endian -mxl-soft-mul" "EXTRA_COMPILER_FLAGS=-g -ffunction-sections -fdata-sections -Wall -
TRACE::2025-03-30.00:09:50::SCWMssOS::Wextra -fno-tree-loop-distribute-patterns"

TRACE::2025-03-30.00:09:50::SCWMssOS::"Running Make libs in microblaze_0/libsrc/uartlite_v3_7/src"

TRACE::2025-03-30.00:09:50::SCWMssOS::make -C microblaze_0/libsrc/uartlite_v3_7/src -s libs  "SHELL=CMD" "COMPILER=mb-gcc" "ASSEMBLER=mb-as" "ARCHIVER=mb-ar" "COMPIL
TRACE::2025-03-30.00:09:50::SCWMssOS::ER_FLAGS=  -O2 -c -mcpu=v11.0 -mlittle-endian -mxl-soft-mul" "EXTRA_COMPILER_FLAGS=-g -ffunction-sections -fdata-sections -Wall
TRACE::2025-03-30.00:09:50::SCWMssOS:: -Wextra -fno-tree-loop-distribute-patterns"

TRACE::2025-03-30.00:09:50::SCWMssOS::"DEBUG NON_LTO_OBJECTS is ../../../lib/microblaze_interrupt_handler.o"

TRACE::2025-03-30.00:09:50::SCWMssOS::'Finished building libraries parallelly.'

TRACE::2025-03-30.00:09:50::SCWMssOS::make --no-print-directory archive

TRACE::2025-03-30.00:09:50::SCWMssOS::mb-ar -r  microblaze_0/lib/libxil.a microblaze_0/lib/_exit.o microblaze_0/lib/errno.o microblaze_0/lib/fcntl.o microblaze_0/lib
TRACE::2025-03-30.00:09:50::SCWMssOS::/hw_exception_handler.o microblaze_0/lib/inbyte.o microblaze_0/lib/microblaze_disable_dcache.o microblaze_0/lib/microblaze_disa
TRACE::2025-03-30.00:09:50::SCWMssOS::ble_exceptions.o microblaze_0/lib/microblaze_disable_icache.o microblaze_0/lib/microblaze_disable_interrupts.o microblaze_0/lib
TRACE::2025-03-30.00:09:50::SCWMssOS::/microblaze_enable_dcache.o microblaze_0/lib/microblaze_enable_exceptions.o microblaze_0/lib/microblaze_enable_icache.o microbl
TRACE::2025-03-30.00:09:50::SCWMssOS::aze_0/lib/microblaze_enable_interrupts.o microblaze_0/lib/microblaze_exception_handler.o microblaze_0/lib/microblaze_flush_cach
TRACE::2025-03-30.00:09:50::SCWMssOS::e_ext.o microblaze_0/lib/microblaze_flush_cache_ext_range.o microblaze_0/lib/microblaze_flush_dcache.o microblaze_0/lib/microbl
TRACE::2025-03-30.00:09:50::SCWMssOS::aze_flush_dcache_range.o microblaze_0/lib/microblaze_init_dcache_range.o microblaze_0/lib/microblaze_init_icache_range.o microb
TRACE::2025-03-30.00:09:50::SCWMssOS::laze_0/lib/microblaze_interrupt_handler.o microblaze_0/lib/microblaze_interrupts_g.o microblaze_0/lib/microblaze_invalidate_cac
TRACE::2025-03-30.00:09:50::SCWMssOS::he_ext.o microblaze_0/lib/microblaze_invalidate_cache_ext_range.o microblaze_0/lib/microblaze_invalidate_dcache.o microblaze_0/
TRACE::2025-03-30.00:09:50::SCWMssOS::lib/microblaze_invalidate_dcache_range.o microblaze_0/lib/microblaze_invalidate_icache.o microblaze_0/lib/microblaze_invalidate
TRACE::2025-03-30.00:09:50::SCWMssOS::_icache_range.o microblaze_0/lib/microblaze_scrub.o microblaze_0/lib/microblaze_selftest.o microblaze_0/lib/microblaze_sleep.o 
TRACE::2025-03-30.00:09:50::SCWMssOS::microblaze_0/lib/microblaze_update_dcache.o microblaze_0/lib/microblaze_update_icache.o microblaze_0/lib/outbyte.o microblaze_0
TRACE::2025-03-30.00:09:50::SCWMssOS::/lib/print.o microblaze_0/lib/pvr.o microblaze_0/lib/xbram.o microblaze_0/lib/xbram_g.o microblaze_0/lib/xbram_intr.o microblaz
TRACE::2025-03-30.00:09:50::SCWMssOS::e_0/lib/xbram_selftest.o microblaze_0/lib/xbram_sinit.o microblaze_0/lib/xgpio.o microblaze_0/lib/xgpio_extra.o microblaze_0/li
TRACE::2025-03-30.00:09:50::SCWMssOS::b/xgpio_g.o microblaze_0/lib/xgpio_intr.o microblaze_0/lib/xgpio_selftest.o microblaze_0/lib/xgpio_sinit.o microblaze_0/lib/xil
TRACE::2025-03-30.00:09:50::SCWMssOS::_assert.o microblaze_0/lib/xil_cache.o microblaze_0/lib/xil_clocking.o microblaze_0/lib/xil_exception.o microblaze_0/lib/xil_me
TRACE::2025-03-30.00:09:50::SCWMssOS::m.o microblaze_0/lib/xil_misc_psreset_api.o microblaze_0/lib/xil_printf.o microblaze_0/lib/xil_sleepcommon.o microblaze_0/lib/x
TRACE::2025-03-30.00:09:50::SCWMssOS::il_testcache.o microblaze_0/lib/xil_testio.o microblaze_0/lib/xil_testmem.o microblaze_0/lib/xil_util.o microblaze_0/lib/xintc.
TRACE::2025-03-30.00:09:50::SCWMssOS::o microblaze_0/lib/xintc_g.o microblaze_0/lib/xintc_intr.o microblaze_0/lib/xintc_l.o microblaze_0/lib/xintc_options.o microbla
TRACE::2025-03-30.00:09:50::SCWMssOS::ze_0/lib/xintc_selftest.o microblaze_0/lib/xinterrupt_wrap.o microblaze_0/lib/xio.o microblaze_0/lib/xplatform_info.o microblaz
TRACE::2025-03-30.00:09:50::SCWMssOS::e_0/lib/xtmrctr.o microblaze_0/lib/xtmrctr_g.o microblaze_0/lib/xtmrctr_intr.o microblaze_0/lib/xtmrctr_l.o microblaze_0/lib/xt
TRACE::2025-03-30.00:09:50::SCWMssOS::mrctr_options.o microblaze_0/lib/xtmrctr_selftest.o microblaze_0/lib/xtmrctr_sinit.o microblaze_0/lib/xtmrctr_stats.o microblaz
TRACE::2025-03-30.00:09:50::SCWMssOS::e_0/lib/xuartlite.o microblaze_0/lib/xuartlite_g.o microblaze_0/lib/xuartlite_intr.o microblaze_0/lib/xuartlite_l.o microblaze_
TRACE::2025-03-30.00:09:50::SCWMssOS::0/lib/xuartlite_selftest.o microblaze_0/lib/xuartlite_sinit.o microblaze_0/lib/xuartlite_stats.o

TRACE::2025-03-30.00:09:50::SCWMssOS::'Finished building libraries'

TRACE::2025-03-30.00:09:50::SCWMssOS:: Checking if to create the Supporting Applications
TRACE::2025-03-30.00:09:50::SCWMssOS:: No Linux domain exists, trying to generate FSBL 
LOG::2025-03-30.00:09:50::SCWSystem::Completed Processing the domain standalone_domain
LOG::2025-03-30.00:09:50::SCWSystem::Completed Processing the sysconfig syncBlaze
LOG::2025-03-30.00:09:50::SCWPlatform::Completed generating the artifacts for system configuration syncBlaze
TRACE::2025-03-30.00:09:50::SCWPlatform::Started preparing the platform 
TRACE::2025-03-30.00:09:50::SCWSystem::Writing the bif file for system config syncBlaze
TRACE::2025-03-30.00:09:50::SCWSystem::dir created 
TRACE::2025-03-30.00:09:50::SCWSystem::Writing the bif 
TRACE::2025-03-30.00:09:50::SCWPlatform::Started writing the spfm file 
TRACE::2025-03-30.00:09:50::SCWPlatform::Started writing the xpfm file 
TRACE::2025-03-30.00:09:50::SCWPlatform::Completed generating the platform
TRACE::2025-03-30.00:09:50::SCWMssOS::Saving the mss changes E:/kevin/myCode/microBlaze1/vitisHome/syncBlaze/microblaze_0/standalone_domain/bsp/system.mss
TRACE::2025-03-30.00:09:50::SCWMssOS::Adding the swdes entry, mss present, able to open swdb E:/kevin/myCode/microBlaze1/vitisHome/syncBlaze/microblaze_0/standalone_domain/bsp/system.mss with des name system
TRACE::2025-03-30.00:09:50::SCWMssOS::Writing the mss file completed E:/kevin/myCode/microBlaze1/vitisHome/syncBlaze/microblaze_0/standalone_domain/bsp/system.mss
TRACE::2025-03-30.00:09:50::SCWMssOS::Commit changes completed.
TRACE::2025-03-30.00:09:50::SCWPlatform::Trying to open the hw design at E:/kevin/myCode/microBlaze1/vitisHome/syncBlaze/hw/design_1_wrapper.xsa
TRACE::2025-03-30.00:09:50::SCWPlatform::DSA given E:/kevin/myCode/microBlaze1/vitisHome/syncBlaze/hw/design_1_wrapper.xsa
TRACE::2025-03-30.00:09:50::SCWPlatform::DSA absoulate path E:/kevin/myCode/microBlaze1/vitisHome/syncBlaze/hw/design_1_wrapper.xsa
TRACE::2025-03-30.00:09:50::SCWPlatform::DSA directory E:/kevin/myCode/microBlaze1/vitisHome/syncBlaze/hw
TRACE::2025-03-30.00:09:50::SCWPlatform:: Platform Path E:/kevin/myCode/microBlaze1/vitisHome/syncBlaze/hw/design_1_wrapper.xsa
TRACE::2025-03-30.00:09:50::SCWPlatform:: Unique name xilinx:::0.0
TRACE::2025-03-30.00:09:50::SCWPlatform::Trying to set the existing hwdb with name design_1_wrapper_29
TRACE::2025-03-30.00:09:50::SCWPlatform::Opened existing hwdb design_1_wrapper_29
TRACE::2025-03-30.00:09:50::SCWPlatform::Found the Hw Db part of the input DSA
TRACE::2025-03-30.00:09:50::SCWMssOS::Checking the sw design at  E:/kevin/myCode/microBlaze1/vitisHome/syncBlaze/microblaze_0/standalone_domain/bsp/system.mss
TRACE::2025-03-30.00:09:50::SCWMssOS::DEBUG:  swdes dump  E:/kevin/myCode/microBlaze1/vitisHome/syncBlaze/microblaze_0/standalone_domain/bsp/system.mss|system||

TRACE::2025-03-30.00:09:50::SCWMssOS::Sw design exists and opened at  E:/kevin/myCode/microBlaze1/vitisHome/syncBlaze/microblaze_0/standalone_domain/bsp/system.mss
TRACE::2025-03-30.00:09:50::SCWWriter::formatted JSON is {
	"platformName":	"syncBlaze",
	"sprVersion":	"2.0",
	"mode":	"gui",
	"dsaType":	"Fixed",
	"platformDesc":	"syncBlaze",
	"platHandOff":	"E:/kevin/myCode/microBlaze1/design_1_wrapper.xsa",
	"platIntHandOff":	"<platformDir>/hw/design_1_wrapper.xsa",
	"deviceType":	"FPGA",
	"platIsPrebuiltAutogen":	"false",
	"platIsNoBootBsp":	"false",
	"hasFsblMakeHasChanges":	"false",
	"hasPmufwMakeHasChanges":	"false",
	"platPreBuiltFlag":	false,
	"platformSamplesDir":	"",
	"platActiveSys":	"syncBlaze",
	"systems":	[{
			"systemName":	"syncBlaze",
			"systemDesc":	"syncBlaze",
			"sysIsBootAutoGen":	"true",
			"systemDispName":	"syncBlaze",
			"sysActiveDom":	"standalone_domain",
			"sysDefaultDom":	"standalone_domain",
			"domains":	[{
					"domainName":	"standalone_domain",
					"domainDispName":	"standalone on microblaze_0",
					"domainDesc":	"standalone_domain",
					"processors":	"microblaze_0",
					"os":	"standalone",
					"sdxOs":	"standalone",
					"debugEnable":	"False",
					"domRuntimes":	["cpp"],
					"swRepo":	"",
					"mssOsVer":	"8.0",
					"mssFile":	"",
					"md5Digest":	"e2cdda41e7956801f4f51a65042beca0",
					"compatibleApp":	"",
					"domType":	"mssDomain",
					"arch":	"32-bit",
					"appSettings":	{
						"appCompilerFlags":	"",
						"appLinkerFlags":	""
					},
					"addedLibs":	[],
					"libOptions":	{
						"libsContainingOptions":	[]
					},
					"prebuiltLibs":	{
						"prebuiltIncPath":	[],
						"prebuiltLibPath":	[]
					},
					"isolation":	{
					}
				}]
		}]
}
KEYINFO::2025-03-30.00:09:50::SCWPlatform::updated the xpfm file.
TRACE::2025-03-30.00:09:51::SCWPlatform::Trying to open the hw design at E:/kevin/myCode/microBlaze1/vitisHome/syncBlaze/hw/design_1_wrapper.xsa
TRACE::2025-03-30.00:09:51::SCWPlatform::DSA given E:/kevin/myCode/microBlaze1/vitisHome/syncBlaze/hw/design_1_wrapper.xsa
TRACE::2025-03-30.00:09:51::SCWPlatform::DSA absoulate path E:/kevin/myCode/microBlaze1/vitisHome/syncBlaze/hw/design_1_wrapper.xsa
TRACE::2025-03-30.00:09:51::SCWPlatform::DSA directory E:/kevin/myCode/microBlaze1/vitisHome/syncBlaze/hw
TRACE::2025-03-30.00:09:51::SCWPlatform:: Platform Path E:/kevin/myCode/microBlaze1/vitisHome/syncBlaze/hw/design_1_wrapper.xsa
TRACE::2025-03-30.00:09:51::SCWPlatform:: Unique name xilinx:::0.0
TRACE::2025-03-30.00:09:51::SCWPlatform::Trying to set the existing hwdb with name design_1_wrapper_29
TRACE::2025-03-30.00:09:51::SCWPlatform::Opened existing hwdb design_1_wrapper_29
TRACE::2025-03-30.00:09:51::SCWPlatform::Found the Hw Db part of the input DSA
TRACE::2025-03-30.00:09:51::SCWMssOS::Checking the sw design at  E:/kevin/myCode/microBlaze1/vitisHome/syncBlaze/microblaze_0/standalone_domain/bsp/system.mss
TRACE::2025-03-30.00:09:51::SCWMssOS::DEBUG:  swdes dump  E:/kevin/myCode/microBlaze1/vitisHome/syncBlaze/microblaze_0/standalone_domain/bsp/system.mss|system||

TRACE::2025-03-30.00:09:51::SCWMssOS::Sw design exists and opened at  E:/kevin/myCode/microBlaze1/vitisHome/syncBlaze/microblaze_0/standalone_domain/bsp/system.mss
TRACE::2025-03-30.00:39:03::SCWPlatform::Clearing the existing platform
TRACE::2025-03-30.00:39:03::SCWSystem::Clearing the existing sysconfig
TRACE::2025-03-30.00:39:03::SCWMssOS::Removing the swdes entry for  E:/kevin/myCode/microBlaze1/vitisHome/syncBlaze/microblaze_0/standalone_domain/bsp/system.mss
TRACE::2025-03-30.00:39:03::SCWSystem::Clearing the domains completed.
TRACE::2025-03-30.00:39:03::SCWPlatform::Clearing the opened hw db.
TRACE::2025-03-30.00:39:03::SCWPlatform::DSA given E:/kevin/myCode/microBlaze1/vitisHome/syncBlaze/hw/design_1_wrapper.xsa
TRACE::2025-03-30.00:39:03::SCWPlatform::DSA absoulate path E:/kevin/myCode/microBlaze1/vitisHome/syncBlaze/hw/design_1_wrapper.xsa
TRACE::2025-03-30.00:39:03::SCWPlatform:: Platform location is E:/kevin/myCode/microBlaze1/vitisHome/syncBlaze/hw
TRACE::2025-03-30.00:39:03::SCWPlatform:: Platform Path E:/kevin/myCode/microBlaze1/vitisHome/syncBlaze/hw/design_1_wrapper.xsa
TRACE::2025-03-30.00:39:03::SCWPlatform:: Unique name xilinx:::0.0
TRACE::2025-03-30.00:39:03::SCWPlatform::Removing the HwDB with name E:/kevin/myCode/microBlaze1/vitisHome/syncBlaze/hw/design_1_wrapper.xsa
TRACE::2025-03-30.00:39:03::SCWPlatform::Trying to open the hw design at E:/kevin/myCode/microBlaze1/vitisHome/syncBlaze/hw/design_1_wrapper.xsa
TRACE::2025-03-30.00:39:03::SCWPlatform::DSA given E:/kevin/myCode/microBlaze1/vitisHome/syncBlaze/hw/design_1_wrapper.xsa
TRACE::2025-03-30.00:39:03::SCWPlatform::DSA absoulate path E:/kevin/myCode/microBlaze1/vitisHome/syncBlaze/hw/design_1_wrapper.xsa
TRACE::2025-03-30.00:39:03::SCWPlatform::DSA directory E:/kevin/myCode/microBlaze1/vitisHome/syncBlaze/hw
TRACE::2025-03-30.00:39:03::SCWPlatform:: Platform Path E:/kevin/myCode/microBlaze1/vitisHome/syncBlaze/hw/design_1_wrapper.xsa
TRACE::2025-03-30.00:39:03::SCWPlatform:: Unique name xilinx:::0.0
TRACE::2025-03-30.00:39:03::SCWPlatform::Do not have an existing db opened. 
TRACE::2025-03-30.00:39:03::SCWPlatform::Opened new HwDB with name design_1_wrapper_31
TRACE::2025-03-30.00:39:03::SCWReader::Active system found as  syncBlaze
TRACE::2025-03-30.00:39:03::SCWReader::Handling sysconfig syncBlaze
TRACE::2025-03-30.00:39:03::SCWDomain::checking for install qemu data   : 
TRACE::2025-03-30.00:39:03::SCWPlatform::Trying to open the hw design at E:/kevin/myCode/microBlaze1/vitisHome/syncBlaze/hw/design_1_wrapper.xsa
TRACE::2025-03-30.00:39:03::SCWPlatform::DSA given E:/kevin/myCode/microBlaze1/vitisHome/syncBlaze/hw/design_1_wrapper.xsa
TRACE::2025-03-30.00:39:03::SCWPlatform::DSA absoulate path E:/kevin/myCode/microBlaze1/vitisHome/syncBlaze/hw/design_1_wrapper.xsa
TRACE::2025-03-30.00:39:03::SCWPlatform::DSA directory E:/kevin/myCode/microBlaze1/vitisHome/syncBlaze/hw
TRACE::2025-03-30.00:39:03::SCWPlatform:: Platform Path E:/kevin/myCode/microBlaze1/vitisHome/syncBlaze/hw/design_1_wrapper.xsa
TRACE::2025-03-30.00:39:03::SCWPlatform:: Unique name xilinx:::0.0
TRACE::2025-03-30.00:39:03::SCWPlatform::Trying to set the existing hwdb with name design_1_wrapper_31
TRACE::2025-03-30.00:39:03::SCWPlatform::Opened existing hwdb design_1_wrapper_31
TRACE::2025-03-30.00:39:03::SCWPlatform::Found the Hw Db part of the input DSA
TRACE::2025-03-30.00:39:03::SCWPlatform::Trying to open the hw design at E:/kevin/myCode/microBlaze1/vitisHome/syncBlaze/hw/design_1_wrapper.xsa
TRACE::2025-03-30.00:39:03::SCWPlatform::DSA given E:/kevin/myCode/microBlaze1/vitisHome/syncBlaze/hw/design_1_wrapper.xsa
TRACE::2025-03-30.00:39:03::SCWPlatform::DSA absoulate path E:/kevin/myCode/microBlaze1/vitisHome/syncBlaze/hw/design_1_wrapper.xsa
TRACE::2025-03-30.00:39:03::SCWPlatform::DSA directory E:/kevin/myCode/microBlaze1/vitisHome/syncBlaze/hw
TRACE::2025-03-30.00:39:03::SCWPlatform:: Platform Path E:/kevin/myCode/microBlaze1/vitisHome/syncBlaze/hw/design_1_wrapper.xsa
TRACE::2025-03-30.00:39:03::SCWPlatform:: Unique name xilinx:::0.0
TRACE::2025-03-30.00:39:03::SCWPlatform::Trying to set the existing hwdb with name design_1_wrapper_31
TRACE::2025-03-30.00:39:03::SCWPlatform::Opened existing hwdb design_1_wrapper_31
TRACE::2025-03-30.00:39:03::SCWPlatform::Found the Hw Db part of the input DSA
TRACE::2025-03-30.00:39:03::SCWPlatform::Trying to open the hw design at E:/kevin/myCode/microBlaze1/vitisHome/syncBlaze/hw/design_1_wrapper.xsa
TRACE::2025-03-30.00:39:03::SCWPlatform::DSA given E:/kevin/myCode/microBlaze1/vitisHome/syncBlaze/hw/design_1_wrapper.xsa
TRACE::2025-03-30.00:39:03::SCWPlatform::DSA absoulate path E:/kevin/myCode/microBlaze1/vitisHome/syncBlaze/hw/design_1_wrapper.xsa
TRACE::2025-03-30.00:39:03::SCWPlatform::DSA directory E:/kevin/myCode/microBlaze1/vitisHome/syncBlaze/hw
TRACE::2025-03-30.00:39:03::SCWPlatform:: Platform Path E:/kevin/myCode/microBlaze1/vitisHome/syncBlaze/hw/design_1_wrapper.xsa
TRACE::2025-03-30.00:39:03::SCWPlatform:: Unique name xilinx:::0.0
TRACE::2025-03-30.00:39:03::SCWPlatform::Trying to set the existing hwdb with name design_1_wrapper_31
TRACE::2025-03-30.00:39:03::SCWPlatform::Opened existing hwdb design_1_wrapper_31
TRACE::2025-03-30.00:39:03::SCWPlatform::Found the Hw Db part of the input DSA
TRACE::2025-03-30.00:39:03::SCWPlatform::Trying to open the hw design at E:/kevin/myCode/microBlaze1/vitisHome/syncBlaze/hw/design_1_wrapper.xsa
TRACE::2025-03-30.00:39:03::SCWPlatform::DSA given E:/kevin/myCode/microBlaze1/vitisHome/syncBlaze/hw/design_1_wrapper.xsa
TRACE::2025-03-30.00:39:03::SCWPlatform::DSA absoulate path E:/kevin/myCode/microBlaze1/vitisHome/syncBlaze/hw/design_1_wrapper.xsa
TRACE::2025-03-30.00:39:03::SCWPlatform::DSA directory E:/kevin/myCode/microBlaze1/vitisHome/syncBlaze/hw
TRACE::2025-03-30.00:39:03::SCWPlatform:: Platform Path E:/kevin/myCode/microBlaze1/vitisHome/syncBlaze/hw/design_1_wrapper.xsa
TRACE::2025-03-30.00:39:03::SCWPlatform:: Unique name xilinx:::0.0
TRACE::2025-03-30.00:39:03::SCWPlatform::Trying to set the existing hwdb with name design_1_wrapper_31
TRACE::2025-03-30.00:39:03::SCWPlatform::Opened existing hwdb design_1_wrapper_31
TRACE::2025-03-30.00:39:03::SCWPlatform::Found the Hw Db part of the input DSA
TRACE::2025-03-30.00:39:03::SCWMssOS::Checking the sw design at  E:/kevin/myCode/microBlaze1/vitisHome/syncBlaze/microblaze_0/standalone_domain/bsp/system.mss
TRACE::2025-03-30.00:39:03::SCWMssOS::DEBUG:  swdes dump  
TRACE::2025-03-30.00:39:03::SCWMssOS::No sw design opened at  E:/kevin/myCode/microBlaze1/vitisHome/syncBlaze/microblaze_0/standalone_domain/bsp/system.mss
TRACE::2025-03-30.00:39:03::SCWMssOS::mss exists loading the mss file  E:/kevin/myCode/microBlaze1/vitisHome/syncBlaze/microblaze_0/standalone_domain/bsp/system.mss
TRACE::2025-03-30.00:39:03::SCWMssOS::Opened the sw design from mss  E:/kevin/myCode/microBlaze1/vitisHome/syncBlaze/microblaze_0/standalone_domain/bsp/system.mss
TRACE::2025-03-30.00:39:03::SCWMssOS::Adding the swdes entry E:/kevin/myCode/microBlaze1/vitisHome/syncBlaze/microblaze_0/standalone_domain/bsp/system.mss with des name system
TRACE::2025-03-30.00:39:03::SCWMssOS::updating the scw layer about changes
TRACE::2025-03-30.00:39:03::SCWMssOS::Opened the sw design.  E:/kevin/myCode/microBlaze1/vitisHome/syncBlaze/microblaze_0/standalone_domain/bsp/system.mss
TRACE::2025-03-30.00:39:03::SCWMssOS::Saving the mss changes E:/kevin/myCode/microBlaze1/vitisHome/syncBlaze/microblaze_0/standalone_domain/bsp/system.mss
TRACE::2025-03-30.00:39:03::SCWMssOS::Found a swdesign opened with the mssfile.
TRACE::2025-03-30.00:39:03::SCWMssOS::Completed writemss as part of save.
TRACE::2025-03-30.00:39:03::SCWMssOS::Commit changes completed.
TRACE::2025-03-30.00:39:03::SCWReader::Adding prebuilt librarypaths as   
TRACE::2025-03-30.00:39:03::SCWReader::Adding prebuilt incpaths  as   
TRACE::2025-03-30.00:39:03::SCWPlatform::Trying to open the hw design at E:/kevin/myCode/microBlaze1/vitisHome/syncBlaze/hw/design_1_wrapper.xsa
TRACE::2025-03-30.00:39:03::SCWPlatform::DSA given E:/kevin/myCode/microBlaze1/vitisHome/syncBlaze/hw/design_1_wrapper.xsa
TRACE::2025-03-30.00:39:03::SCWPlatform::DSA absoulate path E:/kevin/myCode/microBlaze1/vitisHome/syncBlaze/hw/design_1_wrapper.xsa
TRACE::2025-03-30.00:39:03::SCWPlatform::DSA directory E:/kevin/myCode/microBlaze1/vitisHome/syncBlaze/hw
TRACE::2025-03-30.00:39:03::SCWPlatform:: Platform Path E:/kevin/myCode/microBlaze1/vitisHome/syncBlaze/hw/design_1_wrapper.xsa
TRACE::2025-03-30.00:39:03::SCWPlatform:: Unique name xilinx:::0.0
TRACE::2025-03-30.00:39:03::SCWPlatform::Trying to set the existing hwdb with name design_1_wrapper_31
TRACE::2025-03-30.00:39:03::SCWPlatform::Opened existing hwdb design_1_wrapper_31
TRACE::2025-03-30.00:39:03::SCWPlatform::Found the Hw Db part of the input DSA
TRACE::2025-03-30.00:39:03::SCWMssOS::Checking the sw design at  E:/kevin/myCode/microBlaze1/vitisHome/syncBlaze/microblaze_0/standalone_domain/bsp/system.mss
TRACE::2025-03-30.00:39:03::SCWMssOS::DEBUG:  swdes dump  E:/kevin/myCode/microBlaze1/vitisHome/syncBlaze/microblaze_0/standalone_domain/bsp/system.mss|system||

TRACE::2025-03-30.00:39:03::SCWMssOS::Sw design exists and opened at  E:/kevin/myCode/microBlaze1/vitisHome/syncBlaze/microblaze_0/standalone_domain/bsp/system.mss
TRACE::2025-03-30.00:39:03::SCWReader::No isolation master present  
LOG::2025-03-30.00:39:22::SCWPlatform::Started generating the artifacts platform syncBlaze
TRACE::2025-03-30.00:39:22::SCWPlatform::Sanity checking of platform is completed
LOG::2025-03-30.00:39:22::SCWPlatform::Started generating the artifacts for system configuration syncBlaze
LOG::2025-03-30.00:39:22::SCWSystem::Checking the domain standalone_domain
LOG::2025-03-30.00:39:22::SCWSystem::Not a boot domain 
LOG::2025-03-30.00:39:22::SCWSystem::Started Processing the domain standalone_domain
TRACE::2025-03-30.00:39:22::SCWDomain::Generating domain artifcats
TRACE::2025-03-30.00:39:22::SCWMssOS::Generating standalone artifcats
TRACE::2025-03-30.00:39:22::SCWMssOS:: Copying the user libraries. 
TRACE::2025-03-30.00:39:22::SCWPlatform::Trying to open the hw design at E:/kevin/myCode/microBlaze1/vitisHome/syncBlaze/hw/design_1_wrapper.xsa
TRACE::2025-03-30.00:39:22::SCWPlatform::DSA given E:/kevin/myCode/microBlaze1/vitisHome/syncBlaze/hw/design_1_wrapper.xsa
TRACE::2025-03-30.00:39:22::SCWPlatform::DSA absoulate path E:/kevin/myCode/microBlaze1/vitisHome/syncBlaze/hw/design_1_wrapper.xsa
TRACE::2025-03-30.00:39:22::SCWPlatform::DSA directory E:/kevin/myCode/microBlaze1/vitisHome/syncBlaze/hw
TRACE::2025-03-30.00:39:22::SCWPlatform:: Platform Path E:/kevin/myCode/microBlaze1/vitisHome/syncBlaze/hw/design_1_wrapper.xsa
TRACE::2025-03-30.00:39:22::SCWPlatform:: Unique name xilinx:::0.0
TRACE::2025-03-30.00:39:22::SCWPlatform::Trying to set the existing hwdb with name design_1_wrapper_31
TRACE::2025-03-30.00:39:22::SCWPlatform::Opened existing hwdb design_1_wrapper_31
TRACE::2025-03-30.00:39:22::SCWPlatform::Found the Hw Db part of the input DSA
TRACE::2025-03-30.00:39:22::SCWMssOS::Checking the sw design at  E:/kevin/myCode/microBlaze1/vitisHome/syncBlaze/microblaze_0/standalone_domain/bsp/system.mss
TRACE::2025-03-30.00:39:22::SCWMssOS::DEBUG:  swdes dump  E:/kevin/myCode/microBlaze1/vitisHome/syncBlaze/microblaze_0/standalone_domain/bsp/system.mss|system||

TRACE::2025-03-30.00:39:22::SCWMssOS::Sw design exists and opened at  E:/kevin/myCode/microBlaze1/vitisHome/syncBlaze/microblaze_0/standalone_domain/bsp/system.mss
TRACE::2025-03-30.00:39:22::SCWMssOS::Completed writing the mss file at E:/kevin/myCode/microBlaze1/vitisHome/syncBlaze/microblaze_0/standalone_domain/bsp
TRACE::2025-03-30.00:39:22::SCWMssOS::Mss edits present, copying mssfile into export location E:/kevin/myCode/microBlaze1/vitisHome/syncBlaze/microblaze_0/standalone_domain/bsp/system.mss
TRACE::2025-03-30.00:39:22::SCWMssOS::bsp generated is upto date with the mss file. Skipping bsp generation.
TRACE::2025-03-30.00:39:22::SCWMssOS::BSP is already built. skipping the bsp build ... 
TRACE::2025-03-30.00:39:22::SCWDomain::Skipping the build for domain :  standalone_domain
TRACE::2025-03-30.00:39:22::SCWMssOS::skipping the bsp build ... 
TRACE::2025-03-30.00:39:22::SCWMssOS::Copying to export directory.
TRACE::2025-03-30.00:39:22::SCWMssOS:: Checking if to create the Supporting Applications
TRACE::2025-03-30.00:39:22::SCWMssOS:: No Linux domain exists, trying to generate FSBL 
LOG::2025-03-30.00:39:22::SCWSystem::Completed Processing the domain standalone_domain
LOG::2025-03-30.00:39:22::SCWSystem::Completed Processing the sysconfig syncBlaze
LOG::2025-03-30.00:39:22::SCWPlatform::Completed generating the artifacts for system configuration syncBlaze
TRACE::2025-03-30.00:39:22::SCWPlatform::Started preparing the platform 
TRACE::2025-03-30.00:39:22::SCWSystem::Writing the bif file for system config syncBlaze
TRACE::2025-03-30.00:39:22::SCWSystem::dir created 
TRACE::2025-03-30.00:39:22::SCWSystem::Writing the bif 
TRACE::2025-03-30.00:39:22::SCWPlatform::Started writing the spfm file 
TRACE::2025-03-30.00:39:22::SCWPlatform::Started writing the xpfm file 
TRACE::2025-03-30.00:39:22::SCWPlatform::Completed generating the platform
TRACE::2025-03-30.00:39:22::SCWMssOS::Saving the mss changes E:/kevin/myCode/microBlaze1/vitisHome/syncBlaze/microblaze_0/standalone_domain/bsp/system.mss
TRACE::2025-03-30.00:39:22::SCWMssOS::Found a swdesign opened with the mssfile.
TRACE::2025-03-30.00:39:22::SCWMssOS::Completed writemss as part of save.
TRACE::2025-03-30.00:39:22::SCWMssOS::Commit changes completed.
TRACE::2025-03-30.00:39:22::SCWPlatform::Trying to open the hw design at E:/kevin/myCode/microBlaze1/vitisHome/syncBlaze/hw/design_1_wrapper.xsa
TRACE::2025-03-30.00:39:22::SCWPlatform::DSA given E:/kevin/myCode/microBlaze1/vitisHome/syncBlaze/hw/design_1_wrapper.xsa
TRACE::2025-03-30.00:39:22::SCWPlatform::DSA absoulate path E:/kevin/myCode/microBlaze1/vitisHome/syncBlaze/hw/design_1_wrapper.xsa
TRACE::2025-03-30.00:39:22::SCWPlatform::DSA directory E:/kevin/myCode/microBlaze1/vitisHome/syncBlaze/hw
TRACE::2025-03-30.00:39:22::SCWPlatform:: Platform Path E:/kevin/myCode/microBlaze1/vitisHome/syncBlaze/hw/design_1_wrapper.xsa
TRACE::2025-03-30.00:39:22::SCWPlatform:: Unique name xilinx:::0.0
TRACE::2025-03-30.00:39:22::SCWPlatform::Trying to set the existing hwdb with name design_1_wrapper_31
TRACE::2025-03-30.00:39:22::SCWPlatform::Opened existing hwdb design_1_wrapper_31
TRACE::2025-03-30.00:39:22::SCWPlatform::Found the Hw Db part of the input DSA
TRACE::2025-03-30.00:39:22::SCWMssOS::Checking the sw design at  E:/kevin/myCode/microBlaze1/vitisHome/syncBlaze/microblaze_0/standalone_domain/bsp/system.mss
TRACE::2025-03-30.00:39:22::SCWMssOS::DEBUG:  swdes dump  E:/kevin/myCode/microBlaze1/vitisHome/syncBlaze/microblaze_0/standalone_domain/bsp/system.mss|system||

TRACE::2025-03-30.00:39:22::SCWMssOS::Sw design exists and opened at  E:/kevin/myCode/microBlaze1/vitisHome/syncBlaze/microblaze_0/standalone_domain/bsp/system.mss
TRACE::2025-03-30.00:39:22::SCWWriter::formatted JSON is {
	"platformName":	"syncBlaze",
	"sprVersion":	"2.0",
	"mode":	"gui",
	"dsaType":	"Fixed",
	"platformDesc":	"syncBlaze",
	"platHandOff":	"E:/kevin/myCode/microBlaze1/design_1_wrapper.xsa",
	"platIntHandOff":	"<platformDir>/hw/design_1_wrapper.xsa",
	"deviceType":	"FPGA",
	"platIsPrebuiltAutogen":	"false",
	"platIsNoBootBsp":	"false",
	"hasFsblMakeHasChanges":	"false",
	"hasPmufwMakeHasChanges":	"false",
	"platPreBuiltFlag":	false,
	"platformSamplesDir":	"",
	"platActiveSys":	"syncBlaze",
	"systems":	[{
			"systemName":	"syncBlaze",
			"systemDesc":	"syncBlaze",
			"sysIsBootAutoGen":	"true",
			"systemDispName":	"syncBlaze",
			"sysActiveDom":	"standalone_domain",
			"sysDefaultDom":	"standalone_domain",
			"domains":	[{
					"domainName":	"standalone_domain",
					"domainDispName":	"standalone on microblaze_0",
					"domainDesc":	"standalone_domain",
					"processors":	"microblaze_0",
					"os":	"standalone",
					"sdxOs":	"standalone",
					"debugEnable":	"False",
					"domRuntimes":	["cpp"],
					"swRepo":	"",
					"mssOsVer":	"8.0",
					"mssFile":	"",
					"md5Digest":	"e2cdda41e7956801f4f51a65042beca0",
					"compatibleApp":	"",
					"domType":	"mssDomain",
					"arch":	"32-bit",
					"appSettings":	{
						"appCompilerFlags":	"",
						"appLinkerFlags":	""
					},
					"addedLibs":	[],
					"libOptions":	{
						"libsContainingOptions":	[]
					},
					"prebuiltLibs":	{
						"prebuiltIncPath":	[],
						"prebuiltLibPath":	[]
					},
					"isolation":	{
					}
				}]
		}]
}
KEYINFO::2025-03-30.00:39:22::SCWPlatform::updated the xpfm file.
TRACE::2025-03-30.00:39:22::SCWPlatform::Trying to open the hw design at E:/kevin/myCode/microBlaze1/vitisHome/syncBlaze/hw/design_1_wrapper.xsa
TRACE::2025-03-30.00:39:22::SCWPlatform::DSA given E:/kevin/myCode/microBlaze1/vitisHome/syncBlaze/hw/design_1_wrapper.xsa
TRACE::2025-03-30.00:39:22::SCWPlatform::DSA absoulate path E:/kevin/myCode/microBlaze1/vitisHome/syncBlaze/hw/design_1_wrapper.xsa
TRACE::2025-03-30.00:39:22::SCWPlatform::DSA directory E:/kevin/myCode/microBlaze1/vitisHome/syncBlaze/hw
TRACE::2025-03-30.00:39:22::SCWPlatform:: Platform Path E:/kevin/myCode/microBlaze1/vitisHome/syncBlaze/hw/design_1_wrapper.xsa
TRACE::2025-03-30.00:39:22::SCWPlatform:: Unique name xilinx:::0.0
TRACE::2025-03-30.00:39:22::SCWPlatform::Trying to set the existing hwdb with name design_1_wrapper_31
TRACE::2025-03-30.00:39:22::SCWPlatform::Opened existing hwdb design_1_wrapper_31
TRACE::2025-03-30.00:39:22::SCWPlatform::Found the Hw Db part of the input DSA
TRACE::2025-03-30.00:39:22::SCWMssOS::Checking the sw design at  E:/kevin/myCode/microBlaze1/vitisHome/syncBlaze/microblaze_0/standalone_domain/bsp/system.mss
TRACE::2025-03-30.00:39:22::SCWMssOS::DEBUG:  swdes dump  E:/kevin/myCode/microBlaze1/vitisHome/syncBlaze/microblaze_0/standalone_domain/bsp/system.mss|system||

TRACE::2025-03-30.00:39:22::SCWMssOS::Sw design exists and opened at  E:/kevin/myCode/microBlaze1/vitisHome/syncBlaze/microblaze_0/standalone_domain/bsp/system.mss
TRACE::2025-03-30.01:12:00::SCWPlatform::DSA given E:/kevin/myCode/microBlaze1/vitisHome/syncBlaze/tempdsa/design_1_wrapper.xsa
TRACE::2025-03-30.01:12:00::SCWPlatform::DSA absoulate path E:/kevin/myCode/microBlaze1/vitisHome/syncBlaze/tempdsa/design_1_wrapper.xsa
TRACE::2025-03-30.01:12:00::SCWPlatform:: Platform location is E:/kevin/myCode/microBlaze1/vitisHome/syncBlaze/tempdsa
TRACE::2025-03-30.01:12:00::SCWPlatform:: Platform Path E:/kevin/myCode/microBlaze1/vitisHome/syncBlaze/tempdsa/design_1_wrapper.xsa
TRACE::2025-03-30.01:12:00::SCWPlatform:: Unique name xilinx:::0.0
TRACE::2025-03-30.01:12:00::SCWPlatform::Found the Hw Db part of the input DSA
TRACE::2025-03-30.01:12:00::SCWMssOS::Doing hw sync for the mss in domain: standalone_domain
TRACE::2025-03-30.01:12:00::SCWPlatform::Trying to open the hw design at E:/kevin/myCode/microBlaze1/vitisHome/syncBlaze/hw/design_1_wrapper.xsa
TRACE::2025-03-30.01:12:00::SCWPlatform::DSA given E:/kevin/myCode/microBlaze1/vitisHome/syncBlaze/hw/design_1_wrapper.xsa
TRACE::2025-03-30.01:12:00::SCWPlatform::DSA absoulate path E:/kevin/myCode/microBlaze1/vitisHome/syncBlaze/hw/design_1_wrapper.xsa
TRACE::2025-03-30.01:12:00::SCWPlatform::DSA directory E:/kevin/myCode/microBlaze1/vitisHome/syncBlaze/hw
TRACE::2025-03-30.01:12:00::SCWPlatform:: Platform Path E:/kevin/myCode/microBlaze1/vitisHome/syncBlaze/hw/design_1_wrapper.xsa
TRACE::2025-03-30.01:12:00::SCWPlatform:: Unique name xilinx:::0.0
TRACE::2025-03-30.01:12:00::SCWPlatform::Trying to set the existing hwdb with name design_1_wrapper_31
TRACE::2025-03-30.01:12:00::SCWPlatform::Opened existing hwdb design_1_wrapper_31
TRACE::2025-03-30.01:12:00::SCWPlatform::Found the Hw Db part of the input DSA
TRACE::2025-03-30.01:12:00::SCWPlatform::Trying to open the hw design at E:/kevin/myCode/microBlaze1/vitisHome/syncBlaze/hw/design_1_wrapper.xsa
TRACE::2025-03-30.01:12:00::SCWPlatform::DSA given E:/kevin/myCode/microBlaze1/vitisHome/syncBlaze/hw/design_1_wrapper.xsa
TRACE::2025-03-30.01:12:00::SCWPlatform::DSA absoulate path E:/kevin/myCode/microBlaze1/vitisHome/syncBlaze/hw/design_1_wrapper.xsa
TRACE::2025-03-30.01:12:00::SCWPlatform::DSA directory E:/kevin/myCode/microBlaze1/vitisHome/syncBlaze/hw
TRACE::2025-03-30.01:12:00::SCWPlatform:: Platform Path E:/kevin/myCode/microBlaze1/vitisHome/syncBlaze/hw/design_1_wrapper.xsa
TRACE::2025-03-30.01:12:00::SCWPlatform:: Unique name xilinx:::0.0
TRACE::2025-03-30.01:12:00::SCWPlatform::Trying to set the existing hwdb with name design_1_wrapper_31
TRACE::2025-03-30.01:12:00::SCWPlatform::Opened existing hwdb design_1_wrapper_31
TRACE::2025-03-30.01:12:00::SCWPlatform::Found the Hw Db part of the input DSA
TRACE::2025-03-30.01:12:00::SCWMssOS::Checking the sw design at  E:/kevin/myCode/microBlaze1/vitisHome/syncBlaze/microblaze_0/standalone_domain/bsp/system.mss
TRACE::2025-03-30.01:12:00::SCWMssOS::DEBUG:  swdes dump  E:/kevin/myCode/microBlaze1/vitisHome/syncBlaze/microblaze_0/standalone_domain/bsp/system.mss|system||

TRACE::2025-03-30.01:12:00::SCWMssOS::Sw design exists and opened at  E:/kevin/myCode/microBlaze1/vitisHome/syncBlaze/microblaze_0/standalone_domain/bsp/system.mss
TRACE::2025-03-30.01:12:00::SCWPlatform::Trying to open the hw design at E:/kevin/myCode/microBlaze1/vitisHome/syncBlaze/tempdsa/design_1_wrapper.xsa
TRACE::2025-03-30.01:12:00::SCWPlatform::DSA given E:/kevin/myCode/microBlaze1/vitisHome/syncBlaze/tempdsa/design_1_wrapper.xsa
TRACE::2025-03-30.01:12:00::SCWPlatform::DSA absoulate path E:/kevin/myCode/microBlaze1/vitisHome/syncBlaze/tempdsa/design_1_wrapper.xsa
TRACE::2025-03-30.01:12:00::SCWPlatform::DSA directory E:/kevin/myCode/microBlaze1/vitisHome/syncBlaze/tempdsa
TRACE::2025-03-30.01:12:00::SCWPlatform:: Platform Path E:/kevin/myCode/microBlaze1/vitisHome/syncBlaze/tempdsa/design_1_wrapper.xsa
TRACE::2025-03-30.01:12:00::SCWPlatform:: Unique name xilinx:::0.0
TRACE::2025-03-30.01:12:00::SCWPlatform::update - Opened existing hwdb design_1_wrapper_32
TRACE::2025-03-30.01:12:00::SCWPlatform::Found the Hw Db part of the input DSA
TRACE::2025-03-30.01:12:00::SCWMssOS::Saving the mss changes E:/kevin/myCode/microBlaze1/vitisHome/syncBlaze/microblaze_0/standalone_domain/bsp/system.mss
TRACE::2025-03-30.01:12:00::SCWMssOS::Found a swdesign opened with the mssfile.
TRACE::2025-03-30.01:12:00::SCWMssOS::Completed writemss as part of save.
TRACE::2025-03-30.01:12:00::SCWMssOS::Commit changes completed.
TRACE::2025-03-30.01:12:00::SCWMssOS::Completed hw sync for the mss in domain: standalone_domain
TRACE::2025-03-30.01:12:00::SCWMssOS::Removing the swdes entry for  E:/kevin/myCode/microBlaze1/vitisHome/syncBlaze/microblaze_0/standalone_domain/bsp/system.mss
TRACE::2025-03-30.01:12:00::SCWPlatform::Trying to open the hw design at E:/kevin/myCode/microBlaze1/vitisHome/syncBlaze/hw/design_1_wrapper.xsa
TRACE::2025-03-30.01:12:00::SCWPlatform::DSA given E:/kevin/myCode/microBlaze1/vitisHome/syncBlaze/hw/design_1_wrapper.xsa
TRACE::2025-03-30.01:12:00::SCWPlatform::DSA absoulate path E:/kevin/myCode/microBlaze1/vitisHome/syncBlaze/hw/design_1_wrapper.xsa
TRACE::2025-03-30.01:12:00::SCWPlatform::DSA directory E:/kevin/myCode/microBlaze1/vitisHome/syncBlaze/hw
TRACE::2025-03-30.01:12:00::SCWPlatform:: Platform Path E:/kevin/myCode/microBlaze1/vitisHome/syncBlaze/hw/design_1_wrapper.xsa
TRACE::2025-03-30.01:12:00::SCWPlatform:: Unique name xilinx:::0.0
TRACE::2025-03-30.01:12:00::SCWPlatform::Do not have an existing db opened. 
TRACE::2025-03-30.01:12:00::SCWPlatform::Opened new HwDB with name design_1_wrapper_33
TRACE::2025-03-30.01:12:00::SCWMssOS::Saving the mss changes E:/kevin/myCode/microBlaze1/vitisHome/syncBlaze/microblaze_0/standalone_domain/bsp/system.mss
TRACE::2025-03-30.01:12:00::SCWMssOS::Adding the swdes entry, mss present, able to open swdb E:/kevin/myCode/microBlaze1/vitisHome/syncBlaze/microblaze_0/standalone_domain/bsp/system.mss with des name system
TRACE::2025-03-30.01:12:00::SCWMssOS::Writing the mss file completed E:/kevin/myCode/microBlaze1/vitisHome/syncBlaze/microblaze_0/standalone_domain/bsp/system.mss
TRACE::2025-03-30.01:12:00::SCWMssOS::Commit changes completed.
TRACE::2025-03-30.01:12:00::SCWPlatform::Trying to open the hw design at E:/kevin/myCode/microBlaze1/vitisHome/syncBlaze/hw/design_1_wrapper.xsa
TRACE::2025-03-30.01:12:00::SCWPlatform::DSA given E:/kevin/myCode/microBlaze1/vitisHome/syncBlaze/hw/design_1_wrapper.xsa
TRACE::2025-03-30.01:12:00::SCWPlatform::DSA absoulate path E:/kevin/myCode/microBlaze1/vitisHome/syncBlaze/hw/design_1_wrapper.xsa
TRACE::2025-03-30.01:12:00::SCWPlatform::DSA directory E:/kevin/myCode/microBlaze1/vitisHome/syncBlaze/hw
TRACE::2025-03-30.01:12:00::SCWPlatform:: Platform Path E:/kevin/myCode/microBlaze1/vitisHome/syncBlaze/hw/design_1_wrapper.xsa
TRACE::2025-03-30.01:12:00::SCWPlatform:: Unique name xilinx:::0.0
TRACE::2025-03-30.01:12:00::SCWPlatform::Trying to set the existing hwdb with name design_1_wrapper_33
TRACE::2025-03-30.01:12:00::SCWPlatform::Opened existing hwdb design_1_wrapper_33
TRACE::2025-03-30.01:12:00::SCWPlatform::Found the Hw Db part of the input DSA
TRACE::2025-03-30.01:12:00::SCWMssOS::Checking the sw design at  E:/kevin/myCode/microBlaze1/vitisHome/syncBlaze/microblaze_0/standalone_domain/bsp/system.mss
TRACE::2025-03-30.01:12:00::SCWMssOS::DEBUG:  swdes dump  E:/kevin/myCode/microBlaze1/vitisHome/syncBlaze/microblaze_0/standalone_domain/bsp/system.mss|system||

TRACE::2025-03-30.01:12:00::SCWMssOS::Sw design exists and opened at  E:/kevin/myCode/microBlaze1/vitisHome/syncBlaze/microblaze_0/standalone_domain/bsp/system.mss
TRACE::2025-03-30.01:12:00::SCWWriter::formatted JSON is {
	"platformName":	"syncBlaze",
	"sprVersion":	"2.0",
	"mode":	"gui",
	"dsaType":	"Fixed",
	"platformDesc":	"syncBlaze",
	"platHandOff":	"E:/kevin/myCode/microBlaze1/design_1_wrapper.xsa",
	"platIntHandOff":	"<platformDir>/hw/design_1_wrapper.xsa",
	"deviceType":	"FPGA",
	"platIsPrebuiltAutogen":	"false",
	"platIsNoBootBsp":	"false",
	"hasFsblMakeHasChanges":	"false",
	"hasPmufwMakeHasChanges":	"false",
	"platPreBuiltFlag":	false,
	"platformSamplesDir":	"",
	"platActiveSys":	"syncBlaze",
	"systems":	[{
			"systemName":	"syncBlaze",
			"systemDesc":	"syncBlaze",
			"sysIsBootAutoGen":	"true",
			"systemDispName":	"syncBlaze",
			"sysActiveDom":	"standalone_domain",
			"sysDefaultDom":	"standalone_domain",
			"domains":	[{
					"domainName":	"standalone_domain",
					"domainDispName":	"standalone on microblaze_0",
					"domainDesc":	"standalone_domain",
					"processors":	"microblaze_0",
					"os":	"standalone",
					"sdxOs":	"standalone",
					"debugEnable":	"False",
					"domRuntimes":	["cpp"],
					"swRepo":	"",
					"mssOsVer":	"8.0",
					"mssFile":	"",
					"md5Digest":	"e2cdda41e7956801f4f51a65042beca01",
					"compatibleApp":	"",
					"domType":	"mssDomain",
					"arch":	"32-bit",
					"appSettings":	{
						"appCompilerFlags":	"",
						"appLinkerFlags":	""
					},
					"addedLibs":	[],
					"libOptions":	{
						"libsContainingOptions":	[]
					},
					"prebuiltLibs":	{
						"prebuiltIncPath":	[],
						"prebuiltLibPath":	[]
					},
					"isolation":	{
					}
				}]
		}]
}
TRACE::2025-03-30.01:12:02::SCWPlatform::Clearing the existing platform
TRACE::2025-03-30.01:12:02::SCWSystem::Clearing the existing sysconfig
TRACE::2025-03-30.01:12:02::SCWMssOS::Removing the swdes entry for  E:/kevin/myCode/microBlaze1/vitisHome/syncBlaze/microblaze_0/standalone_domain/bsp/system.mss
TRACE::2025-03-30.01:12:02::SCWSystem::Clearing the domains completed.
TRACE::2025-03-30.01:12:02::SCWPlatform::Clearing the opened hw db.
TRACE::2025-03-30.01:12:02::SCWPlatform::DSA given E:/kevin/myCode/microBlaze1/vitisHome/syncBlaze/hw/design_1_wrapper.xsa
TRACE::2025-03-30.01:12:02::SCWPlatform::DSA absoulate path E:/kevin/myCode/microBlaze1/vitisHome/syncBlaze/hw/design_1_wrapper.xsa
TRACE::2025-03-30.01:12:02::SCWPlatform:: Platform location is E:/kevin/myCode/microBlaze1/vitisHome/syncBlaze/hw
TRACE::2025-03-30.01:12:02::SCWPlatform:: Platform Path E:/kevin/myCode/microBlaze1/vitisHome/syncBlaze/hw/design_1_wrapper.xsa
TRACE::2025-03-30.01:12:02::SCWPlatform:: Unique name xilinx:::0.0
TRACE::2025-03-30.01:12:02::SCWPlatform::Removing the HwDB with name E:/kevin/myCode/microBlaze1/vitisHome/syncBlaze/hw/design_1_wrapper.xsa
TRACE::2025-03-30.01:12:02::SCWPlatform::Trying to open the hw design at E:/kevin/myCode/microBlaze1/vitisHome/syncBlaze/hw/design_1_wrapper.xsa
TRACE::2025-03-30.01:12:02::SCWPlatform::DSA given E:/kevin/myCode/microBlaze1/vitisHome/syncBlaze/hw/design_1_wrapper.xsa
TRACE::2025-03-30.01:12:02::SCWPlatform::DSA absoulate path E:/kevin/myCode/microBlaze1/vitisHome/syncBlaze/hw/design_1_wrapper.xsa
TRACE::2025-03-30.01:12:02::SCWPlatform::DSA directory E:/kevin/myCode/microBlaze1/vitisHome/syncBlaze/hw
TRACE::2025-03-30.01:12:02::SCWPlatform:: Platform Path E:/kevin/myCode/microBlaze1/vitisHome/syncBlaze/hw/design_1_wrapper.xsa
TRACE::2025-03-30.01:12:02::SCWPlatform:: Unique name xilinx:::0.0
TRACE::2025-03-30.01:12:02::SCWPlatform::Do not have an existing db opened. 
TRACE::2025-03-30.01:12:02::SCWPlatform::Opened new HwDB with name design_1_wrapper_34
TRACE::2025-03-30.01:12:02::SCWReader::Active system found as  syncBlaze
TRACE::2025-03-30.01:12:02::SCWReader::Handling sysconfig syncBlaze
TRACE::2025-03-30.01:12:02::SCWDomain::checking for install qemu data   : 
TRACE::2025-03-30.01:12:02::SCWPlatform::Trying to open the hw design at E:/kevin/myCode/microBlaze1/vitisHome/syncBlaze/hw/design_1_wrapper.xsa
TRACE::2025-03-30.01:12:02::SCWPlatform::DSA given E:/kevin/myCode/microBlaze1/vitisHome/syncBlaze/hw/design_1_wrapper.xsa
TRACE::2025-03-30.01:12:02::SCWPlatform::DSA absoulate path E:/kevin/myCode/microBlaze1/vitisHome/syncBlaze/hw/design_1_wrapper.xsa
TRACE::2025-03-30.01:12:02::SCWPlatform::DSA directory E:/kevin/myCode/microBlaze1/vitisHome/syncBlaze/hw
TRACE::2025-03-30.01:12:02::SCWPlatform:: Platform Path E:/kevin/myCode/microBlaze1/vitisHome/syncBlaze/hw/design_1_wrapper.xsa
TRACE::2025-03-30.01:12:02::SCWPlatform:: Unique name xilinx:::0.0
TRACE::2025-03-30.01:12:02::SCWPlatform::Trying to set the existing hwdb with name design_1_wrapper_34
TRACE::2025-03-30.01:12:02::SCWPlatform::Opened existing hwdb design_1_wrapper_34
TRACE::2025-03-30.01:12:02::SCWPlatform::Found the Hw Db part of the input DSA
TRACE::2025-03-30.01:12:02::SCWPlatform::Trying to open the hw design at E:/kevin/myCode/microBlaze1/vitisHome/syncBlaze/hw/design_1_wrapper.xsa
TRACE::2025-03-30.01:12:02::SCWPlatform::DSA given E:/kevin/myCode/microBlaze1/vitisHome/syncBlaze/hw/design_1_wrapper.xsa
TRACE::2025-03-30.01:12:02::SCWPlatform::DSA absoulate path E:/kevin/myCode/microBlaze1/vitisHome/syncBlaze/hw/design_1_wrapper.xsa
TRACE::2025-03-30.01:12:02::SCWPlatform::DSA directory E:/kevin/myCode/microBlaze1/vitisHome/syncBlaze/hw
TRACE::2025-03-30.01:12:02::SCWPlatform:: Platform Path E:/kevin/myCode/microBlaze1/vitisHome/syncBlaze/hw/design_1_wrapper.xsa
TRACE::2025-03-30.01:12:02::SCWPlatform:: Unique name xilinx:::0.0
TRACE::2025-03-30.01:12:02::SCWPlatform::Trying to set the existing hwdb with name design_1_wrapper_34
TRACE::2025-03-30.01:12:02::SCWPlatform::Opened existing hwdb design_1_wrapper_34
TRACE::2025-03-30.01:12:02::SCWPlatform::Found the Hw Db part of the input DSA
TRACE::2025-03-30.01:12:02::SCWPlatform::Trying to open the hw design at E:/kevin/myCode/microBlaze1/vitisHome/syncBlaze/hw/design_1_wrapper.xsa
TRACE::2025-03-30.01:12:02::SCWPlatform::DSA given E:/kevin/myCode/microBlaze1/vitisHome/syncBlaze/hw/design_1_wrapper.xsa
TRACE::2025-03-30.01:12:02::SCWPlatform::DSA absoulate path E:/kevin/myCode/microBlaze1/vitisHome/syncBlaze/hw/design_1_wrapper.xsa
TRACE::2025-03-30.01:12:02::SCWPlatform::DSA directory E:/kevin/myCode/microBlaze1/vitisHome/syncBlaze/hw
TRACE::2025-03-30.01:12:02::SCWPlatform:: Platform Path E:/kevin/myCode/microBlaze1/vitisHome/syncBlaze/hw/design_1_wrapper.xsa
TRACE::2025-03-30.01:12:02::SCWPlatform:: Unique name xilinx:::0.0
TRACE::2025-03-30.01:12:02::SCWPlatform::Trying to set the existing hwdb with name design_1_wrapper_34
TRACE::2025-03-30.01:12:02::SCWPlatform::Opened existing hwdb design_1_wrapper_34
TRACE::2025-03-30.01:12:02::SCWPlatform::Found the Hw Db part of the input DSA
TRACE::2025-03-30.01:12:02::SCWPlatform::Trying to open the hw design at E:/kevin/myCode/microBlaze1/vitisHome/syncBlaze/hw/design_1_wrapper.xsa
TRACE::2025-03-30.01:12:02::SCWPlatform::DSA given E:/kevin/myCode/microBlaze1/vitisHome/syncBlaze/hw/design_1_wrapper.xsa
TRACE::2025-03-30.01:12:02::SCWPlatform::DSA absoulate path E:/kevin/myCode/microBlaze1/vitisHome/syncBlaze/hw/design_1_wrapper.xsa
TRACE::2025-03-30.01:12:02::SCWPlatform::DSA directory E:/kevin/myCode/microBlaze1/vitisHome/syncBlaze/hw
TRACE::2025-03-30.01:12:02::SCWPlatform:: Platform Path E:/kevin/myCode/microBlaze1/vitisHome/syncBlaze/hw/design_1_wrapper.xsa
TRACE::2025-03-30.01:12:02::SCWPlatform:: Unique name xilinx:::0.0
TRACE::2025-03-30.01:12:02::SCWPlatform::Trying to set the existing hwdb with name design_1_wrapper_34
TRACE::2025-03-30.01:12:02::SCWPlatform::Opened existing hwdb design_1_wrapper_34
TRACE::2025-03-30.01:12:02::SCWPlatform::Found the Hw Db part of the input DSA
TRACE::2025-03-30.01:12:02::SCWMssOS::Checking the sw design at  E:/kevin/myCode/microBlaze1/vitisHome/syncBlaze/microblaze_0/standalone_domain/bsp/system.mss
TRACE::2025-03-30.01:12:02::SCWMssOS::DEBUG:  swdes dump  
TRACE::2025-03-30.01:12:02::SCWMssOS::No sw design opened at  E:/kevin/myCode/microBlaze1/vitisHome/syncBlaze/microblaze_0/standalone_domain/bsp/system.mss
TRACE::2025-03-30.01:12:02::SCWMssOS::mss exists loading the mss file  E:/kevin/myCode/microBlaze1/vitisHome/syncBlaze/microblaze_0/standalone_domain/bsp/system.mss
TRACE::2025-03-30.01:12:02::SCWMssOS::Opened the sw design from mss  E:/kevin/myCode/microBlaze1/vitisHome/syncBlaze/microblaze_0/standalone_domain/bsp/system.mss
TRACE::2025-03-30.01:12:02::SCWMssOS::Adding the swdes entry E:/kevin/myCode/microBlaze1/vitisHome/syncBlaze/microblaze_0/standalone_domain/bsp/system.mss with des name system
TRACE::2025-03-30.01:12:02::SCWMssOS::updating the scw layer about changes
TRACE::2025-03-30.01:12:02::SCWMssOS::Opened the sw design.  E:/kevin/myCode/microBlaze1/vitisHome/syncBlaze/microblaze_0/standalone_domain/bsp/system.mss
TRACE::2025-03-30.01:12:02::SCWMssOS::Saving the mss changes E:/kevin/myCode/microBlaze1/vitisHome/syncBlaze/microblaze_0/standalone_domain/bsp/system.mss
TRACE::2025-03-30.01:12:02::SCWMssOS::Found a swdesign opened with the mssfile.
TRACE::2025-03-30.01:12:02::SCWMssOS::Completed writemss as part of save.
TRACE::2025-03-30.01:12:02::SCWMssOS::Commit changes completed.
TRACE::2025-03-30.01:12:02::SCWReader::Adding prebuilt librarypaths as   
TRACE::2025-03-30.01:12:02::SCWReader::Adding prebuilt incpaths  as   
TRACE::2025-03-30.01:12:02::SCWPlatform::Trying to open the hw design at E:/kevin/myCode/microBlaze1/vitisHome/syncBlaze/hw/design_1_wrapper.xsa
TRACE::2025-03-30.01:12:02::SCWPlatform::DSA given E:/kevin/myCode/microBlaze1/vitisHome/syncBlaze/hw/design_1_wrapper.xsa
TRACE::2025-03-30.01:12:02::SCWPlatform::DSA absoulate path E:/kevin/myCode/microBlaze1/vitisHome/syncBlaze/hw/design_1_wrapper.xsa
TRACE::2025-03-30.01:12:02::SCWPlatform::DSA directory E:/kevin/myCode/microBlaze1/vitisHome/syncBlaze/hw
TRACE::2025-03-30.01:12:02::SCWPlatform:: Platform Path E:/kevin/myCode/microBlaze1/vitisHome/syncBlaze/hw/design_1_wrapper.xsa
TRACE::2025-03-30.01:12:02::SCWPlatform:: Unique name xilinx:::0.0
TRACE::2025-03-30.01:12:02::SCWPlatform::Trying to set the existing hwdb with name design_1_wrapper_34
TRACE::2025-03-30.01:12:02::SCWPlatform::Opened existing hwdb design_1_wrapper_34
TRACE::2025-03-30.01:12:02::SCWPlatform::Found the Hw Db part of the input DSA
TRACE::2025-03-30.01:12:02::SCWMssOS::Checking the sw design at  E:/kevin/myCode/microBlaze1/vitisHome/syncBlaze/microblaze_0/standalone_domain/bsp/system.mss
TRACE::2025-03-30.01:12:02::SCWMssOS::DEBUG:  swdes dump  E:/kevin/myCode/microBlaze1/vitisHome/syncBlaze/microblaze_0/standalone_domain/bsp/system.mss|system||

TRACE::2025-03-30.01:12:02::SCWMssOS::Sw design exists and opened at  E:/kevin/myCode/microBlaze1/vitisHome/syncBlaze/microblaze_0/standalone_domain/bsp/system.mss
TRACE::2025-03-30.01:12:02::SCWReader::No isolation master present  
LOG::2025-03-30.01:12:08::SCWPlatform::Started generating the artifacts platform syncBlaze
TRACE::2025-03-30.01:12:08::SCWPlatform::Sanity checking of platform is completed
LOG::2025-03-30.01:12:08::SCWPlatform::Started generating the artifacts for system configuration syncBlaze
LOG::2025-03-30.01:12:08::SCWSystem::Checking the domain standalone_domain
LOG::2025-03-30.01:12:08::SCWSystem::Not a boot domain 
LOG::2025-03-30.01:12:08::SCWSystem::Started Processing the domain standalone_domain
TRACE::2025-03-30.01:12:08::SCWDomain::Generating domain artifcats
TRACE::2025-03-30.01:12:08::SCWMssOS::Generating standalone artifcats
TRACE::2025-03-30.01:12:08::SCWMssOS:: Copying the user libraries. 
TRACE::2025-03-30.01:12:08::SCWPlatform::Trying to open the hw design at E:/kevin/myCode/microBlaze1/vitisHome/syncBlaze/hw/design_1_wrapper.xsa
TRACE::2025-03-30.01:12:08::SCWPlatform::DSA given E:/kevin/myCode/microBlaze1/vitisHome/syncBlaze/hw/design_1_wrapper.xsa
TRACE::2025-03-30.01:12:08::SCWPlatform::DSA absoulate path E:/kevin/myCode/microBlaze1/vitisHome/syncBlaze/hw/design_1_wrapper.xsa
TRACE::2025-03-30.01:12:08::SCWPlatform::DSA directory E:/kevin/myCode/microBlaze1/vitisHome/syncBlaze/hw
TRACE::2025-03-30.01:12:08::SCWPlatform:: Platform Path E:/kevin/myCode/microBlaze1/vitisHome/syncBlaze/hw/design_1_wrapper.xsa
TRACE::2025-03-30.01:12:08::SCWPlatform:: Unique name xilinx:::0.0
TRACE::2025-03-30.01:12:08::SCWPlatform::Trying to set the existing hwdb with name design_1_wrapper_34
TRACE::2025-03-30.01:12:08::SCWPlatform::Could not get the HWDB from existing dbname
TRACE::2025-03-30.01:12:08::SCWPlatform::Do not have an existing db opened. Attempting to open the hwDb. 
TRACE::2025-03-30.01:12:08::SCWPlatform::Opened new HwDB with name design_1_wrapper_35
TRACE::2025-03-30.01:12:08::SCWMssOS::Checking the sw design at  E:/kevin/myCode/microBlaze1/vitisHome/syncBlaze/microblaze_0/standalone_domain/bsp/system.mss
TRACE::2025-03-30.01:12:08::SCWMssOS::DEBUG:  swdes dump  E:/kevin/myCode/microBlaze1/vitisHome/syncBlaze/microblaze_0/standalone_domain/bsp/system.mss|system||

TRACE::2025-03-30.01:12:08::SCWMssOS::Sw design exists and opened at  E:/kevin/myCode/microBlaze1/vitisHome/syncBlaze/microblaze_0/standalone_domain/bsp/system.mss
TRACE::2025-03-30.01:12:08::SCWMssOS::Completed writing the mss file at E:/kevin/myCode/microBlaze1/vitisHome/syncBlaze/microblaze_0/standalone_domain/bsp
TRACE::2025-03-30.01:12:08::SCWMssOS::Mss edits present, copying mssfile into export location E:/kevin/myCode/microBlaze1/vitisHome/syncBlaze/microblaze_0/standalone_domain/bsp/system.mss
TRACE::2025-03-30.01:12:08::SCWMssOS::bsp generated is stale removing and regenerating. 
TRACE::2025-03-30.01:12:08::SCWMssOS::doing bsp build ... 
TRACE::2025-03-30.01:12:08::SCWMssOS::System Command Ran  E: & cd  E:/kevin/myCode/microBlaze1/vitisHome/syncBlaze/microblaze_0/standalone_domain/bsp & make 
TRACE::2025-03-30.01:12:08::SCWMssOS::make --no-print-directory seq_libs

TRACE::2025-03-30.01:12:08::SCWMssOS::'Finished building libraries sequentially.'

TRACE::2025-03-30.01:12:08::SCWMssOS::make -j 22 --no-print-directory par_libs

TRACE::2025-03-30.01:12:08::SCWMssOS::"Running Make include in microblaze_0/libsrc/bram_v4_8/src"

TRACE::2025-03-30.01:12:08::SCWMssOS::make -C microblaze_0/libsrc/bram_v4_8/src -s include  "SHELL=CMD" "COMPILER=mb-gcc" "ASSEMBLER=mb-as" "ARCHIVER=mb-ar" "COMPILE
TRACE::2025-03-30.01:12:08::SCWMssOS::R_FLAGS=  -O2 -c -mcpu=v11.0 -mlittle-endian -mxl-soft-mul" "EXTRA_COMPILER_FLAGS=-g -ffunction-sections -fdata-sections -Wall 
TRACE::2025-03-30.01:12:08::SCWMssOS::-Wextra -fno-tree-loop-distribute-patterns"

TRACE::2025-03-30.01:12:08::SCWMssOS::"Running Make include in microblaze_0/libsrc/cpu_v2_16/src"

TRACE::2025-03-30.01:12:08::SCWMssOS::make -C microblaze_0/libsrc/cpu_v2_16/src -s include  "SHELL=CMD" "COMPILER=mb-gcc" "ASSEMBLER=mb-as" "ARCHIVER=mb-ar" "COMPILE
TRACE::2025-03-30.01:12:08::SCWMssOS::R_FLAGS=  -O2 -c -mcpu=v11.0 -mlittle-endian -mxl-soft-mul" "EXTRA_COMPILER_FLAGS=-g -ffunction-sections -fdata-sections -Wall 
TRACE::2025-03-30.01:12:08::SCWMssOS::-Wextra -fno-tree-loop-distribute-patterns"

TRACE::2025-03-30.01:12:08::SCWMssOS::"Running Make include in microblaze_0/libsrc/gpio_v4_9/src"

TRACE::2025-03-30.01:12:08::SCWMssOS::make -C microblaze_0/libsrc/gpio_v4_9/src -s include  "SHELL=CMD" "COMPILER=mb-gcc" "ASSEMBLER=mb-as" "ARCHIVER=mb-ar" "COMPILE
TRACE::2025-03-30.01:12:08::SCWMssOS::R_FLAGS=  -O2 -c -mcpu=v11.0 -mlittle-endian -mxl-soft-mul" "EXTRA_COMPILER_FLAGS=-g -ffunction-sections -fdata-sections -Wall 
TRACE::2025-03-30.01:12:08::SCWMssOS::-Wextra -fno-tree-loop-distribute-patterns"

TRACE::2025-03-30.01:12:08::SCWMssOS::"Running Make include in microblaze_0/libsrc/intc_v3_15/src"

TRACE::2025-03-30.01:12:08::SCWMssOS::make -C microblaze_0/libsrc/intc_v3_15/src -s include  "SHELL=CMD" "COMPILER=mb-gcc" "ASSEMBLER=mb-as" "ARCHIVER=mb-ar" "COMPIL
TRACE::2025-03-30.01:12:08::SCWMssOS::ER_FLAGS=  -O2 -c -mcpu=v11.0 -mlittle-endian -mxl-soft-mul" "EXTRA_COMPILER_FLAGS=-g -ffunction-sections -fdata-sections -Wall
TRACE::2025-03-30.01:12:08::SCWMssOS:: -Wextra -fno-tree-loop-distribute-patterns"

TRACE::2025-03-30.01:12:08::SCWMssOS::"Running Make include in microblaze_0/libsrc/standalone_v8_0/src"

TRACE::2025-03-30.01:12:08::SCWMssOS::make -C microblaze_0/libsrc/standalone_v8_0/src -s include  "SHELL=CMD" "COMPILER=mb-gcc" "ASSEMBLER=mb-as" "ARCHIVER=mb-ar" "C
TRACE::2025-03-30.01:12:08::SCWMssOS::OMPILER_FLAGS=  -O2 -c -mcpu=v11.0 -mlittle-endian -mxl-soft-mul" "EXTRA_COMPILER_FLAGS=-g -ffunction-sections -fdata-sections 
TRACE::2025-03-30.01:12:08::SCWMssOS::-Wall -Wextra -fno-tree-loop-distribute-patterns"

TRACE::2025-03-30.01:12:08::SCWMssOS::"Running Make include in microblaze_0/libsrc/tmrctr_v4_9/src"

TRACE::2025-03-30.01:12:08::SCWMssOS::make -C microblaze_0/libsrc/tmrctr_v4_9/src -s include  "SHELL=CMD" "COMPILER=mb-gcc" "ASSEMBLER=mb-as" "ARCHIVER=mb-ar" "COMPI
TRACE::2025-03-30.01:12:08::SCWMssOS::LER_FLAGS=  -O2 -c -mcpu=v11.0 -mlittle-endian -mxl-soft-mul" "EXTRA_COMPILER_FLAGS=-g -ffunction-sections -fdata-sections -Wal
TRACE::2025-03-30.01:12:08::SCWMssOS::l -Wextra -fno-tree-loop-distribute-patterns"

TRACE::2025-03-30.01:12:08::SCWMssOS::"Running Make include in microblaze_0/libsrc/uartlite_v3_7/src"

TRACE::2025-03-30.01:12:08::SCWMssOS::make -C microblaze_0/libsrc/uartlite_v3_7/src -s include  "SHELL=CMD" "COMPILER=mb-gcc" "ASSEMBLER=mb-as" "ARCHIVER=mb-ar" "COM
TRACE::2025-03-30.01:12:08::SCWMssOS::PILER_FLAGS=  -O2 -c -mcpu=v11.0 -mlittle-endian -mxl-soft-mul" "EXTRA_COMPILER_FLAGS=-g -ffunction-sections -fdata-sections -W
TRACE::2025-03-30.01:12:08::SCWMssOS::all -Wextra -fno-tree-loop-distribute-patterns"

TRACE::2025-03-30.01:12:09::SCWMssOS::"Running Make libs in microblaze_0/libsrc/bram_v4_8/src"

TRACE::2025-03-30.01:12:09::SCWMssOS::make -C microblaze_0/libsrc/bram_v4_8/src -s libs  "SHELL=CMD" "COMPILER=mb-gcc" "ASSEMBLER=mb-as" "ARCHIVER=mb-ar" "COMPILER_F
TRACE::2025-03-30.01:12:09::SCWMssOS::LAGS=  -O2 -c -mcpu=v11.0 -mlittle-endian -mxl-soft-mul" "EXTRA_COMPILER_FLAGS=-g -ffunction-sections -fdata-sections -Wall -We
TRACE::2025-03-30.01:12:09::SCWMssOS::xtra -fno-tree-loop-distribute-patterns"

TRACE::2025-03-30.01:12:09::SCWMssOS::"Running Make libs in microblaze_0/libsrc/cpu_v2_16/src"

TRACE::2025-03-30.01:12:09::SCWMssOS::make -C microblaze_0/libsrc/cpu_v2_16/src -s libs  "SHELL=CMD" "COMPILER=mb-gcc" "ASSEMBLER=mb-as" "ARCHIVER=mb-ar" "COMPILER_F
TRACE::2025-03-30.01:12:09::SCWMssOS::LAGS=  -O2 -c -mcpu=v11.0 -mlittle-endian -mxl-soft-mul" "EXTRA_COMPILER_FLAGS=-g -ffunction-sections -fdata-sections -Wall -We
TRACE::2025-03-30.01:12:09::SCWMssOS::xtra -fno-tree-loop-distribute-patterns"

TRACE::2025-03-30.01:12:09::SCWMssOS::"Running Make libs in microblaze_0/libsrc/gpio_v4_9/src"

TRACE::2025-03-30.01:12:09::SCWMssOS::make -C microblaze_0/libsrc/gpio_v4_9/src -s libs  "SHELL=CMD" "COMPILER=mb-gcc" "ASSEMBLER=mb-as" "ARCHIVER=mb-ar" "COMPILER_F
TRACE::2025-03-30.01:12:09::SCWMssOS::LAGS=  -O2 -c -mcpu=v11.0 -mlittle-endian -mxl-soft-mul" "EXTRA_COMPILER_FLAGS=-g -ffunction-sections -fdata-sections -Wall -We
TRACE::2025-03-30.01:12:09::SCWMssOS::xtra -fno-tree-loop-distribute-patterns"

TRACE::2025-03-30.01:12:09::SCWMssOS::"Running Make libs in microblaze_0/libsrc/intc_v3_15/src"

TRACE::2025-03-30.01:12:09::SCWMssOS::make -C microblaze_0/libsrc/intc_v3_15/src -s libs  "SHELL=CMD" "COMPILER=mb-gcc" "ASSEMBLER=mb-as" "ARCHIVER=mb-ar" "COMPILER_
TRACE::2025-03-30.01:12:09::SCWMssOS::FLAGS=  -O2 -c -mcpu=v11.0 -mlittle-endian -mxl-soft-mul" "EXTRA_COMPILER_FLAGS=-g -ffunction-sections -fdata-sections -Wall -W
TRACE::2025-03-30.01:12:09::SCWMssOS::extra -fno-tree-loop-distribute-patterns"

TRACE::2025-03-30.01:12:09::SCWMssOS::"Running Make libs in microblaze_0/libsrc/standalone_v8_0/src"

TRACE::2025-03-30.01:12:09::SCWMssOS::make -C microblaze_0/libsrc/standalone_v8_0/src -s libs  "SHELL=CMD" "COMPILER=mb-gcc" "ASSEMBLER=mb-as" "ARCHIVER=mb-ar" "COMP
TRACE::2025-03-30.01:12:09::SCWMssOS::ILER_FLAGS=  -O2 -c -mcpu=v11.0 -mlittle-endian -mxl-soft-mul" "EXTRA_COMPILER_FLAGS=-g -ffunction-sections -fdata-sections -Wa
TRACE::2025-03-30.01:12:09::SCWMssOS::ll -Wextra -fno-tree-loop-distribute-patterns"

TRACE::2025-03-30.01:12:09::SCWMssOS::"Running Make libs in microblaze_0/libsrc/tmrctr_v4_9/src"

TRACE::2025-03-30.01:12:09::SCWMssOS::make -C microblaze_0/libsrc/tmrctr_v4_9/src -s libs  "SHELL=CMD" "COMPILER=mb-gcc" "ASSEMBLER=mb-as" "ARCHIVER=mb-ar" "COMPILER
TRACE::2025-03-30.01:12:09::SCWMssOS::_FLAGS=  -O2 -c -mcpu=v11.0 -mlittle-endian -mxl-soft-mul" "EXTRA_COMPILER_FLAGS=-g -ffunction-sections -fdata-sections -Wall -
TRACE::2025-03-30.01:12:09::SCWMssOS::Wextra -fno-tree-loop-distribute-patterns"

TRACE::2025-03-30.01:12:09::SCWMssOS::"Running Make libs in microblaze_0/libsrc/uartlite_v3_7/src"

TRACE::2025-03-30.01:12:09::SCWMssOS::make -C microblaze_0/libsrc/uartlite_v3_7/src -s libs  "SHELL=CMD" "COMPILER=mb-gcc" "ASSEMBLER=mb-as" "ARCHIVER=mb-ar" "COMPIL
TRACE::2025-03-30.01:12:09::SCWMssOS::ER_FLAGS=  -O2 -c -mcpu=v11.0 -mlittle-endian -mxl-soft-mul" "EXTRA_COMPILER_FLAGS=-g -ffunction-sections -fdata-sections -Wall
TRACE::2025-03-30.01:12:09::SCWMssOS:: -Wextra -fno-tree-loop-distribute-patterns"

TRACE::2025-03-30.01:12:09::SCWMssOS::"DEBUG NON_LTO_OBJECTS is ../../../lib/microblaze_interrupt_handler.o"

TRACE::2025-03-30.01:12:09::SCWMssOS::'Finished building libraries parallelly.'

TRACE::2025-03-30.01:12:09::SCWMssOS::make --no-print-directory archive

TRACE::2025-03-30.01:12:09::SCWMssOS::mb-ar -r  microblaze_0/lib/libxil.a microblaze_0/lib/_exit.o microblaze_0/lib/errno.o microblaze_0/lib/fcntl.o microblaze_0/lib
TRACE::2025-03-30.01:12:09::SCWMssOS::/hw_exception_handler.o microblaze_0/lib/inbyte.o microblaze_0/lib/microblaze_disable_dcache.o microblaze_0/lib/microblaze_disa
TRACE::2025-03-30.01:12:09::SCWMssOS::ble_exceptions.o microblaze_0/lib/microblaze_disable_icache.o microblaze_0/lib/microblaze_disable_interrupts.o microblaze_0/lib
TRACE::2025-03-30.01:12:09::SCWMssOS::/microblaze_enable_dcache.o microblaze_0/lib/microblaze_enable_exceptions.o microblaze_0/lib/microblaze_enable_icache.o microbl
TRACE::2025-03-30.01:12:09::SCWMssOS::aze_0/lib/microblaze_enable_interrupts.o microblaze_0/lib/microblaze_exception_handler.o microblaze_0/lib/microblaze_flush_cach
TRACE::2025-03-30.01:12:09::SCWMssOS::e_ext.o microblaze_0/lib/microblaze_flush_cache_ext_range.o microblaze_0/lib/microblaze_flush_dcache.o microblaze_0/lib/microbl
TRACE::2025-03-30.01:12:09::SCWMssOS::aze_flush_dcache_range.o microblaze_0/lib/microblaze_init_dcache_range.o microblaze_0/lib/microblaze_init_icache_range.o microb
TRACE::2025-03-30.01:12:09::SCWMssOS::laze_0/lib/microblaze_interrupt_handler.o microblaze_0/lib/microblaze_interrupts_g.o microblaze_0/lib/microblaze_invalidate_cac
TRACE::2025-03-30.01:12:09::SCWMssOS::he_ext.o microblaze_0/lib/microblaze_invalidate_cache_ext_range.o microblaze_0/lib/microblaze_invalidate_dcache.o microblaze_0/
TRACE::2025-03-30.01:12:09::SCWMssOS::lib/microblaze_invalidate_dcache_range.o microblaze_0/lib/microblaze_invalidate_icache.o microblaze_0/lib/microblaze_invalidate
TRACE::2025-03-30.01:12:09::SCWMssOS::_icache_range.o microblaze_0/lib/microblaze_scrub.o microblaze_0/lib/microblaze_selftest.o microblaze_0/lib/microblaze_sleep.o 
TRACE::2025-03-30.01:12:09::SCWMssOS::microblaze_0/lib/microblaze_update_dcache.o microblaze_0/lib/microblaze_update_icache.o microblaze_0/lib/outbyte.o microblaze_0
TRACE::2025-03-30.01:12:09::SCWMssOS::/lib/print.o microblaze_0/lib/pvr.o microblaze_0/lib/xbram.o microblaze_0/lib/xbram_g.o microblaze_0/lib/xbram_intr.o microblaz
TRACE::2025-03-30.01:12:09::SCWMssOS::e_0/lib/xbram_selftest.o microblaze_0/lib/xbram_sinit.o microblaze_0/lib/xgpio.o microblaze_0/lib/xgpio_extra.o microblaze_0/li
TRACE::2025-03-30.01:12:09::SCWMssOS::b/xgpio_g.o microblaze_0/lib/xgpio_intr.o microblaze_0/lib/xgpio_selftest.o microblaze_0/lib/xgpio_sinit.o microblaze_0/lib/xil
TRACE::2025-03-30.01:12:09::SCWMssOS::_assert.o microblaze_0/lib/xil_cache.o microblaze_0/lib/xil_clocking.o microblaze_0/lib/xil_exception.o microblaze_0/lib/xil_me
TRACE::2025-03-30.01:12:09::SCWMssOS::m.o microblaze_0/lib/xil_misc_psreset_api.o microblaze_0/lib/xil_printf.o microblaze_0/lib/xil_sleepcommon.o microblaze_0/lib/x
TRACE::2025-03-30.01:12:09::SCWMssOS::il_testcache.o microblaze_0/lib/xil_testio.o microblaze_0/lib/xil_testmem.o microblaze_0/lib/xil_util.o microblaze_0/lib/xintc.
TRACE::2025-03-30.01:12:09::SCWMssOS::o microblaze_0/lib/xintc_g.o microblaze_0/lib/xintc_intr.o microblaze_0/lib/xintc_l.o microblaze_0/lib/xintc_options.o microbla
TRACE::2025-03-30.01:12:09::SCWMssOS::ze_0/lib/xintc_selftest.o microblaze_0/lib/xinterrupt_wrap.o microblaze_0/lib/xio.o microblaze_0/lib/xplatform_info.o microblaz
TRACE::2025-03-30.01:12:09::SCWMssOS::e_0/lib/xtmrctr.o microblaze_0/lib/xtmrctr_g.o microblaze_0/lib/xtmrctr_intr.o microblaze_0/lib/xtmrctr_l.o microblaze_0/lib/xt
TRACE::2025-03-30.01:12:09::SCWMssOS::mrctr_options.o microblaze_0/lib/xtmrctr_selftest.o microblaze_0/lib/xtmrctr_sinit.o microblaze_0/lib/xtmrctr_stats.o microblaz
TRACE::2025-03-30.01:12:09::SCWMssOS::e_0/lib/xuartlite.o microblaze_0/lib/xuartlite_g.o microblaze_0/lib/xuartlite_intr.o microblaze_0/lib/xuartlite_l.o microblaze_
TRACE::2025-03-30.01:12:09::SCWMssOS::0/lib/xuartlite_selftest.o microblaze_0/lib/xuartlite_sinit.o microblaze_0/lib/xuartlite_stats.o

TRACE::2025-03-30.01:12:09::SCWMssOS::'Finished building libraries'

TRACE::2025-03-30.01:12:09::SCWMssOS:: Checking if to create the Supporting Applications
TRACE::2025-03-30.01:12:09::SCWMssOS:: No Linux domain exists, trying to generate FSBL 
LOG::2025-03-30.01:12:09::SCWSystem::Completed Processing the domain standalone_domain
LOG::2025-03-30.01:12:09::SCWSystem::Completed Processing the sysconfig syncBlaze
LOG::2025-03-30.01:12:09::SCWPlatform::Completed generating the artifacts for system configuration syncBlaze
TRACE::2025-03-30.01:12:09::SCWPlatform::Started preparing the platform 
TRACE::2025-03-30.01:12:09::SCWSystem::Writing the bif file for system config syncBlaze
TRACE::2025-03-30.01:12:09::SCWSystem::dir created 
TRACE::2025-03-30.01:12:09::SCWSystem::Writing the bif 
TRACE::2025-03-30.01:12:09::SCWPlatform::Started writing the spfm file 
TRACE::2025-03-30.01:12:09::SCWPlatform::Started writing the xpfm file 
TRACE::2025-03-30.01:12:09::SCWPlatform::Completed generating the platform
TRACE::2025-03-30.01:12:09::SCWMssOS::Saving the mss changes E:/kevin/myCode/microBlaze1/vitisHome/syncBlaze/microblaze_0/standalone_domain/bsp/system.mss
TRACE::2025-03-30.01:12:09::SCWMssOS::Adding the swdes entry, mss present, able to open swdb E:/kevin/myCode/microBlaze1/vitisHome/syncBlaze/microblaze_0/standalone_domain/bsp/system.mss with des name system
TRACE::2025-03-30.01:12:09::SCWMssOS::Writing the mss file completed E:/kevin/myCode/microBlaze1/vitisHome/syncBlaze/microblaze_0/standalone_domain/bsp/system.mss
TRACE::2025-03-30.01:12:09::SCWMssOS::Commit changes completed.
TRACE::2025-03-30.01:12:09::SCWPlatform::Trying to open the hw design at E:/kevin/myCode/microBlaze1/vitisHome/syncBlaze/hw/design_1_wrapper.xsa
TRACE::2025-03-30.01:12:09::SCWPlatform::DSA given E:/kevin/myCode/microBlaze1/vitisHome/syncBlaze/hw/design_1_wrapper.xsa
TRACE::2025-03-30.01:12:09::SCWPlatform::DSA absoulate path E:/kevin/myCode/microBlaze1/vitisHome/syncBlaze/hw/design_1_wrapper.xsa
TRACE::2025-03-30.01:12:09::SCWPlatform::DSA directory E:/kevin/myCode/microBlaze1/vitisHome/syncBlaze/hw
TRACE::2025-03-30.01:12:09::SCWPlatform:: Platform Path E:/kevin/myCode/microBlaze1/vitisHome/syncBlaze/hw/design_1_wrapper.xsa
TRACE::2025-03-30.01:12:09::SCWPlatform:: Unique name xilinx:::0.0
TRACE::2025-03-30.01:12:09::SCWPlatform::Trying to set the existing hwdb with name design_1_wrapper_35
TRACE::2025-03-30.01:12:09::SCWPlatform::Opened existing hwdb design_1_wrapper_35
TRACE::2025-03-30.01:12:09::SCWPlatform::Found the Hw Db part of the input DSA
TRACE::2025-03-30.01:12:09::SCWMssOS::Checking the sw design at  E:/kevin/myCode/microBlaze1/vitisHome/syncBlaze/microblaze_0/standalone_domain/bsp/system.mss
TRACE::2025-03-30.01:12:09::SCWMssOS::DEBUG:  swdes dump  E:/kevin/myCode/microBlaze1/vitisHome/syncBlaze/microblaze_0/standalone_domain/bsp/system.mss|system||

TRACE::2025-03-30.01:12:09::SCWMssOS::Sw design exists and opened at  E:/kevin/myCode/microBlaze1/vitisHome/syncBlaze/microblaze_0/standalone_domain/bsp/system.mss
TRACE::2025-03-30.01:12:09::SCWWriter::formatted JSON is {
	"platformName":	"syncBlaze",
	"sprVersion":	"2.0",
	"mode":	"gui",
	"dsaType":	"Fixed",
	"platformDesc":	"syncBlaze",
	"platHandOff":	"E:/kevin/myCode/microBlaze1/design_1_wrapper.xsa",
	"platIntHandOff":	"<platformDir>/hw/design_1_wrapper.xsa",
	"deviceType":	"FPGA",
	"platIsPrebuiltAutogen":	"false",
	"platIsNoBootBsp":	"false",
	"hasFsblMakeHasChanges":	"false",
	"hasPmufwMakeHasChanges":	"false",
	"platPreBuiltFlag":	false,
	"platformSamplesDir":	"",
	"platActiveSys":	"syncBlaze",
	"systems":	[{
			"systemName":	"syncBlaze",
			"systemDesc":	"syncBlaze",
			"sysIsBootAutoGen":	"true",
			"systemDispName":	"syncBlaze",
			"sysActiveDom":	"standalone_domain",
			"sysDefaultDom":	"standalone_domain",
			"domains":	[{
					"domainName":	"standalone_domain",
					"domainDispName":	"standalone on microblaze_0",
					"domainDesc":	"standalone_domain",
					"processors":	"microblaze_0",
					"os":	"standalone",
					"sdxOs":	"standalone",
					"debugEnable":	"False",
					"domRuntimes":	["cpp"],
					"swRepo":	"",
					"mssOsVer":	"8.0",
					"mssFile":	"",
					"md5Digest":	"e2cdda41e7956801f4f51a65042beca0",
					"compatibleApp":	"",
					"domType":	"mssDomain",
					"arch":	"32-bit",
					"appSettings":	{
						"appCompilerFlags":	"",
						"appLinkerFlags":	""
					},
					"addedLibs":	[],
					"libOptions":	{
						"libsContainingOptions":	[]
					},
					"prebuiltLibs":	{
						"prebuiltIncPath":	[],
						"prebuiltLibPath":	[]
					},
					"isolation":	{
					}
				}]
		}]
}
KEYINFO::2025-03-30.01:12:09::SCWPlatform::updated the xpfm file.
TRACE::2025-03-30.01:12:10::SCWPlatform::Trying to open the hw design at E:/kevin/myCode/microBlaze1/vitisHome/syncBlaze/hw/design_1_wrapper.xsa
TRACE::2025-03-30.01:12:10::SCWPlatform::DSA given E:/kevin/myCode/microBlaze1/vitisHome/syncBlaze/hw/design_1_wrapper.xsa
TRACE::2025-03-30.01:12:10::SCWPlatform::DSA absoulate path E:/kevin/myCode/microBlaze1/vitisHome/syncBlaze/hw/design_1_wrapper.xsa
TRACE::2025-03-30.01:12:10::SCWPlatform::DSA directory E:/kevin/myCode/microBlaze1/vitisHome/syncBlaze/hw
TRACE::2025-03-30.01:12:10::SCWPlatform:: Platform Path E:/kevin/myCode/microBlaze1/vitisHome/syncBlaze/hw/design_1_wrapper.xsa
TRACE::2025-03-30.01:12:10::SCWPlatform:: Unique name xilinx:::0.0
TRACE::2025-03-30.01:12:10::SCWPlatform::Trying to set the existing hwdb with name design_1_wrapper_35
TRACE::2025-03-30.01:12:10::SCWPlatform::Opened existing hwdb design_1_wrapper_35
TRACE::2025-03-30.01:12:10::SCWPlatform::Found the Hw Db part of the input DSA
TRACE::2025-03-30.01:12:10::SCWMssOS::Checking the sw design at  E:/kevin/myCode/microBlaze1/vitisHome/syncBlaze/microblaze_0/standalone_domain/bsp/system.mss
TRACE::2025-03-30.01:12:10::SCWMssOS::DEBUG:  swdes dump  E:/kevin/myCode/microBlaze1/vitisHome/syncBlaze/microblaze_0/standalone_domain/bsp/system.mss|system||

TRACE::2025-03-30.01:12:10::SCWMssOS::Sw design exists and opened at  E:/kevin/myCode/microBlaze1/vitisHome/syncBlaze/microblaze_0/standalone_domain/bsp/system.mss
